{
  "homeId": 11,
  "distanceDiscounts": {
    "0": 1,
    "1": 0.42045,
    "2": 0.17678,
    "3": 0.07433,
    "4": 0.03125,
    "5": 0.01314,
    "6": 0.00552,
    "7": 0.00232
  },
  "alpha": 583.8340526683196003432385623455047607421875,
  "beta": {
    "0": 0.0427821454126245670490646944017498753964900970458984375,
    "1": 0.06645111439204753889242738296161405742168426513671875,
    "2": 0.0503567352913598387242899434568244032561779022216796875,
    "3": 0.08864617930465092110470237685149186290800571441650390625,
    "4": 0.09593952260753772776080694484335253946483135223388671875,
    "5": 0.040657858581112614471120281223193160258233547210693359375,
    "6": 0.040725893654099946938895726589180412702262401580810546875,
    "7": 0.085542955078662219481344664018251933157444000244140625,
    "8": 0.04885831338540198853781504340076935477554798126220703125,
    "9": 0.090070258655786383794605853836401365697383880615234375,
    "10": 0.096784896690798205565187117827008478343486785888671875,
    "11": 0.0656612658535702664597266675627906806766986846923828125,
    "12": 0.07715824101046010741189462578404345549643039703369140625,
    "13": 0.0747697910658120523663683343329466879367828369140625
  },
  "zLow": {
    "0": 0.00000776371421497156164926014848903520836560158585747850178300487,
    "1": 0.00000242275590324999172916030563377408567639113837517926823751807,
    "2": 0.00000452892449456906213286483306373873099730789898592029348812753,
    "3": 0.00000115586809323386299965373403323418513938105431472854975824412,
    "4": 3.1355276537068662016793491937015522942275381205979220095656E-7,
    "5": 0.00000179116291077545479496021721102039426429977267075361329371350,
    "6": 0.00002206237825372776444222263973631949545986847879255641826376588,
    "7": 1.9805014194442535149733559684388553324518634870252308820472E-7,
    "8": 0.00000452604803303074721250912160673252440579754031263172068859567,
    "9": 0.00000157092791725584210256545337049247405298089568937064316214849,
    "10": 8.5778669575490848721938798213038538487147864133434400797385E-7,
    "11": 3.5679733195346601658757486211714413858545587408378566520755E-7,
    "12": 5.0359313646990365500263247174474351753426230445936877876603E-7,
    "13": 0.00002185414960044141680449430336599926893688849684214936388396870
  },
  "zHigh": {
    "0": 0.0002661262614978442232778441170309873454228581250924106225376308534963241838374985051280470647716317367656382262012000,
    "1": 0.00008878216006458711788478394503068418961363827845735681160430661843816521144706135753558907218921104485510820779662,
    "2": 0.0001586739200298288551214787397466633974007976910012861064341926472853518194332025431428322549782654307785714688426094,
    "3": 0.00004492237182154928875041344230194450766187278671554672663348749052706415830978710229002582040222917844703831195769986,
    "4": 0.00001241479322331429478075120948175239774047621860040769283342948533057908871122579236821918073834836570208336416527657,
    "5": 0.000061017372155467891145140326750019285539346242062677666594580225827738425044673023195088392165068854001526257536726265,
    "6": 0.000751722354663617356357913351015235612243952323401549988090407458683936862336570649615565568689992747836224526434283274,
    "7": 0.000007635683697900225952714029249552221824668816462523634856289163518990443732272773140855768623550160752587006097374,
    "8": 0.00015789494831044226618331010209814299241049204356915274495680013521584927161237615254210619882382208789770187159143250,
    "9": 0.000061277225901358211901416935518200071604225089825438613748827400856447722810899403486361931226521646754342998079535,
    "10": 0.000034035680545785251577604408286774321912030349016774670604008814689845343358025922541404370362839674779544875682894,
    "11": 0.0000130466964055280898467563143178833935472030809092859933947880351877674591438137964433383228116937424804310697210925,
    "12": 0.00001899343015359294502596318144174319796510869036921791795085453951893543716364517487933423646648291617299290413400182,
    "13": 0.0008190275079678429721490916066233949718861530431453052892789177356736352707043382778145979267221597003244618006143
  },
  "setupType": "Multi Region Model Regional Bidder",
  "population": 0,
  "id": 4,
  "worldId": 68,
  "implementation": "org.spectrumauctions.sats.core.model.mrvm.MRVMRegionalBidder"
}