{
  "homeId": 12,
  "distanceDiscounts": {
    "0": 1,
    "1": 0.42045,
    "2": 0.17678,
    "3": 0.07433,
    "4": 0.03125,
    "5": 0.01314,
    "6": 0.00552,
    "7": 0.00232
  },
  "alpha": 563.30176453605099595733918249607086181640625,
  "beta": {
    "0": 0.0805766918615146987558972568876924924552440643310546875,
    "1": 0.08862103455220064762709597516732173971831798553466796875,
    "2": 0.08111080771039023973312254156553535722196102142333984375,
    "3": 0.08610033021757602933465847172556095756590366363525390625,
    "4": 0.05731921424100312745242291612157714553177356719970703125,
    "5": 0.0760782160818195551943432519692578352987766265869140625,
    "6": 0.0959463922564834092998609094138373620808124542236328125,
    "7": 0.06412522793030568657446366387375746853649616241455078125,
    "8": 0.09934647394017727395354455666165449656546115875244140625,
    "9": 0.053028492864176775267726071660945308394730091094970703125,
    "10": 0.0560944061263926874172369707594043575227260589599609375,
    "11": 0.08097024289868082203014409969910047948360443115234375,
    "12": 0.085197561858749326635376064587035216391086578369140625,
    "13": 0.045500017688503778534592214555232203565537929534912109375
  },
  "zLow": {
    "0": 0.00000412213932855210095600720039816289685075672132204745619496877,
    "1": 0.00000181666610511122517860867214487785038694029712987373972344544,
    "2": 0.00000281173197956399270355657404335966769163259588566139858491540,
    "3": 0.00000119004526447701959138357308394321734467888711131780474970959,
    "4": 5.2481707958267543998875681316708780512645238378029427677258E-7,
    "5": 9.5723653987524898132433882209800799005147866771951822952257E-7,
    "6": 0.00000936470928595159332462872477260464576516011734645627268815919,
    "7": 2.6419858365396834103579427417315734666680161491565065345267E-7,
    "8": 0.00000222589755252267692532705596657828725712878012422426031537276,
    "9": 0.00000266826146085730485094156069299695442011022965996016790008625,
    "10": 0.00000148001917596411250938425081018138038005403950799862316446865,
    "11": 2.8933795466757555876038153001405759532721121852811800754047E-7,
    "12": 4.5607362167686277131429754579902056204743936642122820537970E-7,
    "13": 0.00003591273767699799083608902172256369852342151185887903300461226
  },
  "zHigh": {
    "0": 0.0001568790149052604024802556743048179999775121890294792548965478735440314341454635647285537089561672620770449539597193,
    "1": 0.00007059946612042412136823494036379713093011304109819095618212759284343255917635558220978567572943158384250319883605245,
    "2": 0.00010715814457967677224223096913529149823053859799351925933782857127749985269968979785418469930460736291164595952547784,
    "3": 0.00004594768695884398650230861382321547382080777061322437637745164508634705607099413916460374298860171867370341701780829,
    "4": 0.00001875272264967395937537586629566037501158717575202275510791006949238467254878923903856041380287744698042420902150312,
    "5": 0.0000359995810284617167360639750823476973118974219716548146688524687936950903746415375454249486388544584615797665629841,
    "6": 0.0003707922856303322228300959021037901214027014800185456208222067920533923908457876588236529493960776106426161435453001,
    "7": 0.00000962013694918651563886778956943037622731727444891746181372773989556771410400552501459305965626285570476576988240697,
    "8": 0.00008889043389520015756784813289351587795042923791692893376011275230253794269203883269556507276171741968462334270338789,
    "9": 0.000094197232209402094352700155193334482618105108943124355886960216895703237576118783313448213999784977509024851628922764,
    "10": 0.0000527026549520613722425502931283041717675071750167030452988528441071084932146748594363824126577351270486119776968132,
    "11": 0.00001102291508695137611194051435479079724945574124261596366477564594617229133750521970486803701622781906610189507474,
    "12": 0.000017567844709801718515313133663371509300504002228073700749264759669481370506849868226888165793677820129457862891194,
    "13": 0.001240785150264540193096933157320327859482143493647195362898224306826521474454248362475067651659186606614949188410347177
  },
  "setupType": "Multi Region Model Regional Bidder",
  "population": 0,
  "id": 3,
  "worldId": 68,
  "implementation": "org.spectrumauctions.sats.core.model.mrvm.MRVMRegionalBidder"
}