{
  "gammaValues": {
    "1": 0.98593,
    "2": 0.94371
  },
  "alpha": 928.495007603851036037667654454708099365234375,
  "beta": {
    "0": 0.174908121655655557358244323040707968175411224365234375,
    "1": 0.169474318433374404602176355183473788201808929443359375,
    "2": 0.082803662768515307046612861086032353341579437255859375,
    "3": 0.170410919468991728376039418435539118945598602294921875,
    "4": 0.1542630243082125096609757974874810315668582916259765625,
    "5": 0.08983642579574128983477265819601598195731639862060546875,
    "6": 0.1038455876145795431231277916594990529119968414306640625,
    "7": 0.20479647222796526495613989027333445847034454345703125,
    "8": 0.1829043251991333274286688492793473415076732635498046875,
    "9": 0.20391889030061605136978641894529573619365692138671875,
    "10": 0.1872115416234646778637085162699804641306400299072265625,
    "11": 0.166329455701361428321405355745810084044933319091796875,
    "12": 0.0977980699011628262784512344296672381460666656494140625,
    "13": 0.08501629103733608638915342226027860306203365325927734375
  },
  "zLow": {
    "0": 0.00000189898757898092095156220839531566517044546592305864096852271,
    "1": 9.4996593678095071522845449686308115183026565927026244821202E-7,
    "2": 0.00000275424835450982701111201509950335556419578843796027024584545,
    "3": 6.0127185842676231034569842153384927435120882517540519276844E-7,
    "4": 1.9500526945351400774918845309396402795241712438620485693193E-7,
    "5": 8.1063830931589384950290851289223955870258815579154046380579E-7,
    "6": 0.00000865236637547512593808079218544175270342564325102839025523506,
    "7": 8.272503042345485618986636570092504855902927853372044988923E-8,
    "8": 0.00000120902046987922362680019751529462352344451818555367875956431,
    "9": 6.9387335144988294699402034927931855681351028331489048068802E-7,
    "10": 4.4345982096743936948451938773763865688838869347573149214969E-7,
    "11": 1.4085156697262813311124077332920042848141228471905043502260E-7,
    "12": 3.9731214158139892656371825624948544145701214313844968715538E-7,
    "13": 0.00001922020097099269593250958538445300493776649254443166730526935
  },
  "zHigh": {
    "0": 0.000090184462418125002346905914219401049568174527059814798103166331363331553651333524057718374771973044498998889578528,
    "1": 0.000044598461070515887466828410923354053876812096980086637925125172994607103052330955662416206094195552652055664122753,
    "2": 0.000105433635828051801468894200819602134407434374562485409165730069654098463906123913266590494533991407387298759022896,
    "3": 0.000028284484777336268071172373950934431710977422028952389669217103666288490458677995852406643280698680712880425603399,
    "4": 0.0000088583683457991164081888154934666616963661179702000725126905777590645982599723102967730519848712590399043048605913,
    "5": 0.00003160163411168106278142106580617464437143070661381548169734903653125263462146540331471990143437627136688707845901106,
    "6": 0.0003494219983160382012336579244889033295506672571557091478344830849371887710277027204993423393363303456612305413470447,
    "7": 0.00000417593035227111109348995231526340728408410435745955570682473048086219805060566562779374001543405156284205171589,
    "8": 0.0000583841214158965586120423793550059659399013797568114870858591967670849312128586617528591996572616259611909066558129,
    "9": 0.00003496558892717943723427394488180540671920352764376603330501342244271953565194156085102479161632878551560061115587,
    "10": 0.0000216058743021611780455583504549919200725376505810162951292840714824128386114450591089992941071989695800387732490628,
    "11": 0.000006568323456102953342466291654245082244081773228343936489239527538045062377569298092436712561540449256162863043434,
    "12": 0.0000158050003069378031727957549768854556827911855295903452025350539625801828495130267257340542390520807156773177678024,
    "13": 0.00074000904908438134598955006717700705191249291421377439191793719001092582312019973105329313545068494538225956075475156
  },
  "setupType": "Multi Region Model National Bidder",
  "population": 0,
  "id": 7,
  "worldId": 68,
  "implementation": "org.spectrumauctions.sats.core.model.mrvm.MRVMNationalBidder"
}