{
  "homeId": 1,
  "distanceDiscounts": {
    "0": 1,
    "1": 0.42045,
    "2": 0.17678,
    "3": 0.07433,
    "4": 0.03125,
    "5": 0.01314,
    "6": 0.00552,
    "7": 0.00232
  },
  "alpha": 607.1567275447083602557540871202945709228515625,
  "beta": {
    "0": 0.075211144240945715377932856426923535764217376708984375,
    "1": 0.04331126052662860603792438496384420432150363922119140625,
    "2": 0.0478904528388827965823537624601158313453197479248046875,
    "3": 0.072591063941108646684341465515899471938610076904296875,
    "4": 0.059369029240434169347739867816926562227308750152587890625,
    "5": 0.0924964858883747798046215393696911633014678955078125,
    "6": 0.05669710758826196350668169543496333062648773193359375,
    "7": 0.069203221732531294829726675743586383759975433349609375,
    "8": 0.045741202354731606838367241607556934468448162078857421875,
    "9": 0.075741286451557809922263686530641280114650726318359375,
    "10": 0.06944089092404341634345854572529788129031658172607421875,
    "11": 0.0741699450375017665937349420346436090767383575439453125,
    "12": 0.0684237210811315665903720173446345143020153045654296875,
    "13": 0.07778753047410323639976326148826046846807003021240234375
  },
  "zLow": {
    "0": 0.00000441621190368951709610191821475750473126770268869055820237466,
    "1": 0.00000371715871838666309440228355328590402136730623586550141081877,
    "2": 0.00000476215693125382042961492207938538851249982278475299176359526,
    "3": 0.00000141151382391171380160421916993055624303462502170702716132047,
    "4": 5.0669689241691514472620925379141745322628964020245928443969E-7,
    "5": 7.8732556834567599568458936720414548083642365135786784924963E-7,
    "6": 0.00001584754688092525048897229550415481020839530061330644249070095,
    "7": 2.4481222075403168038736088286354383072590207123754455104225E-7,
    "8": 0.00000483448317515255749347046455282847705762201831909607702670882,
    "9": 0.00000186812094784428250090796916893161289999625140359022869890197,
    "10": 0.00000119556065059981261162074494214159016630683834327675682274471,
    "11": 3.1586600822470018247894368529195246891859259903695843845971E-7,
    "12": 5.6787850735106149553673589320442679625942200836864852908012E-7,
    "13": 0.00002100632568725138446932641344218200117049223825613962657471617
  },
  "zHigh": {
    "0": 0.000165701192159382886683097208802656236392841630028772315118724553092889581979926079055884375885282705760988647717882,
    "1": 0.00012761424451868725884204328261603873996292331427794380680332751629152298348500916843160023042043893710583519094310594,
    "2": 0.0001656708931303716040239814102160631228565554049662670546982242885053324135336373518092186294941648095170544529068740,
    "3": 0.000052591743741884812808927996402835640771479907924901048725778008842541517776901342216375221379579999602775758770625,
    "4": 0.000018209117034701150517499439514390264454582293444687705337923429142372490040662438120023287865591913794787109258226464,
    "5": 0.0000309022518825745271668714914355318220354457714808053032606643612418446885320408220065406448616168365217247499132,
    "6": 0.00056527741347954193776040302405029505469975697802405071489845968804385460199284252142123092175595511789014617495229,
    "7": 0.000009038546062188415819414787830141970749090288138574278741415107213172092436788215051861087532057653987735272641183,
    "8": 0.000167148002574096574612150390481021571965226383763083435100194587918850626528280361130186478368813419347229858578324031,
    "9": 0.000070193016819011423851692409471374237014685761252026179851431691436254630013686076861545776510591873030119016458248,
    "10": 0.00004416889919113237530964511708711046535509114007504705504713458794699869898422202904618087534195117072110024850246865,
    "11": 0.0000118187566936651148234973790131276434571971826578811765923530392610464741653375133484333909320801819699374496415082,
    "12": 0.0000209219912800276802419862840855336963268634814864963104602774174339611814238474648970225147038069199041372971167047,
    "13": 0.00079359279057214200209405490890887693889426528556501317000134181429901057769683859334847113065243499949001349081701707
  },
  "setupType": "Multi Region Model Regional Bidder",
  "population": 0,
  "id": 6,
  "worldId": 68,
  "implementation": "org.spectrumauctions.sats.core.model.mrvm.MRVMRegionalBidder"
}