{
  "homeId": 2,
  "distanceDiscounts": {
    "0": 1,
    "1": 0.42045,
    "2": 0.17678,
    "3": 0.07433,
    "4": 0.03125,
    "5": 0.01314,
    "6": 0.00552,
    "7": 0.00232
  },
  "alpha": 648.28001390638519296771846711635589599609375,
  "beta": {
    "0": 0.06163882011872991173451197255417355336248874664306640625,
    "1": 0.09780318463006409945847963172127492725849151611328125,
    "2": 0.05261631189227745919456680212533683516085147857666015625,
    "3": 0.06559510141581566255997159942126017995178699493408203125,
    "4": 0.0855550152223684412522430875469581224024295806884765625,
    "5": 0.084181596085059151590712644974701106548309326171875,
    "6": 0.054308147078540890129172424849457456730306148529052734375,
    "7": 0.094666204758242056271910769282840192317962646484375,
    "8": 0.04641577637718703741587233935206313617527484893798828125,
    "9": 0.0574452095165303433521586384813417680561542510986328125,
    "10": 0.06098635465489561646723615240262006409466266632080078125,
    "11": 0.0718016520574194239134868666951660998165607452392578125,
    "12": 0.0886776582082269282381048469687812030315399169921875,
    "13": 0.0661155440594826393496674654670641757547855377197265625
  },
  "zLow": {
    "0": 0.00000538862278426457596777620609661195050227492899777917854576597,
    "1": 0.00000164611030080287218272013595459420251886076040522411628000060,
    "2": 0.00000433443249299734258171951044962436930606161648741833883823532,
    "3": 0.00000156205704440955434660256703845003731063032861086198571346502,
    "4": 3.5161121231466939194513713870353566300353208873684377336502E-7,
    "5": 8.6509227323818448576357671078068369034390341871028919825022E-7,
    "6": 0.00001654466445372204575178258019893191141002846457098300842645052,
    "7": 1.7896349007484243654676794919645606465407923250020051565760E-7,
    "8": 0.00000476422222044064572272772740956750522197053805090786048979085,
    "9": 0.00000246311024065659348413137495391893017383545559513922669954165,
    "10": 0.00000136130118288215413318595131654984387976507827672896562587568,
    "11": 3.2628447672075883165015752029307991191446794322651315464298E-7,
    "12": 4.3817531247519476001904026481103972128039591586313716640169E-7,
    "13": 0.00002471476598719213697031740322725237531263333155891272584196109
  },
  "zHigh": {
    "0": 0.00019487351857663465283332584525828960952305841930143092542046390671257666884381089105524871441175067877166145720431045,
    "1": 0.00006548279199117353149157885465528769488772693935870225287878243282903452186230571670570777233144406393503860761873,
    "2": 0.00015283915998267726858711906132323254666340921604622746693742630533534702395326129306569692213590528779464202953678099,
    "3": 0.00005710804035682002915887843245842007279935101559954980529011454641354095126286860717379632092039141308012692220294061,
    "4": 0.0000135565466316337779340672760617538107478995669007192400056833065297464047616357885524309997256438181793235020817589,
    "5": 0.000033235253029349781869241111742827968320670164501377943730681817619933378271934438000076073899539100859076191766,
    "6": 0.000586190940663445795644711564893608090748751896754347692970946682927165990187988250283185574967485977764548310166671807,
    "7": 0.000007063084141812738504196999820129337766935602976453957679875697291648246288723683450527816120916945436368913610,
    "8": 0.00016504017393273922148986827618319241689568197571743693899265567617468625872504982884224361437553382639788636454129681,
    "9": 0.0000880426956033807533483945830209937552298618869984961198706222329564728400314123859551382174291277259836998783460900,
    "10": 0.00004914111515960262095660130831935807675883833807861331914106365692420415197442345839154263153013532608586090093648537,
    "11": 0.0000121313107485468742986337940631614667470734429835678180778510979609998768360955231876629781161220022054387152794650,
    "12": 0.0000170308954337516781764554152337320840774926987113309695799244537448431325445186597552767444830749697796087764430,
    "13": 0.0009048459995703645771237846024609881631584980846482061480186894104121018551061747528810455235244366123396725100894862
  },
  "setupType": "Multi Region Model Regional Bidder",
  "population": 0,
  "id": 5,
  "worldId": 68,
  "implementation": "org.spectrumauctions.sats.core.model.mrvm.MRVMRegionalBidder"
}