{
  "regionsOfInterest": [
    0,
    1,
    3,
    9,
    12,
    13
  ],
  "alpha": 72.4499864053993150037058512680232524871826171875,
  "beta": {
    "0": 0.10913924520517781502348952926695346832275390625,
    "1": 0.067863306427484337834954430945799686014652252197265625,
    "2": 0.102935863790948489704391022314666770398616790771484375,
    "3": 0.06357228094086246616978286283483612351119518280029296875,
    "4": 0.085113717317801651507380711336736567318439483642578125,
    "5": 0.10417029029399149653301037687924690544605255126953125,
    "6": 0.0557023934041810664385963036693283356726169586181640625,
    "7": 0.0707684564737056931438274887113948352634906768798828125,
    "8": 0.06962213680307534346969333682864089496433734893798828125,
    "9": 0.1081846134628313971237645318979048170149326324462890625,
    "10": 0.0606894561215635397477541346233920194208621978759765625,
    "11": 0.0873084755049647609492780020445934496819972991943359375,
    "12": 0.09610956756250292609689012124363216571509838104248046875,
    "13": 0.088979750880514851818503530012094415724277496337890625
  },
  "zLow": {
    "0": 0.000003022281506751684214040252689412125479330245055918368965665,
    "1": 0.000002355920727490063848675011137182305429616262484017170187885,
    "2": 0.000002200238161756133486143968002804059957945732552492509517696,
    "3": 0.000001600605346642035044831640556899113042353193172936254089064,
    "4": 3.50988097766872144088778056501630839409986929691769166626E-7,
    "5": 6.94255731808250626148797440919498101391724234914168865188E-7,
    "6": 0.000016018905984176013104510130414876548796513809290577304762542,
    "7": 2.37740648589214467586579862169582243295193320148031772020E-7,
    "8": 0.000003154234959231112527941935199684357089975433970309736625437,
    "9": 0.000001298840821108400813396853126222344486560024322631120442133,
    "10": 0.000001358493019055807880004458013166895217471214268311011656222,
    "11": 2.66476063286180810186056894761593747322723598162252100210E-7,
    "12": 4.01494182870987779344987351651078364150005732255156019795E-7,
    "13": 0.000018236968706812730519533364816677783560600179340232515324187
  },
  "zHigh": {
    "0": 0.000123653397446995159775205766946788379393951450878364729451263289142155603162981073319712861712450643469610,
    "1": 0.0000866656788495539181707407385324088540255946193587767121908338457388770926699815675558739643951858692789097137555,
    "2": 0.0000886554864253016292813597664897260264881790827384735712024738497929124994929975223833477241239296150986381676593,
    "3": 0.000058193573676478451889550704297262811025354340773684061158134427821697580729389870196896886697948300917896525102004,
    "4": 0.0000135170331065304128003534866540386253981303736546978187991638568012545827110747817021070998959664485970541344782,
    "5": 0.000028059754066320816153416894083380612247723236286714778320321796313978838837826281946604823653601039771294235674,
    "6": 0.00056979631982879664983374855430106286559874086208393833339925267282794301284959981565316554354462940571336581583947,
    "7": 0.00000881467333184807251283552139622405999252564770676831370650068940368372058913844442181430374685159260087450371408,
    "8": 0.000116587506560996505350289762527229860573926262791578052528713952066797314229982653074288569181588464952369216887364,
    "9": 0.00005301668385138791289402583718796812406514357868799876766459058360685039442493181566057143114661276613168345351361,
    "10": 0.00004899941081881801979983584545974323505576236739405716258145334499914235180700866831133404147484697326732918556446,
    "11": 0.00001032084378299351997634371312545704986785032226275892673846935724206509017993438155161823636843966935736125614130,
    "12": 0.000015903568715588743881444500993176616526837923832510054866107019025894473823311979192021775257711898783220041051003,
    "13": 0.0007093811544391761012803355724606513851309674097768679328439031823000883869513102272389155966782883656368598994954
  },
  "setupType": "Multi Region Model Local Bidder",
  "population": 0,
  "id": 0,
  "worldId": 113,
  "implementation": "org.spectrumauctions.sats.core.model.mrvm.MRVMLocalBidder"
}