{
  "gammaValues": {
    "1": 0.97400,
    "2": 0.89599
  },
  "alpha": 812.69544607408533920533955097198486328125,
  "beta": {
    "0": 0.185850669772389787137711891773506067693233489990234375,
    "1": 0.1659478013914175431597897159008425660431385040283203125,
    "2": 0.1841302434484759498189987425575964152812957763671875,
    "3": 0.1819665838915918987250819327528006397187709808349609375,
    "4": 0.176719710529990081671058987922151573002338409423828125,
    "5": 0.08155689042299486823939247415182762779295444488525390625,
    "6": 0.1093094105961543160976390254290890879929065704345703125,
    "7": 0.129472402868513636331471161611261777579784393310546875,
    "8": 0.159484550703002769811433836366632021963596343994140625,
    "9": 0.0900283661805720003545872032191255129873752593994140625,
    "10": 0.1602035884757533334976642436231486499309539794921875,
    "11": 0.15967714143606037691114352128352038562297821044921875,
    "12": 0.1966890454676313293447265095892362296581268310546875,
    "13": 0.1968601216916303908721630477884900756180286407470703125
  },
  "zLow": {
    "0": 0.0000019239409337118227393085275968592576850073681526800076907447,
    "1": 0.0000010443935748720742517590453578218356092425570373049522268640,
    "2": 0.0000013333718575451479244161954247457861258059086709851290250318,
    "3": 6.061783495233846622544528231716569662320352282822093369439E-7,
    "4": 1.832512569952312993138339507612680298217690294691898669497E-7,
    "5": 9.612640383723877001472384211378990202485560501750527120447E-7,
    "6": 0.0000088488974446373758104552835660648237223308691227320074354726,
    "7": 1.408659291102804061424661196380080906335194940045989663548E-7,
    "8": 0.0000014926664639290880682845151875555586287112226539436049043659,
    "9": 0.0000016919287267112753215709181936884378833667220510301804765278,
    "10": 5.578769557980815475604493081688203348780307556698982551722E-7,
    "11": 1.579471759783302846191793020289129914548337692286938468533E-7,
    "12": 2.126697465282668369601417792100701844503671755582165050370E-7,
    "13": 0.0000089356488736649913652237462927382510352903229242376037134359
  },
  "zHigh": {
    "0": 0.00009347479912464060593576661609772435475224223734948266241702096398373060004588464670399197062172370370170369356669,
    "1": 0.000048663288999896582108414476189090550798838562660129061673609670839136677033831556749312883247612892625811757959001,
    "2": 0.000064552564200067905839304122455676189069967984468811320829193776620298457569376495916740026638688548320681923263,
    "3": 0.000029215770834882908987897859938760176141757527310249522761616720081230491755385702310178377235813937743378441994731,
    "4": 0.00000873594861890234850530409759868220888344630569149196305654452758930330623944952187144613030711772237143729479094,
    "5": 0.0000366776917356818667997027280585634971268012808039976762361815439131683997322643161969337970488981735184555921033154,
    "6": 0.000362193699749034036125166431474195442940831940321475375136748467027380233502490145681185841540423240211965137227156,
    "7": 0.00000604980290572978292463213522765389902414014027513467027381250972894106276224355571673271442881411776476025150912,
    "8": 0.00006858571795278969215128673398128016002036124830682507046858759418064790908290607345464152991505719851063643256615,
    "9": 0.000065990019697317422208807445882132403583017208069061899320079705815785745715562921633880539775869024928178523179434,
    "10": 0.000025673697698620635310637780301112759122919620404108192293984544608401357927760235088652464740094904332788822794,
    "11": 0.0000072604706351617248276622033183936285974148555964202916505116338977450696305274691778060766156140995102641038692,
    "12": 0.000010563073340296795703532297983066505067046371981729815434623394072095231493149900356905409719408099774631832456,
    "13": 0.000443976758676286764637834723798300829884482974717495494915620537705918324976438423429266062359169595838221932481251
  },
  "setupType": "Multi Region Model National Bidder",
  "population": 0,
  "id": 9,
  "worldId": 39,
  "implementation": "org.spectrumauctions.sats.core.model.mrvm.MRVMNationalBidder"
}