{
  "regionsOfInterest": [
    3,
    7,
    12,
    13
  ],
  "alpha": 76.6974713909292091784664080478250980377197265625,
  "beta": {
    "0": 0.10379743188726391067699950099267880432307720184326171875,
    "1": 0.0794144097333553677930950698282686062157154083251953125,
    "2": 0.1065778346034178813983572808865574188530445098876953125,
    "3": 0.062775701202897604691344213279080577194690704345703125,
    "4": 0.065638938767852039735117841701139695942401885986328125,
    "5": 0.1081746535925395547028671217049122788012027740478515625,
    "6": 0.06207593012322920600354336784221231937408447265625,
    "7": 0.0605084359865760423868863426832831464707851409912109375,
    "8": 0.11765995180258505270476376836086274124681949615478515625,
    "9": 0.08726484779605658825829550551134161651134490966796875,
    "10": 0.0914856332044464426456187311487155966460704803466796875,
    "11": 0.1138124335079080673427398551211808808147907257080078125,
    "12": 0.109145093536390291877324898450751788914203643798828125,
    "13": 0.09083131091381853317034966721621458418667316436767578125
  },
  "zLow": {
    "0": 0.0000034448415980196620631523936274499231174826881223217141638112,
    "1": 0.0000021824101963267310010937753409117190220019210180259673434736,
    "2": 0.0000023036129946785502157749475468128532474761890830715577555327,
    "3": 0.0000017571162309330327793878013203000056078233940704485835009372,
    "4": 4.933673471624567021711169113560574923134122783110144568919E-7,
    "5": 7.247326729642440603530658233183779295239319576195734501351E-7,
    "6": 0.0000155820100025721547395075976389512706727756746979163989494502,
    "7": 3.014166541713276441827707549523856241669121412320228264625E-7,
    "8": 0.0000020232648127256861144738535359152795824043886110023519788254,
    "9": 0.0000017455090200326331902643482536956177971841568128879258534052,
    "10": 9.769172176690807716938883602434730895047670824888093537367E-7,
    "11": 2.215975248114324410933096243482071080657823260363254909570E-7,
    "12": 3.832495633946325079055655120256023307793065616025683906433E-7,
    "13": 0.0000193663716505467211942310969051651642411875168108371256308784
  },
  "zHigh": {
    "0": 0.0001391018190538757856510825970154443177265018364387338566090161962186113685988576204795529171803602053122725173865345,
    "1": 0.000082803787643536284588456375681787053181619482081759515171896804718828975751497531574922622746324642658790097878023,
    "2": 0.000093659798314069974580066686117688202720076396831404182744221662829749823732342840464345342928003286245952422674820,
    "3": 0.00006374390727717235250189831485261063538949829257524074768141554171376377121653595865251815833280461909500249384328,
    "4": 0.00001803943132391911059102258641652589275819560315674670075480920200942205268159651762986933689877934007930350370566,
    "5": 0.000029581750773437557605877550123977864405062558027333298378894061862241820553873155997301798160758691312474995353643,
    "6": 0.0005641870764870774039967358536607888514541761075770071205560764834030196183416197751606631399062671163497566165,
    "7": 0.000010866324657561200065841274287085225030141919691957386077043413004321063111324913051470994414234541700322113020849,
    "8": 0.0000845036684166876335369668844320717886311562270185874827023735606009159592106848685499582636025858040206405188033034,
    "9": 0.0000675974284969581582696103476823478009975402509247942606264021887730999337223008308189809223548447604293778363577,
    "10": 0.000038244905554750612034640951863352341761721710208675525250920730298649137964194718339466351183791459044040873038478,
    "11": 0.000009169981100154789521886112987972452095743312300649240973621486822132983984981488791880040678198599179392500954354,
    "12": 0.00001568046784628776583189500996753246945691455356306037200281181197767459506498538249654820553334445478597012331374,
    "13": 0.0007568984419827386595080552421711082260613987913154811524388955272658954365162414016238285336739887984243259071488677
  },
  "setupType": "Multi Region Model Local Bidder",
  "population": 0,
  "id": 0,
  "worldId": 39,
  "implementation": "org.spectrumauctions.sats.core.model.mrvm.MRVMLocalBidder"
}