{
  "regionsOfInterest": [
    2,
    4,
    10,
    11
  ],
  "alpha": 67.9627628211911058997429790906608104705810546875,
  "beta": {
    "0": 0.1191447475598164107424281610292382538318634033203125,
    "1": 0.098025845912599163245459976678830571472644805908203125,
    "2": 0.051804401157688508006149419315988779999315738677978515625,
    "3": 0.11313108762154124031784618864548974670469760894775390625,
    "4": 0.05576760043905705510614012609948986209928989410400390625,
    "5": 0.06334340921114652023238278388816979713737964630126953125,
    "6": 0.10249027957107779973622285751844174228608608245849609375,
    "7": 0.070003755913262410981445782454102300107479095458984375,
    "8": 0.08187105313798524741653039882294251583516597747802734375,
    "9": 0.11931359238595225236156949222277035005390644073486328125,
    "10": 0.0876506336103580474539143096990301273763179779052734375,
    "11": 0.06337498626819189351255801057050121016800403594970703125,
    "12": 0.06534009069846151429583613889917614869773387908935546875,
    "13": 0.060878369374850103967755643452619551680982112884521484375
  },
  "zLow": {
    "0": 0.0000030011034347388583104115134087659447396286746477162179261013,
    "1": 0.0000017680522511570345614084690410468206779952581768289821153589,
    "2": 0.0000047392514776844767780671475124047693913748874393077097857819,
    "3": 9.750123136870710738279008797389473952533924166341879417335E-7,
    "4": 5.806975526200650180065521661897600851715439179495167600771E-7,
    "5": 0.0000012376616102833116499354658158006998425012199158613247502887,
    "6": 0.0000094376536794235199632681994682844361918591621350860353514096,
    "7": 2.605324540987724191998523581698144324467730271449685170034E-7,
    "8": 0.0000029077095166706782671319644631698443531596249760588936058192,
    "9": 0.0000012766490046420366491023853323606827167048331011661234030052,
    "10": 0.0000010196605154514273452133311321914356978379892983145292483198,
    "11": 3.979575388212184696468153577877428523728385759161636840071E-7,
    "12": 6.401859715427793691829886690008397575341137123813823980943E-7,
    "13": 0.0000288948758438670231556676335594840125214448930394729058800814
  },
  "zHigh": {
    "0": 0.000125789674155451673068856190454924966390881432200568969477719489249917026999882064239318334859223636471667682743,
    "1": 0.00007037304928844539139789718668584010286141959684584995832845565058265858264121965720114367376851230664014887058318,
    "2": 0.00016672895280424777144883268508544568703703734751848874365169494839244395132151778622448953207722246236086409814277230,
    "3": 0.0000402807897597935013351013016357788890123982429608088809053044896915089678865429836618168880247219321805760552548849,
    "4": 0.0000206593374876473600660856440615369705439395523459017698503650217050529717027123579085663456933317360748377917257878,
    "5": 0.0000449696188930095852933495498984475217943811967745858373835025215836495220066812385134713166449629130516413205711476,
    "6": 0.0003798563867926183607095539085407838170266807306920962126148593398063234233487788463817110727549618031745426969734142,
    "7": 0.00000963979865538454331635372238360808927853774626934575679326831165925678691160271674325215903492090382325430236898,
    "8": 0.0001110370095350373981167102122497087317538133179702837315121871190598683986849193887958432172305925651894381574413448,
    "9": 0.0000535316280352402620347514600422997485831605395731401871144017454765513573649334786634532698770374208022653171726122,
    "10": 0.000039527204488221009240224235021791220011718376683447122088414041429595450857496310858366822456622465321891208201038,
    "11": 0.0000144607815204483703784912849911585244249549997970443867651257520509111947777941226162350540609532672289069964442176,
    "12": 0.0000233885600907321716702177046767895922595587680864247922263405087602532143906347806885258448318709111746499136734997,
    "13": 0.00104275356778234771835115134180067367446912007817455455991498766515404319738134997882783851841932379487468682680805437
  },
  "setupType": "Multi Region Model Local Bidder",
  "population": 0,
  "id": 1,
  "worldId": 39,
  "implementation": "org.spectrumauctions.sats.core.model.mrvm.MRVMLocalBidder"
}