{
  "gammaValues": {
    "1": 0.92444,
    "2": 0.69776
  },
  "alpha": 861.99782808278769152821041643619537353515625,
  "beta": {
    "0": 0.1770927073667312445781618635010090656578540802001953125,
    "1": 0.10665124659512026372709669885807670652866363525390625,
    "2": 0.200894199527420214135275955413817428052425384521484375,
    "3": 0.176482090694493887195193337902310304343700408935546875,
    "4": 0.1861390369678442013867680770999868400394916534423828125,
    "5": 0.165004373186106778614856693820911459624767303466796875,
    "6": 0.09531414534120692672036767589816008694469928741455078125,
    "7": 0.1226663938995186386993196947514661587774753570556640625,
    "8": 0.163320297477948794817592670369776897132396697998046875,
    "9": 0.1356471903288817004717969894045381806790828704833984375,
    "10": 0.1992749548606834453234881721073179505765438079833984375,
    "11": 0.214812555760017287465046820216230116784572601318359375,
    "12": 0.217811326500970181552219173681805841624736785888671875,
    "13": 0.1327860547807319935298409063761937431991100311279296875
  },
  "zLow": {
    "0": 0.0000020190877221860789800639346376203802897338063331237018682182,
    "1": 0.0000016250613384323387394449098288525418521659771941019240153825,
    "2": 0.0000012221063889085770352877738464171617543459175617977085254812,
    "3": 6.250164141740593176457699601662622811404684481346028418357E-7,
    "4": 1.739780629468309692293576990431609839817559483763746892295E-7,
    "5": 4.751250183937753658217633280192465224501275780459534469070E-7,
    "6": 0.0000101482079143288625622945654833193741136614647284605172320738,
    "7": 1.486817191280070476522613230410406245646509556936445517955E-7,
    "8": 0.0000014576096420673771447213768590488597107110955090047073753268,
    "9": 0.0000011229246886019698935718464301223403073817807075572498515881,
    "10": 4.484953480946198960287223658181099427232394780027335497409E-7,
    "11": 1.174072598730861690715491706990821225950306106402781863353E-7,
    "12": 1.920460708653807605921296178958529574408618755313152714594E-7,
    "13": 0.0000132474221601666386183366229488681752815122651935311951675598
  },
  "zHigh": {
    "0": 0.000096329202778868293158428827320558032894035382762793487741226586493154752511737655390646012322803700582041993838164,
    "1": 0.0000660833219067045167389904103200117380865411673640382153291636049984656627951741670950342517571879608718727860700,
    "2": 0.00006121460014097077916545147510581745792616825119318870584267461922599690842673637705386721761010244301868446481024,
    "3": 0.00002978091277440314864963737404859833558901052390582132790837003467828778577284542072495995037592971338166356146469,
    "4": 0.000008457752797450338602769810047138997508245913258707507724936707915998977163959314647058305991423188372663206501315,
    "5": 0.00002209352113632349676993847526500392219284842664012469828205040124669859415828109691984988906156813814700982108446,
    "6": 0.0004011730138397786386803448889918319546807498084933306690347826961415246127918678945027686607810060746543417203823169,
    "7": 0.000006284276606261582169925991329744875042074084125806037837031887555853853545570889409898928756550537484833581828715,
    "8": 0.00006753401329693836444439258412607919248035743395865814459741514128854326862659871598370499043022614659279641535332,
    "9": 0.000048919898554038259368835292975149476303468967764873980571890043671829014423453252786256012992064495431048265660904,
    "10": 0.000022392249467516785764685972030591447358275882074093251131046673314750177299405047303533152728562091653692939245774,
    "11": 0.00000604427315200440136123329937849870253162076083876782183497225054495395095178975006337975291042610363086474758640,
    "12": 0.00000994436307041021341249193314363998825676121298092277842729334326474286465307653101967926608572737440665038507261,
    "13": 0.000573329957271336182231221023482198557271141242796303238539338207247233016051024356351045165434042144144105729225657
  },
  "setupType": "Multi Region Model National Bidder",
  "population": 0,
  "id": 7,
  "worldId": 39,
  "implementation": "org.spectrumauctions.sats.core.model.mrvm.MRVMNationalBidder"
}