{
  "regionsOfInterest": [
    2,
    3,
    5,
    6,
    7,
    11
  ],
  "alpha": 83.753093046947668653956498019397258758544921875,
  "beta": {
    "0": 0.1064974993846314610390635380099411122500896453857421875,
    "1": 0.11064423152131828975708316420423216186463832855224609375,
    "2": 0.07454707758419354401979717295034788548946380615234375,
    "3": 0.0569674708222771553067786953761242330074310302734375,
    "4": 0.1191500150511947964115933018547366373240947723388671875,
    "5": 0.09066276862879520115345854947008774615824222564697265625,
    "6": 0.0670743761743859412405299735837616026401519775390625,
    "7": 0.085798617501639362625809326345915906131267547607421875,
    "8": 0.07077586917106214181583112576845451258122920989990234375,
    "9": 0.111511920058447289161307480753748677670955657958984375,
    "10": 0.05378189317894400967023926796173327602446079254150390625,
    "11": 0.0590524800947991312938256669440306723117828369140625,
    "12": 0.050463817754058719333709603915849584154784679412841796875,
    "13": 0.054974491413051905508435623914920142851769924163818359375
  },
  "zLow": {
    "0": 0.0000030841035979819096567471403757838067193680425281099405038383,
    "1": 0.0000014388629193962951190184379655766723197213290502317161389710,
    "2": 0.0000030252292600625379079365885354565787457676593048735530193872,
    "3": 0.0000017785972949341834515653548897083039430785541788486541146994,
    "4": 2.496607985971064043877810638487730259462995647751175046146E-7,
    "5": 7.943042383809146430156746469864923276086593351229113930228E-7,
    "6": 0.0000132465436614337065062552873466867206902745437518054289417036,
    "7": 1.952609443227620995735551515748610015205473186053522420711E-7,
    "8": 0.0000030896457436375922393699338532348654223327936105802853532834,
    "9": 0.0000012547368195414795688491145549100772591413223133488635088745,
    "10": 0.0000015264658036479079810322107083788858064215278462270834183575,
    "11": 3.923096362183719196320348816193176262993442201386073336028E-7,
    "12": 7.614094910333824021932831343100819483572855824102906960504E-7,
    "13": 0.0000293924052538045332658441419347456638450239649070038243871361
  },
  "zHigh": {
    "0": 0.000125368040042279099559927559912906117767967113429903246870833077262706891793818447954199890832075630125082774250685,
    "1": 0.0000590860757800012149732940309453866679177428800671163419711833080811611785106068919341846701396450853743040599933836,
    "2": 0.0001133090778378615813527667006254704837586980214360497017188139955799486999892878340777110992213251802698464628581,
    "3": 0.000063490137798399920733596431317195506537448506949225117859933663637081368750788805146788295447071120587204322931,
    "4": 0.000010464532748967046211186915973012855350813425951925874445430323710205726874888344092710248993251656338537397222563,
    "5": 0.0000310305092899474646162007238757928296711298904110287907273638865539371840211338465052090564127858528461091316321133,
    "6": 0.000486246675098754406573369281465766845952697028007590150916360299027539800471121589663843443431517837827392263217,
    "7": 0.00000753314023717861952912778889869605671416152908745501223785133436811305296842528855097962753324626689036435232845,
    "8": 0.0001145566086027900901978856058714851746938367243416938605064062507265316309621541866461615581593613693492902960110132,
    "9": 0.00005163391577775437427309514600083179593195066601296267746543545590723519092910908972767923243565014195911272578891,
    "10": 0.0000540035961887475102548644399779745653488780059607497177380154710629881427102690352437172336270106717333205283169510,
    "11": 0.000014085974784929487201794123641827433652489366579266836611226722227098018910358761493068155483975209558227878674,
    "12": 0.00002668464771017339367904511591175635187837928988842467658863908629784376487236033755915409318832906961149533819822466,
    "13": 0.00104335541063755790070957088352891761018932143026903050222340209409342126285725177053914420662854234753080093881919816
  },
  "setupType": "Multi Region Model Local Bidder",
  "population": 0,
  "id": 2,
  "worldId": 38,
  "implementation": "org.spectrumauctions.sats.core.model.mrvm.MRVMLocalBidder"
}