{
  "regionsOfInterest": [
    4,
    10,
    11,
    13
  ],
  "alpha": 81.03830857244889784851693548262119293212890625,
  "beta": {
    "0": 0.09977467527973264693752497578316251747310161590576171875,
    "1": 0.089015478720727070349738596632960252463817596435546875,
    "2": 0.106165607163044961591680248602642677724361419677734375,
    "3": 0.089171226944518788837257261548074893653392791748046875,
    "4": 0.0996780011601058058001711970064206980168819427490234375,
    "5": 0.060072445070758428986579247066401876509189605712890625,
    "6": 0.056674129307142905032090851591419777832925319671630859375,
    "7": 0.07086559989270181658671532431981177069246768951416015625,
    "8": 0.0865540142323577288419045316913980059325695037841796875,
    "9": 0.11077099205157636685470379234175197780132293701171875,
    "10": 0.08631646338374754368061303466674871742725372314453125,
    "11": 0.06516865117991532674324162144330330193042755126953125,
    "12": 0.0899556108950310406857653333645430393517017364501953125,
    "13": 0.1186740446489783773476034411942237056791782379150390625
  },
  "zLow": {
    "0": 0.0000032919106988558289496030408876091578342773312128907238036365,
    "1": 0.0000017884741425768885367520843760651381415283696871060486255902,
    "2": 0.0000021242472622372575693367896842923517800605616567508478008365,
    "3": 0.0000011362655082315460172539001635248038637260317003129042437639,
    "4": 2.984318261233777430752736119516643345766993792376077513724E-7,
    "5": 0.0000011987829245234858814567307779376718910703230298070673353371,
    "6": 0.0000156774116059591558931412015013050624086195281952748838779763,
    "7": 2.364069322820042418236465167470322478369765871312046329819E-7,
    "8": 0.0000025264265889458169539615570688481299967165418303335378121428,
    "9": 0.0000012631295371079843690965907808012945739871109771645514621641,
    "10": 9.511073273254675368382531422003601269550976226894160170300E-7,
    "11": 3.554908159726223244730790710756386341336878849291128697219E-7,
    "12": 4.271398905461900083664140364901784472305488703560069098844E-7,
    "13": 0.0000136157197221484365666582652984614531050253168234871627051142
  },
  "zHigh": {
    "0": 0.0001316022530684966783456045752676666512152457739733267458647800704190175331255936733642743822376067527817474212031178,
    "1": 0.00006957441247541901750530342326004064257195409917334631656976019187732066199992017685571899889260762633347933667213,
    "2": 0.00008627961790310317119477273509054367478748509199236854516229455814595979703648789503558563492251118148123292996320,
    "3": 0.00004422018419732079770425278953169050415687283259315262173187069668096342768304749133770270973257534909832686785323,
    "4": 0.000011927663574755186371811692416099594609725420385800581848164982852565304103031605304845633976831219802051122500283,
    "5": 0.00004316486987422460176943240780432821657497980125155346899679573734697491192043953781004112648369418055586436510128,
    "6": 0.00055917271343451788817994670610431709750304656131167379900453998039791681578098727317378534231077767716026307151874426,
    "7": 0.0000087675198759558837966305298538611941036544071432305839651757544324009317078122882115435559915468340033999793205087,
    "8": 0.000097660033962036831635634302339883111925349170934291434272186459727023730677553611905327225117270957868283829025777,
    "9": 0.0000518856973047495182805194327775683153773243259274333160641216257758898457849429267176059460935897627547368108415,
    "10": 0.0000367428418990742969290457129926187949648850992546196956981915921449046360901843106110840344153826615492448912340,
    "11": 0.0000129814101775569993470254493255170638875196765229820026947974286756621381130521220556244331939894647788115006253,
    "12": 0.000016656559695557621864239042977159246844577188526796163003661284588217479165160800671274962100330579811587636378310,
    "13": 0.000570054844687874999733994584440391287989361987763530651762746463943616799750770986646549225986605246827751078275597
  },
  "setupType": "Multi Region Model Local Bidder",
  "population": 0,
  "id": 1,
  "worldId": 38,
  "implementation": "org.spectrumauctions.sats.core.model.mrvm.MRVMLocalBidder"
}