{
  "gammaValues": {
    "1": 0.93033,
    "2": 0.72132
  },
  "alpha": 856.693375921375491088838316500186920166015625,
  "beta": {
    "0": 0.142696877611400818608444751589559018611907958984375,
    "1": 0.10359494108621268571024387483703321777284145355224609375,
    "2": 0.2053844447918728999269433188601396977901458740234375,
    "3": 0.1684080311945101715576100787075120024383068084716796875,
    "4": 0.184702574668603347607387377138365991413593292236328125,
    "5": 0.083392827783155210052967731826356612145900726318359375,
    "6": 0.20501461362882811290120343983289785683155059814453125,
    "7": 0.2178152956610350798882791423238813877105712890625,
    "8": 0.08171663110606332269814089386272826232016086578369140625,
    "9": 0.129810701350731416692241282362374477088451385498046875,
    "10": 0.082734274679306218924779159351601265370845794677734375,
    "11": 0.116476575139412841242148033416015096008777618408203125,
    "12": 0.208796011801915259997741713959840126335620880126953125,
    "13": 0.1486675293846615730775084784909267909824848175048828125
  },
  "zLow": {
    "0": 0.0000023017274556116602888277064781875974977827004547024930865141,
    "1": 0.0000015367727449995295460875422934351291186091180636257637114003,
    "2": 0.0000010980481048035941034394221344880438741635574792955977414187,
    "3": 6.016470163867524078578318697332105743979921889762543348729E-7,
    "4": 1.610539970214887164562053639902794226817802431131970535416E-7,
    "5": 8.635493399079406262435493761784944019258248098801635358103E-7,
    "6": 0.0000043338552156386145850980802950738849013621553001788979771139,
    "7": 7.69143370951727262906390870531583052067384601213202874560E-8,
    "8": 0.0000026759835785789984457157285479356212581977981538345857510096,
    "9": 0.0000010778626912819734588998069997122518476815523543654156644194,
    "10": 9.922879134593645876694554676276851560320425126724402233206E-7,
    "11": 1.988971340894465822848974217052680454300062045679476719324E-7,
    "12": 1.840247304540074597709938489206641504154160857152083891702E-7,
    "13": 0.0000108687656068691540006254922454700207217882706999548224510900
  },
  "zHigh": {
    "0": 0.00010189675577117161852234454298501984112040685122767982435110655535582490190290888400877379412944888711003759604,
    "1": 0.0000620233705480982477853671607811403718843765504689377691440633454709872977408818690057649341354750438575713001023872,
    "2": 0.000055493643180093267217851708596414437610574966668711043379760094911003214042424704997807276628510569163063126834,
    "3": 0.000028181629441976989422370740717942705477031647253053124465140043867446066566054209719891645859507437710363678709604,
    "4": 0.00000780632870169851557323964497725804725287784630206826091324135713939807834601394158808131907702203545312209099337,
    "5": 0.00003310786233575824411303696575155289190064485465374635501098947308321959588149814608390667593105099801760791272328,
    "6": 0.0002188660217249016489386530699173817722853253744587942219786677563760683528062796674001552372384661724086638828031,
    "7": 0.000003982742020350938330640306963044975824747263332934053599398381686322434311813094033209276907691923823925609,
    "8": 0.0001021467436510322763882594467125078497697868606393228724381925357794093590452353100078491537256786131429459855804193,
    "9": 0.00004632769192996919097461591934489703358815756724345924213178266219225647263541567155300188147685443462627783612279,
    "10": 0.00003797825948309120845398178275543854583719344595411042188691021292478021092187547724380415765275630249544565779015,
    "11": 0.00000828359972106172708137999984440594622640922611214704676111311300272311173363503100341538839156710974548356132332,
    "12": 0.00000936310489279214540637643735007381794012320498757220738223418538174397519606720395510319646016191976435256716443,
    "13": 0.000487646221229496522753011392850648316492250604057560444142019245535184945818423892041160884647941025149842574962645
  },
  "setupType": "Multi Region Model National Bidder",
  "population": 0,
  "id": 9,
  "worldId": 38,
  "implementation": "org.spectrumauctions.sats.core.model.mrvm.MRVMNationalBidder"
}