{
  "homeId": 8,
  "distanceDiscounts": {
    "0": 1,
    "1": 0.42045,
    "2": 0.17678,
    "3": 0.07433,
    "4": 0.03125,
    "5": 0.01314,
    "6": 0.00552,
    "7": 0.00232
  },
  "alpha": 790.311925934293640239047817885875701904296875,
  "beta": {
    "0": 0.064640595167931191866728113382123410701751708984375,
    "1": 0.069431912258884620481325100627145729959011077880859375,
    "2": 0.0586637979721209290584482687336276285350322723388671875,
    "3": 0.0799262316202537792531046534350025467574596405029296875,
    "4": 0.09699299834933240715972857515225769020617008209228515625,
    "5": 0.06204861431723369957769165239369613118469715118408203125,
    "6": 0.07769887038741984941481177884270437061786651611328125,
    "7": 0.059164284030104707934327734619728289544582366943359375,
    "8": 0.0877106390742176389441198125496157445013523101806640625,
    "9": 0.09481643244866244657487186486832797527313232421875,
    "10": 0.092254531415399687599432354545569978654384613037109375,
    "11": 0.0769836686242462153728638440952636301517486572265625,
    "12": 0.0770878791455304190893826898900442756712436676025390625,
    "13": 0.0859350151379843774090971919576986692845821380615234375
  },
  "zLow": {
    "0": 0.0000050811617710965152206170217615451017776081373533155872949309,
    "1": 0.0000022929208889929699744803416567512402517923769512273643917096,
    "2": 0.0000038443129861286907405569068576387703610320666518975576012614,
    "3": 0.0000012676963175887868394128181017826112360274295633484210203681,
    "4": 3.066931471012029699224151737377354649657548000005481785927E-7,
    "5": 0.0000011606032169714185879428565244963116391620744293456046711801,
    "6": 0.0000114352196901602433017357207866401226504223602320495630565190,
    "7": 2.831627112470935116737864049142335574057753708388532123145E-7,
    "8": 0.0000024931110438220660422949619309760827377355367953145478823685,
    "9": 0.0000014756736601628346166987562573423808320655417284659195597250,
    "10": 8.898882204868985724973090087154852705554558858752025761913E-7,
    "11": 3.009320989476309738327868980642473523760946121980844808083E-7,
    "12": 4.984393164998239672883122985277511270737846155919539871766E-7,
    "13": 0.0000188029585802679442622445800129830839932168627420102668703765
  },
  "zHigh": {
    "0": 0.00018527978523571726647602400148574496951516995818607265060361248180622843999024656499802218804154486694176317349,
    "1": 0.00008470781486790146063715114168062370587987431709698578955333995865630815326471776336216976389115230945152064789895,
    "2": 0.000137881589619846166331376250290936232216630241846769839175040209890768502519376411395707481879063855936185773668298,
    "3": 0.000048163108478038022369020327679424725325914768484218125029997031657704501785029341095838260487060915068674110682774,
    "4": 0.0000121755032040899431772259392696817285213970830086887946647729840817292241180514876282517494964285850832510961085273,
    "5": 0.0000420194786476625829640161802010874090177323432377095890720841465001399879233263029601216975613948249051433168242476,
    "6": 0.0004319069559605505104377822846643689047571315224149141743608211472549890950364782646939388767562792188544054795897,
    "7": 0.00001017019324490856189213472649887723339071837065446004134515321834808616053831734714807318773698885921177158556148,
    "8": 0.000096660567608324304285636448203721694155919019883721736378958909093481949478895946538499636302398221531349238112524,
    "9": 0.0000582620209963950257085843970738009031196772484664743589909498030582690282773010353763926328872587114448457388,
    "10": 0.00003490626869391722799881738898807254927289584715019329247303124996049817304159927845846410464255189995425574647589,
    "11": 0.000011344648666807258827816684135175325434791878341051151027391571907601121034416109481721682842443801979687394131,
    "12": 0.000018795542474166640631895990838286427239874260883874575322425971689019388305328448685076844727326508672575892642543,
    "13": 0.000725672010431460230601584025876040214635108365319223776720614435169797285953672322495215766304445524090714121400155
  },
  "setupType": "Multi Region Model Regional Bidder",
  "population": 0,
  "id": 6,
  "worldId": 38,
  "implementation": "org.spectrumauctions.sats.core.model.mrvm.MRVMRegionalBidder"
}