{
  "homeId": 1,
  "distanceDiscounts": {
    "0": 1,
    "1": 0.42045,
    "2": 0.17678,
    "3": 0.07433,
    "4": 0.03125,
    "5": 0.01314,
    "6": 0.00552,
    "7": 0.00232
  },
  "alpha": 543.9101524070634923191391862928867340087890625,
  "beta": {
    "0": 0.098718405880045267952738186068017967045307159423828125,
    "1": 0.04024444653861476706158128990864497609436511993408203125,
    "2": 0.0765132878220893264398227984202094376087188720703125,
    "3": 0.0643035783597110388587481111244414933025836944580078125,
    "4": 0.09942842858307328335332186952655320055782794952392578125,
    "5": 0.04996878486665047580661536130719468928873538970947265625,
    "6": 0.0962477781263556819713045342723489739000797271728515625,
    "7": 0.0747001644616348825511664699661196209490299224853515625,
    "8": 0.0979386381662852578688926996619557030498981475830078125,
    "9": 0.082523007676894633011244195586186833679676055908203125,
    "10": 0.050839423287266365114600574770520324818789958953857421875,
    "11": 0.045699705177148441936907374838483519852161407470703125,
    "12": 0.08263163682566156131859003153294906951487064361572265625,
    "13": 0.0669530424032344362306190532763139344751834869384765625
  },
  "zLow": {
    "0": 0.0000033271335583287630581262930246619496021192504773306308754210,
    "1": 0.0000039558720686683698226627148197139429519677998142295212797742,
    "2": 0.0000029474880348135610474736639226918681351292131065117460950162,
    "3": 0.0000015756850876471112085641315788293900600496302974264684776944,
    "4": 2.991809116814573826389699655480231720472575966565802749917E-7,
    "5": 0.0000014411761578229370232204706110761216550325521240382024147877,
    "6": 0.0000092314198816204334519961319992204097734909364065272506515661,
    "7": 2.242715152730589829302198421340228095376066920362068707864E-7,
    "8": 0.0000022327486580459700063245483694826480706343441507999967895708,
    "9": 0.0000016955042703112131051515260623787965900018704849608850062091,
    "10": 0.0000016148141635915284311639185746915756666526309306825393530965,
    "11": 5.069366835952278569144628965062030708991863527853219175799E-7,
    "12": 4.649990157254952908949567253307686228037995460570513423795E-7,
    "13": 0.0000241338178555446754797110090862259063989144473794964204763193
  },
  "zHigh": {
    "0": 0.00013265893885268470160130213937925040425050335190652395801831430269819975552913562181399499652426104423264974199265,
    "1": 0.0001345963502581634560826223365695047868851370029870504961952789988515290276340873890188852653997237023587431484816937,
    "2": 0.000110976841080392275538878962242529165439544635485195493987685061897580231458931708436979070587028260712576593131,
    "3": 0.000057402771579787753443559731990828090046580790506559548749785494089588983864813563531628975777150196865080473485277,
    "4": 0.0000119501361414975755587225830239903597338421669083697575567444100260802824502781355070407437532849626463246620160536,
    "5": 0.0000504366668732081360223446027984817094938466740784875213803124977169147790319917246659184056763104324013929884406579,
    "6": 0.000365792961704356214945594621041777518449188807649244802212234291602319640490190606902024549762265347369794249982743,
    "7": 0.000008403457365687526029827729615470910954673310290380651099309825921585099576817243036997172459363310369055250284050,
    "8": 0.000088849696035041423206524041358918654142883240548285203595028804507902963984944269460457802835276597447094410657171,
    "9": 0.00006485693930084638036216749122489337585776711116132332238547298889095952922447554849148673757882887147627142911781,
    "10": 0.00005665404698705612375881567596735526115581109849441339578018756618742914411090240062481439046885057396972472599444991,
    "11": 0.00001752478620623516532026696408843399699048463055866827413053902506316920107777847055015428258622622378126937345945,
    "12": 0.0000177923334509367803400953236423769521117747087978274959785133347795279678540710907203591125174448820002225323956479,
    "13": 0.000885597788689762167125576898073324886806035904443808384898899393977785284383717194479113580252581944248128956231510
  },
  "setupType": "Multi Region Model Regional Bidder",
  "population": 0,
  "id": 3,
  "worldId": 38,
  "implementation": "org.spectrumauctions.sats.core.model.mrvm.MRVMRegionalBidder"
}