{
  "gammaValues": {
    "1": 0.98756,
    "2": 0.95023
  },
  "alpha": 1150.7942613072855237987823784351348876953125,
  "beta": {
    "0": 0.08289142871382106092514874262633384205400943756103515625,
    "1": 0.08985659868383476245323748798909946344792842864990234375,
    "2": 0.21477187301181144274409007266513071954250335693359375,
    "3": 0.12298298482703641509861114400337100960314273834228515625,
    "4": 0.200601328072194551310758470208384096622467041015625,
    "5": 0.096604991684892393966066492794197984039783477783203125,
    "6": 0.1168346568652886274808366806610138155519962310791015625,
    "7": 0.0995540766518041853050391409851727075874805450439453125,
    "8": 0.095408354284298668712693825000314973294734954833984375,
    "9": 0.175618056535729039069337886758148670196533203125,
    "10": 0.136126321251909543352809350835741497576236724853515625,
    "11": 0.1335306085383548835299194479375728406012058258056640625,
    "12": 0.16964227519702912427845831189188174903392791748046875,
    "13": 0.1976594600318809236139117047059698961675167083740234375
  },
  "zLow": {
    "0": 0.0000039624039074314262936630540301661892139114242146380987264856,
    "1": 0.0000017717327866068459966345919585335503711538069968465392412651,
    "2": 0.0000010500537020853368074239855205779662305449229812958409786160,
    "3": 8.238716083061730753849111501200305192876183956864692630264E-7,
    "4": 1.482895860980184571017910267855525066681717899242730675874E-7,
    "5": 7.454461734244128128723202128036846769548579578714608621967E-7,
    "6": 0.0000076047953269712130886019386795954108870758929508424819600096,
    "7": 1.682815976843671949576632378480884360120383438693257740683E-7,
    "8": 0.0000022919624238043281235182661050321654647453254627338328763032,
    "9": 7.967182570810074665740022656220921260046367358612803843150E-7,
    "10": 6.030885139485915886088413980077228386987651837577837816766E-7,
    "11": 1.734947308139386329158189144686830171690882408849863403679E-7,
    "12": 2.264979631232398929302246048067671948642236006589066025290E-7,
    "13": 0.0000081748302356669288130326424956868342136423938292096805495062
  },
  "zHigh": {
    "0": 0.0001517170493257645986674049695443775926042685640257479935502520477729347067697307908057061166531225423959888398428105,
    "1": 0.0000690721717963177413017786507340930094607172184655610350400067995981130576950816564110431976545032841641616926178399,
    "2": 0.0000540538110985455483373886101791121083020159317287183404956791672274492653302256966796374452879756164613249025131,
    "3": 0.0000348483671995596094481831191295473038237204334543595723097432948646284357446220589301969778984828119652970966257344,
    "4": 0.00000742339637399440779260721486111623977246959270640054133461519836569856249216940453646971265019029899944738254,
    "5": 0.00002956476734125240971190009085030860015151584909348527480258170488240107505746523529025473229901896961973476658733,
    "6": 0.000316994225064879604043768821453027551856737503978701741465539474838194557302877271149107300386362508974664532950916,
    "7": 0.000006723759838026772390651031486892879748906259845374218197768870191135026946090562044302131737611998082007133246252,
    "8": 0.00009062610900779216672233557342540417596621267990630028619700030405241967202555274317744942615841989260575647814362,
    "9": 0.00003789335890394021120484177732219224193785009868833518372864884210001470233544076527295943467402676673553694,
    "10": 0.00002630227749776801848216336066683967631719512608667072863758933323415592228293117605133375289418616809996777343467,
    "11": 0.000007521527622796488600307644627308395378581687201658206814177241193064962174687875750781881625329363505582899613228,
    "12": 0.0000106373018728691184011533600266569092735874304358831537829981356817248102727746872913247910219435383618232875257,
    "13": 0.000406828160093429767125225900357152721247874297935206187094506484006414245223524765735439653953139047117841048573767
  },
  "setupType": "Multi Region Model National Bidder",
  "population": 0,
  "id": 8,
  "worldId": 38,
  "implementation": "org.spectrumauctions.sats.core.model.mrvm.MRVMNationalBidder"
}