n,apwinners,uswinners,gwwinners,gewinners,owwinners,oewinners
2,1,0.75,1,1,1,1
3,1,0.779629629629629561,1,1,1,1
4,0.974999999999999978,0.69097222222222221,0.97916666666666663,0.970833333333333326,1,1
5,0.989999999999999991,0.745777777777777873,0.993333333333333401,1,1,1
6,0.931481481481481466,0.685925925925925939,0.942592592592592649,0.934259259259259345,0.991666666666666696,1
7,0.946825396825396903,0.719569160997732382,0.957936507936507975,0.959523809523809557,0.996825396825396837,1
8,0.953819444444444442,0.715838293650793656,0.956250000000000044,0.961458333333333304,0.981944444444444509,1
9,0.934567901234567899,0.721606407995296961,0.937962962962962887,0.949691358024691401,0.986728395061728492,1
10,0.924999999999999933,0.793580246913580201,0.933950617283950568,0.948950617283950693,0.979012345679012186,1
