n,apwinners,uswinners,gwwinners,gewinners,owwinners,oewinners
5,1,0.356666666666666632,1,1,1,1
6,1,0.299444444444444458,1,1,1,1
7,1,0.301111111111111107,1,1,1,1
8,1,0.258888888888888891,1,1,1,1
9,1,0.26055555555555554,1,1,1,1
10,0.958333333333333259,0.309444444444444466,0.973611111111111094,0.979166666666666741,0.988888888888888928,1
