m,apef,usef,gwef,geef,owef,oeef
2,0,0,0,0.0633333333333333248,0,0.0633333333333333248
3,0.0142857142857142853,0,0,0.0603174603174603113,0,0.0603174603174603113
4,0.0593749999999999972,0,0,0.0562500000000000014,0,0.061458333333333337
5,0.0849999999999999922,0,0,0.0583333333333333343,0,0.0608333333333333365
6,0.0938271604938271664,0,0.00061728395061728383,0.0617283950617283986,0.00123456790123456788,0.0654320987654321007
7,0.0973544973544973602,0,0.00105820105820105849,0.0571428571428571341,0,0.0582010582010581909
8,0.106481481481481483,0,0.000462962962962963035,0.0583333333333333343,0.000462962962962963035,0.0601851851851851957
9,0.133333333333333304,0,0.000823045267489711917,0.0530864197530864154,0,0.0600823045267489739
10,0.134074074074074095,0,0.00148148148148148141,0.0744444444444444381,0.00259259259259259295,0.080740740740740724
