{
  "homeId": 13,
  "distanceDiscounts": {
    "0": 1,
    "1": 0.42045,
    "2": 0.17678,
    "3": 0.07433,
    "4": 0.03125,
    "5": 0.01314,
    "6": 0.00552,
    "7": 0.00232
  },
  "alpha": 796.5600432992372361695743165910243988037109375,
  "beta": {
    "0": 0.0733281331960758120391830061635118909180164337158203125,
    "1": 0.0899982371810586767590933732208213768899440765380859375,
    "2": 0.0704232675740984748191664266414591111242771148681640625,
    "3": 0.04929084929879019860710087641564314253628253936767578125,
    "4": 0.054380513930433034552880400269714300520718097686767578125,
    "5": 0.083102185583680154845609422409324906766414642333984375,
    "6": 0.04239719943294091575314297415388864465057849884033203125,
    "7": 0.07870760134242427152884147290023975074291229248046875,
    "8": 0.0652197314593098431689810468014911748468875885009765625,
    "9": 0.04480192189724940821093923659645952284336090087890625,
    "10": 0.0750741330264959871865215745856403373181819915771484375,
    "11": 0.05812285267096382879170590740613988600671291351318359375,
    "12": 0.05165290190558659288999621139737428165972232818603515625,
    "13": 0.08833258863109517966538675182164297439157962799072265625
  },
  "zLow": {
    "0": 0.000004633126405759420643619427823615686708959700688388015088128,
    "1": 0.000001829745147480066325783073665894375357727156480202240545897,
    "2": 0.000003312448635065418128355992815133429407260004819020531155583,
    "3": 0.000002126251702393339565171237027636582459400197027765312780616,
    "4": 5.65819041745100303179313651621775170505754463091711786801E-7,
    "5": 8.96354536717665526529747316161131575206972685681803933894E-7,
    "6": 0.000021676964035006763953382346398558933961824538486348913760582,
    "7": 2.20168613587367574617972805556128656952236358553061433014E-7,
    "8": 0.000003468097521720289835222218697708378067055429833465193538890,
    "9": 0.000003230380656205961793032599500138926463279845083331232197343,
    "10": 0.000001131121479002832231082930905765731056553632048449471784690,
    "11": 4.12284118613050089918182052560853444178972431340038379018E-7,
    "12": 7.69449414031914550267495674784762890973745600838459644178E-7,
    "13": 0.000018921336045692327995627497146682874852922807830324304259593
  },
  "zHigh": {
    "0": 0.00017296764319236089783335590517791406311630578144739829053734652817095116267923167846234987710973078610829903368260,
    "1": 0.00007135973820078220949075793356134742392137696019752150821231263318181920139936847186997331944096104342995774826351,
    "2": 0.00012270080470722946511345383470912807673690664216199895319814496589726876811694744383765483035134800392619770516173,
    "3": 0.000074268026295196807711074448632541585208167412419977042650938513071327618329438918347519698466516592119461576531587,
    "4": 0.0000200515242805253788695837290851333854538041953630379251517087587110099728894076749601639065305077596552967684856259,
    "5": 0.0000343395382074384746100653175432392477862055555425294646752199001334432358923188659806755271328002811879302945117,
    "6": 0.000742213177779489858375605556403255994904665834068397904064152390265616751204085647449453861006363265731380908496532,
    "7": 0.000008337952754255905520993030311894560254545844200258511060975287228016354536325880539552524106003363247345510437,
    "8": 0.00012666176455573822396579712017605891471985761401193573189467503361876487454974274465836724610455458425094561066064,
    "9": 0.000111384145871951332996710949767671558168789193892381522234232929845203546131411116978651242954040442688268289543,
    "10": 0.00004242544080846351838319443356481871930596741174404911341924719143810195872912760860050668457078499926054036889316,
    "11": 0.000014764836466863951339498171464123980418151198237075727414813043795887553700480563081836796082073287919826046590017,
    "12": 0.000027057911931387593144004072020530210869940461666564104668864672177793491582629047223670928381545248430944741342004,
    "13": 0.000734777140698255195355223689783021143470562801637999737106780711931996469792434833713201788706800681078520861909044
  },
  "setupType": "Multi Region Model Regional Bidder",
  "population": 0,
  "id": 6,
  "worldId": 33,
  "implementation": "org.spectrumauctions.sats.core.model.mrvm.MRVMRegionalBidder"
}