{
  "homeId": 13,
  "distanceDiscounts": {
    "0": 1,
    "1": 0.42045,
    "2": 0.17678,
    "3": 0.07433,
    "4": 0.03125,
    "5": 0.01314,
    "6": 0.00552,
    "7": 0.00232
  },
  "alpha": 524.998584422110070590861141681671142578125,
  "beta": {
    "0": 0.0791174497931249331994507656418136321008205413818359375,
    "1": 0.06202307469141989104688406087007024325430393218994140625,
    "2": 0.089974138081577448300407695569447241723537445068359375,
    "3": 0.057716420465707428399948497599325492046773433685302734375,
    "4": 0.0569989500320162989499550576510955579578876495361328125,
    "5": 0.0946304888994970172522158691208460368216037750244140625,
    "6": 0.045022675583531353293853527475221198983490467071533203125,
    "7": 0.078194276946150942375624026681180112063884735107421875,
    "8": 0.0676649355694989018683571657675202004611492156982421875,
    "9": 0.07563366265177816349929429406984127126634120941162109375,
    "10": 0.042603554392689570173846647094251238740980625152587890625,
    "11": 0.0737301978868523388843669863490504212677478790283203125,
    "12": 0.0914422762730060234570572674783761613070964813232421875,
    "13": 0.05929554152678674638909939176301122643053531646728515625
  },
  "zLow": {
    "0": 0.000004294103400502995395772405454423829345342232149400084810090,
    "1": 0.000002655041508069298321757290554356734896688012875052497171111,
    "2": 0.000002592672311472054571711822933143703711997957164339473792724,
    "3": 0.000001815856759450919266524533077201936021287613506516661507973,
    "4": 5.39826264596812023268395671696009892273247902103763904521E-7,
    "5": 7.87156675669262175495256560939856405381938647057249969366E-7,
    "6": 0.000020412882072895773010302901565173912356129518532669431592599,
    "7": 2.21613961316919469667319589602742444000572104908165890287E-7,
    "8": 0.000003342771069499894381244907883121961201059416736412520673983,
    "9": 0.000001913529727154132781399680095024287949455009871710003184097,
    "10": 0.000001993213139004119320342941310113051367371318889031839449687,
    "11": 3.25011050716271325418217122509408602979822000394685359870E-7,
    "12": 4.34638076874232147823345256144769444393630992098677491665E-7,
    "13": 0.000028187120822900526137231562497491700431169114952247276474645
  },
  "zHigh": {
    "0": 0.00016279695303466814039794523410215834220778172527776038219620078745918547534889803845759459841018576464558682397940,
    "1": 0.000096118629018459169369984440215218210090202652043029206968731253865508321227294699453982444873978945536457181185824,
    "2": 0.0001011075149994285584141287382494363058790452125215672323123617243174092881801472564632181696175237692117332893811,
    "3": 0.0000649561780069241987516733301195021920647899067825175044716424382851746809850786633929438484484621163361712193336831,
    "4": 0.00001927174096607673047225618968736042710682899853339948868331544264875167917749666106536971813054950379274397543105,
    "5": 0.00003106360237598637407903059488660099269145453438379284573936947518400950172790641434881317349406837528807172030275,
    "6": 0.0007042907189161601300832222114017053467338152354580134390246575525074224813169380256317750347778061455477169785008762,
    "7": 0.0000083813131861424623724734338332929738659959165909116447791626075127635015857421410259655364468447418474918611708,
    "8": 0.00012290197098912636034647779573846640873997722110035554594745419872378061427154724734592951702291684342424128102012,
    "9": 0.000071878618000396462647723367614232402754044137543744651836856683072643329042433726456071456656658965324079460664615,
    "10": 0.0000682881906085021310609947456952383286304980169615201433691588816935806401120375704557640129317865412203756258467476,
    "11": 0.00001214664442996058840449922356258063518217668530871513684036591472373111107467025148139457806822642075320219157999,
    "12": 0.00001701357181665712107067955946133040747253702340437064009346665586802681848820927616535754998891399042392370938038,
    "13": 0.001012750684014501139603345650307285910817952015295688903558332533937469511566229382777922567310359178645579389511198
  },
  "setupType": "Multi Region Model Regional Bidder",
  "population": 0,
  "id": 5,
  "worldId": 33,
  "implementation": "org.spectrumauctions.sats.core.model.mrvm.MRVMRegionalBidder"
}