{
  "gammaValues": {
    "1": 0.91603,
    "2": 0.66412
  },
  "alpha": 1181.184152868407181813381612300872802734375,
  "beta": {
    "0": 0.10211905627379387617725825521119986660778522491455078125,
    "1": 0.1351417505705322652520550263943732716143131256103515625,
    "2": 0.1725336825363233683727770539917401038110256195068359375,
    "3": 0.2054869764659394970607309005572460591793060302734375,
    "4": 0.1012089078125041619049540031483047641813755035400390625,
    "5": 0.195229579455098001261603712919168174266815185546875,
    "6": 0.21079778291890394203988989829667843878269195556640625,
    "7": 0.0915426129640941887988248026886139996349811553955078125,
    "8": 0.217860747518456354665516983004636131227016448974609375,
    "9": 0.1457970953931328195185557206059456802904605865478515625,
    "10": 0.2075741132700235080932316122925840318202972412109375,
    "11": 0.17201987305187527166339123141369782388210296630859375,
    "12": 0.2009529104243333030854756771077518351376056671142578125,
    "13": 0.171741848911579009229200210029375739395618438720703125
  },
  "zLow": {
    "0": 0.00000298207949020758511450867305765505535454556407518520823131620,
    "1": 0.00000109223552308288050371586276342060250743928366123509089471060,
    "2": 0.00000121191640170387238464877661304764352163967314520161085572162,
    "3": 4.5717018979223392641332141974390798191605919439593356984307E-7,
    "4": 2.7251057412857280664437899834597946627876618619338505063121E-7,
    "5": 3.4200139574430036940961556564114376345624741653354217139329E-7,
    "6": 0.00000390796637842349942046336095858384785321007204336851493223329,
    "7": 1.6967974807271942656465649289251757943333346121720026349994E-7,
    "8": 9.3062035728317402161849907049364470499061661327930093593114E-7,
    "9": 8.8978013204782969138877808640736020411535340193865364368568E-7,
    "10": 3.6669721704256181562867008507422976723153080237210414335754E-7,
    "11": 1.2486655641067383492544218961767158545333346973415920074523E-7,
    "12": 1.7728081058202485276717981504621159060701387970861544129118E-7,
    "13": 0.00000872324064074711886035874563346614829908205754957770668000164
  },
  "zHigh": {
    "0": 0.00011991509903357104729785164941934187805771933220187351284209942398748939363877458375075747904158253207132913030306181,
    "1": 0.0000475277277549605624601041075743556602115594499216924351471849304301732603631087081627096062411997551246814559648584,
    "2": 0.0000572671320223300978324243091647355429166722757167841972364218782865337541436562294146138808889313245006180690151369,
    "3": 0.0000231093576968436044050228738095742202613406339921694455635247451355650460982050125182108746281033542723488112293,
    "4": 0.0000109333669813483148866287524968046427410112583194355009714119223877818316948263059690631688401430223824249371913411,
    "5": 0.000016936920738750641522417823533643486316019959089756917415908393477602678162584076859311382721022976879628088244,
    "6": 0.00019961805618203418711436759341906733525080400486039400323816453967614767245009917546621359116441275420848547913542,
    "7": 0.0000066436851927481789294025181890017726825860943034477187684418834015208576563072143817787916104675266346764091140780,
    "8": 0.000048193175387855742738090547896228324234997736736143295563292041792826811068827701395867861733385365554147852030113,
    "9": 0.0000396661398405440649539419893482546347166126325318095040346058694356578394884998859650182648932110883675522241412156,
    "10": 0.0000186126014778963665769249455332171095907445730322784956644472034885703033920685689772062090614559231213724724566,
    "11": 0.00000589394961053910859414060579112067182560687183590726176168489335975431050737459749757732293563716064588066409444,
    "12": 0.0000088809338023450295613981436366157252699795789509352912458857282555728825506053702479769538329687455852758799190400,
    "13": 0.000411511766836667301242144082542031201652621537965265788213669375871885990564396442853960306455572809243801125299434
  },
  "setupType": "Multi Region Model National Bidder",
  "population": 0,
  "id": 2,
  "worldId": 105,
  "implementation": "org.spectrumauctions.sats.core.model.mrvm.MRVMNationalBidder"
}