{
  "regionsOfInterest": [
    1,
    4,
    8,
    9,
    12
  ],
  "alpha": 60.032110831299718256559572182595729827880859375,
  "beta": {
    "0": 0.104060331292659069557515749693266116082668304443359375,
    "1": 0.1129697579225730497132218488332000561058521270751953125,
    "2": 0.0709836883558103703961705832625739276409149169921875,
    "3": 0.0513767781586184912878678687775391153991222381591796875,
    "4": 0.06604865081077349042715241012047044932842254638671875,
    "5": 0.0735912558187699072931309274281375110149383544921875,
    "6": 0.06419941404340534507610982473124749958515167236328125,
    "7": 0.11247717009516459973905710967301274649798870086669921875,
    "8": 0.057620794973481027911876850566841312684118747711181640625,
    "9": 0.094468542409550992910993727491586469113826751708984375,
    "10": 0.098949523766826141812913419926189817488193511962890625,
    "11": 0.09189986826465201819047479148139245808124542236328125,
    "12": 0.07686339152137133812203728666645474731922149658203125,
    "13": 0.105142223987357119607821687168325297534465789794921875
  },
  "zLow": {
    "0": 0.00000292644795082367558709148323945746823416178933686039802946595,
    "1": 0.00000130660296471474920110750418624444464743947974783097832541996,
    "2": 0.00000294569646288355591493530915031016985209711851128933227944379,
    "3": 0.00000182850157985251049048938496612162527874087881223760274293552,
    "4": 4.1757851578116609659225500642358150852039748240289920908326E-7,
    "5": 9.0729242110835822656703972105243155744793111913501064867952E-7,
    "6": 0.00001283174715171583391641320132296108486558617569648508152091132,
    "7": 1.3809849138739775962694385606334440223959730623881284372327E-7,
    "8": 0.00000351861939403847847629646481116689822250782631829064567687184,
    "9": 0.00000137323341169680204087207955486277654009018952030930689413043,
    "10": 7.6924927749590733778565664977682561890924538276528953131208E-7,
    "11": 2.3372752962313801193202958906488681186013558208976111085018E-7,
    "12": 4.6348585644880797161907669224350591064737565230780619310518E-7,
    "13": 0.00001424875201729309646147739089930491461410778970914995349556405
  },
  "zHigh": {
    "0": 0.000118246152852053761475335954873414264446206090052129206786591827341530473516474777683238419868949747126066746905488,
    "1": 0.0000539587510039166233818533502590709244115653325195690580684655821394955001167020831556382595613133814647637026975210,
    "2": 0.0001092805338577206037410202852826113328303956366994158399480870268435617496552258216088821873858664363314208554402,
    "3": 0.0000642492993986519013273047802009057391660852225274195207562982642054446164410150349919057484131541118875937336675277,
    "4": 0.00001528540523092611358506503273913270400826019720572092572497342695723995763992675827157381187525882815304176293593,
    "5": 0.0000338956514996723772371405481959821201357704701678009717344954086807282172121534122250090749091877850977037845155,
    "6": 0.00046733147938080422199286280435038444562208711445389100089850547987490322929456432228105702959304465258673001102787,
    "7": 0.00000569624749218852892127113908412657736677400965409609617514179395285579571598443024808121095805391236735748787534826,
    "8": 0.000125833146490514876378429520116425929760514027886483637791512924432837712477783735286961243030759710090792314299814630,
    "9": 0.000054169738230013235438441033401917124795857716082929101547948322089276620423938503252390581273156011429347906292583,
    "10": 0.000030689163291496732241634542474294985141076010444074057303083595503997646784018749348751860005805246197071973468506,
    "11": 0.00000915977880691303390433822777453712861781093520657531906483361332772452774374025775216092331552039266470993905952,
    "12": 0.00001746708517834852312695504995253455487119043212891101380030580330575393283663064874769440433397200573200424457693,
    "13": 0.000577277108133046629275703440517194191103393502752433192680541501890735061877044751075543598463098259874276516540915
  },
  "setupType": "Multi Region Model Local Bidder",
  "population": 0,
  "id": 0,
  "worldId": 105,
  "implementation": "org.spectrumauctions.sats.core.model.mrvm.MRVMLocalBidder"
}