{
  "regionsOfInterest": [
    5,
    8,
    9,
    10,
    11,
    12,
    13
  ],
  "alpha": 96.737615383516413203324191272258758544921875,
  "beta": {
    "0": 0.1094433133147109382665718158023082651197910308837890625,
    "1": 0.0827650636055387856071519081524456851184368133544921875,
    "2": 0.06250058843398455243889344501440064050257205963134765625,
    "3": 0.095141771951474607416088247191510163247585296630859375,
    "4": 0.11486320346095239830486178789215045981109142303466796875,
    "5": 0.100366885733038591066446088007069192826747894287109375,
    "6": 0.11353138923251950009873922908809618093073368072509765625,
    "7": 0.1010876058549375622330757096278830431401729583740234375,
    "8": 0.1199145579748550627385839106864295899868011474609375,
    "9": 0.08904783644052653712730460711100022308528423309326171875,
    "10": 0.09180666395222226994210501516135991550981998443603515625,
    "11": 0.11960059811478070124213246572253410704433917999267578125,
    "12": 0.0974328822528273408298815638772794045507907867431640625,
    "13": 0.0840792202338885019674563636726816184818744659423828125
  },
  "zLow": {
    "0": 0.0000030045287665229033955922109607553294451945327668853753202178,
    "1": 0.0000019257432079592897714004114632936708086983445573205613490657,
    "2": 0.0000036124516193778577404968453189087530172498529346803949315871,
    "3": 0.0000010661800723247710215756201282284747512080237101211397724474,
    "4": 2.592750717776690724930346553679319052428071637226282814964E-7,
    "5": 7.183277415517288682540672312856458529953735649812175082121E-7,
    "6": 0.0000078350269726472502008144729450864899385203152117140529197778,
    "7": 1.659185696031270040688099934240513671165847782099297141920E-7,
    "8": 0.0000018256571297603199857204362675067339189155564258317088126636,
    "9": 0.0000015730690794252724208965842307792662226092886808823212926511,
    "10": 8.952538337923723120183070750685513649074758121690846151435E-7,
    "11": 1.939237481819718485617961025331473136330433267200133070686E-7,
    "12": 3.948117505242027782982478420404636380473744831993495898234E-7,
    "13": 0.0000192399926780246297338589474823262207990663207979332956650022
  },
  "zHigh": {
    "0": 0.000123018421311449912383155306779906470680426732377021090463072289897586818474565229582986990751388538103723158320096,
    "1": 0.000073710722148247185432422341293435181430577824429588353797141836496943209259979629113260027993546542911979746397310,
    "2": 0.0001309515837713773824353313286655324517789929396414416322525229818994539775012786594497562406389047889318263155409521,
    "3": 0.00004212922829977613743849378294942297968546386521828992669279040561615684427549221715817390068765586377041386125650,
    "4": 0.0000107563686855252161445081296070047371022735542664422999743039168147737023350391059565386304625072184795815311195948,
    "5": 0.00002875946408207127089384778375024600788678082428730567511967724999486244340309805625066462869180219968225811460251,
    "6": 0.0003240029588673078937513414744516447278943895605145297333433423525513933748046843201992220545949895943959582714871805,
    "7": 0.000006654788184899402799848055224816313973922100882134739839378793423223882337465431671789684172898165290914084667136,
    "8": 0.000076662000665694737875368308840709825324802612908877295030377622767464715024416813120268726824108181539144889060,
    "9": 0.0000611999121921893033281549425750273914042983178982232781249343795043410508263539111796731727631372661508707292586819,
    "10": 0.0000350766418008626668213632454492976445969194199712446702227958762776571575029005152657344892588324316454007864390255,
    "11": 0.0000081370520725815504279524524226623360570567775055669599132004212431467657557932882210388148897643390272319326725080,
    "12": 0.000015691117195811812594490448243232964124182386228663811160172370920844255409923292270870492544484558496585967670992,
    "13": 0.000738968138508142399429736178193584456310603045196959443426768884309945202662489919922577748129946714648183122020069
  },
  "setupType": "Multi Region Model Local Bidder",
  "population": 0,
  "id": 0,
  "worldId": 98,
  "implementation": "org.spectrumauctions.sats.core.model.mrvm.MRVMLocalBidder"
}