{
  "gammaValues": {
    "1": 0.96405,
    "2": 0.85621
  },
  "alpha": 1157.753947723386090729036368429660797119140625,
  "beta": {
    "0": 0.146263396519870081391445637564174830913543701171875,
    "1": 0.08439922859462671567154501417462597601115703582763671875,
    "2": 0.178481738821843982645276582843507640063762664794921875,
    "3": 0.1998499504180825392385401073624962009489536285400390625,
    "4": 0.1015818528909988305297673605309682898223400115966796875,
    "5": 0.10094332503951165824762625788935110904276371002197265625,
    "6": 0.194540523143381494097781114760437048971652984619140625,
    "7": 0.204281331812201594200217869001789949834346771240234375,
    "8": 0.1336022587570371289444892681785859167575836181640625,
    "9": 0.09371316186925691960052375861778273247182369232177734375,
    "10": 0.1140579444581575341288726122002117335796356201171875,
    "11": 0.1998440775830727655915097784600220620632171630859375,
    "12": 0.179882193483688002100251424053567461669445037841796875,
    "13": 0.12362825740410798847079831830342300236225128173828125
  },
  "zLow": {
    "0": 0.0000021730392749435731226922233123117988942987697843199327995334,
    "1": 0.0000018253434082485250869160241955729856214816274309830841495916,
    "2": 0.0000012227283684514358342045797891548698617349398596372385003426,
    "3": 4.906088553494324928223531546821318803368731211842095584859E-7,
    "4": 2.833760799934251631433614874723905822438570225696746337685E-7,
    "5": 6.903560142638914426412432341514025354459468166825455471383E-7,
    "6": 0.0000044196105309450714825450113906351897581103200961966269493033,
    "7": 7.93600360423621518670407969728360605327843184438434265941E-8,
    "8": 0.0000015838533186157732773599393905598604728517225175424828227474,
    "9": 0.0000014448015754561784015413999733813348483283151748305642509468,
    "10": 6.965182280047124385380163958576564994525156055443123538311E-7,
    "11": 1.121787759638850181347556829006403312944258328205604915519E-7,
    "12": 2.067021891518501288962159239614988524787283864420297759424E-7,
    "13": 0.0000126477554905550886872904332360629071134442871504678290676787
  },
  "zHigh": {
    "0": 0.00009697478876073947548386796122983402424585537085530084199758574131962116827949225920150143048368425623764910947,
    "1": 0.0000701660598051019831368677242601357508020023034404538614780481016900324641619985297693798512978748889356318456112135,
    "2": 0.00005850531958434393385671763680148392077618478305310164287951310052002300115080445617156909238584180047293482331710,
    "3": 0.000024523081202108606008303294108651956458716230503636787988018576624814078145254624900310668812478469212564254292337,
    "4": 0.000011379869126874758071276487363366099509650158060474394206137427304728908394354135120847671331401337140068262489891,
    "5": 0.0000276793635819989173356415121288759240453247525128730222340736035680987976464862555642374935696780951479514651311018,
    "6": 0.00021856765040635736965073873297925588527452056490633199982197199236273258010748911268490476993160169108529458339655,
    "7": 0.00000400197846681067061169287567007501450710779279409857586319998272962080774642141162501875357572372386692943027847,
    "8": 0.000068676237649162849647341639768325169657915084530224591977172639007558501865090258383106852066085592188569389659,
    "9": 0.0000568837396546535782365813185273341676519925833435765987644779801380070353991737611769915670125246035289360205793989,
    "10": 0.000028839890576526952843072834941484548616118047279962038341209290546474349459256555893608636791698440547643908703,
    "11": 0.000005607189679606628136562803652419646266622542951444989135257714314000532601114119430732005628707378961487201500,
    "12": 0.00000991926999280700187626554192588813017668082731027331627201880235290865930494988572764217471898515071377177108448,
    "13": 0.0005357946618537091213035976192416917613900052305674622913851990480327250938860922116299482402335945390879727464152
  },
  "setupType": "Multi Region Model National Bidder",
  "population": 0,
  "id": 7,
  "worldId": 31,
  "implementation": "org.spectrumauctions.sats.core.model.mrvm.MRVMNationalBidder"
}