{
  "homeId": 8,
  "distanceDiscounts": {
    "0": 1,
    "1": 0.42045,
    "2": 0.17678,
    "3": 0.07433,
    "4": 0.03125,
    "5": 0.01314,
    "6": 0.00552,
    "7": 0.00232
  },
  "alpha": 654.3342683716713281683041714131832122802734375,
  "beta": {
    "0": 0.0609672125505074935514215894727385602891445159912109375,
    "1": 0.07273935755350870169255728114876546896994113922119140625,
    "2": 0.0865419129224885563811398014877340756356716156005859375,
    "3": 0.040309617314140365473829064058008952997624874114990234375,
    "4": 0.09042552969399876572342833469519973732531070709228515625,
    "5": 0.0510857669855482587895068036232260055840015411376953125,
    "6": 0.077470622621926998885300008623744361102581024169921875,
    "7": 0.05999267518649668839980648726850631646811962127685546875,
    "8": 0.06715148664922039600799763547911425121128559112548828125,
    "9": 0.07277897688910496543090999921332695521414279937744140625,
    "10": 0.074920136514373403269217988054151646792888641357421875,
    "11": 0.0439751452119376551319618329216609708964824676513671875,
    "12": 0.05752727101571929180234832301721326075494289398193359375,
    "13": 0.09964016709483806966130003957005101256072521209716796875
  },
  "zLow": {
    "0": 0.0000052132300596983277595104440993379762724887791595559075334628,
    "1": 0.0000021179397338385082638802670101578260468595629499494081426128,
    "2": 0.0000025217224572268345439920401986917727125550776722804504093313,
    "3": 0.0000024323762404427893992088988032389485022369171576578502736190,
    "4": 3.183378341064940611713762964111214816128571777992894420018E-7,
    "5": 0.0000013641144227223909388054693365804980752341334466521926716236,
    "6": 0.0000110983146343876100348644676389933828053799400397707723855750,
    "7": 2.702292205673643626016374109358941090300529492837829370689E-7,
    "8": 0.0000031511793925317837367546641669598323124548932852549030942847,
    "9": 0.0000018603850960420854973105775543425111912745663012311772105382,
    "10": 0.0000010603749680650221431022182094578287177419263104268613272774,
    "11": 5.097939733650960470919895646935112544419569068345620177745E-7,
    "12": 6.463376851711774997588632413859477346871940086157432100609E-7,
    "13": 0.0000156926670936059586477193829531942682899822882196301598170764
  },
  "zHigh": {
    "0": 0.000188180512303382114588414584840619345591555652112380084015468602703959414260062424280987104332711289267643246185287,
    "1": 0.0000789439495728014784457950086976809635633403690094435812686858124410695450784101989341593549206811462080940863889303,
    "2": 0.000097475142247605895150341449087591006300788917432398000149173722307967975404582035057230050203866131401540621723252,
    "3": 0.00008277610275490931319989966356535645511571755159784600944200935070682577152897563743941386728658822122657608276426032,
    "4": 0.0000124287217502668250121169316315280264907201627173628384531360012414477661413952366697220744359863864754959736354233,
    "5": 0.000047892115835753902220568295201748790238970351411962435968634397123278811416238837990335519808410685089198910652686,
    "6": 0.00041892877350963352622032242043000167669260916321355636291012426172586610107529456100199291177755168549728207985875,
    "7": 0.0000097280540025607369337307740889667559620258517192967611774432763682435800865729875921275049945679270510685830048126,
    "8": 0.0001156960198666431634291833830603243248460102075615972001232906788550100557629514254763267897466378036280013313884356,
    "9": 0.0000693512452722307911096566459561694579403801171355949875522198686331866912398486453866312593159654569136742651370574,
    "10": 0.00003975559277833624397999888934948971516480036842643850754459847753774664384330676599048157366644558941764582360889,
    "11": 0.000017535645601642959005279820106205773961048475171865034921935992622761725204278183695646500600671930518958001025817,
    "12": 0.0000231083348733868230021449614486215966429347959754847192955737814695491606468850739358129729526556327675696047911333,
    "13": 0.0006271420099452352201164661107556325966861452626423322138671306133046780220107013218523319899886078856445659518269245
  },
  "setupType": "Multi Region Model Regional Bidder",
  "population": 0,
  "id": 4,
  "worldId": 31,
  "implementation": "org.spectrumauctions.sats.core.model.mrvm.MRVMRegionalBidder"
}