{
  "regionsOfInterest": [
    6,
    7,
    8,
    9,
    10,
    12
  ],
  "alpha": 95.12359706365981537601328454911708831787109375,
  "beta": {
    "0": 0.074634110211763859954459121581749059259891510009765625,
    "1": 0.09356398176377296593830834581240196712315082550048828125,
    "2": 0.06316653892785162316414471206371672451496124267578125,
    "3": 0.1122731884877549435319821213852264918386936187744140625,
    "4": 0.07597662119053527618461885140277445316314697265625,
    "5": 0.10363204374093830384406800249053048901259899139404296875,
    "6": 0.09863707320949867407566813426456064917147159576416015625,
    "7": 0.058934477510642201136814577466793707571923732757568359375,
    "8": 0.0943141857539326611270524836072581820189952850341796875,
    "9": 0.07189241100631793557340643019415438175201416015625,
    "10": 0.1097678379887096211664498923710198141634464263916015625,
    "11": 0.109470601064233952204318711665109731256961822509765625,
    "12": 0.10430567794387367308583947078659548424184322357177734375,
    "13": 0.0933746990004321875122883511721738614141941070556640625
  },
  "zLow": {
    "0": 0.0000042585903981772848547131299751243978143379384483311707909882,
    "1": 0.0000016465478774238298966184994519101489803009991281909717797958,
    "2": 0.0000034549096564761085316875767142642512615446068147030031109938,
    "3": 8.732998210605724256127598360047865725589126663395977511001E-7,
    "4": 3.788779603469127029852031182023634936840347981243072081665E-7,
    "5": 6.724448252224614768522008824141199546695297800975154993984E-7,
    "6": 0.0000087167361804613522916462326046855805215358626900998951010837,
    "7": 2.750813198008006403809380119724006205137055445487232275382E-7,
    "8": 0.0000022436325905307735384150962167620175845085563241402846945109,
    "9": 0.0000018833270718627522841000859220323672994788820244787735771070,
    "10": 7.237405675424444640522680939672861333597657906868682738478E-7,
    "11": 2.047879868106911568740245170197056042555042749696476376411E-7,
    "12": 3.564718998569036527510142876231594164244555707340442271871E-7,
    "13": 0.0000167456493901343376356937023940398384840389601545386309229920
  },
  "zHigh": {
    "0": 0.00015954132245775082744449516111421199184703043077563798174123042458080265374839894232984869158403895205824036586146,
    "1": 0.0000648021938803611274279419819502506515665834543566904903841756164857420549891149409509733121291509330214699983166108,
    "2": 0.0001254707582250841147812075445547653627704747917050745811990504755701185805062278151596758402276625042809944087810,
    "3": 0.000036003810173442803992015494548331597225377416858298433766444000434220790913220784905556553173845154899186744597235,
    "4": 0.0000142449255374793842665317362852652868528554913271133714380779337719812861483612804981922945770984045261395537,
    "5": 0.0000271420279107560183619702415767574466220322414153221208018774483545853435324127982819318262823374871023067664270626,
    "6": 0.0003474814198918457939237753694007676081772868427234300443753856743644589986030818012393218221041463102694947769899143,
    "7": 0.00000987361697956382526710979212006195130653542957724496989152115907590844546988666958864169372439493924972772119425041,
    "8": 0.000088469615806612857478996344554389883007620098728158648130075284546483041455132223885114067271027601801632787565443,
    "9": 0.0000700395045468507947133418969868651411865095888330228785492836639157118699854920677345794433001063860954989050,
    "10": 0.000029656560762658913608500385884773437633335552834238715941710192740311392102930579306410751388536547179402631688258,
    "11": 0.00000838546600501081229874086867599160445545489621591760351793541544522527475698316329202654808093894911320709603371,
    "12": 0.0000144123613139586075919094928357379470950526428390337498093604343198369361426417969682826201428209159333232753624688,
    "13": 0.000658731478841086589755695693980999702507845420689586347044597807176310527085439147180012728805874163818159139819767
  },
  "setupType": "Multi Region Model Local Bidder",
  "population": 0,
  "id": 0,
  "worldId": 31,
  "implementation": "org.spectrumauctions.sats.core.model.mrvm.MRVMLocalBidder"
}