{
  "gammaValues": {
    "1": 0.91025,
    "2": 0.64098
  },
  "alpha": 833.45148559796280096634291112422943115234375,
  "beta": {
    "0": 0.20367979190580387527376160505809821188449859619140625,
    "1": 0.0943867477069281479717943739160546101629734039306640625,
    "2": 0.120747861227743891188168845474137924611568450927734375,
    "3": 0.2018652423099874526624120107953785918653011322021484375,
    "4": 0.163402628757266132897285615399596281349658966064453125,
    "5": 0.20081393004005454461236013230518437922000885009765625,
    "6": 0.1383834194446136034439831519193830899894237518310546875,
    "7": 0.20262433908719523767416603732272051274776458740234375,
    "8": 0.0930923861009630149165872126104659400880336761474609375,
    "9": 0.157792852412127648786821509929723106324672698974609375,
    "10": 0.1368475745790862785344899066330981440842151641845703125,
    "11": 0.21259311228535404669770514374249614775180816650390625,
    "12": 0.0815921676216542213211369016789831221103668212890625,
    "13": 0.1820360016337839448308244527652277611196041107177734375
  },
  "zLow": {
    "0": 0.0000015604695102561426351544603625267520875613541813829724586827,
    "1": 0.0000016321949777823970617537646816311528118404187031513341528845,
    "2": 0.0000018073585990595204678912673937461727805204860763472865890529,
    "3": 4.857109341572137368088944427030707693248155070477721692462E-7,
    "4": 1.761652642288962658318545036531109334923743567472922911495E-7,
    "5": 3.470218999594397479828754751747077556663885173458264979297E-7,
    "6": 0.0000062131240016378898741572602482278979341173740462954247107063,
    "7": 8.00090153454943803552155568344308310384638956619180648714E-8,
    "8": 0.0000022730793544962911197790022017570568195097366697791441856087,
    "9": 8.580675349986633501249498305463248616404715105725459619424E-7,
    "10": 5.805249936522933077276073835687112430782062234966981880930E-7,
    "11": 1.054515067111382317730398777196703496754141177519059819690E-7,
    "12": 4.557060348602262254097729738949217717030951845066011747734E-7,
    "13": 0.0000085896194013106327142992380514805940031561861670309679750434
  },
  "zHigh": {
    "0": 0.0000785976958201165608577350727362826200437329027671920317720636659402146522143228280425783128563264250142273347523,
    "1": 0.000064371606891118142381999938841880766512766041605501361576834808363660210815096084925182334665736734059867619667691,
    "2": 0.00007604422650258647286731826493922300833975116955440308554082308239602966913062520085375411635625231739228902067697,
    "3": 0.000024376143566342043327899532749280123128354502079543666310825941745929474041605541223864706911473759922077841899850,
    "4": 0.00000816354465393889115193127784878771004710567808580292392756912566471253320529448040391460910741129590761616893418,
    "5": 0.0000173793401528653664958904793595750806519380035327714507578152735910391017143565433701853801395995827546433769206,
    "6": 0.000272373054527141921399106198707037130554732183409295932664064338530966570294539548237581248935625794541540302247550,
    "7": 0.0000040214478459046374663381184659228576222781801106408150115196451053201875962134187613707617825980493615397344023,
    "8": 0.000089353018725578384919913524104241060057655509097324432863010810469365130502446828910969591815149823870949927001752,
    "9": 0.00003928171844092812669408781424228386805135727341583605009434493444360986736866533967329598341009200107776433769761,
    "10": 0.000025360093545954378918760564572816190924888765818533613369066324607242299352633457582798009432244487288440339766257,
    "11": 0.0000054053716020242245457113294969905468180521914993853538477728764727717705017463104292577847151200554049662421416,
    "12": 0.000017389385364058284771672253423890817753411831252210458236949454326639505951346458803842215182489349063123083840,
    "13": 0.000414050579176375442113861763704222368081362201064356458606140263043249478334596061639731024085753182181249690325278
  },
  "setupType": "Multi Region Model National Bidder",
  "population": 0,
  "id": 9,
  "worldId": 31,
  "implementation": "org.spectrumauctions.sats.core.model.mrvm.MRVMNationalBidder"
}