{
  "homeId": 6,
  "distanceDiscounts": {
    "0": 1,
    "1": 0.42045,
    "2": 0.17678,
    "3": 0.07433,
    "4": 0.03125,
    "5": 0.01314,
    "6": 0.00552,
    "7": 0.00232
  },
  "alpha": 781.5842075708202401074231602251529693603515625,
  "beta": {
    "0": 0.07321391951555356047975919864256866276264190673828125,
    "1": 0.040589473057956466928164473983997595496475696563720703125,
    "2": 0.0655259769632705324493571197308483533561229705810546875,
    "3": 0.0818532209524089893193377065472304821014404296875,
    "4": 0.0941998402858288119698926266210037283599376678466796875,
    "5": 0.049191154113761549615535528801046893931925296783447265625,
    "6": 0.09694900128094867397532397035320173017680644989013671875,
    "7": 0.055392502586335080894119897720884182490408420562744140625,
    "8": 0.065855795413958750916805229280726052820682525634765625,
    "9": 0.052243007256249411607296195825256290845572948455810546875,
    "10": 0.050814586884487145113098449655808508396148681640625,
    "11": 0.064589969320518025863719913104432635009288787841796875,
    "12": 0.09372466886876275327100671574953594245016574859619140625,
    "13": 0.07056479875280081970334578045367379672825336456298828125
  },
  "zLow": {
    "0": 0.0000043411977835280589745002297259478908578293801348835582839245,
    "1": 0.0000037955056809061848579007246090940857895421441069166101723970,
    "2": 0.0000033305063948964288600284344870010625303434051327748578160112,
    "3": 0.0000011978533559878280672059428499866916359611705740404908429846,
    "4": 3.055829732128591044114022606347539230355069364823362539531E-7,
    "5": 0.0000014166537215138522250567856034396323483525879182425604651589,
    "6": 0.0000088685116238428869513619608626795305602621808761697114826223,
    "7": 2.926709048779714241800428664372215043988677981848276420340E-7,
    "8": 0.0000032131778164210672410253628712678418731360769260168448009605,
    "9": 0.0000025916755374660369444411593502868947635479896201636156190632,
    "10": 0.0000015633982727134709306150049782738998604588995224798195072786,
    "11": 3.470858438661505851470439139896360235163003354811074379265E-7,
    "12": 3.967156526802868739482777630115877864487916755135513177846E-7,
    "13": 0.0000221586399877389610123679582744661588669927418105600637840859
  },
  "zHigh": {
    "0": 0.0001620195440182740510381081536389167831517736813722096065293191240655972660775460563207096304959245949707316376725,
    "1": 0.00012927092798483177626640873666576875584381780371845964216220994956421682228276502998593337885960619363864545287011003,
    "2": 0.000121738660377693724631433277736869700834438741247230222349571731517598182779269778295823149370221954634030032721941,
    "3": 0.000045740416221260473239810984967788749127445154089325226522979487449444114060906259624031611841535882130159697,
    "4": 0.000012046075923457776309317710558236999733399655477854242811674703788714975890302260722884032324342506453681497336127,
    "5": 0.00004946829479949774080810778320752281843252398555967346977469173473946941851355600037816027669628318283170033697233161,
    "6": 0.0003520346831932918337152472171405861093390763883055245358215430212460907022577329196335307519391911386588053438474007,
    "7": 0.00001040130453187894878108293775400657782309029718632810232639749949193655718291596456337002501091671359450415053184770,
    "8": 0.00011755597258332166855730434418956461166644571678445545132356488372403520801543931605724218619076728361984834061156,
    "9": 0.00009128995851494933452357409983450096510858281670356813980797077469661200391149904766439078305105472413278724584484514,
    "10": 0.00005484629191778970760538249241397184944630956478802725294463604191651796508180236789338852346659905439229883986,
    "11": 0.00001265440171667459514693145058508951703327877803126139752649757646092942447962709531733045992424191071660638977269,
    "12": 0.0000156196738986601042278273970973907981957827259824189625272832682747144433650319491219080498225087732978717425736367,
    "13": 0.0008211211967692252910559233703937893139964588703702293328774168661692770685797979441954166345782988308946722901390121
  },
  "setupType": "Multi Region Model Regional Bidder",
  "population": 0,
  "id": 3,
  "worldId": 31,
  "implementation": "org.spectrumauctions.sats.core.model.mrvm.MRVMRegionalBidder"
}