{
  "homeId": 8,
  "distanceDiscounts": {
    "0": 1,
    "1": 0.42045,
    "2": 0.17678,
    "3": 0.07433,
    "4": 0.03125,
    "5": 0.01314,
    "6": 0.00552,
    "7": 0.00232
  },
  "alpha": 793.48477783759472004021517932415008544921875,
  "beta": {
    "0": 0.04911023600588414195211584001299343071877956390380859375,
    "1": 0.08783162235143328333553114362075575627386569976806640625,
    "2": 0.08810197992137468181450543625032878480851650238037109375,
    "3": 0.0858814031638650832167769522129674442112445831298828125,
    "4": 0.09121096106647165469016869110419065691530704498291015625,
    "5": 0.0981925932429076608887186239371658302843570709228515625,
    "6": 0.0666292537872165968604321051316219381988048553466796875,
    "7": 0.06588659557355180940163563718670047819614410400390625,
    "8": 0.084953332796241287638849826180376112461090087890625,
    "9": 0.05917960746238927483009462093832553364336490631103515625,
    "10": 0.0704797426940833304787048518846859224140644073486328125,
    "11": 0.06931575014634323850248875942270387895405292510986328125,
    "12": 0.0422853677357748203302634237843449227511882781982421875,
    "13": 0.049521849506098815363319687321563833393156528472900390625
  },
  "zLow": {
    "0": 0.0000064718912180801023111592744888552696057465442320294501057165,
    "1": 0.0000017540103604148934574921732848688964603437534720391739078470,
    "2": 0.0000024770690227707587092660734031446182882886764924023457995815,
    "3": 0.0000011416692299399974737973906587967837659394261207303896925041,
    "4": 3.155965788995667412795469662865172973211788378956963734375E-7,
    "5": 7.096953979861932304377349890030768438036544423198832736550E-7,
    "6": 0.0000129041418882738725744497789726272210745863575303954512895696,
    "7": 2.460557221734156377428188558547206795735122521040234492824E-7,
    "8": 0.0000024908543778315300939578320836759707726228336720460069775108,
    "9": 0.0000022878983101692889136492034300772889223898485094652385657214,
    "10": 0.0000011271811491804006716338019042423424271813120161604672367288,
    "11": 3.234223673489805604528543123249141200089515009362243840199E-7,
    "12": 8.793122816112520455853599084211681380007103961439195257756E-7,
    "13": 0.0000315743452024746875667726087976434846072008824179226646769616
  },
  "zHigh": {
    "0": 0.0002259403470548353511378794965261381455892886042865863611830782155828614575734843236503761403468039782237022248072425,
    "1": 0.0000680260683700930342541521969390130759678660846721365542257116555307967985111061134971338252570421245381181103116814,
    "2": 0.0000961355392139236201085624452211763735727968820360548618566820340409346885914773733000935842345060260239690026107697,
    "3": 0.000044054892439825555437554419232091513026792820490022192008563910892179502794664209128220949886914791627144381946532,
    "4": 0.0000123464840940590054153620517277899009619698125202550463962093204485880696538414038413563473505358038046911441839797,
    "5": 0.000028259545093667970969536264774426153296055981281993154029576166569022378503228711578422996415161904232632607488341,
    "6": 0.000473103591126221402407881760439016824768801687932296730029962920817550568038430250665746779800321772863955773081158,
    "7": 0.0000090028490507422751879662174365315530783296308039039765438482627980182174803696402546924885657383034406147676426,
    "8": 0.00009588626942563555414527842056180847865104841916533031662007352645097083913779375707030151197655898171091556343,
    "9": 0.0000821766416960468935998154222282127898738385833826168282077160703886703870985558677438653223550519830281799111646910,
    "10": 0.000041759778211797599835946400193025126447981939598446684828140905602768292002530697180347867057174054075226364669348,
    "11": 0.0000119444974211594944061057625351478599280583129949149059092990508700519287204776194690680975260665451933726001811299,
    "12": 0.000030097572766589059376939861459678208742340287601330008767014986893898028205638119987203478358714239094032482164588,
    "13": 0.00110359235321129708768806288608910908620270308859110735966368748313378501285228315802729035257345731224099554347181059
  },
  "setupType": "Multi Region Model Regional Bidder",
  "population": 0,
  "id": 5,
  "worldId": 31,
  "implementation": "org.spectrumauctions.sats.core.model.mrvm.MRVMRegionalBidder"
}