{
  "regionsOfInterest": [
    3,
    4,
    6,
    7,
    10,
    12
  ],
  "alpha": 62.05175705573827826810884289443492889404296875,
  "beta": {
    "0": 0.0816104442794448325937395338769420050084590911865234375,
    "1": 0.07922606822406830229255092490348033607006072998046875,
    "2": 0.07900699404898460509460988987484597600996494293212890625,
    "3": 0.051679670428358547018543589501859969459474086761474609375,
    "4": 0.0825356064772589659295221053980640135705471038818359375,
    "5": 0.060349470642439957679403761403591488488018512725830078125,
    "6": 0.115764228929918611132876549163484014570713043212890625,
    "7": 0.0636235781423452328997569793500588275492191314697265625,
    "8": 0.106996335142683640651029008949990384280681610107421875,
    "9": 0.096799502662649972162256517549394629895687103271484375,
    "10": 0.0618959210202678911105778070123051293194293975830078125,
    "11": 0.07907058162889059327316232383964234031736850738525390625,
    "12": 0.113777675130547206716613573007634840905666351318359375,
    "13": 0.084721915541739800659115644521079957485198974609375
  },
  "zLow": {
    "0": 0.00000456047962301572262506783575470829163780109910902821807483295,
    "1": 0.00000227702598660550367760588446463935865012757680619287193523760,
    "2": 0.00000323453064115959139081236858969140952556218638644889906699743,
    "3": 0.00000222163507740551674411057492839518731809837260780497746826742,
    "4": 4.0840495571181020848447684776439163552696079488119993751558E-7,
    "5": 0.00000135216685298274525756257056492692232972945335566962332663961,
    "6": 0.00000869706522876687501095001543994363940273025958318787976692776,
    "7": 2.9837709319176465178279681426729806167508263891539506974478E-7,
    "8": 0.00000231586313102314775659666421054522023579047910066912493143950,
    "9": 0.00000163790497977970964322928783707207825625921141316004694650600,
    "10": 0.00000150296555972204477584353061497496784122769977899605517201906,
    "11": 3.3200152417491494084838529940614278853178458736684820232984E-7,
    "12": 3.8267423892007437802224435493418446747892077254823219380356E-7,
    "13": 0.00002161167728963613989410383638124316808576258605647407653288755
  },
  "zHigh": {
    "0": 0.0001740326655066384994733771320418633960933756733074022502053780218021629485697779467963019739130699568252203520584596,
    "1": 0.00008635076121444351739127352304940749041171904585497876093875518370446820654925778622718347070673481967565089734601,
    "2": 0.00012259097354652316134236929511962289048562454173042331539853301945302119622944898460440956539633700051134518383896083,
    "3": 0.000078130389183405295851113820551801059021124584158567620318214457570516321185141967234893368720029874840764944344027155,
    "4": 0.0000156229437421535406303106505218501852631857679968158198327774235418483481874348280223424284430873139890580567781771,
    "5": 0.000048725260969258618851341322588120303776268143777267239949029150856566527474189564890628287242276325320809136392362084,
    "6": 0.000361592861879146599936705038441776476367901136342889127265812234877632525159903873404439704192183048663494014596303,
    "7": 0.0000108496946262101459637518888375770961891827129022748100169191601255558984203107859801492329198929337186819019610776,
    "8": 0.000094254780701848171988218813214044066394957362939302758529082762736648936183144594093860193308380869360228340584987,
    "9": 0.000064991988138526654539342500491474267915651001492288130960735540490990081447607148234701018383223061676651512235213,
    "10": 0.0000543917105497351840464528093221063916849568337147627112548353186289550684669033083214017031328236179623949445218319,
    "11": 0.00001258520108706631877589344490943694161704269042191783649917765900627894212475693097861714315303218865878618406211409,
    "12": 0.000015834205691269993993853708848002525175359596793122165055891508970501783666273892937453339605547330278826122068467,
    "13": 0.000831448588493873114006414424638248596227264587462591471613866717701225923182951429353086135162413179819848018395
  },
  "setupType": "Multi Region Model Local Bidder",
  "population": 0,
  "id": 0,
  "worldId": 42,
  "implementation": "org.spectrumauctions.sats.core.model.mrvm.MRVMLocalBidder"
}