{
  "homeId": 3,
  "distanceDiscounts": {
    "0": 1,
    "1": 0.42045,
    "2": 0.17678,
    "3": 0.07433,
    "4": 0.03125,
    "5": 0.01314,
    "6": 0.00552,
    "7": 0.00232
  },
  "alpha": 685.978362562551637893193401396274566650390625,
  "beta": {
    "0": 0.06863263829852299380274160967019270174205303192138671875,
    "1": 0.061865403255908335555801613736548461019992828369140625,
    "2": 0.06643696236954151068676566183057730086147785186767578125,
    "3": 0.096477764937917431797842482410487718880176544189453125,
    "4": 0.062268893787725654309639367056661285459995269775390625,
    "5": 0.0702427167645321148814474554455955512821674346923828125,
    "6": 0.0906833969678092211008646472691907547414302825927734375,
    "7": 0.085298836932896637819112584111280739307403564453125,
    "8": 0.0936222312395290912068190891659469343721866607666015625,
    "9": 0.05394390967206620646212655856288620270788669586181640625,
    "10": 0.069096204235432112650272529208450578153133392333984375,
    "11": 0.09560591535420133457723323999744025059044361114501953125,
    "12": 0.0717196738890918117359518646480864845216274261474609375,
    "13": 0.0707196868740363193683862164107267744839191436767578125
  },
  "zLow": {
    "0": 0.00000542282472870750406435078901490711273482951735234722676135678,
    "1": 0.00000291600485357792176799050246893800884757869446067615123508915,
    "2": 0.00000384651155024079076689129223214124915212937760368489346344660,
    "3": 0.00000119005004610419093383029611912822746111837244892388489917625,
    "4": 5.4132888281109631013813781602822918494620409807723448426266E-7,
    "5": 0.00000116172263198917807369968810281531476110950277015476063212905,
    "6": 0.00001110246289647486876145941167065676898752854939982220069248714,
    "7": 2.2255659030270670147010032473264118225133639544307444995625E-7,
    "8": 0.00000264668833919989089244149356568666505435201112709341490767694,
    "9": 0.00000293913415648207677338449938461418005663236738328877908452123,
    "10": 0.00000134634657012077234153828757286683947842268350952391503226224,
    "11": 2.7458085120498874529111659935597250790690102784075840636859E-7,
    "12": 6.0708286688542515439028053150390235518741983830818553868113E-7,
    "13": 0.00002589070708569705534050790199428182892950658511655640044584911
  },
  "zHigh": {
    "0": 0.00019990301867739194265186572984782802900422822060697251080109276270915443296403089964541544210629921056898709298683033,
    "1": 0.000105520127223616060102812063178366996335252575489477139934301810837616610283208095625290332449582625495393636891654,
    "2": 0.00014095040081895914262473700439311807928264027824750314729200809275953933442653614399527248806002338136550472215956917,
    "3": 0.000047182838244365521542705456273792263311724579392134843245479161699266569678251733637276401634683746329997699295613,
    "4": 0.000019610661555132123679920479569765311745763067092696856235189808552177664829882367449854756329575586109443559776226,
    "5": 0.0000430119343394516033354548487247720767176696262118213591137125835174636737424294582496856700499186997211203015941152,
    "6": 0.0004337547919103864124519869253631703639118498308419187550325936677776008414203793153955061630037524915366294107109131,
    "7": 0.000008575079539538407454370994151537389806470325598105191423263241417913023878806054094061671270596584933351364378,
    "8": 0.0001041795369471504660635636938682874109518033237320314578162062099891429922551127719099474482471683063962338882273478,
    "9": 0.00010402886343959766844399884691773732192684568059615009510119228602085837142348907442645571353211439626014597237933475,
    "10": 0.000049693140861697011017295518058862540800806345630598507062130815474637867450409804299192569804115451007152458814716,
    "11": 0.00001086258089796853290917538390793183319829618363613514262034017319595916310057941146581731967657972975012686965605645,
    "12": 0.0000225664645302305172848947941450940618066145687659207654022186041125314896974727541570545699490311097377938238655335,
    "13": 0.0009598194823757005773985363930294084215395845592650611890027135114937898871090674764700372021046842322361554834083525
  },
  "setupType": "Multi Region Model Regional Bidder",
  "population": 0,
  "id": 3,
  "worldId": 42,
  "implementation": "org.spectrumauctions.sats.core.model.mrvm.MRVMRegionalBidder"
}