{
  "gammaValues": {
    "1": 0.94633,
    "2": 0.78530
  },
  "alpha": 842.4739228247632354396046139299869537353515625,
  "beta": {
    "0": 0.211657031977679099821187946872669272124767303466796875,
    "1": 0.1261192562603112021779594442705274559557437896728515625,
    "2": 0.2004280608156402687658470540554844774305820465087890625,
    "3": 0.0834540947926482312713147848626249469816684722900390625,
    "4": 0.1415807672570269792888808524367050267755985260009765625,
    "5": 0.15333227417555850280450613354332745075225830078125,
    "6": 0.149829047330632458834287490390124730765819549560546875,
    "7": 0.1494983923463297781353276150184683501720428466796875,
    "8": 0.199477582247127360748351065922179259359836578369140625,
    "9": 0.189866837281452205399290278364787809550762176513671875,
    "10": 0.2041165518856027094596328197440016083419322967529296875,
    "11": 0.15033312627924322324446393395191989839076995849609375,
    "12": 0.21899720674555001043160018525668419897556304931640625,
    "13": 0.19112392691005475331422758245025761425495147705078125
  },
  "zLow": {
    "0": 0.00000175842382690558473826574698991105578570306540560161703291586,
    "1": 0.00000143039073898784605723351142788905272213527466962204336303820,
    "2": 0.00000127502377699706049156617350021581200572949635309007761678836,
    "3": 0.00000137576674814657811416288572745616311521089865607235257880345,
    "4": 2.3808283682202845665379071700982917070171411948729686894171E-7,
    "5": 5.3219424440500625781969256269812521008527702940584265079404E-7,
    "6": 0.00000671971869339625701423379995854635176316768779732774709385686,
    "7": 1.2698342775883450131088559997601032333646032395885762970019E-7,
    "8": 0.00000124218904660955080287698760640126108906749896536528334455895,
    "9": 8.3505044757409037332436570632502873374584654646110972725730E-7,
    "10": 4.5575646228276338972686589685155469469522251633360244466268E-7,
    "11": 1.7462254838914573120146142600147069532141477601200053116859E-7,
    "12": 1.9881434052839739369535789256818228601652434575797682609496E-7,
    "13": 0.00000958008098540991112711578753225897970673260973516252486262180
  },
  "zHigh": {
    "0": 0.000089970991623334362869314469097946320530434662204604218947865316155389791818225064891256914996241400026415281305342,
    "1": 0.0000609517037859137887801023319468983125719499817578539037727731898883241112772150490224292633952715376790248715171567,
    "2": 0.0000638057676216472343649834424353549648906438407296586718922608523740606537127830892214545184828764474646125203463655,
    "3": 0.0000527543393056371369526831445236303329345003656065888736342952315981591507716558798144822138578275113207108900359970,
    "4": 0.0000105132801754600880753900665992133113184283677349987277755614553388458480526194665244938228568345151386970907577475,
    "5": 0.00002412608271192644885905498252125639018694285398935381967366225423533939112428446841410965409608406542806139360,
    "6": 0.000302272465818028060035218573999857847181023982767085147073685347527594655369619309227022994644537504327263035077480,
    "7": 0.0000057078846632222414495945524088384640390240434535786868155815272129393176322355967224708451367641504233535746358,
    "8": 0.000062044558169440263376628515089725291993267958880187510922666379976191388853413921820494676593612255749408889482047,
    "9": 0.000040906352172358076442194836569062782240250055491320014383274309986536233056102622501401073236805382590403982265966,
    "10": 0.0000229754376265567424629528677784039972889825158348891294341440473938784539773076054245042513566943170746746916894023,
    "11": 0.00000786383181349324248648572870729677882073159608127240636434007829592577969511747697014944765952084140351832306242,
    "12": 0.00001031840873951968446404711497702245973148770398941450402463334733236436252977678736845000440603961316952239542975,
    "13": 0.00047050069936708625099677295916872294485636529782324492150589418175467240825199232180832142493030880369076265133165
  },
  "setupType": "Multi Region Model National Bidder",
  "population": 0,
  "id": 7,
  "worldId": 42,
  "implementation": "org.spectrumauctions.sats.core.model.mrvm.MRVMNationalBidder"
}