{
  "regionsOfInterest": [
    2,
    4,
    6,
    8,
    13
  ],
  "alpha": 90.701907896791311713968752883374691009521484375,
  "beta": {
    "0": 0.11872577189477763470737414763789274729788303375244140625,
    "1": 0.07515466637865299281973108236343250609934329986572265625,
    "2": 0.0643589892235511273899106754470267333090305328369140625,
    "3": 0.09598381083465272467503126563315163366496562957763671875,
    "4": 0.09297980963559059064404976879814057610929012298583984375,
    "5": 0.0625810109683078430453662122090463526546955108642578125,
    "6": 0.11642869454192182609997274767010821960866451263427734375,
    "7": 0.08743590044216376089281084205140359699726104736328125,
    "8": 0.0871902545316730337443544840425602160394191741943359375,
    "9": 0.054628781556450407841385441543025081045925617218017578125,
    "10": 0.07897049823312775329586798989112139679491519927978515625,
    "11": 0.0519847085532823827147552719907253049314022064208984375,
    "12": 0.10314703174506718863501220084799570031464099884033203125,
    "13": 0.06992590649825762560976016857239301316440105438232421875
  },
  "zLow": {
    "0": 0.0000027667143519507350265034165213762917975067070555482547299083,
    "1": 0.0000021185230933098868608554034506059906366213972590538066558895,
    "2": 0.0000035044563632219682786988577199881543952575404079825180566747,
    "3": 0.0000010557170454807090523067782468454245060869752935216276077856,
    "4": 3.199607901084980001779000239533148969071612928750156096591E-7,
    "5": 0.0000011508381198456547815761624490695036094205227028620445949656,
    "6": 0.0000076320313539171545588701507888244644636963495147094073654767,
    "7": 1.916226512800123126104179290577264235622833945625752265079E-7,
    "8": 0.0000025082274054352975751654256590454517017308216171265971731694,
    "9": 0.0000025614942085485195391920839214468044786951772313099902429384,
    "10": 0.0000010396789322047331212131011228095280044149814213612286157756,
    "11": 4.456895593399481957680374069721263087259269171094953557568E-7,
    "12": 3.725483212644574535882774541771593453550942255088101855804E-7,
    "13": 0.0000231099602443256959434078563182161920591775225170784770254814
  },
  "zHigh": {
    "0": 0.0001158494602632931001738772695091756086295773681577389927718171026722885168552325610623675522392163110779600401697103,
    "1": 0.0000794773824286142549421500427142564785597438632314400425055766156158778242513681722332949133891600222774206944725427,
    "2": 0.000127688017828159831550380334182961727079916774540510945496549047743450232408022624044027083291944370470998708417216,
    "3": 0.0000418046858832551560530275052331617161090824083358801387368683084139805160870342129254001517255102876586981865436359,
    "4": 0.0000125738130387690700954790198275009215481553202999996881294840183522789216611479977426335788174088096945468545950155,
    "5": 0.000041727204895450413233734501354152207372794639919554362637301640524504740444674727858385665026855171949637919407824,
    "6": 0.0003178196853414736825313474804595892238486327366713123490447758907057662017290588773564898399496956504683561043874399,
    "7": 0.0000074241494443786314509520457356164459684230936441468767899943182165308236158576533330241217427766564806444292585,
    "8": 0.000097116120753381072266240091622387360101863797559449033932019027143197193384048372980732027206415317408660385996787,
    "9": 0.00009083795701414657605685409584127652604682187848211322606277930942948784176939521204420611659103504201559600678631679,
    "10": 0.0000394007642940113962517159780952134753039995210596523981751408034908152484989729734801190649579239387326036372516943,
    "11": 0.000015687590964951251976523533014675427728461177414789965202545794263784646864921381813326634078086379696236475718761,
    "12": 0.0000150191749899373718595137000754788014642572264792946006600354686699620298709701512394506573406307444250026739387103,
    "13": 0.0008548972992520878350219350217549819230345290770300514433809281195564828461865034101468911207631687248681393101371963
  },
  "setupType": "Multi Region Model Local Bidder",
  "population": 0,
  "id": 2,
  "worldId": 77,
  "implementation": "org.spectrumauctions.sats.core.model.mrvm.MRVMLocalBidder"
}