{
  "homeId": 13,
  "distanceDiscounts": {
    "0": 1,
    "1": 0.42045,
    "2": 0.17678,
    "3": 0.07433,
    "4": 0.03125,
    "5": 0.01314,
    "6": 0.00552,
    "7": 0.00232
  },
  "alpha": 525.639264536063592458958737552165985107421875,
  "beta": {
    "0": 0.061846270072566676689884701545452116988599300384521484375,
    "1": 0.043652251645133033353118889863253571093082427978515625,
    "2": 0.067347769990052597233187725578318350017070770263671875,
    "3": 0.09567137571177290744639520880809868685901165008544921875,
    "4": 0.042707366330748043614651265897919074632227420806884765625,
    "5": 0.0702355341905079588737947915433323942124843597412109375,
    "6": 0.075444023106739199757697633685893379151821136474609375,
    "7": 0.07750600262934069506481904454631148837506771087646484375,
    "8": 0.04441945580239177460146748899205704219639301300048828125,
    "9": 0.04429864786375641017013293776471982710063457489013671875,
    "10": 0.0668432875055287312182628056689281947910785675048828125,
    "11": 0.051138132947085114532459471092806779779493808746337890625,
    "12": 0.041349271146975674628976094027166254818439483642578125,
    "13": 0.08183583909030238412452007423780742101371288299560546875
  },
  "zLow": {
    "0": 0.0000053112386027854478415041228732180084398089211264277342111413,
    "1": 0.0000036473925237010821852030645011545897481153745690003874373729,
    "2": 0.0000033489344836261249933359571834773434973291048775237073818739,
    "3": 0.0000010591647128982320748922076848476906515528685750631515717888,
    "4": 6.965986411979297234247722694877092953245553739289321589715E-7,
    "5": 0.0000010254156080803466714124835586775181929135811891382868778450,
    "6": 0.0000117781026335566067027280126960608108589597158263404856176808,
    "7": 2.161729219852702988084995890250948016226754505648088848077E-7,
    "8": 0.0000049233603148160559400172389139175964199932630123087650631816,
    "9": 0.0000031588166755626136107813667184783314541432701028725153463925,
    "10": 0.0000012283052845344127692861733954135028188842146756797114873053,
    "11": 4.530678089382358220590570192317695730279854709159784489803E-7,
    "12": 9.293332736977901656782817295760205132819733031318718155436E-7,
    "13": 0.0000197466652408854587222628206547359568553910217758339420342890
  },
  "zHigh": {
    "0": 0.00019218518778833448462389846006442710789864379028412337720880816657814266599528149342018123854690327790043085621224523,
    "1": 0.00012534346534035011467257987423071445190456318252983746595007802026104177096429644382352015553460544394406460088126,
    "2": 0.00012302236144028453298949331808763740014206370862674662525252626618283274664988276042564929903580300364100991300840,
    "3": 0.0000419081159057808467305903883732297004730592067821258576569647559124093559271355576646970183205148755976990040947079,
    "4": 0.00002387294857145202179288518719353275350067714273161718460885648274050377663792511936908840566205941139763780921518454,
    "5": 0.000037964529542491169928824134642392644877586394507841631123683103395142861048950313158575261049956147695430890736014,
    "6": 0.00044220182373065724684708333767667961570653372602024469661089928835030812538283170773152483421875372817666506187656,
    "7": 0.0000081606575655363710368944955346374973102348553242138865389883130278821830927207962722805146225111421246659579697576,
    "8": 0.0001695701080348038232117944892685517016497370394149140706323844023518538484252106618229340977810416450079221504094596,
    "9": 0.0001087576310245693982045325797522223353102646646289889791664030673853911812104784505051619427832388118143686970403615,
    "10": 0.000045059554863901785693908146273332719738076518689206884321030146931242655833563607010423311290192833963500364497649,
    "11": 0.00001590893845289988076525412138246472565752293402898445799925108501263421088339268738552535769055106651852107134980636,
    "12": 0.00003172272356293735322221382833744463650206359880798644955893105478569950221814527757945829176997868497521434031739,
    "13": 0.0007539984491488807183875839518505748669209340547927153936451584155147065284046073628854208924269509247377540537568685
  },
  "setupType": "Multi Region Model Regional Bidder",
  "population": 0,
  "id": 4,
  "worldId": 77,
  "implementation": "org.spectrumauctions.sats.core.model.mrvm.MRVMRegionalBidder"
}