{
  "regionsOfInterest": [
    4,
    11,
    12,
    13
  ],
  "alpha": 64.3657398404976675010402686893939971923828125,
  "beta": {
    "0": 0.0678535280763294668116003549585002474486827850341796875,
    "1": 0.08729129120848484746364448483291198499500751495361328125,
    "2": 0.05763593147149549678065483249156386591494083404541015625,
    "3": 0.05320502326917793400884448828946915455162525177001953125,
    "4": 0.1008332213025852908128143781141261570155620574951171875,
    "5": 0.0969049062120592719082878829794935882091522216796875,
    "6": 0.106224360043710219780876968798111192882061004638671875,
    "7": 0.1194461163899471767280147105338983237743377685546875,
    "8": 0.07254820947766042749105253051311592571437358856201171875,
    "9": 0.06131530224150490149259695726868812926113605499267578125,
    "10": 0.0760632456602560458325257286560372449457645416259765625,
    "11": 0.085891979063972889729683402038062922656536102294921875,
    "12": 0.050877087842999678402033936208681552670896053314208984375,
    "13": 0.11853144844138831237589926104192272759974002838134765625
  },
  "zLow": {
    "0": 0.0000048410201556240083269473712499919388614401493627651714088921,
    "1": 0.0000018239722896629619852521414571399534298779929449963368340212,
    "2": 0.0000039132406392452043963856695159272044164392039321886704754059,
    "3": 0.0000019045522201104097449025337597205764169905462441466317405968,
    "4": 2.950405924835660801036524739077287328520914859719803640963E-7,
    "5": 7.432091502488357667582984068182965744746941758246061419420E-7,
    "6": 0.0000083651946396659482009853206139559220029314419339501937489421,
    "7": 1.402699356510240595806225168320936646967485869163915043200E-7,
    "8": 0.0000030144504940616485579771054136908411650204863675873289082639,
    "9": 0.0000022821596316325272569500012878612132219966225018997825832853,
    "10": 0.0000010794170373089184046168826946559459632979381035981971307956,
    "11": 2.697462801534892099711971530359182351370067849768698265633E-7,
    "12": 7.552958541695266546088472400177244417829715970453205775329E-7,
    "13": 0.0000136333854050745468939257650437457626999438461026522029488208
  },
  "zHigh": {
    "0": 0.000178078634373491299187195911367645020547580637374246493141330441655107549203419499114445918581275864245805564697597,
    "1": 0.0000706408583192065086740521829102753623574417338097159478495275252962311795373313984892593956393519609917416504601020,
    "2": 0.0001399515461088569150809846880611332277153666802666955180584839574928890868238775112082305222091796932828475503609529,
    "3": 0.0000672697411221461768309001706194162734361895368546302627212039205069625308014261548126845966445299420132378679729342,
    "4": 0.000011826207110021112493251593326133336626503226092908630762600569350718561365844958486396223400024077009544966207925,
    "5": 0.000029498335807545842789198580086615996324419784108431209046593910890747291780960456838141315376310673123572954289,
    "6": 0.00033981458391393749179480257521353295002568550924853594054873620146128229097028311286681671531097190951246153597378,
    "7": 0.000005883567975508983860058183368847463202457049414761365124357286699912653007641363542525531396288457421306850390,
    "8": 0.0001123028134121716017505904842617490440005537400732709859848521719592615591501999541837889293011805449113699543138465,
    "9": 0.0000824579197066668075895916168337087883458652365998069962731851524296202025917459580151552943620009979637147842351066,
    "10": 0.000040592907447136954753829425250606014070488221526761453625740533484366993724719311765784453624209911884761232254077,
    "11": 0.00001040929258935748240261832539658918552079357345081119932674144038559853188707916021484614645708065795713611516697,
    "12": 0.00002650160097708944789013079365069575435709354762538991241861072352702151040704668658962834054927085294064656972521321,
    "13": 0.0005706000540745533635374722835208690422575187845972632210811116633554231458469298665883603013134085510973988216281806
  },
  "setupType": "Multi Region Model Local Bidder",
  "population": 0,
  "id": 0,
  "worldId": 77,
  "implementation": "org.spectrumauctions.sats.core.model.mrvm.MRVMLocalBidder"
}