{
  "homeId": 1,
  "distanceDiscounts": {
    "0": 1,
    "1": 0.42045,
    "2": 0.17678,
    "3": 0.07433,
    "4": 0.03125,
    "5": 0.01314,
    "6": 0.00552,
    "7": 0.00232
  },
  "alpha": 750.161647437189685660996474325656890869140625,
  "beta": {
    "0": 0.088584029412332954134257079203962348401546478271484375,
    "1": 0.0832710092166038251537685255243559367954730987548828125,
    "2": 0.047848975804964881397562947995538706891238689422607421875,
    "3": 0.078535114362177360636252387848799116909503936767578125,
    "4": 0.059614310036852351248892745161356288008391857147216796875,
    "5": 0.081303609031469992185492401404189877212047576904296875,
    "6": 0.0585000671518065562537458390579558908939361572265625,
    "7": 0.0959679252134415516906074117287062108516693115234375,
    "8": 0.040032858626727334250272605231657507829368114471435546875,
    "9": 0.056488477246374325935196480941158370114862918853759765625,
    "10": 0.0787724113235536427257699187975958921015262603759765625,
    "11": 0.06458904887576140396721058323237230069935321807861328125,
    "12": 0.088895597325545250289025034362566657364368438720703125,
    "13": 0.08280203476032509113391455457531264983117580413818359375
  },
  "zLow": {
    "0": 0.0000037081209697374457877584301552333330108946920014353287482261,
    "1": 0.0000019120327445416553662499575562581812136261583988311251307319,
    "2": 0.0000047136488403499981383519635950229529106689918081170451190329,
    "3": 0.0000012902730964525134612411150116398234831285140047169240467835,
    "4": 4.990394644633230388804044126263955323673944821291961671578E-7,
    "5": 8.858230754914071846558846995176030007488054448439350191896E-7,
    "6": 0.0000151895115766914081315240487639680164682115921882315708187850,
    "7": 1.745864466957956904819493305473483517921390727395110702978E-7,
    "8": 0.0000054628371144401458406054655570496632637021738987316465057232,
    "9": 0.0000024771655105270392743089819604919338922590139504914997649768,
    "10": 0.0000010422933854526327053904079191973479587495432359840726580461,
    "11": 3.587147086202534551966470442152560629749216958038228540648E-7,
    "12": 4.322739784211330738924380159216054267716680817804578338981E-7,
    "13": 0.0000195162464775258743713976154471955348931474269473832543598927
  },
  "zHigh": {
    "0": 0.00014409165879689442301152767852488684503121691653435121332135125983154057871548277793415868482925620076918222308563,
    "1": 0.000073282671965567310103986665883822195869886697424759596750850009991001740394749822588754476978940437836636286422170,
    "2": 0.00016396379214200072733997351043400568254226031654454675736729647829897334059360454247160799585770992052983485222546542,
    "3": 0.00004884136741240928832105760817699368542032856967173903190680611313822306064846270773739513552647237474015334201229,
    "4": 0.00001794617326941382125655415148769334061196231597762510485444612565017236073789443132492563444754766400606921026497721,
    "5": 0.00003377675356482298532612616886759518911264312217901107536402134566788387949799290758528124844471248358418894070099,
    "6": 0.000544544092024701289710964419713895783984090016876977252644025503323786575932534863993259936196982175033597020530,
    "7": 0.000006913063306852132787097987780305103815318763989454952103692292063174494940834090490019491525552162478961675301,
    "8": 0.00018575441202352652022944128856251370696100436600760051390863252065004523774729804499333964726319011874283064277774244,
    "9": 0.00008830809607350216811036103701263040845373698005755851172393061297409357465909086422343810038136027120438539566687202,
    "10": 0.000039479197891448383777035181986848073934036375498337719443255189437543678407460950632180737674985321242337960402822,
    "11": 0.0000130783454433604097593818221319693203559310207756197901517845470747028830151719795043920097696144335718066156822777,
    "12": 0.00001681094470463764046863851692781218390675444216744403010956699004729216228921512442785867097204293601153356423592,
    "13": 0.0007470858862480931878616277956243622080536262099391947634132670779290438039055810248930031737908113227140258384366077
  },
  "setupType": "Multi Region Model Regional Bidder",
  "population": 0,
  "id": 6,
  "worldId": 77,
  "implementation": "org.spectrumauctions.sats.core.model.mrvm.MRVMRegionalBidder"
}