{
  "gammaValues": {
    "1": 0.93935,
    "2": 0.75738
  },
  "alpha": 906.8419655292162815385381691157817840576171875,
  "beta": {
    "0": 0.1371541656667771835742541952640749514102935791015625,
    "1": 0.193873050889043996303229278055368922650814056396484375,
    "2": 0.21434728099213995466953974755597300827503204345703125,
    "3": 0.20403996100085353138098298586555756628513336181640625,
    "4": 0.08247700036668259571115413564257323741912841796875,
    "5": 0.1146251379744229470514227386956918053328990936279296875,
    "6": 0.1303153216516720058759659650604589842259883880615234375,
    "7": 0.15082870605719833623226122654159553349018096923828125,
    "8": 0.1585372086521696644023649014343391172587871551513671875,
    "9": 0.162795427704043704775216383495717309415340423583984375,
    "10": 0.13105790381424753388017734323511831462383270263671875,
    "11": 0.163543340912765955419416741278837434947490692138671875,
    "12": 0.1491082166968595856815227307379245758056640625,
    "13": 0.216663126328433985889887480880133807659149169921875
  },
  "zLow": {
    "0": 0.0000023949713481234656165560021781120668289587719940737283156013,
    "1": 8.212430534468575441105334088328178648733372529584312930252E-7,
    "2": 0.0000010522329383934589330672312246599205430320209142499859695975,
    "3": 4.966269582256730491374375430729475578233428088069376333258E-7,
    "4": 3.607053266107755550388759391980337566082753746741916398948E-7,
    "5": 6.283142971385397669990749922873950659648678285695929329730E-7,
    "6": 0.0000068187488315054123916933635578227806997422805356001503367258,
    "7": 1.110842855963292850151197571489581957208243705918951403697E-7,
    "8": 0.0000013794426416516102986027786137690133846641914298360301776856,
    "9": 8.595530571736943199730336969248482052316384204505516775402E-7,
    "10": 6.264709024727157336489014601647594073636710837459731005121E-7,
    "11": 1.416691240268011383959085037210283579832424289250032749140E-7,
    "12": 2.577138562267159808559237884308189482705466778977931269858E-7,
    "13": 0.0000074585138071604309295183592736601647366821574824952740463562
  },
  "zHigh": {
    "0": 0.000104697170148475017875454839211248859573139316313503200342608661591491876113442381306199078831061683161959667517,
    "1": 0.00004055898123272337543980394146106129540730206304857878161964825542218198623438849148160973618966717986564465776078,
    "2": 0.0000541213150833045511814315393231147115131511897285349828842331162325451538603300611290793090867413867143094089742,
    "3": 0.0000250319832656040759579472841199874076611734337944394395030747610985310476093179513834787247854990942785637046720,
    "4": 0.0000137961491338373967413082972848424873391887427539749690365547299977854097243336039643880286090888236861188215,
    "5": 0.000026051490214236962796421877650688951069124993690780812777523898377499802213308520275256964583879888879583590073120,
    "6": 0.000293421209669121417516043863529538710930010667298034638182248844369534547309259526771889496495136681423153534282547,
    "7": 0.0000050079984738681406230931005783533991331793229250264742058481746815326703006440998302384151589261324868179779631,
    "8": 0.000063252577839870453969360680264094210589864891940732024067505243895427267563700949566574334227941122104084841844748,
    "9": 0.00003977972247290181948028258910561783784291571415633006910083350379679692245616633175158785614498587077718246593864,
    "10": 0.0000270045234020508746247899882158704173924602109311947327172359948800641351935382187336466927010510573581710297007,
    "11": 0.00000656697790555684025535966591714248920618064276925520277725973248861460968939827994831535735512928581277975499405,
    "12": 0.000011574141038805127677543090103088589551720800050964088902198593686993437795519247227643342376559963373083,
    "13": 0.00038535390613712988460525011041830110335966812599255535400717485453278708858926956952212167178922957346444755137
  },
  "setupType": "Multi Region Model National Bidder",
  "population": 0,
  "id": 9,
  "worldId": 77,
  "implementation": "org.spectrumauctions.sats.core.model.mrvm.MRVMNationalBidder"
}