{
  "gammaValues": {
    "1": 0.96436,
    "2": 0.85745
  },
  "alpha": 724.320319191834869343438185751438140869140625,
  "beta": {
    "0": 0.09752105156100644711703040456995950080454349517822265625,
    "1": 0.20917206978034508235708699430688284337520599365234375,
    "2": 0.085865174111871611639656975967227481305599212646484375,
    "3": 0.138848877167986384240094821507227607071399688720703125,
    "4": 0.19212663532187068682333119795657694339752197265625,
    "5": 0.206124214072824052390586757610435597598552703857421875,
    "6": 0.14945064677573161038282023582723923027515411376953125,
    "7": 0.0992546897580930675974997257071663625538349151611328125,
    "8": 0.1608866514936241054467558342366828583180904388427734375,
    "9": 0.1420365462743609918927489843554212711751461029052734375,
    "10": 0.1111502788324266466357670424258685670793056488037109375,
    "11": 0.1513852083228222067390333904768340289592742919921875,
    "12": 0.1470908965349446706483149682753719389438629150390625,
    "13": 0.11583729473866326287190275934335659258067607879638671875
  },
  "zLow": {
    "0": 0.0000032870349002060504669625631171326976390635469017362348947768,
    "1": 7.428118544327047512874243498774853933016627349257598752686E-7,
    "2": 0.0000025633398109173129775524244246079895581467871182450688335680,
    "3": 7.121910577026415102877090097595193512194710907167865475484E-7,
    "4": 1.511093029455195978734532594443532410366860819756873729925E-7,
    "5": 3.409739234483664546597721319155475180511857438059247057133E-7,
    "6": 0.0000058022406990247926317092372279981775587831762778771416670372,
    "7": 1.647323756292723941437583367470685398010598384009831454494E-7,
    "8": 0.0000013265029111214934378745897747109877891477531107330510787126,
    "9": 9.614089369979801240149657391627276683121170102066561271004E-7,
    "10": 7.208533668314209119282389051573644043610976231854438586231E-7,
    "11": 1.493543916545733281467255769828971240017479808360579048992E-7,
    "12": 2.549452451759612507937778591953876151026507191401681112583E-7,
    "13": 0.0000136138908127541998386296225669797623538082368741940285616306
  },
  "zHigh": {
    "0": 0.0001306665570047637069100277832556475028543189733165174747921923154327749206801411204649347035447479153605322604071775,
    "1": 0.0000378219049378876677202257774968170223006491422366147305268222974742371311028259567499429968981406484534828571766,
    "2": 0.00009891035624475010275231377271409814333744872341528734714219450827432012642043109774340445295704081757954832204607,
    "3": 0.00003125442460018848273949405252754374941520129779544483360658437864727533620047759810153392602304928206506068635736,
    "4": 0.0000074364912824411803152484925410622023503682416888692646830499400447313882024913415290022948709132707658522270,
    "5": 0.00001725751590246317443136715648834660211949505630285841588160766794541924533044080874536889740777926328001814769291,
    "6": 0.0002607820834925166139620999727130050353194405159040006026344803714305322547268709474388750661722952499134213830967,
    "7": 0.000006577017352497880099357036953756287025095203787560427978384298247117875577132374982115259249590123801167607490326,
    "8": 0.000061136748490332957757536089847508031156075754390271155801433601175334171995907316979288036491855236641491117877652,
    "9": 0.000042497788606789185256554635152604992174057803963679739728453460029557008660293640259714298686594493964227970064089,
    "10": 0.000029637906277003223794189111208969348934757591676676445406020380845677925207134595334436743445067251418795491720983,
    "11": 0.000006741636319092796017685721331351716521764111208387391452337410732164780436993627833378340177571469374441239748,
    "12": 0.000011398369823304179349267935606950266201036136559308076313073213400174833663101475073312295919708330522386815758,
    "13": 0.0005661163526443248156161816338535787134495948184794050862395978477646967374048959959115274780634054708077544445465133
  },
  "setupType": "Multi Region Model National Bidder",
  "population": 0,
  "id": 9,
  "worldId": 16,
  "implementation": "org.spectrumauctions.sats.core.model.mrvm.MRVMNationalBidder"
}