{
  "gammaValues": {
    "1": 0.95243,
    "2": 0.80971
  },
  "alpha": 1155.044870563504446181468665599822998046875,
  "beta": {
    "0": 0.168125270041649732544186690574861131608486175537109375,
    "1": 0.214440867077648034122461240258417092263698577880859375,
    "2": 0.196772707245635281037010599902714602649211883544921875,
    "3": 0.09643004056715975824687347994768060743808746337890625,
    "4": 0.1480403153596576704131848600809462368488311767578125,
    "5": 0.17974862963254534253820793310296721756458282470703125,
    "6": 0.1563226645787484658800536863054730929434299468994140625,
    "7": 0.1692160598513364477835096977287321351468563079833984375,
    "8": 0.1547148340429840285281670730910263955593109130859375,
    "9": 0.1055219022480045065748299748520366847515106201171875,
    "10": 0.1082153622829365724467010068110539577901363372802734375,
    "11": 0.1272261260281499772872848552651703357696533203125,
    "12": 0.09829347185822516486108924027575994841754436492919921875,
    "13": 0.08667379600008455475812496615617419593036174774169921875
  },
  "zLow": {
    "0": 0.0000019066443724159414039513884753087532198305967824816244833721,
    "1": 7.245610184592497153581335759516602111279893471114519064882E-7,
    "2": 0.0000011185576610355312580664270585983854562688398665747647378028,
    "3": 0.0000010254784516265083328468931044802945419578566982241796348432,
    "4": 1.961095656289546146304642955443630061097513076718706105163E-7,
    "5": 3.910070532042395578539234388398437827910686020557146521018E-7,
    "6": 0.0000055471714709730853314331609986586559735311238123272948664618,
    "7": 9.66247580197864346311049272610995403789751304091672441376E-8,
    "8": 0.0000013794191932984819817338317172055878169373726423048384073206,
    "9": 0.0000012940934731024541436201034729397341651169275048078122463382,
    "10": 7.404036823451986812533412276487243135391424468421268727304E-7,
    "11": 1.777154300018007025906674930562773941985076296672760923485E-7,
    "12": 3.815118539544741938964347107296275198103227566610496887314E-7,
    "13": 0.0000181946142362963976259560901280952512151612908451491569972605
  },
  "zHigh": {
    "0": 0.00008925484117106043501969254400092917027733046973887916245005035614098334318739595559616050490978952372332652181819,
    "1": 0.00003727437985868401664234705427904226683543894060218549146340917930569559098225561089646399958476398004853710120765,
    "2": 0.00005556689174829665116773385173381002028111030586517822426923806525225668246694081383817915014017526481704664596418,
    "3": 0.0000406530464179044874162695753691670051373528660206666262254277353626281192034271661817462672693198844156222596729,
    "4": 0.000008786499162944230817958823624062495302560198459754761808764338957066206011750457675408354128683966595498078551,
    "5": 0.0000187585097951393675271916956960754900616915420503521142732646265829509112383252435904565847570608535593347305862,
    "6": 0.000253130006650965394953817685832819387761878941937505198617217181059695010734879309313783913310883843027834279522477,
    "7": 0.000004533788824213301313977434669177217042432662547805950939032556195410139978021006588079850299267332305843098953933,
    "8": 0.000062724236955642614073313348122346031989764340337424775659674012617229425938442857842237513429992059439838689317,
    "9": 0.000052478324689923405844708767165915187078202118801714423305589024038366210923708992739154839567686844561929854035,
    "10": 0.000030224415742416556873942180883710146210098936386376935829239956163395752708287960862752273468037352096213376549703,
    "11": 0.000007592467469509617251003978813553124627666900673323937075817920595932939554679866015189416082719290601723140,
    "12": 0.0000151953680866595676423476411529774633422662976849345236372658671898207963008677037625447453029777714800875160882836,
    "13": 0.0007035380553505907492359756606870433792901864376080589393084954983599076469272242732828769064515686078915537976630762
  },
  "setupType": "Multi Region Model National Bidder",
  "population": 0,
  "id": 8,
  "worldId": 16,
  "implementation": "org.spectrumauctions.sats.core.model.mrvm.MRVMNationalBidder"
}