{
  "regionsOfInterest": [
    0,
    4,
    6,
    7,
    8,
    9,
    10
  ],
  "alpha": 81.1212562460303132638728129677474498748779296875,
  "beta": {
    "0": 0.1112665509723256562768511912508984096348285675048828125,
    "1": 0.089719313548051127238380786366178654134273529052734375,
    "2": 0.10633261455987097487962955710827372968196868896484375,
    "3": 0.1076888410874601020861263123151729814708232879638671875,
    "4": 0.075757286182417671316358109834254719316959381103515625,
    "5": 0.11192910922794781225508842226190608926117420196533203125,
    "6": 0.070148877068843928928032482872367836534976959228515625,
    "7": 0.081584936761489867951269161494565196335315704345703125,
    "8": 0.0689362940833524173722679506681743077933788299560546875,
    "9": 0.08559876982502949427367155976753565482795238494873046875,
    "10": 0.0710513898731645332507156354040489532053470611572265625,
    "11": 0.082445886054907713269557234525564126670360565185546875,
    "12": 0.06254048726354544118777312178281135857105255126953125,
    "13": 0.05142740282642292715120646562354522757232189178466796875
  },
  "zLow": {
    "0": 0.0000028809655479080209814256326371141266300032875321297650619595,
    "1": 0.0000017317953838985909257261400787774187415273789517987496466592,
    "2": 0.0000020699351754242636192033321257499416744067994541379181344912,
    "3": 9.182653252882607884763709936377456057375025468128758418030E-7,
    "4": 3.832254744559991912999509563114519022703487149082241603544E-7,
    "5": 6.279240715387798677658322161112832369145925812543396959794E-7,
    "6": 0.0000123615467766748554274685792186104331853030404654688508166957,
    "7": 2.004102900023930579591926210607598100215226264356985904650E-7,
    "8": 0.0000030958526913099613472673343105152122119475871513190067967803,
    "9": 0.0000015952940123745611705450587509738325070513386083697893073776,
    "10": 0.0000011276774861636832814058932626838768515249895513127343032331,
    "11": 2.742410419301942274692980155055240176770833676156150755207E-7,
    "12": 5.996135674835406393608944688803691784726897099592802843526E-7,
    "13": 0.0000306645133906459301328881610141900478807663987305364106916574
  },
  "zHigh": {
    "0": 0.000118484476435822822343919868855090372582511192228323379807674227375467693024233534767619421167664645285538039985414,
    "1": 0.00006749141082186425295338724936381502274742062874280442366853827084023711963371245330945384202612730805253626319649,
    "2": 0.0000841082171799586220018410037483567068252490934920728261698888688637690580947740276773744296313261210714737201297,
    "3": 0.000037436652627757061085153912043890537050742241478327512434224066091693762896593653467691617929124497229141330648233,
    "4": 0.00001439997642775556811804342344707516218737812067684536830390673429926779832289451890239205140972537787965706138672,
    "5": 0.0000258660203451755768245489590142186736853972614263108655895902821735675969941494887416227059345270548495293066029680,
    "6": 0.00045756126582201849783488023243137270411503644153175187712423376886795142192490302593131096524082857105394478790067,
    "7": 0.00000764735478369150001382006548316702513170908742860189132885255133662530559704574293620384559585358143882295101223,
    "8": 0.000114217241895986995039318425921634763840070775607849827343463543107129364160578502644964449897169533389988228360775,
    "9": 0.0000615143408680866166524574255069381373362344519085737351367692702343972058184416576548568556207893091729722192824448,
    "10": 0.000041842629856971094878518741934764722349674349520495158744319428438419420624358295986480551687786387770035793126334,
    "11": 0.00001048823582736142299736289448703052333202417281177410657098431259243893024912515424501946247109955544159910254263,
    "12": 0.0000217384194925315610062814338974997131021373062838814415059022631042624450561299369795079703402125597626535524683,
    "13": 0.0010776350299810767244439377872698872792583396741696765501404023940652960132808583702025958870281545082435843829662797
  },
  "setupType": "Multi Region Model Local Bidder",
  "population": 0,
  "id": 2,
  "worldId": 16,
  "implementation": "org.spectrumauctions.sats.core.model.mrvm.MRVMLocalBidder"
}