{
  "homeId": 5,
  "distanceDiscounts": {
    "0": 1,
    "1": 0.42045,
    "2": 0.17678,
    "3": 0.07433,
    "4": 0.03125,
    "5": 0.01314,
    "6": 0.00552,
    "7": 0.00232
  },
  "alpha": 607.4902997831417224006145261228084564208984375,
  "beta": {
    "0": 0.09146309178510768356229476694352342747151851654052734375,
    "1": 0.0913929678197928641036895669458317570388317108154296875,
    "2": 0.0856695907179075566428849697331315837800502777099609375,
    "3": 0.040893894867287318428683562387959682382643222808837890625,
    "4": 0.06494901023349654300975686282981769181787967681884765625,
    "5": 0.082518305931023550048308834448107518255710601806640625,
    "6": 0.063957394633257835803163970922469161450862884521484375,
    "7": 0.08791162052421448713790397277989541180431842803955078125,
    "8": 0.09592867731003613951390462943891179747879505157470703125,
    "9": 0.044703436756726645795456676069079549051821231842041015625,
    "10": 0.049823858851993418905834687393507920205593109130859375,
    "11": 0.0581902865284641135357190933063975535333156585693359375,
    "12": 0.060548957932439827211990035493727191351354122161865234375,
    "13": 0.096883345427619727008305972049129195511341094970703125
  },
  "zLow": {
    "0": 0.0000035047481309615617784336091811560879692008314121832487220998,
    "1": 0.0000017000814915588699143700189169668722123851624160223708929909,
    "2": 0.0000025691919072784736048864940419895071398669614622048955513106,
    "3": 0.0000024181342719251726433816190202104174262697644059846875231556,
    "4": 4.469986815254501481136828206185122890657694486147907516543E-7,
    "5": 8.517259436817672898261177959548496419486003417496436149841E-7,
    "6": 0.0000135582230982062423244085720359742760375257153381502615209381,
    "7": 1.859874808210763364132248449089346228524661110752912944886E-7,
    "8": 0.0000022247425644901883730365837975804173820847082570133950258781,
    "9": 0.0000030546914258879657194296093254373953934046242884269172589443,
    "10": 0.0000016081261983063019053319993234297979780901406418902154362759,
    "11": 3.885536065112194930057797020952548387093893982986736378461E-7,
    "12": 6.193355915736128412816559132640710229041901923968691319320E-7,
    "13": 0.0000162772690771206015375901549525468741586362382628279655049075
  },
  "zHigh": {
    "0": 0.0001371979539274290462541591651763492127584375086299278896118828573835313416596551449397675134581329218373991600742855,
    "1": 0.000066539994051672622612703614509498626873154132669513061058491466841862884909049772134365279080066728320867920799848,
    "2": 0.000099085919135584921572335861235543670789053953734082148674472760383377154203378380987663233905127394018529329370980,
    "3": 0.00008243272102686441673231135284107069166671009725348186287480003683692011526640511466277527327088004108489660208901911,
    "4": 0.0000163131726398390968224553793762869737912407426880423660429040170129502390410876965877301207866320703438202691764011,
    "5": 0.00003258007650946519948635752640952566583641749424116998315973218219620910508805234880413929368564623273794079296682,
    "6": 0.00049346155546796010474308001695228798968171668771219419825150526719959332391527919368704283036751310925834128158490,
    "7": 0.0000072146705082519983674410321986122695166373919677896724495622768528091663017265726507186897165000356988214507655913,
    "8": 0.0000880839380913938058123959105335909189441844087786814742163983640326992919079378281972148248570848514936672458481799,
    "9": 0.00010529626327348875311899394274084502392683302231028757368377111023606506819604586293066019376202516481204737686367515,
    "10": 0.00005625609122124965359630192375714235614662888223781959273560332895318956813714108685369096094075600821840863178301,
    "11": 0.000013917612764792180963457345084722447962993353732265863440744472595884282094491498313200390099994085986528056643869,
    "12": 0.00002233008021523372706390427722901076843508232075700910693328547430319650376696517718725975648241483617201276901989673,
    "13": 0.00064601770057531686658499760542059206759443486013842319453790461363045598496367893067360329081055207913196392601862
  },
  "setupType": "Multi Region Model Regional Bidder",
  "population": 0,
  "id": 5,
  "worldId": 16,
  "implementation": "org.spectrumauctions.sats.core.model.mrvm.MRVMRegionalBidder"
}