{
  "gammaValues": {
    "1": 0.97920,
    "2": 0.91680
  },
  "alpha": 1182.33267297242355198250152170658111572265625,
  "beta": {
    "0": 0.08279234961772273526658949549528188072144985198974609375,
    "1": 0.129305091547658290718203488722792826592922210693359375,
    "2": 0.09275546820423440086411659422083175741136074066162109375,
    "3": 0.10463343809731195932499758782796561717987060546875,
    "4": 0.189337585253274098828768501334707252681255340576171875,
    "5": 0.206366751427200956214846883085556328296661376953125,
    "6": 0.18188431322754894381432677619159221649169921875,
    "7": 0.12815551070806685540759417563094757497310638427734375,
    "8": 0.187809545522997167754652991789043880999088287353515625,
    "9": 0.13852423192073726188056070895981974899768829345703125,
    "10": 0.11589596165423714235753749335344764403998851776123046875,
    "11": 0.19770665475582926973174835438840091228485107421875,
    "12": 0.09463520888395381136515283060361980460584163665771484375,
    "13": 0.1908110690268633724553382080557639710605144500732421875
  },
  "zLow": {
    "0": 0.0000038717961437973625397483122859731316745858462848896440897321,
    "1": 0.0000012016192958016516316692170137978527409547916018753334901525,
    "2": 0.0000023729233805135299338015894861340457098288920079697192797798,
    "3": 9.450796082904666279605691706012207845681547672448911470240E-7,
    "4": 1.533352287234469686344357747810575364771917678514472817563E-7,
    "5": 3.405731858647550120764357529590432997647827502216295179483E-7,
    "6": 0.0000047675833601596515470640986506865984174343836609965884256882,
    "7": 1.275829712343995939382083863230385603589584068732524119504E-7,
    "8": 0.0000011363459241252932395204503445226791108055361259510467345594,
    "9": 9.857856858331752961398368078785539518710142656870209739334E-7,
    "10": 6.913360187617604986241783337132421972541785844356833277794E-7,
    "11": 1.143615814170732521982046233154494745431660958451807792953E-7,
    "12": 3.962597549315694175064717597221457295302484153761549011491E-7,
    "13": 0.0000082647002118884962829344889088869959867922690161850478738082
  },
  "zHigh": {
    "0": 0.0001482093943125030690936002583208605239199879548111197506408512003771795328613165913649607632815842075647252781800132,
    "1": 0.00005158612817895607413167955741442804273024300824510193897333821863465114884354806298791803102630760879634748162555,
    "2": 0.0000931978633326366114397887245598798278879118701070268605285468403898178633594714074832067683535169364317890249634636,
    "3": 0.0000382410811178232362696798573527947924156618080912879715908535823638152946517717463873626793695178452234235567,
    "4": 0.00000750326905577900143807796800116333121358341226514206194596452308435025421377150263088862115398619330258881208159,
    "5": 0.00001724549377495483115386706511965147557090296649532956024865689024034019871498759895720068657375113673887475121,
    "6": 0.0002297423633265623814227458153936576610789767373975840053940088648913382892405779399393658872886714581910409,
    "7": 0.0000054625352206516960931905384410353876418321608417285059734153978349986629631338317381551006131055297378725529204,
    "8": 0.00005543203888044695180691190694185877080580924484681102547683731930867224991181609853947805158246291571078683960649,
    "9": 0.0000432290910718450404203007672140797806808247216280906851334442580410243835035578039866644048824566172912790348607,
    "10": 0.0000287523858349134113950672940656456827215500205141836294807095906697913353929678979989376780994799675014202231695908,
    "11": 0.0000056918520119677937392300927213282870380066546586610776842224068851668966117719010001434211677677993729467943,
    "12": 0.0000156378051159724243506487526227530096338640674463876800097989764508163234460172638802205667412327730428502632566325,
    "13": 0.000405640634618353708945327624110795722439115782739135665604927922750435669042937648596684792863402960753249968192508
  },
  "setupType": "Multi Region Model National Bidder",
  "population": 0,
  "id": 7,
  "worldId": 16,
  "implementation": "org.spectrumauctions.sats.core.model.mrvm.MRVMNationalBidder"
}