{
  "homeId": 7,
  "distanceDiscounts": {
    "0": 1,
    "1": 0.42045,
    "2": 0.17678,
    "3": 0.07433,
    "4": 0.03125,
    "5": 0.01314,
    "6": 0.00552,
    "7": 0.00232
  },
  "alpha": 760.475167799605742402491159737110137939453125,
  "beta": {
    "0": 0.0925639803778407765921798500130535103380680084228515625,
    "1": 0.084413645082326904667269218407454900443553924560546875,
    "2": 0.0756139287367340318102293394986190833151340484619140625,
    "3": 0.0794788816644406426181745928261079825460910797119140625,
    "4": 0.074702105463448853495123103130026720464229583740234375,
    "5": 0.0990213899572793543324422671503270976245403289794921875,
    "6": 0.06832230832487302951694374542057630605995655059814453125,
    "7": 0.084344812308567662650915508493199013173580169677734375,
    "8": 0.083298631281293722405933976915548555552959442138671875,
    "9": 0.04849314109835815844729012269453960470855236053466796875,
    "10": 0.044936327293041831987263634573537274263799190521240234375,
    "11": 0.08445226484936274591319715909776277840137481689453125,
    "12": 0.048067899098626402920597655565870809368789196014404296875,
    "13": 0.08723393687315461608733357934397645294666290283203125
  },
  "zLow": {
    "0": 0.0000034630652082736144375819553391611213538508655205549910203190,
    "1": 0.0000018406442808805460962812759169383974392760042140510702299819,
    "2": 0.0000029108607745887363470444691199857692423250526484512875711876,
    "3": 0.0000012441912445194232699405497092987570273483835720134558561595,
    "4": 3.886386034321497179480196192943562118916403017168184368145E-7,
    "5": 7.097757567374471972443838672415653319026465908615430023765E-7,
    "6": 0.0000126920276331184666979380624127937597378348409198053841109196,
    "7": 1.938525961309919128575541438013726618410667379174977139668E-7,
    "8": 0.0000025620662462770654027568574951794593288179229794324107382444,
    "9": 0.0000028159694727038663835390188864941087944006510907533634035074,
    "10": 0.0000017830351866119824786946118123727718556314162286509148992950,
    "11": 2.677257470227167159185087261869857475859793145683221701082E-7,
    "12": 7.801490263452148396190747616584702480427278679006488737506E-7,
    "13": 0.0000180777841645513680898727457850375983821324125094243947158859
  },
  "zHigh": {
    "0": 0.000135947466246790626028609549916500214297938531881080158558456406562004620235741722588520907690424486942177547122705,
    "1": 0.00007075687773132290807004132450864438367987938661037404116821984102374516347038768415438398394290515197813302495813,
    "2": 0.000109335985154892803837075113575431533862796689321473909270781198036978733610195378562729956573198073858759826909632,
    "3": 0.000047214430204691935529079273513720879699068672234344912864917305648845133901180713115734356179304481117523270056293,
    "4": 0.00001456237029704008391748548333656229147601686828110319659770864775707097103165357853236696658858627583281040451025,
    "5": 0.000028321570901135596708905508548127136535038881714526964781504757172532461999245970048321769789748724710918351966790,
    "6": 0.0004674756915153268359489647282568725006909904551618478759509518875306454966776691456014026196622849235980653850021358,
    "7": 0.00000745062396754946566077091116538541068629541077305586503390804931490137980122974649068990903000402142948135126988,
    "8": 0.00009820364854500011670400412146156217734618085045125194558738747284510849189258629201481973817034822030501717357380,
    "9": 0.0000981346046779657730422762295725464259567138263800809580206625612781338457420899484167523660341469448054697840515735,
    "10": 0.00006150336087042007079718029842543157247286714984064057662617614919837150528206319979572432226758271631218746565987586,
    "11": 0.0000102927769801370976508392158074743752292910512203553194086093707265547895729047895340634629587297730828066217681,
    "12": 0.00002715448325838178701402684268084274518923845102212249918784303652011168835386145648859557703570437793791274158390729,
    "13": 0.0007000331531982398631534753303953137942993200875363160708672565150763658796649846214948186120750879196974522607488
  },
  "setupType": "Multi Region Model Regional Bidder",
  "population": 0,
  "id": 6,
  "worldId": 16,
  "implementation": "org.spectrumauctions.sats.core.model.mrvm.MRVMRegionalBidder"
}