{
  "homeId": 2,
  "distanceDiscounts": {
    "0": 1,
    "1": 0.42045,
    "2": 0.17678,
    "3": 0.07433,
    "4": 0.03125,
    "5": 0.01314,
    "6": 0.00552,
    "7": 0.00232
  },
  "alpha": 684.434339975344073536689393222332000732421875,
  "beta": {
    "0": 0.0971417987090806012151489312600460834801197052001953125,
    "1": 0.08852823766371177571787853821660974062979221343994140625,
    "2": 0.07785293476111088128988058087998069822788238525390625,
    "3": 0.08998985094008056517811411367802065797150135040283203125,
    "4": 0.046974616162305436739554664882234646938741207122802734375,
    "5": 0.06492615169407257857958626345862285234034061431884765625,
    "6": 0.08661221001666054297718488896862254478037357330322265625,
    "7": 0.0646828197545750160912803039536811411380767822265625,
    "8": 0.075710985651428697185139071734738536179065704345703125,
    "9": 0.0759833553981937026566839676888776011765003204345703125,
    "10": 0.08386766272601993421620392155091394670307636260986328125,
    "11": 0.0629385771388883685784065846746671013534069061279296875,
    "12": 0.0637192752727953892755152764948434196412563323974609375,
    "13": 0.0757587281444218885173569333346677012741565704345703125
  },
  "zLow": {
    "0": 0.0000032998678657970654280207512223912245818357334021986498844702,
    "1": 0.0000017550952910559806995273005784786569352591413797714173880994,
    "2": 0.0000028271460780210992597856627757324523457311717416007185912954,
    "3": 0.0000010988675684876497679333614843892832415278938509040117022726,
    "4": 6.180385134057277434746288422939486154836902945903001004277E-7,
    "5": 0.0000010825065117256638545093375510182870375030679251193888339156,
    "6": 0.0000100118519669562231483475752218512601128533940325134551028128,
    "7": 2.527790361990304943731828815306249094993547108545413715856E-7,
    "8": 0.0000028188328249937964939244944488124143732266426257905251865383,
    "9": 0.0000017971726077754134488770116204079316818998039690051558762413,
    "10": 9.553509674205788381622468097935588695991198455803110877260E-7,
    "11": 3.592398608672344709772446693234813245171594436966997791824E-7,
    "12": 5.885208913583469460327743632570681972694335417985591989783E-7,
    "13": 0.0000208160342873061071109605679028391945361124473042746737246299
  },
  "zHigh": {
    "0": 0.000131051545972494155741773426413403311137484568330389924482995072339336970735991052584234414534703185567834810000707,
    "1": 0.0000681904080365859461674220643548521685593735015819844559117461328263457834072143788781484000636146451614301986924262,
    "2": 0.0001068245442578636912193109232478320269649802621159568398740160621632880300848309445716428528941623651090139920373,
    "3": 0.0000428547199237387304688636267664366661244539806010615882483115282863291331930751806534895104120667639136115147709436,
    "4": 0.00002144436759624742468328376002655006358377836806730764650610526658539866860373112983700036908893505062260628964858709,
    "5": 0.0000395034935507820964268541190614287877030515217422623397276759888364555846893577768272925978509757409472486867501472,
    "6": 0.0003870704215304595294612501125285975119415470485430900057077471284870614213800628171980203597110703251450460071536345,
    "7": 0.000009218417169590623106239773297262978116044049961167174762472597266160231778738543197026688449303042028178030474,
    "8": 0.00010590664590650204943903323007055082867844243984199537903620343092611344046842206236589668819747061027141733509953,
    "9": 0.000067570698730112185002416011589961112581688412727634732202680131870934852500541212066104058618215542982353035187297,
    "10": 0.0000366728342946779615812093483480551828918982583485224622791067934042964835500643776151782260610325551164089417848088,
    "11": 0.000013038200395472630302601294101569242537226455094206647680833383268235359257894258108664189686699154814281834963187,
    "12": 0.000021405639208775750206437830728800683666039621239059808944672912017679680881355491538983756096610469819576611309943,
    "13": 0.000782180656880882033786109993929361678918721131381824441129578459278567043088993822120666804064865154692887051493796
  },
  "setupType": "Multi Region Model Regional Bidder",
  "population": 0,
  "id": 4,
  "worldId": 16,
  "implementation": "org.spectrumauctions.sats.core.model.mrvm.MRVMRegionalBidder"
}