{
  "regionsOfInterest": [
    0,
    1,
    3,
    5,
    8,
    10,
    12
  ],
  "alpha": 89.872367243480852039283490739762783050537109375,
  "beta": {
    "0": 0.1129347972338563266259114925560425035655498504638671875,
    "1": 0.11891190667173039130499745397173683159053325653076171875,
    "2": 0.1076527216153772281703737689895206131041049957275390625,
    "3": 0.1191117798361517599037284753649146296083927154541015625,
    "4": 0.10886553789756757415485566298229969106614589691162109375,
    "5": 0.058835260769486107113035444626802927814424037933349609375,
    "6": 0.052369756823979644877464778573994408361613750457763671875,
    "7": 0.0956065836515322953204076839028857648372650146484375,
    "8": 0.0930549364902063802507115042317309416830539703369140625,
    "9": 0.05226821536404278878418239173697656951844692230224609375,
    "10": 0.081251488007205718844261355116032063961029052734375,
    "11": 0.09992196789150097069320821674409671686589717864990234375,
    "12": 0.0945004190949441380542594970393110997974872589111328125,
    "13": 0.1118962017164587263717834275666973553597927093505859375
  },
  "zLow": {
    "0": 0.000003184361274950608805239363658350010662893374959144435566580,
    "1": 0.000001465900849227539262286515172641273157301043665448972319763,
    "2": 0.000002293747683482302293402179619726017766556983009173524908236,
    "3": 9.31390049210374700378854139565922506484489466247554994274E-7,
    "4": 2.99182216970755791156709264848237416609212023967009943074E-7,
    "5": 0.000001340170075412474460032753086407290613605160717910152938507,
    "6": 0.000018576350725673124210898113499645947200424129349583182115073,
    "7": 1.91862287239817031472268393371372478787293905275177876418E-7,
    "8": 0.000002572978887743336238860116419326309820334040707134623215101,
    "9": 0.000002931014763674674496833882816038505127621850841476165215095,
    "10": 0.000001106301710689953375678965920005808760329852284804749858339,
    "11": 2.53856262047939180998728576022626795106481148065438152564E-7,
    "12": 4.45191021041323174390866055062339020146407414472403399941E-7,
    "13": 0.000015811123984304259691815679701039478021364303986633534503770
  },
  "zHigh": {
    "0": 0.00013149335773910738624276826937684641429257942259230749828020620301181389892362388724124185151848279766530371543278,
    "1": 0.000061408331974161725112022101248205352264650002518345746954233781343017040281357719021844520457771984351117399041354,
    "2": 0.00009350524858705273768334938796297942176838870719360798076978465355673702605784870856068413654326897176573807183085,
    "3": 0.00003903565412462411147364486083288096616518413380835811747829435037694721512619505214959567238263281722586080274775,
    "4": 0.000012232529807113483656386074970154862550133813424892717865091758472775136748498130810049894253885918462818801026054,
    "5": 0.0000480900278486097134307740674114077918946627002094314458318648950434294423903539441921665958941517029752204387629727,
    "6": 0.0006545744187882396588011236818609785263694912786933357517777755379014353309801529283613056006849989607616145057032569,
    "7": 0.00000759019839865129937567289153385827398984112511783964470657462671878239552684387728797298922003472958527861274,
    "8": 0.00010113220533125988768138064062279026808537833956295868328533688345346187699888187319947494438861777041225839809082,
    "9": 0.000103250334000533921424143484753975684460644429574771566045368284854080907735387936638455841535009741942101224603389,
    "10": 0.0000421779173385461930212385938196078738162884311930431806118213721628314204430219912029418440903932127408019699,
    "11": 0.000010152269587979238959366776970702407597913057965983731456353285311769135581888402972134261393987569093366961357068,
    "12": 0.00001756280443781080863738708605550538275531538598892587801784375797439520601859413443437660936922027298171576241370,
    "13": 0.00065125419140029259474772970248290452795459688183578918923496268961903175882289072090190113164998332789556330465351
  },
  "setupType": "Multi Region Model Local Bidder",
  "population": 0,
  "id": 0,
  "worldId": 139,
  "implementation": "org.spectrumauctions.sats.core.model.mrvm.MRVMLocalBidder"
}