{
  "regionsOfInterest": [
    4,
    7,
    9,
    10,
    11
  ],
  "alpha": 76.779783628091678338023484684526920318603515625,
  "beta": {
    "0": 0.092284425409135339979371792651363648474216461181640625,
    "1": 0.077671271980551181979279817824135534465312957763671875,
    "2": 0.055871637314948867369945872951575438492000102996826171875,
    "3": 0.087373358515435872728716049095964990556240081787109375,
    "4": 0.09258410171441562586114315536178764887154102325439453125,
    "5": 0.0866604790048251250045296956159290857613086700439453125,
    "6": 0.11273588981436126477131409728826838545501232147216796875,
    "7": 0.10671723650533794514050356383449980057775974273681640625,
    "8": 0.1053825800585221628136167737466166727244853973388671875,
    "9": 0.1124056627410607578365642211792874149978160858154296875,
    "10": 0.0968211686331571785846250577378668822348117828369140625,
    "11": 0.06016840717312678388228874837295734323561191558837890625,
    "12": 0.0752909868515240499053930989248328842222690582275390625,
    "13": 0.056933447045305347888888292118281242437660694122314453125
  },
  "zLow": {
    "0": 0.000003605684206622928318722416554645439058697303367812983128706,
    "1": 0.000002076517099163519240456621125422246338253559241659435756349,
    "2": 0.000004089264932407383461945472096302232726506241508515984184456,
    "3": 0.000001174825239074629651028379411687698334137948161486835046293,
    "4": 3.25503581454109505873492016551330938759164856942237467774E-7,
    "5": 8.41865095612118516568422237407133754122903419309410761279E-7,
    "6": 0.000007984445340630107864966121141671419030044092037996171697335,
    "7": 1.59040904348887488697344352797367509375160089683489405346E-7,
    "8": 0.000002102194049822243775048951461524200958066386023543198028469,
    "9": 0.000001261053399455922748102441798264046873182318617727720748935,
    "10": 8.59014662312027061683432583722404125771107572079807426849E-7,
    "11": 3.90073399033663867634217406792320784131571347605688644273E-7,
    "12": 5.17014985832185817776005858088008827686559289265816595261E-7,
    "13": 0.000028752565392968215156069893114559902492186808800065801324926
  },
  "zHigh": {
    "0": 0.0001414453757201869461061163140777770279864178041199407789512590376387331316903933035719372044029230861852203846075,
    "1": 0.0000784240854130450644361180910727186514261477537672208610886264173173840209141066670541381481802355183789281457471,
    "2": 0.0001455253406910419262326606048572875864880564114415052844818537243656777230651266091768348152892834536005901315990149,
    "3": 0.0000455095998529039172931385699855083218204797559615500437292278402218766011166676490129313253236082799242247513023,
    "4": 0.000012778753112998669798348031572048786992022059658715035455927603074319332305342041208446145435465862893343606465555,
    "5": 0.00003255159611268246481443943945801491975931354257213752522757397787262703617740163440310469816532824414446437713263,
    "6": 0.000329546715233909839590564441191523203534160466117875425318143961273027749160331851194388042143820006614847744928738,
    "7": 0.000006468467710808930287491931614096139390019817905863169561826242368502010020886568215182458524577199216385644965332,
    "8": 0.00008521928477006146653677973317800659429550399684159880760938242867418931891251509043231095716165197806805477172546,
    "9": 0.00005200655629544874486252284084532073758689392326659097129647004557034760736349967436244024423607898685600152905280,
    "10": 0.00003408752021716754590171352705089393404158203127140255375929511196691932243481310288290260408710316366630779229827,
    "11": 0.000014049211481056220763200584720990747921252715932767701305925764230770311490942180282598868523907257368280508863990,
    "12": 0.00001940310642499877406859758679098068772472110077040068208644499488596785975054619546102085957038823026429045185865,
    "13": 0.0010262752277107699574920105016092552286646022373722697386725258401380816903607297496550224157896307395355015447028941
  },
  "setupType": "Multi Region Model Local Bidder",
  "population": 0,
  "id": 0,
  "worldId": 88,
  "implementation": "org.spectrumauctions.sats.core.model.mrvm.MRVMLocalBidder"
}