{
  "homeId": 5,
  "distanceDiscounts": {
    "0": 1,
    "1": 0.42045,
    "2": 0.17678,
    "3": 0.07433,
    "4": 0.03125,
    "5": 0.01314,
    "6": 0.00552,
    "7": 0.00232
  },
  "alpha": 760.50190810245112515985965728759765625,
  "beta": {
    "0": 0.06448478816647558453656330357262049801647663116455078125,
    "1": 0.09633559887578758973436521273470134474337100982666015625,
    "2": 0.048613198113781931619659104626407497562468051910400390625,
    "3": 0.043865965199226551740618873509447439573705196380615234375,
    "4": 0.04344436580286302473918880195924430154263973236083984375,
    "5": 0.05022501790152357481478162526400410570204257965087890625,
    "6": 0.05309827865922145395671805090387351810932159423828125,
    "7": 0.0902887320004987781185690209895255975425243377685546875,
    "8": 0.085839802492233274744393156652222387492656707763671875,
    "9": 0.0795631170817627519920023360100458376109600067138671875,
    "10": 0.0672913762983076979562468977746902965009212493896484375,
    "11": 0.05560643899122556799152761186633142642676830291748046875,
    "12": 0.0755349137996670361161477558198384940624237060546875,
    "13": 0.057287856308999351995225879363715648651123046875
  },
  "zLow": {
    "0": 0.000005160108370922440004348181491430740508940982622595942095651,
    "1": 0.000001674206900289810276599299494637045207859049426559377189410,
    "2": 0.000004699833297398951471460897325135514519177629394106338761185,
    "3": 0.000002340047149092713523996672550388927247622343642633657671925,
    "4": 6.93679286987492984918303711253810087136232546004819625238E-7,
    "5": 0.000001452591467189421577056147372462083723215182987221754183151,
    "6": 0.000016952217150522297515156465937128172275071314777413745543450,
    "7": 1.87979224288245584641674391388141382784792654177267075006E-7,
    "8": 0.000002580791501401530267809069836851870521533812706227596783550,
    "9": 0.000001781598664266034404595152593246982655816588709501291626816,
    "10": 0.000001235980121871262606325774339439577218509010692765529436555,
    "11": 4.22075132417066248273894196867966854462146655363336823786E-7,
    "12": 5.15345375299860165470384693949683486225066129005887515935E-7,
    "13": 0.000028574688680750676762660870035127297756668060372337014322888
  },
  "zHigh": {
    "0": 0.000188078100649172296674889262181336071493728181763429547959605742660572752050378451143657591877597079390229651475662,
    "1": 0.000066354779446833795520398442149162617514312459314219104080440392349992585188967291582327811055980560870503760978420,
    "2": 0.0001638423916407889665181233617222860402681980480092159217837096762824191233712709664703256761588200652936280476877099,
    "3": 0.0000804662571534464334821873641465451892250116203959547224981872372071924205642894933717586707610955746277412273126475,
    "4": 0.000023824024279000174169692382413123161443334090330592500179846010711505796478996821732215871799084384071743321986438,
    "5": 0.000050873387260001556629071193509663418832081929609507827883738223606817381702957528850097106181899080467161323394456,
    "6": 0.000598579869530675529096274785055225800884977148300402640701588787161672477442479584237649280618071365121740817043,
    "7": 0.00000733661730898967316582183277181935559230879484067649965162749752151019509731317586129524857358989986118841363530,
    "8": 0.0000995772083174400613195832844378366811995267973221307702618111564591134303766853556652893313866554991084267007597,
    "9": 0.00006762291423975209455730416469480881106592202601979809763292727681600697513757761491139645112572561553726846217400,
    "10": 0.00004539648400394461224098377972240912682371912489197421405047689840173666141332329238046643463535049879262711323524,
    "11": 0.000015009263482558292182390888423260130031169975165497146691317489348640576484553073845571010721986123306666943701037,
    "12": 0.00001935301810902900449942895186683092748087630596260280970667087849990098641714107287368134631764214850727143900,
    "13": 0.0010209389263442438056897398092262770865990397845404061286113698787647658643358347807731333986204992704405060
  },
  "setupType": "Multi Region Model Regional Bidder",
  "population": 0,
  "id": 6,
  "worldId": 88,
  "implementation": "org.spectrumauctions.sats.core.model.mrvm.MRVMRegionalBidder"
}