{
  "homeId": 4,
  "distanceDiscounts": {
    "0": 1,
    "1": 0.42045,
    "2": 0.17678,
    "3": 0.07433,
    "4": 0.03125,
    "5": 0.01314,
    "6": 0.00552,
    "7": 0.00232
  },
  "alpha": 658.00867866317958032595925033092498779296875,
  "beta": {
    "0": 0.04465838600897016619217794186624814756214618682861328125,
    "1": 0.050996459488268884585604467929442762397229671478271484375,
    "2": 0.06484726664072111568248857338403468020260334014892578125,
    "3": 0.04058127891899922234930642161998548544943332672119140625,
    "4": 0.057852426343562142474485909815484774298965930938720703125,
    "5": 0.07801200138640529413436297545558772981166839599609375,
    "6": 0.0972499806276935496729407759630703367292881011962890625,
    "7": 0.0496594325592100982458276803299668245017528533935546875,
    "8": 0.074918821616129893659064009625581093132495880126953125,
    "9": 0.0735946292215599318087271285548922605812549591064453125,
    "10": 0.090919527460972593413401909856474958360195159912109375,
    "11": 0.07086434661827427372582377529397490434348583221435546875,
    "12": 0.05683192553235098809505387862373027019202709197998046875,
    "13": 0.0971297045269879644191490797311416827142238616943359375
  },
  "zLow": {
    "0": 0.000007450974496663504272538804945863018073250771049158027011045,
    "1": 0.000003162684743212353633415798011030513870292177522616069751927,
    "2": 0.000003523262259518785232704841385005179918666579308422689404928,
    "3": 0.000002529452731431602140965114019204335442537254814421850253100,
    "4": 5.20919494625612218770755239629521610726954985516561225890E-7,
    "5": 9.35194984702735673154006935328382341289829640440985829937E-7,
    "6": 0.000009255873824757740207543108383902296439537872396218958059705,
    "7": 3.41776072112512793170986031548726282400180495888078597588E-7,
    "8": 0.000002956995691804174170219465250075073600839573784329681245905,
    "9": 0.000001926085430649664223757054862040212980599372737309211939937,
    "10": 9.14773820329946065028746771138245156362332924818167065697E-7,
    "11": 3.31197509332720685791004145595020528503931660979456982969E-7,
    "12": 6.84941925435439404170969517823176304375362704223581518095E-7,
    "13": 0.000016853573962663413370718939239925306521664557495306151480565
  },
  "zHigh": {
    "0": 0.000256804084421404224720607965814304398423021834560292095421415537464969283837231293658285792723029063586831141266066,
    "1": 0.0001110091147345100962248933976409666773873063021959198809559694256398423862485408130033094773049544886567412059942940,
    "2": 0.000128545260504383979355441683518376002252866545438706441096004449641062380457624755303641402748471619210510151564206,
    "3": 0.000086148424623613091991240608211007435072458955549600499933452095316972094556917793279964625067569723237629826328504,
    "4": 0.0000186412305081437511852659282643945071510557635159447481994100224134793783941031942004309131540999141196690250206330,
    "5": 0.000035351492785400979512006980395652377374321329206084777287304674240370396576813663640286312591490397122250812401,
    "6": 0.00036768956975773880986787405845844952581897387686455901618924159749118402883680944802468041306468228227699373087628,
    "7": 0.00001195052274371768942170118197663690258077043009200084532908149254313985982303824090076978695211889395479981773787,
    "8": 0.0001108633340295193783918951468345327735786996296651933041324710154257608875744399303554995196293616260420166170156,
    "9": 0.00007195751723126098913216123275860572080940554685403570702653180670309169838343810059244918006536513164070329531570,
    "10": 0.0000357602949577051160020729526733691649593187918535533429247227904084497137580206053332918991114835789643739248780,
    "11": 0.000012282934790027925307904186885071740252423525333980751466827260398544049362687056737811737386599108778822253351475,
    "12": 0.000024440914613096381660446496583035712025385203219133629771456286037500966908400815935981510454428668206341412278097,
    "13": 0.00066930548480162590393148188537021734954893469822948024334167008359306187391838676659869887834917130447115104223242
  },
  "setupType": "Multi Region Model Regional Bidder",
  "population": 0,
  "id": 4,
  "worldId": 88,
  "implementation": "org.spectrumauctions.sats.core.model.mrvm.MRVMRegionalBidder"
}