{
  "homeId": 5,
  "distanceDiscounts": {
    "0": 1,
    "1": 0.42045,
    "2": 0.17678,
    "3": 0.07433,
    "4": 0.03125,
    "5": 0.01314,
    "6": 0.00552,
    "7": 0.00232
  },
  "alpha": 783.64887164929723439854569733142852783203125,
  "beta": {
    "0": 0.0703521093550403542327131845013354904949665069580078125,
    "1": 0.045331777728189463771979461625960539095103740692138671875,
    "2": 0.040536035204207322701908111639568232931196689605712890625,
    "3": 0.07187345345530128659650159761440590955317020416259765625,
    "4": 0.048303351430126463539327374974163831211626529693603515625,
    "5": 0.0492365882532041776453723969098064117133617401123046875,
    "6": 0.045998062438628008197216701091747381724417209625244140625,
    "7": 0.0603868504389127036535711567921680398285388946533203125,
    "8": 0.0992569557610787633894489090380375273525714874267578125,
    "9": 0.0461875479831326263280288912937976419925689697265625,
    "10": 0.068261216186779882786339612721349112689495086669921875,
    "11": 0.08988810981668592103854820152264437638223171234130859375,
    "12": 0.0688023632662798922954294766896055079996585845947265625,
    "13": 0.0999303083729535523982434597201063297688961029052734375
  },
  "zLow": {
    "0": 0.000004729758613714562441845112008741739838441727339623478338395,
    "1": 0.000003557895420481154176401280729457061184371404885615613824688,
    "2": 0.000005636316577021583528063457268009583531018172314133233894259,
    "3": 0.000001428182755549491013410079044443649544690301521778927041368,
    "4": 6.23899911734860456874279529770427225811752808174235063122E-7,
    "5": 0.000001481752392509472775701752755529332012340797385247967289790,
    "6": 0.000019568944916996257471731994942673125828480673638897471015716,
    "7": 2.81061285363646019198057998980404438451543027457676201460E-7,
    "8": 0.000002231930558974598637018462766644345349402712782972086236516,
    "9": 0.000003068999098403677519019046627711364570241315482517892205952,
    "10": 0.000001218419596429267698753969745927866917261431055562257402157,
    "11": 2.61103444586019049679531312211496053693636760922348924861E-7,
    "12": 5.65773712592950217426951670097558536243893777445807412540E-7,
    "13": 0.000016381242946912485032563449018782063764446051952128157539290
  },
  "zHigh": {
    "0": 0.00017516760793293596979979717770066605137875052327425563524194106788480001852376413998449726450585715145219400920236,
    "1": 0.0001228654350525741125144578791937630968096831230859062031387893050304520699483989941772219528481422283448703302096519,
    "2": 0.0001919368900294679282162001600085081106234143356100227757759294333472624730769195294714786181607820651368504843968544,
    "3": 0.000053110325347149758164589558968186858137050356770312803581471684397771003407085663926399731120764442838090681938124,
    "4": 0.0000217306430214211983283716569686216756035996981956749633163737058685729243750236149539865408645655835960060734638495,
    "5": 0.00005174821501960309258843935500168086750585036155029422108289708202715364251941368739915859265670947347042819345248,
    "6": 0.0006770817025248943277935406552215744074872579141449144048695799456401976313551410731239133982474834006291295712758590,
    "7": 0.00001012907914125168620251334099958724726231130603908877344524380109309638060176398448767535050868666276215618587581,
    "8": 0.00008911138004463211239586507233161092603559379962446545385077905233196382874481781819386081095579579111672955353451,
    "9": 0.00010624492726388138799002098572874026849866382921029611500700610355777830182045307164625475703924922690915013870,
    "10": 0.0000448696682406847650138296419170578177862917357758760530185323721748202690798156983201127119743747920257839088894,
    "11": 0.000010180112847626876224560001883566006008114678332267509723565461188473361269182908335806415844639495518100164928415,
    "12": 0.00002086586822782170605812596115126717898144113541580040660482434542225962439959420258382043641399905280685611997110,
    "13": 0.00065513555432909805378681717873592006683237953193414042510342350376252093663801872223454553432181196383242777169083
  },
  "setupType": "Multi Region Model Regional Bidder",
  "population": 0,
  "id": 5,
  "worldId": 88,
  "implementation": "org.spectrumauctions.sats.core.model.mrvm.MRVMRegionalBidder"
}