{
  "regionsOfInterest": [
    1,
    10,
    11,
    12
  ],
  "alpha": 90.3605193038162468610607902519404888153076171875,
  "beta": {
    "0": 0.06326230643662907049407095882997964508831501007080078125,
    "1": 0.08986182164618501666542016437233542092144489288330078125,
    "2": 0.063706110067112131645217232289724051952362060546875,
    "3": 0.06043769531802016536925492573573137633502483367919921875,
    "4": 0.11833140397204715277279518659270252101123332977294921875,
    "5": 0.05526878894824800714236090470876661129295825958251953125,
    "6": 0.0810550855048756402343457239112467505037784576416015625,
    "7": 0.0646212410170939610676299480473971925675868988037109375,
    "8": 0.11296115794044063462830962407679180614650249481201171875,
    "9": 0.1015360436777223707149886422484996728599071502685546875,
    "10": 0.055730689614239249662919206684819073416292667388916015625,
    "11": 0.074121354704816677649859002485754899680614471435546875,
    "12": 0.0703858491015796061684994811002979986369609832763671875,
    "13": 0.09763279142203906690866688222740776836872100830078125
  },
  "zLow": {
    "0": 0.00000514121023847930133620974643432506996636098725903883031742,
    "1": 0.00000175434496997814874909390535615077057280059360749233452023,
    "2": 0.00000350549897328646337446761342844831396767686689201568819272,
    "3": 0.00000166011696572539025463511363743947144588052069276440632494,
    "4": 2.4893528324387642215042244280762874532358267104165914302E-7,
    "5": 0.00000129026205564143943283445973500662823837426929676857554076,
    "6": 0.00001085477850719398151946047053577487368704110485823819729852,
    "7": 2.5672159241636382617394593435085350047539630470531675095E-7,
    "8": 0.00000191693231715606577992049568735465719921546457668353995360,
    "9": 0.00000136456967488602866097256038325021475093226453371011306960,
    "10": 0.00000145871606220193526851749813902368577420382045621904203935,
    "11": 3.0950365795340219190746177350092293650406755321552622294E-7,
    "12": 5.4057387353048195235200103360870798188436840913504696248E-7,
    "13": 0.00001638863026987985505106352673814458344592324303157432704241
  },
  "zHigh": {
    "0": 0.00018676078891056027843022520181591981035560974438590599723970270176416803149389606681229853554581789779489221271655,
    "1": 0.00006839521257915028351928481295228577740087188464439523571977875840467485049257237335018262347160596553292785503981,
    "2": 0.000127497139541827501816246397689703334510857355571806477259513497721694506042169842371166194862269477033607600,
    "3": 0.00005983687330844043383284377459017563328850294197005550500532928321992662914941167792860210930685178896190329163508,
    "4": 0.00001041374465375900481387058837976291762264236505463790198855419770707127575904280804280740823891263856981833718844,
    "5": 0.00004583898379336111728319068370396010732320154567019721943385341991670821118092905310939099384596005145619980535631,
    "6": 0.0004136268552195288987808015705100083492675567250104072672429224286072252785420394342355868965547812844499880409924,
    "7": 0.0000093606145622739155913037735414104706435676095843841636018447649125371508485815804401028589170212066600874862735,
    "8": 0.00007916185893862209189298418696506060745326051803220594404960900064566763313670416718269952043424596484670452229650,
    "9": 0.0000547923908576331819581051070971343092779593233697457050803039109984481878112536093725488246233342853148355256154,
    "10": 0.000051891007075846194972129452196522505001343893379935052234353455332194822451432119942560552205952406588792176976679,
    "11": 0.000011579192779962303686218273357343033721553862153850927743762595293709765724002538242062434211510512982734359229,
    "12": 0.0000200220913149717466479280052578330202250599629303191298301693612464860525536228454704254025928527813375294128364,
    "13": 0.00065166568017960522256410651844672382485227166370708644209661812508002255145253349840497706993648704639548897366
  },
  "setupType": "Multi Region Model Local Bidder",
  "population": 0,
  "id": 1,
  "worldId": 35,
  "implementation": "org.spectrumauctions.sats.core.model.mrvm.MRVMLocalBidder"
}