{
  "gammaValues": {
    "1": 0.98211,
    "2": 0.92846
  },
  "alpha": 1098.84472302166022927849553525447845458984375,
  "beta": {
    "0": 0.151143602215090433471544884014292620122432708740234375,
    "1": 0.216682417876954025448554830290959216654300689697265625,
    "2": 0.1989990693228212703669299799003056250512599945068359375,
    "3": 0.13558872796783083547467185780988074839115142822265625,
    "4": 0.161380690183122565972695383607060648500919342041015625,
    "5": 0.17287858846503978416109248428256250917911529541015625,
    "6": 0.082253420026647428020538654891424812376499176025390625,
    "7": 0.203598037276062182598934668931178748607635498046875,
    "8": 0.168229420159795084455112146315514110028743743896484375,
    "9": 0.09465839405598767963834205829698476009070873260498046875,
    "10": 0.191828368135670446203988603883772157132625579833984375,
    "11": 0.11377870885611644780066598059420357458293437957763671875,
    "12": 0.1436001353353351106534319114871323108673095703125,
    "13": 0.08975326607272014756144784541902481578290462493896484375
  },
  "zLow": {
    "0": 0.00000215189272185640279441647713972867444141528599353180906901,
    "1": 7.2755619188069551233997647882737585105731920007662718928E-7,
    "2": 0.00000112222486362515570215734242450532535176529150131753552815,
    "3": 7.3998513645317157587585840023257940693239693974503312466E-7,
    "4": 1.8253027379546902041659521885320182189164936361227000240E-7,
    "5": 4.1249307895407874673767959857270253668670213011506641192E-7,
    "6": 0.00001069663729182393461176674132562928667842125248256893334797,
    "7": 8.148245493808854211657202810312523742467471417638753042E-8,
    "8": 0.00000128716424293514574351068357451912263240190303695978852761,
    "9": 0.00000146371600207555981441605372931117561219878312848873354317,
    "10": 4.2379160542295482053419817026490938226528892723299380469E-7,
    "11": 2.0162674233378013803363093476101769004048009083653011288E-7,
    "12": 2.6496319799226802576373174014719969699734621832799339289E-7,
    "13": 0.00001782740384662641994507265029699542686861672349531461288137
  },
  "zHigh": {
    "0": 0.000097081263411873322176427122978027944607238706420695359787575380902174124025458005834373820465067958194406262083,
    "1": 0.000037591549236226686416666946632583935748573652421924015791297247220077745176615542517578634388099162563929274493,
    "2": 0.0000559989162519882716469382675714136760335100938508618973224789959736787295288435749279529883190559349991993791852,
    "3": 0.00003223291843027387347006611747396887212005922937947430899705685532660406973227101405482033640300293234990013817,
    "4": 0.000008421594370306782761855771661130109919684365831756227769942510683684269883756334409239203689457897845455174530,
    "5": 0.00001950591449274029670028727961094233627257453067059194556859114141394245358007504250385611964345682417477996680,
    "6": 0.000408882618758427491549989694205640739008961153740329348726677916999474043945660303121105353698587446929504412874,
    "7": 0.000004103440437925657069582556353978622752045961868516286985778610522144141968275699395212907661933275826343405,
    "8": 0.000060268816711994490800689823579994570448853671840493401269961089788255163750093153316658582917653690382769379261,
    "9": 0.00005776678067331911656140990747896313511595488121310431928741681610885893188602938893265071235853507264783122301057,
    "10": 0.000020843273372476781532630453133759213243187947510353605194584212871478906106736199272175584636152943033826038680,
    "11": 0.00000834288531137364207000334819514587632764623828248104444193363073621718620034165644523554264597351836187632881376,
    "12": 0.0000117537710488253288502799264539877716784492972061075227426488476420305146810898825775173846816776838331193,
    "13": 0.00069482888748200216938438022521224912753307607761929501726559858663987793395451254498326188901370189604782529153380
  },
  "setupType": "Multi Region Model National Bidder",
  "population": 0,
  "id": 7,
  "worldId": 35,
  "implementation": "org.spectrumauctions.sats.core.model.mrvm.MRVMNationalBidder"
}