{
  "regionsOfInterest": [
    3,
    7,
    8,
    10,
    12
  ],
  "alpha": 76.4162942627731212041908293031156063079833984375,
  "beta": {
    "0": 0.0733727142777855778632556393858976662158966064453125,
    "1": 0.1109654891460689629667513145250268280506134033203125,
    "2": 0.0837307538735443668276303696984541602432727813720703125,
    "3": 0.06838684175130792242125465918434201739728450775146484375,
    "4": 0.1190181010004765782550606445511220954358577728271484375,
    "5": 0.08149028111469601431959830506457365117967128753662109375,
    "6": 0.050236047456325698401524704195253434590995311737060546875,
    "7": 0.0537267492647297284502627690017106942832469940185546875,
    "8": 0.1017843297476559161207632087098318152129650115966796875,
    "9": 0.08952628895982848999945957757518044672906398773193359375,
    "10": 0.092380346898656373610947412089444696903228759765625,
    "11": 0.051166497786747588971678624147898517549037933349609375,
    "12": 0.0680138689189462020134868680543149821460247039794921875,
    "13": 0.069243364897269621405229145238990895450115203857421875
  },
  "zLow": {
    "0": 0.00000443277614523637629645792428300262636222166441977465056140,
    "1": 0.00000142069967889330061602788512764622680258883809725781001012,
    "2": 0.00000266714072310409356545529120013734959533398688201357248255,
    "3": 0.00000146714836944299077373611792722652263312989339828432053245,
    "4": 2.4749900491446396754127147287766886711397717946459096788E-7,
    "5": 8.7508866414155770340601307246792886206827671703455418641E-7,
    "6": 0.00001751401721646208336916888938906602840752937030036812938476,
    "7": 3.0877855304602825608736975862207153300835715984155641832E-7,
    "8": 0.00000212742860100611956961419091204322533166251149157781070319,
    "9": 0.00000154762369489808297567158866357349701728997857497672928680,
    "10": 8.8000591930082661707065047839630239316291667018395138506E-7,
    "11": 4.4835647163531648904966346748912081342733878126790812370E-7,
    "12": 5.5942635958434465640764633961262747413142833671072547486E-7,
    "13": 0.00002310788511225555685268169060004201090749074754057792209380
  },
  "zHigh": {
    "0": 0.0001655077661132725272376705372762465022314300592079806045591039537036687596683851349493471949563222789230056286,
    "1": 0.0000583858538466048395273042060971494642945192193373595004164850748309314033083682222145837324702986246265704765,
    "2": 0.0001023463920363564075458767308403744033405709552717430059543794948441352462117002172191471967036101694142278249700,
    "3": 0.00005404781541996844940587390328378716890598412313565293123069064899721711189933589682236443164669111758212187357324,
    "4": 0.0000103706563038766311755960592818641212763542003073258567342774439239263074947207737701158587993566167920299491412,
    "5": 0.00003338378204836466540033728382779912603402176827817657880314685560149743076415909346539933387039298011650787548718,
    "6": 0.000613404016497571954272054136108742990882204688274305229830156555912017602983804755063227059230469283933466839004072,
    "7": 0.0000109223233811638484887064882695470116195564352384713536228053872910512561079444542860540454243606138329330613755,
    "8": 0.0000854767474541237055837950437057176514266719254790340665375985796155249009317660670411860409509655481996854609731,
    "9": 0.00006028401145799481139907595550683277726869074460774419159641420023975975346961192397515466108872183762956559536314,
    "10": 0.000034529702788812935428724022377701003570116779798882332605672695050813546650051339737316691573312133733889351,
    "11": 0.000015744777190419732600484324176988970029251998995422384766414041494694578084714347117776141602480498934369531624,
    "12": 0.0000205876658965876277695973644379506049924717607575894852016514714005017590783118101177240589492212474643797204066,
    "13": 0.000853243325450876276612651434303646648699296798977194293638448812061066848309131037161349605441326420692630380370
  },
  "setupType": "Multi Region Model Local Bidder",
  "population": 0,
  "id": 0,
  "worldId": 35,
  "implementation": "org.spectrumauctions.sats.core.model.mrvm.MRVMLocalBidder"
}