{
  "gammaValues": {
    "1": 0.96677,
    "2": 0.86707
  },
  "alpha": 893.2052859821752690550056286156177520751953125,
  "beta": {
    "0": 0.1388783961416590606585685918616945855319499969482421875,
    "1": 0.116570261482227099936181957673397846519947052001953125,
    "2": 0.146839376301895807586106457165442407131195068359375,
    "3": 0.20094216691386079798320452027837745845317840576171875,
    "4": 0.17646732365843165180052665164112113416194915771484375,
    "5": 0.15844848929642785240190505646751262247562408447265625,
    "6": 0.218651821737412266344335876055993139743804931640625,
    "7": 0.218355836779061507346710868660011328756809234619140625,
    "8": 0.155794866998575864958098691204213537275791168212890625,
    "9": 0.09791524727068416644737425258426810614764690399169921875,
    "10": 0.212694047083105186590756829900783486664295196533203125,
    "11": 0.157271062369343184172976179979741573333740234375,
    "12": 0.0976160970387508208911953033748432062566280364990234375,
    "13": 0.19964600092143758303109279950149357318878173828125
  },
  "zLow": {
    "0": 0.00000234146859788138858240094000471438258760774418264205944866395,
    "1": 0.00000135211953800307713198318322058168244838666040226706035860817,
    "2": 0.00000152055119016207473598333511072307210102427251472131310816173,
    "3": 4.9921559793904227137569513961791319126749827742472039908801E-7,
    "4": 1.6689173108260604121870593794747128302287038492170791630283E-7,
    "5": 4.4996881486235746873424052666396072422670078114083201586913E-7,
    "6": 0.00000402309954874951606611904525340306322462821326982206118158324,
    "7": 7.596010065923329541867765179925716407361494894908373620921E-8,
    "8": 0.00000138961794796186650646778869761790272664519887068589411592426,
    "9": 0.00000141474534187291625672408933810597432417844220630897781808091,
    "10": 3.8213999358662389075553058982178657819688901587953866749841E-7,
    "11": 1.4583875857009255296130512981336781690817951803182652352151E-7,
    "12": 3.8970108191330726451932336476973534542108289906480080688944E-7,
    "13": 0.00000801291237352307137657895070148465020112231096711550796818978
  },
  "zHigh": {
    "0": 0.0001027619982854243061434251553634052849186604933110568951828076121828243742206411013976950283428920703405603150917046,
    "1": 0.000056325278950116994325164013633419359716091358063746902339373216641484839445737423843391664057492079886688908298823,
    "2": 0.000067944214544712684342215309149297986657089123135174802043674634012550397668057168017437152587674958612252260608,
    "3": 0.00002500781433887825360867362830190923082158697316228115982508779753177534085573344879284465362715368833892740216356,
    "4": 0.00000795184564496519904916740675503913940906494993941533034676694843956161274332043183207950066584382466053375771270,
    "5": 0.00002062875234041518139565563540705805943796257727697507751268567935482943470985708817346667855557444031797725469766,
    "6": 0.000208658790998989773653365483975829146893959750591211986284986756896871161035058328579038530471195905930395435733,
    "7": 0.000003937436153903861648357380128943673385803009060846353819218859226703501542017520735391450716043865255590383094544,
    "8": 0.000063338072777011286177269290571194939376426544843324466420980002377591442033191609614462296764500392375055804903328,
    "9": 0.00005629487425364100785048572746791780709637040638496600879028753797801105305957137393022019043291766218214043837845845,
    "10": 0.000019592089986423806308914586247085048207708441167857558200402618903714436272010467819270002226386820406910767340139,
    "11": 0.000006668784406597237459701914365166603713713106622530949564132445461327136210228437603015099161871160363522343,
    "12": 0.0000154951423202147763706247536713964648360724627647055428989888561651184235820803437262316653513309680727842322936675,
    "13": 0.00040036196231647071315212023640183805154634385893338011359766479289878496372076402180085597479545370297941343202
  },
  "setupType": "Multi Region Model National Bidder",
  "population": 0,
  "id": 2,
  "worldId": 53,
  "implementation": "org.spectrumauctions.sats.core.model.mrvm.MRVMNationalBidder"
}