{
  "regionsOfInterest": [
    0,
    3,
    5,
    6,
    7,
    12,
    13
  ],
  "alpha": 77.765789166542305110851884819567203521728515625,
  "beta": {
    "0": 0.07376738714909154837062743581554968841373920440673828125,
    "1": 0.1118424955548807109284581429164973087608814239501953125,
    "2": 0.06683616061620777093477130392784602008759975433349609375,
    "3": 0.0761089576238660747709019460671697743237018585205078125,
    "4": 0.092923638380740081199604674111469648778438568115234375,
    "5": 0.075376653925783909659941173231345601379871368408203125,
    "6": 0.0949910668450337503099234481851453892886638641357421875,
    "7": 0.094342848832486503329874949486111290752887725830078125,
    "8": 0.06723935244465246985345885377682861872017383575439453125,
    "9": 0.08787689188952396701637326259515248239040374755859375,
    "10": 0.079587631799877323057756939306273125112056732177734375,
    "11": 0.068723770918730664458706769437412731349468231201171875,
    "12": 0.09761873097914593178092701464265701361000537872314453125,
    "13": 0.1059658209610676582457244876422919332981109619140625
  },
  "zLow": {
    "0": 0.0000043503167248710829600354516442920964578982286286616598470880,
    "1": 0.0000013907794272174862774737468197738355668481154664757990632309,
    "2": 0.0000032968131247863874884200117830990291032533980088980198420325,
    "3": 0.0000013007256410608766472792810956053090029776482033088334471679,
    "4": 3.127772524395271977271870917176459043249646952982543706345E-7,
    "5": 9.334604287055654042996052674781694266638281588521927968883E-7,
    "6": 0.0000091388881417807178684304143143520961001977338816786529381328,
    "7": 1.735016456680011066245124803428144228277278491604760807198E-7,
    "8": 0.0000031775126270921946679741117475057402918553399735141418990297,
    "9": 0.0000015556652744684266613946058543833337127496705358499159961724,
    "10": 0.0000010078467337960151717441925259759662922298458740896391087123,
    "11": 3.293646956169722945867220575766150905105694956841923971040E-7,
    "12": 3.845759673142268595866268935495508707859145538216138055021E-7,
    "13": 0.0000148986682400375913786200103187452533072810323106994549795347
  },
  "zHigh": {
    "0": 0.0001626006515526058046246342780124487610967067532471856013309139202116831982449748616101910395653326914824019566349086,
    "1": 0.000057278207007163713346216278151467855850541283939654892887605276769976106788099664939943845409145301811440827458253,
    "2": 0.0001209390268965761073337159453725004986221781272302541542099409308224437062699023157555109407294181465376550654363009,
    "3": 0.000048921456501404128935638153750763469105100085546338549537792355660384881246708405676194551839523135794726803070091,
    "4": 0.00001228975760312702380221265179913620282176838279645844162881204244667031946350139352848871471520209802191985035708,
    "5": 0.00003503992522996229091384607550597646304158293489845292270120949038322448986801920838327928190261432379582588379583,
    "6": 0.000360977917689939380920842452037836910443688558435212771235470513671520842161298463078263631696899799340692566037630,
    "7": 0.00000684191332298441971775951049643890295769350391450511721620574696873021684263216486191564096278264500626946325293,
    "8": 0.0001166907679558044051751764885252423629323419587099669834346018916863945490067630727508749674244700478848200951253641,
    "9": 0.0000603406611481276557378019459109933265032548689873462400372276986382996380009777486783477662779960813119729602921,
    "10": 0.00003825661548988707837636965652191350217888333250575949796242599098766942305341472645383168420303891142517471730277,
    "11": 0.00001214445925753899460989874103802674754850557665287611262621680956199707135345187492971397390801345599313602095235,
    "12": 0.0000152914608088560388697162900430182897982424217673995019973641470556104721147370643352709846319187730459867436720486,
    "13": 0.000604835008329344581127928035550492714865832403012739921787474341943872742567280104122451010176159581435155506224
  },
  "setupType": "Multi Region Model Local Bidder",
  "population": 0,
  "id": 1,
  "worldId": 8,
  "implementation": "org.spectrumauctions.sats.core.model.mrvm.MRVMLocalBidder"
}