{
  "homeId": 6,
  "distanceDiscounts": {
    "0": 1,
    "1": 0.42045,
    "2": 0.17678,
    "3": 0.07433,
    "4": 0.03125,
    "5": 0.01314,
    "6": 0.00552,
    "7": 0.00232
  },
  "alpha": 575.5410242525771309374249540269374847412109375,
  "beta": {
    "0": 0.05476483468576788526949172819513478316366672515869140625,
    "1": 0.05671074214538855684519802480281214229762554168701171875,
    "2": 0.07669296731149803647564766606592456810176372528076171875,
    "3": 0.0800952673194083863972281278620357625186443328857421875,
    "4": 0.0736585069212662146842518495759577490389347076416015625,
    "5": 0.06044275899070654378686384688990074209868907928466796875,
    "6": 0.0975123208892731130337239164873608388006687164306640625,
    "7": 0.0613202545159150513853774100425653159618377685546875,
    "8": 0.08730464599227365229960895476324367336928844451904296875,
    "9": 0.0606477595806294844660300213945447467267513275146484375,
    "10": 0.078138907762261677891757472025346942245960235595703125,
    "11": 0.09664812957937574111610956606455147266387939453125,
    "12": 0.0809397520171356854579158834894769825041294097900390625,
    "13": 0.05826878935804001569120913472943357191979885101318359375
  },
  "zLow": {
    "0": 0.0000058598094910004473949511790015371049935406800266372204801674,
    "1": 0.0000027428355902593258626132675117827404838413459321922507284378,
    "2": 0.0000028730969638308655339112959806939125542649030914421130646573,
    "3": 0.0000012359890416620126851025712479179380407445948249484402387130,
    "4": 3.945830768804355207512140883724750004244490588844783626920E-7,
    "5": 0.0000011640951681039536153747819015106714988661653865820134276439,
    "6": 0.0000089025953484476604503482136182667630933818272992225868527365,
    "7": 2.669369143794983838698444087428478175024798018207245843286E-7,
    "8": 0.0000024472224702599875734559408107694480594880912430156399749588,
    "9": 0.0000022541150750836957551339181883293546214170912477443428269514,
    "10": 0.0000010265325822586663987684036841077281427264145798025842361076,
    "11": 2.342019859961004368291018695616443830033262400724108608828E-7,
    "12": 4.638242267698619185722910350654690253896035798192577555825E-7,
    "13": 0.0000270942579840013466550637722404785220689835074639219007602013
  },
  "zHigh": {
    "0": 0.0002078854345364867376721060987297990171659802951864524203232959368499447504201314463079931622919437558424964880074631,
    "1": 0.0000978398918984189009004018989117350033603381979111484428438112055814799088226075088922473668764368255192356213539313,
    "2": 0.0001082275420679104486984544713003470021525232797065769508886850346422709813783687831391723268318204129383497893699944,
    "3": 0.000046979358519438210070336858320142340238108484195526753284145237467855446744684443899724465516409597636633972135258,
    "4": 0.000014743932336354273492933461698781075704752913704045161390537610731934077783099458425162395095742617723844124542370,
    "5": 0.0000419589674119139372461013745269515252076530517303475416238773255396976681940418616129896288430699657715028032407056,
    "6": 0.000353889133889947658378376431155276920239211360961530788673579420805384473395821373348337052050679930516995011136756,
    "7": 0.000009644971384329338035119468348439904797936062494312572324469744872669550095157957452867859889765486360273377092,
    "8": 0.0000947820632508381923396313604231535959613244967950119257124749167597957047307319425994573405487610281896204887573476,
    "9": 0.000081294155166585728549981315929373953763277490344179044960596515093995533062387133769155657371146917045747053859773,
    "10": 0.00003881719094376661518709599126586635769378039367714785178428324149248616867187912505571447030661843852775824444196,
    "11": 0.0000092895779689128388771701353975776263232882789845226665395830144113911053680149723035453542799559702869316382,
    "12": 0.000017668908592525090639286214288495834436353092547328820499777123961988368176352950765302615967681194520969988836847,
    "13": 0.0009707027006482572394212408932024907777169066576094132952074737807032019125489834650881629701514511301427008193442530
  },
  "setupType": "Multi Region Model Regional Bidder",
  "population": 0,
  "id": 4,
  "worldId": 8,
  "implementation": "org.spectrumauctions.sats.core.model.mrvm.MRVMRegionalBidder"
}