{
  "homeId": 1,
  "distanceDiscounts": {
    "0": 1,
    "1": 0.42045,
    "2": 0.17678,
    "3": 0.07433,
    "4": 0.03125,
    "5": 0.01314,
    "6": 0.00552,
    "7": 0.00232
  },
  "alpha": 724.141531563478565658442676067352294921875,
  "beta": {
    "0": 0.062592816725505151520536628595436923205852508544921875,
    "1": 0.0773306706890813100319093109646928496658802032470703125,
    "2": 0.06754599423059774732092108706638100557029247283935546875,
    "3": 0.040877540272848351954326773238790337927639484405517578125,
    "4": 0.0984409580934527961293412090526544488966464996337890625,
    "5": 0.0824163849348219235135815097237355075776576995849609375,
    "6": 0.0923255394869988144090910964223439805209636688232421875,
    "7": 0.051666040198763314716945416193993878550827503204345703125,
    "8": 0.0678940836965460647878245481479098089039325714111328125,
    "9": 0.0412464654745890169085242860091966576874256134033203125,
    "10": 0.040683596442201090670476304467229056172072887420654296875,
    "11": 0.057884731405194241038447700020697084255516529083251953125,
    "12": 0.062077536994763517219642068312168703414499759674072265625,
    "13": 0.066634609390963106534400139935314655303955078125
  },
  "zLow": {
    "0": 0.0000051269700718544115256568083913379957217238698309842568083588,
    "1": 0.0000020114689361973147339432348439976288764069952124805644250754,
    "2": 0.0000032621672689811390324652562853876106347246696088235908400947,
    "3": 0.0000024217913317434591594582285296916122753444339611800590578303,
    "4": 2.952470278867097006418790657715038315167885189722871970785E-7,
    "5": 8.537273716093904843543556214580626443133206112827356694373E-7,
    "6": 0.0000094027366554129388325834359506595429020069286490206880608690,
    "7": 3.168162194445795198808648746215764753541520891355109542822E-7,
    "8": 0.0000031468705341884559273567785558849901220481623181951796690225,
    "9": 0.0000033143937927231743913916296560407154253169997234613109225325,
    "10": 0.0000019716087508149154822653298348824965108745816533192702275597,
    "11": 3.910389379170049534688051363978030185116887167386963309136E-7,
    "12": 6.047568848850934571579173346544057836245513466672465345151E-7,
    "13": 0.0000236926369901746018802747818850375908776141330452191880952164
  },
  "zHigh": {
    "0": 0.00018590025196210566159327498042382573901147598931686351016903749990312438936494932410436069646612005534227074711251,
    "1": 0.000075898892276558567040300918878181655137307676319797853742938602721378560053021181729823158145648768990774465951134,
    "2": 0.0001198996512224186536550732804411579445663162752280212841518057125377314957132884014203094742101957227211564165153800,
    "3": 0.00008255342722188160430100657677335256727610365828247531785766230357314269513914045981047733798722888164849773370764960,
    "4": 0.000011763850866542498889653411020751940637523097506679426422131512335117949745861478968654485174497377262286949300728,
    "5": 0.000032647933517077043315488586125373259571067708471369208877677383950653722342232364052238335175853328827964451643224,
    "6": 0.000368893373098906009845433101127060314497964401455473824917556680551689662189301787847715841416947241674194939312503,
    "7": 0.00001114135053628177211545008232480176453348623111375616342307982443336647208795873449942265248077370848216992576808707,
    "8": 0.000115771505168692242956656492776619857838126629050398116534385508946107135254386032299969197890512452714572692210007,
    "9": 0.000113102516695770087637712659960714777880274744615688087828029636505900202702791039322834511776623135109960399973642,
    "10": 0.00006716947600045408769200377578910940873822540588264843152784757631537357539258462683711413325885048290660224182093070,
    "11": 0.00001399468652653997437636123340266238538853915328451123064050534064579133136593841239768306239845837402209927943173989,
    "12": 0.00002189688833598203679685500327616393718340152555276848386775379347901742535359357946585537683286182043812097609890284,
    "13": 0.00086865407083345489617757118253926284197582542504833191525792714094945568965490237535773988166026232856379148
  },
  "setupType": "Multi Region Model Regional Bidder",
  "population": 0,
  "id": 6,
  "worldId": 8,
  "implementation": "org.spectrumauctions.sats.core.model.mrvm.MRVMRegionalBidder"
}