{
  "regionsOfInterest": [
    4,
    8,
    13
  ],
  "alpha": 63.813353686657734442633227445185184478759765625,
  "beta": {
    "0": 0.07704659317857930067585670030894107185304164886474609375,
    "1": 0.11416160690014531819969079151633195579051971435546875,
    "2": 0.11450055860497181103863084672411787323653697967529296875,
    "3": 0.0643850112770301408193773795574088580906391143798828125,
    "4": 0.06376314727413424920943185725263901986181735992431640625,
    "5": 0.08670540830933191889240418959161615930497646331787109375,
    "6": 0.09962644210642439268621473047460312955081462860107421875,
    "7": 0.07642604042135554831549626442210865207016468048095703125,
    "8": 0.07231663544868184578806591389366076327860355377197265625,
    "9": 0.109025519422685401860206866331282071769237518310546875,
    "10": 0.06918547802505421728813672643809695728123188018798828125,
    "11": 0.0712502378294736782304852340530487708747386932373046875,
    "12": 0.0807843731630734362969548101318650878965854644775390625,
    "13": 0.091027061168636624888250707954284735023975372314453125
  },
  "zLow": {
    "0": 0.0000041651614279806187306020880299014797377895672057647148665491,
    "1": 0.0000013625267384546008022893022806511964412497349540425472195122,
    "2": 0.0000019244127209024551466466947831559856907805968447395920388397,
    "3": 0.0000015375763820219475234772934426301382993076056879561292461094,
    "4": 4.558181573826133511550336518003635870171121138990171807595E-7,
    "5": 8.114963652201666592793586031096504500207547019821183736327E-7,
    "6": 0.0000087136779755502114796805041019295706857644284988657877130677,
    "7": 2.141762079940231318381270293607725598805251294821909653034E-7,
    "8": 0.0000029544224521064888087047772077882183540386036551156543976787,
    "9": 0.0000012538993610362322939070919723288806544082312699717845351768,
    "10": 0.0000011593781968380549308010855542764912669294086057597017079162,
    "11": 3.176857310213060188331376811064271044131185612283901346251E-7,
    "12": 4.647163358996354532910885692888899439831370203317726526703E-7,
    "13": 0.0000173437392245079598025282636875597410721008741067479298328821
  },
  "zHigh": {
    "0": 0.0001570459926458918777416333695807302594934469105602772519147450811485895118098932388785080277803989551606127599960880,
    "1": 0.0000564306263442771490906829419777886820825898685666573375760431789353549820442135308622772512888200168028847450913,
    "2": 0.0000797670147800581370805164353742091962479940923055013201141552971443276102081546367139840101459715071518177301509547,
    "3": 0.000056026978730236255221578524161508347994998810085757423506035914059264444988550321784741324498140117262481778218228,
    "4": 0.0000165809847514196084050480486016177333025328053544813259325625971404546889511936102497623642549793934280304103794976,
    "5": 0.0000313810033254003285632386755749208937422907311923506900035408205818091545640993893512187916462304843028881183310662,
    "6": 0.0003482216127030241892583451456651611480106893969508268144835175970740652362249450613979391565086953131313072754232097,
    "7": 0.0000080621501927650804741679469669776470692774223241565637537139597814153090941318647939075307416436173967467659282539,
    "8": 0.0001099980627062332293970964523337167047978398691580123583940698342203761424109956617464585450457350378513703887158153,
    "9": 0.00005128768374516182471317652944935973475301169101100229620735782145227898828433924850859899097703729235168630235540,
    "10": 0.0000428025593811482711480764473709292514198702144558613759385415465631571407671804929249876702227534170149777804170272,
    "11": 0.000011794090319669006337291209743921107965582048619202044751850241386876803509847909655156217723961061855094274905719,
    "12": 0.000017695671866418296680850140315198461994159095762704267412410481492474789737587764511922265982888364853949734964074,
    "13": 0.00067818713786345563384517563661492734781042765689419416738789529867071655039067707020464267568002697118745012327537
  },
  "setupType": "Multi Region Model Local Bidder",
  "population": 0,
  "id": 2,
  "worldId": 8,
  "implementation": "org.spectrumauctions.sats.core.model.mrvm.MRVMLocalBidder"
}