{
  "regionsOfInterest": [
    1,
    2,
    3,
    11,
    13
  ],
  "alpha": 97.77186181616156090967706404626369476318359375,
  "beta": {
    "0": 0.05958429513076528294401867924534599296748638153076171875,
    "1": 0.0592817534010989521942036617474514059722423553466796875,
    "2": 0.080824656522995252938557086963555775582790374755859375,
    "3": 0.111751644545932615759653572240495122969150543212890625,
    "4": 0.073313816328572090075255118790664710104465484619140625,
    "5": 0.1065593877530504329786964490267564542591571807861328125,
    "6": 0.1086545445052460312496123151504434645175933837890625,
    "7": 0.10688739132113178609273518304689787328243255615234375,
    "8": 0.06660354721273185896190938137806369923055171966552734375,
    "9": 0.0758861667039721077276936966882203705608844757080078125,
    "10": 0.0664475226462959422946141785359941422939300537109375,
    "11": 0.099195668738742970305111157358624041080474853515625,
    "12": 0.096256951918000932533203695129486732184886932373046875,
    "13": 0.10193750052147688978099182577352621592581272125244140625
  },
  "zLow": {
    "0": 0.00000602525865252970850419891353082693266770308269517213909096361,
    "1": 0.00000293539323926227077302775088489975541729918931480266095787379,
    "2": 0.00000304989002874665208280952805323189424141159356150800240130944,
    "3": 9.9103678728656220784232716005699782080153787934217545286824E-7,
    "4": 4.4350422604926776310150893664492413038718458452794843706921E-7,
    "5": 7.3869179200937512439999297778501677367047989005994738774684E-7,
    "6": 0.00000893820795559880406825273875175447094992966285810256189483078,
    "7": 1.7132010431820374306743043656294064331481414761543548285017E-7,
    "8": 0.00000358868773912926102373834345966753905426766786538981249712284,
    "9": 0.00000201534987727689661127292309206278821515362079238974915823233,
    "10": 0.00000135046553221098429306810548356009674298715755945532462450663,
    "11": 2.5527808939163819186853424140900425199943081326983359354056E-7,
    "12": 4.3632029762824479862112002715529195520904727355139646531668E-7,
    "13": 0.00001732612723386012541917114824261055427964126408181531830363726
  },
  "zHigh": {
    "0": 0.00021665883855504398515468149229504209596604464423202456137418691482832796719723804848257582433372331940337931429092117,
    "1": 0.0001054633229923880222640121631509191829512152151478816815472129398850788535682393730864160025968536569008730887970914,
    "2": 0.000116147332263035189760676048553933296810377553749840367787946232004051575780854673076242182132205585773787677699168,
    "3": 0.000040806102697075959378474419711083584340795489671517299841279373097057608044992265960438387843285307867753030226461,
    "4": 0.000016556625518430186315942461160440599725757147069439793976005665763726350596624374489721023402183839607142588011570,
    "5": 0.0000300322082697535222639579007096836272109881406993291248403371429808288692362051731163322566105092465802600719291737,
    "6": 0.0003652639300788395619507174596273831551335577645257982778707235202919327278980810413608599081901461338728194280195,
    "7": 0.00000697079903268980859164395889637772430581345389606202846792704286929074506743916308571789554209848217212167977256,
    "8": 0.00013156256550036259967701073150700806804428860267958380182131978127153178804895312087873342983254020414668422650666148,
    "9": 0.0000757542139936933288505137172863082264448881123919294511914727924444104321402773578372848441044520941705187969129252,
    "10": 0.0000494874748697926769052424761534377767908866294218398838658485394997502621271730730218231226096138377754003955257,
    "11": 0.000010190590760904361562826417900911256350026636610550883863553759816647648339859758453743649266675140969550366815,
    "12": 0.000017289495119812325548910773577931124601351975859407688579943939183973207006166339305320009870799732295999153620638,
    "13": 0.00069640202740948291025312208034603057865920363776023911900159103089879652069803717282631354038398165110816521534433921
  },
  "setupType": "Multi Region Model Local Bidder",
  "population": 0,
  "id": 1,
  "worldId": 5,
  "implementation": "org.spectrumauctions.sats.core.model.mrvm.MRVMLocalBidder"
}