{
  "gammaValues": {
    "1": 0.95762,
    "2": 0.83049
  },
  "alpha": 990.1705437101919642373104579746723175048828125,
  "beta": {
    "0": 0.119846414582318872010802124350448139011859893798828125,
    "1": 0.088529658752788120690269124679616652429103851318359375,
    "2": 0.1529171443222947235351938388703274540603160858154296875,
    "3": 0.1229234047207488078612414028611965477466583251953125,
    "4": 0.193668299050298975405581813902244903147220611572265625,
    "5": 0.10724140193022939360201206682177144102752208709716796875,
    "6": 0.1131231552999988620999971544733853079378604888916015625,
    "7": 0.198384985212677500410194397773011587560176849365234375,
    "8": 0.1456553950358465687742182126385159790515899658203125,
    "9": 0.1471342521190432961475380579940974712371826171875,
    "10": 0.2002038421557863490107820325647480785846710205078125,
    "11": 0.130812795079195909320191049118875525891780853271484375,
    "12": 0.193688443262566789559997459946316666901111602783203125,
    "13": 0.08780197621327624768472475125236087478697299957275390625
  },
  "zLow": {
    "0": 0.00000299559057350800981425914640900279025488380297286528103075058,
    "1": 0.00000196561537225758952610097949874575087043543244443642370029543,
    "2": 0.00000161202535594575979222866584340583851128138504434886725672982,
    "3": 9.0096748488530053055823819557160284906279367983300463288381E-7,
    "4": 1.6789008593025766661958900618151267959951968622865766714743E-7,
    "5": 7.3399399558329059782255901049239461765473686412204264998172E-7,
    "6": 0.00000858512929146314369159041796876564278325611204431989697924072,
    "7": 9.230516619897282535805496000356031544890090141755256839154E-8,
    "8": 0.00000164099196741750457118758318015127543776580745982671519678963,
    "9": 0.00000103943965834771078353039053695924031984636271828283034933541,
    "10": 4.4821861592848522556239680136844844412734400468774720318485E-7,
    "11": 1.9357801181621087904684246212175881579434427370037057943437E-7,
    "12": 2.1683721135966571562001605323314771689443855377497376055278E-7,
    "13": 0.00002011551653059185810231870058523286279770066158432280521226234
  },
  "zHigh": {
    "0": 0.000125768796184393024456488478640317823581466252562818819567795934645943470573332396925626932216624921758247491972266,
    "1": 0.000076369986982247584856209021566299046545302509036894563819862064255314058553053906565731251827246131703851666395110,
    "2": 0.0000730113920790084210432501822591516249064712982350663134505575163614452194546251252368023009418674005510254261087989,
    "3": 0.0000381040236250381090599517507765217351886331636862421752417466355039496202906334977082994571695700545482397437378,
    "4": 0.000008288201314859883421484863246538256202127200120461070878352158034641018528949532465309333419156546550929492493876,
    "5": 0.00002989127437697098646663488169090496253051584992119198270738350804984901285995261200400705545986516717608055459499719,
    "6": 0.0003546715701547697506508478361377183101333512401123183304030216499723422287602884502812755991679613208709198522245373,
    "7": 0.000004600350889112881060362694599596314469836056510125541034168366735458387808373706324939483384626195801521119843811,
    "8": 0.0000731316923490099061004879231215201595492327905126908828113235780450166869164163151800116270879923784268601187664,
    "9": 0.0000464769074258177540182377406332017895856703701687218869245651197530988458549940580793332168097531551808935116,
    "10": 0.0000224200673813177048800712156876883278250922227788125612261952768348292090251901388166668518121026952445051790531,
    "11": 0.000008339588433641542178175664522293893263874040423466993440368172414503689886614171661746654932680006537664162269081,
    "12": 0.000010705002531754953058877654360266797451913714266115007437026804132763896629543826047872509169236075631943612828341,
    "13": 0.00078008370631143489074754865062469983420098556283546372626034322852947512212805917249208098192219624359580026786571075
  },
  "setupType": "Multi Region Model National Bidder",
  "population": 0,
  "id": 8,
  "worldId": 5,
  "implementation": "org.spectrumauctions.sats.core.model.mrvm.MRVMNationalBidder"
}