{
  "gammaValues": {
    "1": 0.92071,
    "2": 0.68283
  },
  "alpha": 774.63233589525907518691383302211761474609375,
  "beta": {
    "0": 0.16159748602257539840110212026047520339488983154296875,
    "1": 0.211736151671224115400349319315864704549312591552734375,
    "2": 0.098548697414283292772552158567123115062713623046875,
    "3": 0.18244397156123337566668851650319993495941162109375,
    "4": 0.21896243583818353339864870577002875506877899169921875,
    "5": 0.201548503983261628746959104319103062152862548828125,
    "6": 0.177394718701137266148037952007143758237361907958984375,
    "7": 0.1241596721590413066049762846887460909783840179443359375,
    "8": 0.08058920323479341896177885473662172444164752960205078125,
    "9": 0.14141471448891096418520874067326076328754425048828125,
    "10": 0.200091338825821918323555337337893433868885040283203125,
    "11": 0.2069108151399927653102395197493024170398712158203125,
    "12": 0.136459927002663794493031446108943782746791839599609375,
    "13": 0.1958480228181842530688072656630538403987884521484375
  },
  "zLow": {
    "0": 0.00000222163598350393262217776857469862445297294107764441709022729,
    "1": 8.2184953666015097485596387172086340491126617670085177595055E-7,
    "2": 0.00000250136552257085984247473730607753658471026869701633739504007,
    "3": 6.0703562763442743188718137060788801777317824472464207800629E-7,
    "4": 1.4849573281853052191584523702749511279632469987591180856803E-7,
    "5": 3.9054889289210421368978882981604734842890793361243267566855E-7,
    "6": 0.00000547466644565066325286782742882300415865691666800832643256708,
    "7": 1.4748717287188395854647570802163936658139639935920020004777E-7,
    "8": 0.00000296589770925609509007624472429020760242170229205643516945774,
    "9": 0.00000108147993867962640405611310977915035309591078248136877828345,
    "10": 4.4847063126877888190159586173675140755720196834425162591790E-7,
    "11": 1.2238355338950912739971174063672774878613831853958868706777E-7,
    "12": 3.0777432490367643499469879743362231253052536641155523893314E-7,
    "13": 0.00000901812578203267720379078903659433647237113494681834610469895
  },
  "zHigh": {
    "0": 0.00010255015848427070869404714361119284952414039570619290135209743114642402030123575603768776073518122190262120401889,
    "1": 0.000042057011914324428318858552755552422579577521004827406089515678855417826111961829142071371756581745434805485483338,
    "2": 0.000099691597077761422550632326139302567109337807815090417599865084631038575909163782674266938959762865626812662189,
    "3": 0.00002928606790751191609982004602761029024994470063299129859542097006271028846639535127836126150878464829945819347,
    "4": 0.00000770637072150806908037255017191772919803135052987869512097009498018069485544425795395288745422182480133954935641,
    "5": 0.000019587921296235394942651776270614544453740982005903683477988613280725371455809447420507475640893762787917177698,
    "6": 0.000261357684780395337489170119939439151395375378822971214002812326757035937461602682652465644363762401359045622189795,
    "7": 0.0000062558110893002150560153170401386860038109214483749699838551141235065501535579440704754274374379183795098551879684,
    "8": 0.00011287886460416762166714776944568812448890963547958248199136678205164643696233103588753472334002354645959268657931013,
    "9": 0.00004773811583577522263400941781779909058315681209467803979300641013938956497426879062883175079654781199568501159016,
    "10": 0.000022427627841526514570247187498737416727987961688507693908186591012336466170097203372538826813827255181097647215017,
    "11": 0.0000062037546808404896287617428777429612536278617686435366693702529252565431838281396170354984145321780918831762872,
    "12": 0.000013433115938075274640118136686281035320996318645212451788437679373429991312733028090065202899631506351103844506111,
    "13": 0.0004471619838546594637917113041655440444410997637103299530334415708483452159750632527378832861878070806577766209717
  },
  "setupType": "Multi Region Model National Bidder",
  "population": 0,
  "id": 9,
  "worldId": 5,
  "implementation": "org.spectrumauctions.sats.core.model.mrvm.MRVMNationalBidder"
}