{
  "homeId": 13,
  "distanceDiscounts": {
    "0": 1,
    "1": 0.42045,
    "2": 0.17678,
    "3": 0.07433,
    "4": 0.03125,
    "5": 0.01314,
    "6": 0.00552,
    "7": 0.00232
  },
  "alpha": 565.2005014849538611088064499199390411376953125,
  "beta": {
    "0": 0.07748575021333430068448677729975315742194652557373046875,
    "1": 0.048383400631213095699489912249191547743976116180419921875,
    "2": 0.09662973742852899727839854904232197441160678863525390625,
    "3": 0.07580795367139359086650074459612369537353515625,
    "4": 0.077433586461537029510537877285969443619251251220703125,
    "5": 0.058316512709311922602051225794639321975409984588623046875,
    "6": 0.0762555304418605917060602905621635727584362030029296875,
    "7": 0.0768745383020988104494364279162255115807056427001953125,
    "8": 0.0633682191078457635047271878647734411060810089111328125,
    "9": 0.06940338194432704721492655153269879519939422607421875,
    "10": 0.068134730812521360210354259834275580942630767822265625,
    "11": 0.072573930422864696421214603105909191071987152099609375,
    "12": 0.0670572983314249582154076279039145447313785552978515625,
    "13": 0.07246542701067489045119174306819331832230091094970703125
  },
  "zLow": {
    "0": 0.00000463324919489191655753364275888467043065479554385933716233346,
    "1": 0.00000359659006756416953381902331658952201952904585066758410773558,
    "2": 0.00000255103988240350597187617207679998888644973314107196116293558,
    "3": 0.00000146092837784358828199552264337956468033916712901386926620004,
    "4": 4.1990806386931910609441715056399707132942952636570196442386E-7,
    "5": 0.00000134978141589309446559374771677369515256918078772021446789038,
    "6": 0.00001273582268041801366534842342904736271924121071932796700616742,
    "7": 2.3820577574690961395935608067666914355922536669099809295839E-7,
    "8": 0.00000377191179790082126075694150956683009453076959382113881057586,
    "9": 0.00000220359833295364671236129644482180519771100853366587862717584,
    "10": 0.00000131702419550970834354957229788429604666511655384827061214768,
    "11": 3.4891979315446050200244045174058927144936917502331867103445E-7,
    "12": 6.2631306292827419309385959695979176188541573832419041539453E-7,
    "13": 0.00002437275507500445676474763833984290136020546365462924216353296
  },
  "zHigh": {
    "0": 0.00017489855482591022675472336913677422885459602969264050351528239316532341035119816947155207368624697559338050736362932,
    "1": 0.000125299227841444985087750336101612181018110911223829376043066496684375549213998782557699636597923129217328709747354162,
    "2": 0.00010118182787274080643267536926097613616152174113675913063673031707814996126621669590722416940157293141180144516956397,
    "3": 0.00005490285041378674160307028421076059012692436716166811424123337886785981052681005188264541521205293402782188,
    "4": 0.000015848740653031726605729707578012787954024495324572399796645192095524850350911332498476383932642472780902381176000,
    "5": 0.000048364896986265102499770542879343978577949167629137137244643504763299746161659753595161263321025532078413039685692001,
    "6": 0.0004791923718234158498635879999461699082129042003625604312108226569118742527416053907032664769928505342950436713993359,
    "7": 0.0000089773691755509847184017282197895793131457904683289067711736929345548065477254767433357714289494742605789823517256,
    "8": 0.0001370592872635094067875686730039867992521816545325235912249103801088640363779870411821515419597644708459718809798118,
    "9": 0.00008140166766399583188316491786907873592160974463021333525977800289095713419101549095976324251621267112690766215034,
    "10": 0.000048484234768754398419686480583163755901225399253628263495080101384322437650663952396410945682949150755183407388366,
    "11": 0.000012999841873789030866843604210858806933524787463155436188370570855439806864956060315067503255433239920123515575076,
    "12": 0.0000229892780788132073830929606720661188016430298025915070822792001829393464172008074260419685303381148502679982085275,
    "13": 0.00090780086264381285062041678326300099107612962494465683479846181815121990848653990417497215976434238395770702023863873
  },
  "setupType": "Multi Region Model Regional Bidder",
  "population": 0,
  "id": 3,
  "worldId": 5,
  "implementation": "org.spectrumauctions.sats.core.model.mrvm.MRVMRegionalBidder"
}