{
  "regionsOfInterest": [
    0,
    2,
    8,
    9
  ],
  "alpha": 69.6432676116099997898345463909208774566650390625,
  "beta": {
    "0": 0.09599924135165290028925966225870070047676563262939453125,
    "1": 0.08266828809328753691065827524653286673128604888916015625,
    "2": 0.077175447028145882644167841135640628635883331298828125,
    "3": 0.101110953236531797561070789015502668917179107666015625,
    "4": 0.0771432598000712788088861771029769442975521087646484375,
    "5": 0.06426588804018633360737311477350885979831218719482421875,
    "6": 0.07781619545862049347473288207766017876565456390380859375,
    "7": 0.06026658127104893292180776143140974454581737518310546875,
    "8": 0.0809213554539234269924463660572655498981475830078125,
    "9": 0.11910393422740005175963773353942087851464748382568359375,
    "10": 0.0939184793757753821896727686180383898317813873291015625,
    "11": 0.06237367447690035648921735855765291489660739898681640625,
    "12": 0.053128034123450122716558752244964125566184520721435546875,
    "13": 0.11795110938277990342282208757751504890620708465576171875
  },
  "zLow": {
    "0": 0.00000342329234324595405378299425755097122779998019641858311426354,
    "1": 0.00000192687115013424362555673282320736972016048517865509559877275,
    "2": 0.00000292383716778959725375948548033871256818554195325299297745136,
    "3": 0.00000100265097973917475283799578854946297972367025628102382236133,
    "4": 3.8582457948734732074289648758281307155117559772650841124564E-7,
    "5": 0.00000112118883768997028756331702311757504398806147313548757421604,
    "6": 0.00001142438012534820301308995671484240227014710706669204006723645,
    "7": 2.7813941733893513765959802021963648972991783228298314513827E-7,
    "8": 0.00000270379755165601406780843142265124633867372492744379606809990,
    "9": 0.00000117541505788540740021368795394091761231306266005644585623844,
    "10": 8.7461220645052982861899558412092942866295319532992813301912E-7,
    "11": 3.7162866864957224620321847159719187707760644083108036472180E-7,
    "12": 7.2363250094237627625708408124649847668626827554212977663076E-7,
    "13": 0.00001370685247256424094573174039587729890415058700712387454260067
  },
  "zHigh": {
    "0": 0.00013556211708503199626593944479972098059720516535408663308103207389686911342566771534407834665352887023851129211685996,
    "1": 0.00007373524843982150419069388115856184600278366700689189706196755685437885692071169363947622741808264883672266476293851,
    "2": 0.000110279959079854932393196844787577287570194504606854613108296619114303577081509321116919623743293329088527869399703,
    "3": 0.000040217429024672291510846371725028913614129352507863646806453719444482569569813623693231038177450176665255540853256,
    "4": 0.0000145511139618849882516237007297164286812112305942877718605120322375791683700433200082125600325169230181796619407715,
    "5": 0.00004084108476218813641611390849846125378654930014323181429251921319279731452007847425479027063743428808229396176818554,
    "6": 0.00043163158344321359632233062041011509250226364458482879508172222837453820281626247211643948150029217520756008081786471,
    "7": 0.00001002043370014196724985994453218447625002193136729686514676657764702672425270518241357455535572378495077938290113626,
    "8": 0.0001029934228249808423150133511800232848072494033757403667074147615065310551902363471806295340581266374082917011646,
    "9": 0.00004926210751099014076244682876495975009381830345485469620528979042234934477228100422122004860885471528985290172500499,
    "10": 0.0000344525910408484434980426240120934038147242444355930128094823296848546960123408598329738682390773266543763166814571,
    "11": 0.00001346684461995039579456870672804145784792888175757938363390284642772662096132956584681475525159623034937263451787368,
    "12": 0.000025553492248561700276593164841628698090415870103414204505896669765858372265156546986280371419074859461041691398208516,
    "13": 0.00057287941970543242426908000019994761319575679452151193520275129266162233406402831207845742426917009716549646871434323
  },
  "setupType": "Multi Region Model Local Bidder",
  "population": 0,
  "id": 0,
  "worldId": 95,
  "implementation": "org.spectrumauctions.sats.core.model.mrvm.MRVMLocalBidder"
}