{
  "homeId": 3,
  "distanceDiscounts": {
    "0": 1,
    "1": 0.42045,
    "2": 0.17678,
    "3": 0.07433,
    "4": 0.03125,
    "5": 0.01314,
    "6": 0.00552,
    "7": 0.00232
  },
  "alpha": 617.2803734937234594326582737267017364501953125,
  "beta": {
    "0": 0.09308014270945889900854552934106322936713695526123046875,
    "1": 0.09648837268143706236145362709066830575466156005859375,
    "2": 0.0924890866444110226751718073501251637935638427734375,
    "3": 0.06308704621528084255377422095989459194242954254150390625,
    "4": 0.061397755502209661049306532731861807405948638916015625,
    "5": 0.09690185751294848326420350304033490829169750213623046875,
    "6": 0.0493206796799487978688603107002563774585723876953125,
    "7": 0.061504524352444668588990595026189112104475498199462890625,
    "8": 0.052891817946871609590342444562338641844689846038818359375,
    "9": 0.054367261863309257474696778444922529160976409912109375,
    "10": 0.04570366373502977863640950317858369089663028717041015625,
    "11": 0.097497804749236027799241810498642735183238983154296875,
    "12": 0.0691118231533371929486975204781629145145416259765625,
    "13": 0.081689087431292606300559100418468005955219268798828125
  },
  "zLow": {
    "0": 0.00000353065066630089812311280430508177648561554804590172657346661,
    "1": 0.00000165088429757078094554890140315553515854582504116707668104599,
    "2": 0.00000243973044440595895901411972553300750642097121657690178360378,
    "3": 0.00000160697008985046810331461618438976981000663967297999059648920,
    "4": 4.8476960646508502702634636713770130694762583303970607368818E-7,
    "5": 7.4357910327221597705505532983208120667928087628310050950113E-7,
    "6": 0.00001802492996034473899050558411979028341863526618399510217909502,
    "7": 2.7254111752305354575924032833112741620248616284225373105855E-7,
    "8": 0.00000413665045457083330254087148690590591836556173429768120742358,
    "9": 0.00000257501578976443595555065376221208986463382338603184352417333,
    "10": 0.00000179727929361529917330415668880739388858886056744646835502076,
    "11": 2.3774735917645280580469693284255001374908971633645919144349E-7,
    "12": 5.5627489550675705521427594375685647213186968479590658179270E-7,
    "13": 0.00001979136389110558971155563714658018849511576672180123655504727
  },
  "zHigh": {
    "0": 0.00013878286677668031834583374622564513833167220083858093685712415486852882398945774548089382459841099532659454134789402,
    "1": 0.00006545564286291762379045893855700680915434386288225132953016485913622560022805861289280811311319675961463388356086,
    "2": 0.0000957567573783457835508358721434061357172573825065718772928692048263063738285181585625102341853650025742394382960,
    "3": 0.00005834700232801109202514498360023811852261843500883265003028981640449071068240617348602897419759483429512687802520504,
    "4": 0.000017519464771217119440127197116363075743104737653683701733788209840074716391114328721332316987177467263737207897587,
    "5": 0.00002951279272965550710086605769989643866728588223766020235107207551101328955157343455846861887707803767653213150813204,
    "6": 0.0006296480784931096756447994425585515269569084181039206584374794385804186701693845404134222489261056087181864329459,
    "7": 0.000009852484705665519492849213775529204044198981284074982724374955869233731668934743534254806947361808068956856512654240,
    "8": 0.000145979009912425419356986553107663072198004507581356920887125022860900934183465903715985370114797525057933388755412971,
    "9": 0.000091250129467360997422555803013094917663441125234116626243336528432334731029996745025353851670979693708493795829589,
    "10": 0.00006213260365579152383859745715268733761250146559908921946953140544515563055116896102766289371987195284517459989812180,
    "11": 0.000009450405335756812582613060565402201948073380022740748435553437327148727818655491727189172731066931717182935303057,
    "12": 0.0000205327640854931236453089207169394379537839123810275086607548394204323550239696419403701054330658466367580137256,
    "13": 0.000755414762261672887243796902721034300924712185961832795576149361917003555213556981228613305762440644358381854850378
  },
  "setupType": "Multi Region Model Regional Bidder",
  "population": 0,
  "id": 1,
  "worldId": 95,
  "implementation": "org.spectrumauctions.sats.core.model.mrvm.MRVMRegionalBidder"
}