{
  "regionsOfInterest": [
    1,
    2,
    3,
    5,
    9,
    10,
    12
  ],
  "alpha": 68.7063703182043781225729617290198802947998046875,
  "beta": {
    "0": 0.07463931310139247654600325176943442784249782562255859375,
    "1": 0.1126655491985051049663724143101717345416545867919921875,
    "2": 0.06946800094956846749472134661118616349995136260986328125,
    "3": 0.06861867384878574116502392143956967629492282867431640625,
    "4": 0.0625950489284972932946260470998822711408138275146484375,
    "5": 0.0947112394263597556776090868879691697657108306884765625,
    "6": 0.096587487963368745536030246512382291257381439208984375,
    "7": 0.05235837891872612004373621630293200723826885223388671875,
    "8": 0.0690152211834648421362459203010075725615024566650390625,
    "9": 0.11869545844339558782198906783378333784639835357666015625,
    "10": 0.050097354826439892405698373067934880964457988739013671875,
    "11": 0.10666083641117929392549967815284617245197296142578125,
    "12": 0.10602420397918044248086744119063951075077056884765625,
    "13": 0.0773010388539896176052224063823814503848552703857421875
  },
  "zLow": {
    "0": 0.0000042370419467890729798570544892508679153589814681300082588688,
    "1": 0.0000013605643537554570274159303148216105060148612376328518380861,
    "2": 0.0000031258356687844511434757330094536656935750336847900217040631,
    "3": 0.0000014217533972831699793598936194412027448078961904878790702211,
    "4": 4.575794403233482814303139926202564011153676497594342645599E-7,
    "5": 7.321100460634709191201356972520122105806886789943168176093E-7,
    "6": 0.0000088572800299348212244337978250967964187712526340184164680025,
    "7": 3.080856800702213397385213009373886348860892132687378961148E-7,
    "8": 0.0000030507810691187820256357093871664371662845841543880823200513,
    "9": 0.0000011350156844657912328378276803230460565635079186196924009888,
    "10": 0.0000015778670206797970372000369517724792195596621835292251554048,
    "11": 2.091337677356502356538411178510610881185638333943140845422E-7,
    "12": 3.489437290035975908910404728829266646312176077040543840568E-7,
    "13": 0.0000201267219006811560960088110346041844027060021056638833401642
  },
  "zHigh": {
    "0": 0.0001587362484526845033294752772059244725546414600461143543229485865598971923321570642452597049554244053335884375809817,
    "1": 0.000056145803626240485582023458186935241374627925111390324894913010224796125356611877514466320307376668867322426250352,
    "2": 0.0001154896255842648580725680780629797165669221508749279813932441039355630581829503119028550715937297582988808383054335,
    "3": 0.0000524084851846527934091967514119224306692046168249697156287341072481503561840151160625276571182510832562340994216312,
    "4": 0.000016591603955271887743344095655010680551155946257535183748201536969332148677679744444686524649293026502791880083760,
    "5": 0.000028897206367820193949512214625073408360124629616363186791875887275279960158543689945980371660640102613326149510885,
    "6": 0.00035126864372599622744921040299785181907638425995729863507049894679219278571180706135991009339116817468750464577765,
    "7": 0.0000108556570797616478863202590659308737439308657311307759589814612042201478415318555154296227727193141752073897008361,
    "8": 0.000112578465100319469167891386296167299736775742553830978521424673035553962277802601192683486775875639541278958325569,
    "9": 0.0000475225912347848892166305669892276931528684830283025170036053957633595990643787546191167999948329516409817661657438,
    "10": 0.00005524070702078724747818838187306323257965811606555466863850790674950123504785118811907096386661765258360589950073898,
    "11": 0.0000085046512909200826788112145118153187300801941942416220741241467180237379716530290634435789594362054320685114651,
    "12": 0.0000141679599802212570940921354567337510494066420721931392362491947815357015257588955466465075339640261056418691776,
    "13": 0.000759383308185234464167350765536901990151449685425740872964783327371771126543568378285295944593150261927083876506239
  },
  "setupType": "Multi Region Model Local Bidder",
  "population": 0,
  "id": 0,
  "worldId": 103,
  "implementation": "org.spectrumauctions.sats.core.model.mrvm.MRVMLocalBidder"
}