{
  "homeId": 5,
  "distanceDiscounts": {
    "0": 1,
    "1": 0.42045,
    "2": 0.17678,
    "3": 0.07433,
    "4": 0.03125,
    "5": 0.01314,
    "6": 0.00552,
    "7": 0.00232
  },
  "alpha": 653.3946316571606303114094771444797515869140625,
  "beta": {
    "0": 0.04490516864846146039003116356980171985924243927001953125,
    "1": 0.0578438040538180320293548675181227736175060272216796875,
    "2": 0.05122046885668062043972525998469791375100612640380859375,
    "3": 0.046246677043441548893287773580595967359840869903564453125,
    "4": 0.058924455535799058480961321038194000720977783203125,
    "5": 0.0776825660718614419142369342807796783745288848876953125,
    "6": 0.08346307419407499039731845869027893058955669403076171875,
    "7": 0.09350002161860271332471938876551575958728790283203125,
    "8": 0.06970670020274939704396643946893163956701755523681640625,
    "9": 0.076441578452684122435556446362170390784740447998046875,
    "10": 0.097697403072648680844025648184469901025295257568359375,
    "11": 0.08087293007836919567221656279798480682075023651123046875,
    "12": 0.0712665683196097854423811668311827816069126129150390625,
    "13": 0.06316640950501155316043622178767691366374492645263671875
  },
  "zLow": {
    "0": 0.0000070957512031474671486675282306480645551692791098864887580217,
    "1": 0.0000026700395473864089717368447952798463339762499033588140380024,
    "2": 0.0000042714144090353014778116862898854657562893028825410085390434,
    "3": 0.0000021254474703717145321303160486107001780742858981625715574794,
    "4": 4.897508759930758212299747597900567731664956155089235972157E-7,
    "5": 8.993290806856031225558969027734280452882122859099340632208E-7,
    "6": 0.0000103274043975185561261830032796072958783749497515829145075337,
    "7": 1.738242270600381881191674643071480414336458976764817735668E-7,
    "8": 0.0000030433066591913896137374965440424578899319081804593740566207,
    "9": 0.0000017757042438623622535044361531428956237730736390893326396335,
    "10": 8.152043500274392775681625441061459404758259782597861477481E-7,
    "11": 2.779011105746625157140714135706133578077498016107993587261E-7,
    "12": 5.230447958015376896963340775248837415738513297114149162090E-7,
    "13": 0.0000248162695973144221032591282123176549704549068377204410831177
  },
  "zHigh": {
    "0": 0.0002447361265409100473442982041228822977058571667640999715450095719058912430023452501734724688098691637837030430488591,
    "1": 0.000095545710861088711822692696008823859439013840037437483575328541343368257216845635662752646551646032960882076638635,
    "2": 0.0001500208171422559959645656558016821343203358040055124753668181654295939665976565371000352961012894447660504997475541,
    "3": 0.00007359291238465948417469993161519206569138411002388272597381744119691922140912702096241188051807868895736176565459470,
    "4": 0.00001757835665139953811559621881562413985298393039621753976080714911264841358238286607760252237892166803948100197,
    "5": 0.000033966091493638671107799619064744492197564547127438306090056365589743668654592989444258581912838160326566361774983,
    "6": 0.0003960178238717874413465304526646981699735419769169032947106407896767124132588901830750961660497007949215393433170027,
    "7": 0.0000068399837105961933786606081525074690391204242563596055276997659069326758871162501661840190115585999426978611252,
    "8": 0.0001125130862674701912680106623353416909147345529486706091549013191063354197198318373030003982909498449100698304312713,
    "9": 0.00006684489084246775788547727513098737074116764442047421185385376166904496002934127819848256411571307630110299593500,
    "10": 0.00003242046529794391000768592065030767355160539885765986814377938893124812338712510396949136369323205299882423616503,
    "11": 0.0000105845010256604582633341439617310243000195167155435142576770742051558169458262458137829800748998424139873888114397,
    "12": 0.000019418904641466794213909044588901354717917628634923839161583018266360034507009583879946017523204734376265859544191,
    "13": 0.0009012435526965057572138714258059931298955578724143193256834941218861415778126619588177775564640142852185820193302799
  },
  "setupType": "Multi Region Model Regional Bidder",
  "population": 0,
  "id": 5,
  "worldId": 28,
  "implementation": "org.spectrumauctions.sats.core.model.mrvm.MRVMRegionalBidder"
}