{
  "gammaValues": {
    "1": 0.91205,
    "2": 0.64820
  },
  "alpha": 1115.23610877512737715733237564563751220703125,
  "beta": {
    "0": 0.1411089051656587989302948926706449128687381744384765625,
    "1": 0.173977465956622168175016440727631561458110809326171875,
    "2": 0.10811937548094650851648879097410826943814754486083984375,
    "3": 0.133552854574890911276696670029195956885814666748046875,
    "4": 0.10902230677526227042850592852119007147848606109619140625,
    "5": 0.14358480502517079191449056452256627380847930908203125,
    "6": 0.169059497645017320355265155740198679268360137939453125,
    "7": 0.1275846348607425628784994842135347425937652587890625,
    "8": 0.132987263372429997954071723142988048493862152099609375,
    "9": 0.112236360080243013914724770074826665222644805908203125,
    "10": 0.111477118819569620544740473633282817900180816650390625,
    "11": 0.2065174073115156883062581982812844216823577880859375,
    "12": 0.133202255538294955794498264367575757205486297607421875,
    "13": 0.14406327407711128074652151553891599178314208984375
  },
  "zLow": {
    "0": 0.0000022580850166103172376581295551587692042835578980457951368417,
    "1": 8.877313136258248889204208179698207801083535553178128915021E-7,
    "2": 0.0000020235397008052919502665007644833720429686539552241962061242,
    "3": 7.359998634844662315475142447912687529621923142401038364717E-7,
    "4": 2.647009091044176501842600620933240280456173409277406337298E-7,
    "5": 4.865569913087861179214128564867437182981903992797314903769E-7,
    "6": 0.0000050985418238506872563981833767460742680195691827379914662497,
    "7": 1.273865697518357487027787364158066259722203007355442482399E-7,
    "8": 0.0000015951818207070812964738357432606062383814528948836281057949,
    "9": 0.0000012093909243753426254241445015307329638604618969500697289998,
    "10": 7.144367275953140362661044342451649903310211875017644338788E-7,
    "11": 1.088270348576694033791736386468820384779343068715030519138E-7,
    "12": 2.798421657619010202338620861607316607916092263183531218152E-7,
    "13": 0.0000108810150110269043159366576070715665454624329972670809657002
  },
  "zHigh": {
    "0": 0.000099606140944795550014016243858203437179285530408879162909610483407042943362542044528699998613857823619582943501591,
    "1": 0.00004207646384827118933819997668952309282297694959620744918032128247670276374763500694223836581388257210976399411961,
    "2": 0.0000825845758953557101382100900396193229207163361860081053792421369164718630305287686108706488836690897094261223384334,
    "3": 0.00003190948417804203515721587750060912293802130250620869434358774793528582483733857099028854046020081165267008702224,
    "4": 0.0000108268576447397929842247778847221574993575821587820508562296882493655613505957796563497685848108511583204265413580,
    "5": 0.0000215829288123341609687650976761439623878638905285322289047417308231361205935081978469930988544012413278269651148,
    "6": 0.00023915194666175137525298585557886152166288055985155560347212016519984878355925179980325891734009354891636190690513,
    "7": 0.000005446853991350120196168946315767226575277656348131479767892822414815179039007865774464758003789842530598420273,
    "8": 0.00006906934111294094175010083831188614136822089438139823063012591274670806298974888403867838492156383379077194828668,
    "9": 0.00004985549125785716904306852558262249094378929215629632453484124673026486089580121171464455348893386445415936467909,
    "10": 0.00002939743662498015276862417735447824504726125513491921672769864700178498587946312970022763169291643529763905626359,
    "11": 0.000005512278754150664893287210714019084720125051873364625053308868665086965433818947007905431879852356435042303634,
    "12": 0.00001212282574027769413003488484797679229445036553313198532976845838411952673376884912186305868759177383606969436783,
    "13": 0.0004831859151078802235941973076486104771457836572007185221609688356515676942874670374774415439930785531643681128
  },
  "setupType": "Multi Region Model National Bidder",
  "population": 0,
  "id": 9,
  "worldId": 28,
  "implementation": "org.spectrumauctions.sats.core.model.mrvm.MRVMNationalBidder"
}