{
  "homeId": 11,
  "distanceDiscounts": {
    "0": 1,
    "1": 0.42045,
    "2": 0.17678,
    "3": 0.07433,
    "4": 0.03125,
    "5": 0.01314,
    "6": 0.00552,
    "7": 0.00232
  },
  "alpha": 788.799012032281098072417080402374267578125,
  "beta": {
    "0": 0.097211218912626795596310103064752183854579925537109375,
    "1": 0.048865178982343250579933879862437606789171695709228515625,
    "2": 0.0512996314356947424872856799993314780294895172119140625,
    "3": 0.06500629174332074600162201249986537732183933258056640625,
    "4": 0.050692281101148130295630522823557839728891849517822265625,
    "5": 0.042908921595764530632077793370626750402152538299560546875,
    "6": 0.086983421461289067710964673096896149218082427978515625,
    "7": 0.0753123567349699152284614456220879219472408294677734375,
    "8": 0.049450939408272887032325115796993486583232879638671875,
    "9": 0.0471638185928400510693592195821111090481281280517578125,
    "10": 0.0718602193681902867705701964951003901660442352294921875,
    "11": 0.08999367638290334259210112577420659363269805908203125,
    "12": 0.07979534808275501323038270129472948610782623291015625,
    "13": 0.0647541951932402992664350449558696709573268890380859375
  },
  "zLow": {
    "0": 0.0000032777688422079091085258502012567937175887179275687301788199,
    "1": 0.0000031606401042912593655771922328779416936964273930467023241641,
    "2": 0.0000042648230131286626962912887766449235153454163686382743229878,
    "3": 0.0000015120826015303367288298488800598770079688143804435138364172,
    "4": 5.692839834627016340509286516594601352341013713394733904605E-7,
    "5": 0.0000016281506999607689214746440062760866327228047514820871321097,
    "6": 0.0000099094391204870137515330333907343828134768973637898847397415,
    "7": 2.158021564129846734031972031655105642835403491904567610420E-7,
    "8": 0.0000042898854390983579765843744343541772121071491697965003902819,
    "9": 0.0000028780035059878561429400475397446959998322906472377301462038,
    "10": 0.0000011083092797579507134795464486528689902328189026964266390638,
    "11": 2.497361813354641643884364693056520217699516972975950070174E-7,
    "12": 4.671401099165386089124473864103946454964450861665579645278E-7,
    "13": 0.0000242077697528756904404776098510146432995212666321781649710348
  },
  "zHigh": {
    "0": 0.00013019665571272330614004786324114417257844033129456721416895500359455397242337850608053239756902857304330130296957,
    "1": 0.00011026372756823422363790311913676672023061916472807413216018063713942221043760661281430915997775964535925254406366344,
    "2": 0.000149823075265056832518953730404465867092019208588430448885150997409654562641761028092930780333225724564946418915470,
    "3": 0.0000551919663194181500756859165586673705882199644923109943419519030869288254483273905622712034743180446191543340850992,
    "4": 0.00001996434987548831250022483557170624071501210307113403355814972863535799436979178111987131665555492663928314650590973,
    "5": 0.00005583074007189364507536203216982424982060232109460289815672494477763076230517626191416679658137298280088352579033332,
    "6": 0.00038347886556084117010703135599851077802660040528311240167687363503756298662052249387993103466789757876310996082881,
    "7": 0.000008099321591184587937181500318258344724617257801778855151954814747194626440050287358094961048432798964417817798321,
    "8": 0.00014991044966467924215341699904469327057999178262878439916473823368162053468783026912186684788276552000113217155804,
    "9": 0.000099913868706232574568545616729041382022944154664926137050962391488507262963020002790289815044974182758404646014660,
    "10": 0.000041213613189859253085027437786709365044315186590759082883249009996326677092755534589920332003449736951302096137485,
    "11": 0.0000097395531484845077235650956337821842188855735861473837064163592951325993890971442263258628799728777379185038192,
    "12": 0.0000177417640649168217903924438554666818355954413285781306111464448264875131068819290579861748802031193091766960315,
    "13": 0.000882988557363343807330425874966902779767548666248051042321007764662818463472750238954093018514116469586317259662045
  },
  "setupType": "Multi Region Model Regional Bidder",
  "population": 0,
  "id": 4,
  "worldId": 28,
  "implementation": "org.spectrumauctions.sats.core.model.mrvm.MRVMRegionalBidder"
}