{
  "homeId": 10,
  "distanceDiscounts": {
    "0": 1,
    "1": 0.42045,
    "2": 0.17678,
    "3": 0.07433,
    "4": 0.03125,
    "5": 0.01314,
    "6": 0.00552,
    "7": 0.00232
  },
  "alpha": 718.613027290417676340439356863498687744140625,
  "beta": {
    "0": 0.062581848115481009120486532992799766361713409423828125,
    "1": 0.0728770502958935306736520942649804055690765380859375,
    "2": 0.0468085655117314036743891847436316311359405517578125,
    "3": 0.042111006568710973585467627344769425690174102783203125,
    "4": 0.070681713555819924987844160568783991038799285888671875,
    "5": 0.041923959919851420952152665222456562332808971405029296875,
    "6": 0.07808625078703605726371250739248353056609630584716796875,
    "7": 0.06352548597611519520800271720872842706739902496337890625,
    "8": 0.0823538591195411562306816222189809195697307586669921875,
    "9": 0.08014638957550214437564051195295178331434726715087890625,
    "10": 0.096784668856145950055491766761406324803829193115234375,
    "11": 0.04824647966086147155007068931809044443070888519287109375,
    "12": 0.0795000657360891427316573754069395363330841064453125,
    "13": 0.04420260247368201778073171226424165070056915283203125
  },
  "zLow": {
    "0": 0.0000050915067876692932918642291262701395322200566500563283441158,
    "1": 0.0000021192576231871323849412226949316834176117482398116818713616,
    "2": 0.0000046740131067921058543651920177811713598027188061842735524161,
    "3": 0.0000023341850680936907444975451192976758463165255672683393266646,
    "4": 4.082852871596297772843157433681561359939047984318306191945E-7,
    "5": 0.0000016664024787798090902490935867334542177992495691651226582919,
    "6": 0.0000110385235656033105767711528326710825335846869635029591495445,
    "7": 2.558432846001562941348292858621307515407836816993840290905E-7,
    "8": 0.0000025759432185121257989056078323144471748611229093331758870691,
    "9": 0.0000016936213344719272761560581973523136644418901878792318481164,
    "10": 8.228921885302277656617652263544571429610988256301928400556E-7,
    "11": 4.658304034239775719091772393684435437044826851377393986381E-7,
    "12": 4.688751805306411453278622259838549071318070037302023877924E-7,
    "13": 0.0000354629492393359465358319814996623843587114543101487320730481
  },
  "zHigh": {
    "0": 0.00018460879407656483164019923099154454701738049296919515912783337162664346236156416524759028459019343242052163591322,
    "1": 0.000079022253135110414218824032998378971948078790131023518576105335955354121148797781826786694240062687576555301315,
    "2": 0.000162098778074960127261170827638553302425738281714810425767999091780456910878425450669506895964921397659221611009,
    "3": 0.00007985504031631877054571680373580133573865130009705575904937415961344385441748171208071172389164111350551212869360,
    "4": 0.00001513438898639615679722644832296712073780620588390475042016914156945801567608403593974601772538872287905388453969,
    "5": 0.00005697829343646485013859551958354527737289566562509396394218986254992942184075737625028975662870920444822402646640299,
    "6": 0.0004173513989143300748641749392566117696298340932745046339709645670830873558635464037727300635707419223395285028184564,
    "7": 0.0000093005554367997365591304627991569503423345577770466731934115178139474086998752643020113259096346978012224636983681,
    "8": 0.000098492183047092276823054000983501369462610994814884664068354582148759459542063681975929872965500104372241173610262,
    "9": 0.0000643824035607547085650259364572699119612321408841711881083395654415385663603657909620151645602934483091590304764495,
    "10": 0.00003265110045302756465049400111775700962616358427877206891300217895934327097202050321322692185132281013675924535212,
    "11": 0.0000162223798111399099491873187356659298769215032213517154550389325566260240321566882632311367408560912538349297382478,
    "12": 0.000017793816183339897882854889042670489684656298855487463309085033375522877408411804614520376481955559059933883612,
    "13": 0.0012206439419571514901910570244263350115432542965871680553814085994258162116622790610085446856343613960572481332409
  },
  "setupType": "Multi Region Model Regional Bidder",
  "population": 0,
  "id": 3,
  "worldId": 28,
  "implementation": "org.spectrumauctions.sats.core.model.mrvm.MRVMRegionalBidder"
}