{
  "homeId": 2,
  "distanceDiscounts": {
    "0": 1,
    "1": 0.42045,
    "2": 0.17678,
    "3": 0.07433,
    "4": 0.03125,
    "5": 0.01314,
    "6": 0.00552,
    "7": 0.00232
  },
  "alpha": 688.9306275588342032278887927532196044921875,
  "beta": {
    "0": 0.0710470148471682161339657568532857112586498260498046875,
    "1": 0.094318759803246499107132194694713689386844635009765625,
    "2": 0.07343202303704833566744270001436234451830387115478515625,
    "3": 0.0565903179080439466819285598830902017652988433837890625,
    "4": 0.070673995735674066676068605374894104897975921630859375,
    "5": 0.041292484789915373522006802886608056724071502685546875,
    "6": 0.046720062639288240102786176066729240119457244873046875,
    "7": 0.060262169234455230382163648528148769401013851165771484375,
    "8": 0.048848138999457446640661828496376983821392059326171875,
    "9": 0.052156177480859065853646683308397768996655941009521484375,
    "10": 0.07855255843210968980105946002368000335991382598876953125,
    "11": 0.08878382636205288391817447291032294742763042449951171875,
    "12": 0.0819047846046000727060487633934826590120792388916015625,
    "13": 0.0906608931699829645456389926039264537394046783447265625
  },
  "zLow": {
    "0": 0.0000044848598516107884385228288386002979483075385491188898037455,
    "1": 0.0000016374817132577303437554000099061165805622049624032859743126,
    "2": 0.0000029794065267899192047026694750238090600495723876952490486399,
    "3": 0.0000017369558321761698745469415253911870746581893564761231451224,
    "4": 4.083298731828437947681278861291712858665682189935744264109E-7,
    "5": 0.0000016918863344297414632013654914519606531848959369529092426119,
    "6": 0.0000184493956293941971381577396153977249363016303872120286552928,
    "7": 2.696977091003551304333291842852363392406423889289796965605E-7,
    "8": 0.0000043428238877153793361125118260805235194352094673779165702447,
    "9": 0.0000026025226890100145511655440341974295650768955111060673414485,
    "10": 0.0000010138861109156662208891955727194120912848119930041481855588,
    "11": 2.531393160794400603943833929901387149834812890084442062505E-7,
    "12": 4.551090373310511162651604927639519006868355343806966510367E-7,
    "13": 0.0000172903066907985712423518440640579652285908704424026792659551
  },
  "zHigh": {
    "0": 0.000166409385994809686039957222361449299500004949941072002916722680792381146409150439727468313465713895247225697510893,
    "1": 0.00006456897583722835298324935244761196683659249180877164166463646167875350066420913392419273546104144963901178151778,
    "2": 0.0001112605806748945277712951513558324334331438891601396906547113357430172803492955636699533587057084243407445805913519,
    "3": 0.000061938163238793144447198695918606672588901213773289273603106116298125851400359900863481535488873945636801753426714,
    "4": 0.00001513572656709257732174081260579757523398610850075706463666088594594300877762022072098497145607384664328875195728,
    "5": 0.00005774280910596282132716367672510047043446505665872756147178951167952984077589258362383483760837284725257187938409,
    "6": 0.00063967756082805667170577254273841104171134239598577671914341523371068886063340389674517647513340922562685553476041,
    "7": 0.00000971618817180570164808545975185011797333031899393454321751154034732449169506463313542863771082551538098642962571886,
    "8": 0.00015149860312318988293926112079648365979983359155622688456362057173250866569202694308520388978096910279979119264096,
    "9": 0.00009164944419689732681531051156262338898028230058097625290830241705102893363203868807255892901342146477477516952989466,
    "10": 0.0000383809181245907183073169115087056580758749792999907292780995064432547223036195257142805348969955758817972348141244,
    "11": 0.0000098416471908037846037435033443167850152914613374728596834088246187674650165164938867208756349492150558900842700104,
    "12": 0.000017380831887352197010973837046073399491307154775002291206413586224740798649567417936025539028021797198506991341121,
    "13": 0.000675464665501030231386652901358202437639636780554786471168616524791922350081106850626113437275602423157872521321602
  },
  "setupType": "Multi Region Model Regional Bidder",
  "population": 0,
  "id": 6,
  "worldId": 28,
  "implementation": "org.spectrumauctions.sats.core.model.mrvm.MRVMRegionalBidder"
}