{
  "homeId": 2,
  "distanceDiscounts": {
    "0": 1,
    "1": 0.42045,
    "2": 0.17678,
    "3": 0.07433,
    "4": 0.03125,
    "5": 0.01314,
    "6": 0.00552,
    "7": 0.00232
  },
  "alpha": 565.6024712106290053270640783011913299560546875,
  "beta": {
    "0": 0.09341792969278973901570140014882781542837619781494140625,
    "1": 0.0898040573087004745378436609826167114078998565673828125,
    "2": 0.07123652969826328729130437977801193483173847198486328125,
    "3": 0.0905603552640587283750761571354814805090427398681640625,
    "4": 0.09261784370448052083890644325947505421936511993408203125,
    "5": 0.052811951208543712887877319417384569533169269561767578125,
    "6": 0.07059934842735447746431276527800946496427059173583984375,
    "7": 0.09541717574680715074908476935888756997883319854736328125,
    "8": 0.07073684520493929428486268307096906937658786773681640625,
    "9": 0.05467795589296119140865215513258590362966060638427734375,
    "10": 0.0801896461773501101344407970827887766063213348388671875,
    "11": 0.08625947661374681885160242700294475071132183074951171875,
    "12": 0.041329912249392121437185920740375877358019351959228515625,
    "13": 0.05209353102840387494953944269582279957830905914306640625
  },
  "zLow": {
    "0": 0.0000033912412606703021800039537284397928380697315035447573534458,
    "1": 0.0000017099082058817789700649185983569663082510731244973571236148,
    "2": 0.0000030535618280075254641295419335602333874627179892379554886826,
    "3": 0.0000010791628985323699702646061686812334757807640233901258085368,
    "4": 3.097921071804866782389641520464717674066825398983694237297E-7,
    "5": 0.0000013152375555235549438889146939966879518008754141582353653443,
    "6": 0.0000121388929658798977063346325828618505658398553169790659654244,
    "7": 1.693517446411939296678916031797183918029336906324497706939E-7,
    "8": 0.0000029817331147267532492950302637424638413775856706758919407725,
    "9": 0.0000024682106573395886220645846795743949774038779016337920530120,
    "10": 9.874734452175887083614816258156002859436967995127148881773E-7,
    "11": 2.590483655113083325117268999528849658343381487727467530254E-7,
    "12": 8.967150597918854607456664443409256654096236065787715600797E-7,
    "13": 0.0000299180379456605786167380920335810547108455776803079672112133
  },
  "zHigh": {
    "0": 0.0001334175115861676583380397536025681533101554708241575477588078325335394233389146621760785236444940013201683639823784,
    "1": 0.000066652915627815817948044486843224508989647407395097931431393628763719184149166998543123526364631599975494479678898,
    "2": 0.0001133593696248598859154344479515688758115093811197600723547471353213902674151740116072050863675533128723193254737776,
    "3": 0.000042147824503859377727390298325351101221438715321160597554101414431322571960191277032672938468273445252454103655768,
    "4": 0.0000121629909117869996318708727654308093232389969595070114286002126657420076276934098670342136497501157830347065217291,
    "5": 0.00004640315282670207693676013670914129156258160482584087405786474701279854754132720973808109184810408673096194843601684,
    "6": 0.0004498665823784486596703135794533767388857976187451051569036699613801144011973670351869769872078476403369828473427426,
    "7": 0.0000066964588573815386186303009723197817257264431494841277974038836288754092684533995969403159032690433064552924370236,
    "8": 0.0001105438328196893817015044303244749003793583465562312837462618735458749641502214401024496887300894939379253544795376,
    "9": 0.0000875419910658427362240626323927656492912884768125750252495452426294209657417525055494717105163033768348896158869745,
    "10": 0.000037542717974680396826972398779014440292292000670065461149641927667319726231175053682351243287858049861888994229310,
    "11": 0.0000100059886080044538851686045107440208893452670634034402644785141000009573345200276989011299466955934838832599341361,
    "12": 0.00003060756726714726737165691145295417043098042189507070145538205399887905718622910165450805622709058565319815995925555,
    "13": 0.0010533947621729407461214529525578472247342289350519361489528859366438603465916132866765816126074296240817679947152957
  },
  "setupType": "Multi Region Model Regional Bidder",
  "population": 0,
  "id": 6,
  "worldId": 165,
  "implementation": "org.spectrumauctions.sats.core.model.mrvm.MRVMRegionalBidder"
}