{
  "gammaValues": {
    "1": 0.98713,
    "2": 0.94853
  },
  "alpha": 820.820337344202698659501038491725921630859375,
  "beta": {
    "0": 0.1097777269246019982151807425907463766634464263916015625,
    "1": 0.1664788925660131424510979059050441719591617584228515625,
    "2": 0.19199940664097703280077666931902058422565460205078125,
    "3": 0.191600928233199241379480781688471324741840362548828125,
    "4": 0.125481456810538072321747904425137676298618316650390625,
    "5": 0.09555500406095056298294565522155608050525188446044921875,
    "6": 0.1774854961229714589432404636681894771754741668701171875,
    "7": 0.1972685319980161111619310077003319747745990753173828125,
    "8": 0.16307603921357294307625807050499133765697479248046875,
    "9": 0.214148976643787569695831507488037459552288055419921875,
    "10": 0.0888677841011549507488354038287070579826831817626953125,
    "11": 0.194973395481692846065158164492459036409854888916015625,
    "12": 0.16035635332369813088604360018507577478885650634765625,
    "13": 0.11593067876089656331739519146140082739293575286865234375
  },
  "zLow": {
    "0": 0.0000028858562345545169003443172429081375828425507612208301861230,
    "1": 9.223793608113732996017826702654843411739166832131796353750E-7,
    "2": 0.0000011329469796388236044125407588474771965184013872930748339210,
    "3": 5.100673382956447363946264094612308179724723054953501406914E-7,
    "4": 2.286575060014316275603351941561105501422712109086403747225E-7,
    "5": 7.269139098738196291005694896052797586566029788003545781020E-7,
    "6": 0.0000048285519253175662870122763353417673135551387126598574400446,
    "7": 8.19140539942767742770841687847783470092719321742170407033E-8,
    "8": 0.0000012933745190036044455500648370449022482552937296020953175755,
    "9": 6.302001325041860760258315483491733960482345313916194431752E-7,
    "10": 8.910444542129440054491088257762811549834578351588568583927E-7,
    "11": 1.146073102509525345420285294500915789332553239709321254276E-7,
    "12": 2.311174703449057757450530887436880222425471993423999477462E-7,
    "13": 0.0000134436911324022058703712801041626844981246684998915162013743
  },
  "zHigh": {
    "0": 0.000118255960802694099948250659036618495653340048554439732739122052794085248536179717637848301876263311479431040822772,
    "1": 0.000043027050275703647834150409000480049977332714156572606784198010549515487096722318336112717150871494373926796547730,
    "2": 0.0000557409241737988301239244127101861900831798830614136527118988556914028037136171420503373702959677166778453618881,
    "3": 0.00002507495769675762071129090554875102148718996378431732751873802956354681498737635975809760133063934917971836993673,
    "4": 0.00000972895287641534811151200402871997280530665708981513995838413799785463147462994478967217304475976292468720048616,
    "5": 0.0000287534434572100174931097805773990457682534317651044504405955493946818868936089538365193915502613034722872744143531,
    "6": 0.000230556351161578717090642892027774241317256120615528901142275372088623869208049659680534822007690991539138327185362,
    "7": 0.000004073328137974023956906077940471580381916590395737145897686259364515231495392379575369761519653210222897606837556,
    "8": 0.0000598930749479949175891554675235480525856895883240173850503497030212429193699569955645317457023834684674996315214,
    "9": 0.00003240167532078065984290003845600900185061917570530984695444044987877154136672876523192038739357473844135860778784,
    "10": 0.000034649848244541055739601214777834866363484831739449720256104895032326405948684463244704942557771126427237980849816,
    "11": 0.00000567275695019377994607765339566021928231278231934900143654569570864965964722764705448402173293780514089305164048,
    "12": 0.0000106396395837378768216385107850370411359681296779795530853774476320522905514911129850475161354679506130118224789,
    "13": 0.0005591643577751895637304485946752961183526016596394426186577161023574909471139022260142146172581989107319456930659351
  },
  "setupType": "Multi Region Model National Bidder",
  "population": 0,
  "id": 9,
  "worldId": 165,
  "implementation": "org.spectrumauctions.sats.core.model.mrvm.MRVMNationalBidder"
}