{
  "homeId": 2,
  "distanceDiscounts": {
    "0": 1,
    "1": 0.42045,
    "2": 0.17678,
    "3": 0.07433,
    "4": 0.03125,
    "5": 0.01314,
    "6": 0.00552,
    "7": 0.00232
  },
  "alpha": 502.04625817295976730747497640550136566162109375,
  "beta": {
    "0": 0.050470446649946064388014832502449280582368373870849609375,
    "1": 0.0625498366149072893005467221883009187877178192138671875,
    "2": 0.04310655201202785724579058523886487819254398345947265625,
    "3": 0.061613582008699652181604733414133079349994659423828125,
    "4": 0.05425680319506183402200605314646963961422443389892578125,
    "5": 0.0542691199466109608362529570513288490474224090576171875,
    "6": 0.09934760879711172776307392950911889784038066864013671875,
    "7": 0.0666062196049414245724307193086133338510990142822265625,
    "8": 0.075275080977995900699539788547554053366184234619140625,
    "9": 0.09433294341137014871190302756076562218368053436279296875,
    "10": 0.0876021081665501188950884170481003820896148681640625,
    "11": 0.07800077383125654517659341991020482964813709259033203125,
    "12": 0.084629183761876392022571735651581548154354095458984375,
    "13": 0.08744718347293767291006361119798384606838226318359375
  },
  "zLow": {
    "0": 0.0000062769949284949409684312271651182003080568191854677664281342,
    "1": 0.0000024549495701964446858330890469633541330206543743200197083826,
    "2": 0.0000050462200684862478748215751439681666937948229059749975520957,
    "3": 0.0000015861661064452265210972060014771714389834539328918205126028,
    "4": 5.288235810829232833143419910928443243575287108045525573038E-7,
    "5": 0.0000012799223882437768055467014491805701304699350856814706184944,
    "6": 0.0000086262562772968548923652781885187568579841085691720235864793,
    "7": 2.426059499743532702059307639048129289056124514920438590735E-7,
    "8": 0.0000028019683411635602470124738790888753309345876851091121663128,
    "9": 0.0000014306424518953805716788316559382016944673105851524269006463,
    "10": 9.039182713614569662477305570226804436361734501042218336764E-7,
    "11": 2.864763428500471920427308594739770557877494829643623565109E-7,
    "12": 4.379240480232810684816886737885454541173868760625952804557E-7,
    "13": 0.0000178226007532141378500764357474151694228227616131985436172849
  },
  "zHigh": {
    "0": 0.00021999012162090682199085795670292037740976810128184781999945790760019266755457641233037106816121513908492012338986059,
    "1": 0.000089004156557255789421089600301416143732734844889777808974426199776184875579053256114709554548468275393516609545783,
    "2": 0.0001731391168392215582361954442638068750014725286218713342571387327076921257170296813021217022821151585077517258271279,
    "3": 0.00005735792074124507425236829330922924011751941260621143867607973112183611091781754625804032895227836024102248034694,
    "4": 0.0000187339351288600977841322079368219860317643820866925054358231710585075077026612052826147290570182017312862791412730,
    "5": 0.000045343697808308732786493739364657756922653394971537931652368144334612159744468018880827488479226103104165630350790,
    "6": 0.0003444874817209573752512329476230839276501252163108938855353167105551742221732303493669704778384910856209821822048920,
    "7": 0.000008894085017376318834771475794072617838806805975271950448791811879010285698160581186906520034810863683408733902813,
    "8": 0.00010515088961279359163302773878486724506606840698922789051246979364848824026257175416907005795147472719936039417954,
    "9": 0.0000564149449025164947124900416836798508031914573181340706785744262542674988837031859341272439455296851121344611664988,
    "10": 0.000035036062758996444563559866715226845023066300187810669514616595058725143753122079535310164346831749159692534453,
    "11": 0.0000108288279281666196710987232963767835879476070891519083690451295751220869861507245582012500197309808720055943464539,
    "12": 0.00001684383691408913560373757833638276409221331997958541306666148007020982053258451006106600065103616524714533660912,
    "13": 0.0006905316463995475231216032639728706660935444530386534411350340017756433445526508166996903149072196668987593048752
  },
  "setupType": "Multi Region Model Regional Bidder",
  "population": 0,
  "id": 3,
  "worldId": 165,
  "implementation": "org.spectrumauctions.sats.core.model.mrvm.MRVMRegionalBidder"
}