n,evef,gwef,geef,owef,oeef
4,0,0.0266666666666666649,0.100000000000000006,0,0.0666666666666666657
5,0,0.00999999999999999674,0.0433333333333333348,0,0.0400000000000000008
6,0,0.0366666666666666669,0.0866666666666666696,0,0.0433333333333333348
7,0,0.0333333333333333329,0.0233333333333333344,0,0.0116666666666666689
8,0,0.00666666666666666709,0.0149999999999999994,0,0.00166666666666666699
9,0,0.0116666666666666672,0.0116666666666666672,0,0
10,0,0.00444444444444444444,0.00444444444444444444,0,0
