{
  "regionsOfInterest": [
    6,
    9,
    13
  ],
  "alpha": 73.14249236880328908227966167032718658447265625,
  "beta": {
    "0": 0.084118442573749618862422039455850608646869659423828125,
    "1": 0.06550688032710429153926412482178420759737491607666015625,
    "2": 0.097932267457812083311097239857190288603305816650390625,
    "3": 0.05695531683491501795391087625830550678074359893798828125,
    "4": 0.1014566940109878079301353182017919607460498809814453125,
    "5": 0.088263084071072250846867746076895855367183685302734375,
    "6": 0.1073876497497874282771590515039861202239990234375,
    "7": 0.061583975061707409148770153706209384836256504058837890625,
    "8": 0.07442556504126128513743054782025865279138088226318359375,
    "9": 0.09602577870645893909351542561125825159251689910888671875,
    "10": 0.0918086858939702599169407903900719247758388519287109375,
    "11": 0.1103542718978267611618093724246136844158172607421875,
    "12": 0.105139148219438649523027606846881099045276641845703125,
    "13": 0.058717283933614965174552224880244466476142406463623046875
  },
  "zLow": {
    "0": 0.0000037900806938169531523591912331750025820118378625442583348382,
    "1": 0.0000023590252612911655675971929030690586520270515362800431209092,
    "2": 0.0000022352927855385066930737618769833315090346673381525776151618,
    "3": 0.0000017267982715652337778124874362889521949756331397960174660913,
    "4": 2.846001087228535458058015321498347112871056387163438893852E-7,
    "5": 7.919687954118439578101659550051660255576389715625378392828E-7,
    "6": 0.0000080311214068372924904835597121587718203107393467896597084780,
    "7": 2.640579630496451065714045432398214252114905044747196926579E-7,
    "8": 0.0000028519576273988699462689091300722466745729306337127347556507,
    "9": 0.0000014143516769623843448581992570463613657425013292599738239195,
    "10": 8.679819731598475293874620444579963673573216482085552472627E-7,
    "11": 2.037742387151771368142335106950504045960599748160820340810E-7,
    "12": 3.547359850883851576496355963106656829943431607121347820121E-7,
    "13": 0.0000267117105606986349381257921458333934317765078351323524793254
  },
  "zHigh": {
    "0": 0.00014558398933378044316065021156210844954937705504097791295209630964647945434651367844271909189073885472327707418894,
    "1": 0.0000862239963867365984993753225274067624389663262326297991362684610597760130292878746537587847977352719464260587645766,
    "2": 0.00008894951265814268311271647036454126544973325799234380573743552891726864816965094461815614400935772381730069474067,
    "3": 0.0000616389824136551647679599670127959515530566752753500619640690643335036953054235295635802537533813500102001483558906,
    "4": 0.000011425461876304447807691699305478313321856295882951274706953606635206164902040884163909257979427323635648014667750,
    "5": 0.00003074922469946545900765431757062471165123738153250452913373047500765272140651962153507482171691340641392913944510,
    "6": 0.000327177967478665097903762540684324409641947020947736177724163633497857100414341154265606309828889826162434527,
    "7": 0.00000954791279261881327382823577240085178190277785570961019695162507527307778014756537454756939351768389296826841487492,
    "8": 0.0001067845846112556796857230623585487403367250589500659066774670776141687870126685221124461681835692089855935661623247,
    "9": 0.0000560119724233814322119469146664675008740609746407638007769619709598727200565219517337282389382669235584163086664403,
    "10": 0.000034008287628341522543872837988704343848311353328040808719715840490075035949012131659074272826718892209424428344052,
    "11": 0.000008361962935950045536713292667502147335781604548270641705205322379429122773416968561231213933274483756966254752,
    "12": 0.00001437174348414918529710351459293120770518701200204733510624394587040415840538236377237066172185476017485288192035,
    "13": 0.00095819522615546736316927322128092523957277013144733975000700236864142673249734487139651438699482852207013026922389451
  },
  "setupType": "Multi Region Model Local Bidder",
  "population": 0,
  "id": 0,
  "worldId": 141,
  "implementation": "org.spectrumauctions.sats.core.model.mrvm.MRVMLocalBidder"
}