{
  "homeId": 0,
  "distanceDiscounts": {
    "0": 1,
    "1": 0.42045,
    "2": 0.17678,
    "3": 0.07433,
    "4": 0.03125,
    "5": 0.01314,
    "6": 0.00552,
    "7": 0.00232
  },
  "alpha": 748.567599876704434791463427245616912841796875,
  "beta": {
    "0": 0.0685356299803155100125451326675829477608203887939453125,
    "1": 0.041950001042237151926972416049466119147837162017822265625,
    "2": 0.053296834801150001770242425891410675831139087677001953125,
    "3": 0.08278816781201149554991758350297459401190280914306640625,
    "4": 0.0949966658606393732355854808702133595943450927734375,
    "5": 0.04402653871416913056169306628362392075359821319580078125,
    "6": 0.0655648954413038664856827608673484064638614654541015625,
    "7": 0.0710700691982630028409317901605390943586826324462890625,
    "8": 0.045917951362950230886905700344868819229304790496826171875,
    "9": 0.04093392711070098499703817651607096195220947265625,
    "10": 0.05630330371630820618378265862702392041683197021484375,
    "11": 0.051459838881414136924075108936449396423995494842529296875,
    "12": 0.04963320139673167707972112339120940305292606353759765625,
    "13": 0.090304482483190506858505841591977514326572418212890625
  },
  "zLow": {
    "0": 0.000004868802217134010589831335763290139557976694830318539443895,
    "1": 0.000003855550491643161183733509805435474122126099177580999013273,
    "2": 0.000004298903245918599931691875467780152957966914715733262432462,
    "3": 0.000001243387417618443276992142856287236618216304850782003875505,
    "4": 3.18131202821680908141145284583863443479501166956079692272E-7,
    "5": 0.000001661772192461685406886630909666815508926703797819852796638,
    "6": 0.000013767592975625977947768583971746888642959383665126409953024,
    "7": 2.39485437676924088103201812993813272015360920552307579915E-7,
    "8": 0.000004838174940700391108694378978890015914489780631575972058068,
    "9": 0.000003472647470403500191581406823524030768272920071147083153353,
    "10": 0.000001481356065569407398488521027133779740696731429978313459270,
    "11": 4.57371257716105350057612808208428281938754126833903121373E-7,
    "12": 7.86495558116579038552254197039309557324899702749261924449E-7,
    "13": 0.000018178465176922535656943235031182214312876796183148504113582
  },
  "zHigh": {
    "0": 0.00017943270923410394986560904288964015849853082795579171646068166517399617029403190165919342902356927902212307595292,
    "1": 0.0001318405494635776930298480253176029231271646721008652632694479975502268362887023087297394532365756043277725705709358,
    "2": 0.0001518788909899431120657143112291345022557552250961808789648630601635200884407772511534067947250198305112765107976356,
    "3": 0.000047595399147067228392159770633816297925193076592076635913890229620902260776681202124036941127957891237031779100623,
    "4": 0.00001256607644207987874130581166763329201664943166983582575211674263880681002522413717404650253118710694125891457,
    "5": 0.000057169373550404973005828933395505098675551567514280557335357064127414169428745941368961601795846993857179197506801,
    "6": 0.00050329486866131402000932082892112940190413026937436052759041028479312692547715409374578261787730031175007714778565,
    "7": 0.00000888658779307525230907189695250286550553411029479640183776013700829903265926748975681977232783143970688265104940,
    "8": 0.0001673611563822642509016626109758560955147512427377535836826699793014740918731524480776250477208148606400336742095177,
    "9": 0.000118394333955570709038224181835514637576655583429481439184220063793039076848967173850819333810393976022087219,
    "10": 0.000052781206014257193788158538775077161596987302119662322620305542027542539128963068924533651272296817580339723215,
    "11": 0.0000160747628545892128695901613444078540698175282625183231984598247421531616859567858868710106276040926725054944131980,
    "12": 0.000027498495986860876220586871357967188674530219840050281397697179392285034815872855161197199594431838943342945135204,
    "13": 0.0007095136443217450436456657124695610048717521416828511807551238613904320684258462414704840315794552978666623020535
  },
  "setupType": "Multi Region Model Regional Bidder",
  "population": 0,
  "id": 6,
  "worldId": 155,
  "implementation": "org.spectrumauctions.sats.core.model.mrvm.MRVMRegionalBidder"
}