{
  "gammaValues": {
    "1": 0.92901,
    "2": 0.71606
  },
  "alpha": 794.635882165637667640112340450286865234375,
  "beta": {
    "0": 0.1352600363827708151998052699127583764493465423583984375,
    "1": 0.1734744033695309328724221131778904236853122711181640625,
    "2": 0.17608064852537441691282538158702664077281951904296875,
    "3": 0.1193342870882372341867494469624944031238555908203125,
    "4": 0.08952487807757912585682191775049432180821895599365234375,
    "5": 0.19423852709112165992877407916239462792873382568359375,
    "6": 0.21245163703748770611667850971571169793605804443359375,
    "7": 0.153921055373190396320381978512159548699855804443359375,
    "8": 0.101870559163496465782117184062371961772441864013671875,
    "9": 0.21659679686355648442486199201084673404693603515625,
    "10": 0.181149162426331999942163974992581643164157867431640625,
    "11": 0.194597161683001562693107189261354506015777587890625,
    "12": 0.0935814503465013658445315058997948653995990753173828125,
    "13": 0.1474136384295161306123844724424998275935649871826171875
  },
  "zLow": {
    "0": 0.000002466999389653725615092332960119264711851096151192177039757,
    "1": 9.32358572799315193494548488577220278009916616596706659583E-7,
    "2": 0.000001301210201363119644626770036302687998843133412012021058060,
    "3": 8.62600084995068140933670171690497621821267995862450440686E-7,
    "4": 3.37575478718951221815684636102147960615200599391065501057E-7,
    "5": 3.76660999551454241015431103100907260667063153504684403323E-7,
    "6": 0.000004248829552516311946130322992158109616320340914923048564776,
    "7": 1.10577767196363979544737518246740926913165412942126042846E-7,
    "8": 0.000002180797704820412923074487923686913913978455523188221133773,
    "9": 6.56284397983054123306083273463166640959477754864182990459E-7,
    "10": 4.60422998122710944288036581388359540308061296418438631936E-7,
    "11": 1.20948584385835164047296712072352383383562738301208790335E-7,
    "12": 4.17137074592202669969336970039161300281229000495816874695E-7,
    "13": 0.000011135990588317223073646293342617315459060125424177585444069
  },
  "zHigh": {
    "0": 0.00010737862440969540062343895879451391311476286758200084433656528726878462725456148335791337147502541014566529974291,
    "1": 0.00004414479189826231332267918581185530780367919527133649265876508233016001847249063449988030934970131684493408495682,
    "2": 0.000061948099653278703453761148284810553482041785984543637732823880116066190388452282635328763416195080636100598999,
    "3": 0.00003617177916836597431040559009591412803334197094449003286932290114658915714111916111033441751923773159030217785,
    "4": 0.000013149404718997988151541992213181827530720414642885400015669432815821349865638547753282697808466339972466644931749,
    "5": 0.000018616037763098038029692939198527851227762348184825505535891498435732498623462501996821454981028602799641882077,
    "6": 0.000217731965968024039960172999533466031104958986868259685942964303192872369222279126043110946802634230274406710875,
    "7": 0.0000050193576786584490523179681100906951524682450664909557256866258270640632232461491805935302023014491889790650188,
    "8": 0.0000876398393058649053330658793197630354994114894861210559538400649109532128063439153547197310566514886598585599484,
    "9": 0.000033903441782957326989964475333688713757252313940994434297406887129816266683148506777346519685349744076456425,
    "10": 0.0000221532139908563001621440054027145555853271981128660778002958007716960415619409268711080934942547200325523750519,
    "11": 0.0000059820826546811072892806784603255771131617866065374932673469752658256273536041940169772398608187860028876082,
    "12": 0.00001641774148112958516309935454796274096322009877244692990506799553975297502075791189790503903352003047824471827159,
    "13": 0.00049823940666358566614675746181261403925725201891372362066973427490602474313152864149897059688360249410303308309616
  },
  "setupType": "Multi Region Model National Bidder",
  "population": 0,
  "id": 9,
  "worldId": 155,
  "implementation": "org.spectrumauctions.sats.core.model.mrvm.MRVMNationalBidder"
}