{
  "homeId": 4,
  "distanceDiscounts": {
    "0": 1,
    "1": 0.42045,
    "2": 0.17678,
    "3": 0.07433,
    "4": 0.03125,
    "5": 0.01314,
    "6": 0.00552,
    "7": 0.00232
  },
  "alpha": 762.39031450262336875312030315399169921875,
  "beta": {
    "0": 0.06446877445153424701640432203930686227977275848388671875,
    "1": 0.0684438255166764097925380383458104915916919708251953125,
    "2": 0.0786723962330369008810748709947802126407623291015625,
    "3": 0.0856244586101116700316282503990805707871913909912109375,
    "4": 0.0734232597051352187111916691719670780003070831298828125,
    "5": 0.07347687684674253372207886059186421334743499755859375,
    "6": 0.046256654375286497538066754486862919293344020843505859375,
    "7": 0.0675727010171276731842482377032865770161151885986328125,
    "8": 0.05955949951543661191610823379960493184626102447509765625,
    "9": 0.0842694871872790851607959439206751994788646697998046875,
    "10": 0.07580769458783338798912865286183659918606281280517578125,
    "11": 0.06406242609091551687416909999228664673864841461181640625,
    "12": 0.050989731591273478039649802440180792473256587982177734375,
    "13": 0.0844475650056205340288073557530879043042659759521484375
  },
  "zLow": {
    "0": 0.000005175938739950642153673341328596302259372537654532588530935,
    "1": 0.000002363110856558132773412384941712342328156372201964884569887,
    "2": 0.000002912304023957486142700474983163108590591247757763678299451,
    "3": 0.000001202200491028658558394804208510066721824096152668068789220,
    "4": 4.11605310029307125423446506875575439752039463393253506210E-7,
    "5": 9.95715671450556736808933302427212407222106909133609760154E-7,
    "6": 0.000019514398654988242188259768218757846286924551598770249236238,
    "7": 2.51880513454111735800464134102215015308517084570032493384E-7,
    "8": 0.000003730036071826729456221141957440851884977254345528924845969,
    "9": 0.000001686839485788578221631127185334492716835285167798560933909,
    "10": 0.000001100221302405042192741827325277930137894802637689397786348,
    "11": 3.67395565033059565779787251170248481096091162826688852476E-7,
    "12": 7.65571639924377016493529543540436936383202501793640135633E-7,
    "13": 0.000019439244814595078051083391711493020332243726828767031598671
  },
  "zHigh": {
    "0": 0.000188646804918602896780869209848825039540406112682213189071881359159860020416289847859617287900432740086999827798850,
    "1": 0.00008706736041102684072021427940590896930807286283238182996786788626315798195961870372726591414005642661312103642595,
    "2": 0.00011028091433110969839597229669062317123448521635709335497453206982800277192037191149724254449991898815851083526,
    "3": 0.00004635979134937368683423961120050120103342681564865858332534442279492108362828743191686501706858889136305594808110,
    "4": 0.00001537029965830866525977484833638465190482558056295104017025570413589165356310007723325985665897425823333764053503,
    "5": 0.000037187677920071112903498005178317005624413660853693266240811958390575855406648173144854472657095209959650770794,
    "6": 0.0006756990390421819472240563563314581312230853073836757060868280339415821553986082893808824725463123721083058220064055,
    "7": 0.00000925844006639088173998976658575491780432879521532814924182106960066098243046338516983841144616830186137426590974,
    "8": 0.000134116990316054401327465500332381174629375454156342167319712058970228539156364821869971595263463519322232693354522,
    "9": 0.00006482009441712304993971579268982849603352653632902577260090478014195847861056861043582844657682300137500516615335,
    "10": 0.000041347163119326237615757727719401673512929438350994852432666504178046808907042588069895476279769489338150030587994,
    "11": 0.000013375492074097839341255394633262460044537639342301895131549572875625238929016179464586027670219720586755646901138,
    "12": 0.0000268707784410948155588251317530010100462793038113816277332156956921399563050513931815927784962430865612543327343095,
    "13": 0.00074733703345192131546987041287888518545276006105140700530779986680473455634326542963553786994192563399600776426553
  },
  "setupType": "Multi Region Model Regional Bidder",
  "population": 0,
  "id": 4,
  "worldId": 155,
  "implementation": "org.spectrumauctions.sats.core.model.mrvm.MRVMRegionalBidder"
}