{
  "regionsOfInterest": [
    0,
    2,
    3,
    5,
    6,
    7,
    9
  ],
  "alpha": 64.9071210985614328592419042252004146575927734375,
  "beta": {
    "0": 0.0764410835851432324261622852645814418792724609375,
    "1": 0.091029017286959057475570489259553141891956329345703125,
    "2": 0.085390908586552016767967643318115733563899993896484375,
    "3": 0.07002551225075104301964756814413703978061676025390625,
    "4": 0.07051000880882506149927024807766429148614406585693359375,
    "5": 0.0830654060167082819443606922504841350018978118896484375,
    "6": 0.061243930097167005588421062611814704723656177520751953125,
    "7": 0.0981788531337663139542115686708712019026279449462890625,
    "8": 0.06790782751583594734068327625209349207580089569091796875,
    "9": 0.08404343322986440600885771345929242670536041259765625,
    "10": 0.050606844018121481532102023948027635924518108367919921875,
    "11": 0.1113080356508043544661035184617503546178340911865234375,
    "12": 0.083555658112941078030644348473288118839263916015625,
    "13": 0.0843016168433224077904952764583867974579334259033203125
  },
  "zLow": {
    "0": 0.000004365275994932261956567181600004846326747338677875091568042,
    "1": 0.000001776799881657073763802241628834510103294531984528733588764,
    "2": 0.000002683165455390578959156799979780221240119604679983541208105,
    "3": 0.000001470003758295038602340701474293533656235973582771982198993,
    "4": 4.28611541607295782336267660057204629822921158961886505052E-7,
    "5": 8.80776742978031574788033877300433699905479675156955681440E-7,
    "6": 0.000014738942985749083383429712795613655835351975351123493671404,
    "7": 1.73359599184618933043069973139843227695367464980339174545E-7,
    "8": 0.000003271479735686113586653536783391470294093463107110407408405,
    "9": 0.000001691376624820522856392404851066333271088469698768678214435,
    "10": 0.000001648101992724218655303946774617429404473719969602990842940,
    "11": 2.11451501173719992059570552038280887651244588535566319995E-7,
    "12": 4.67189096648251042683142886769094227585257832772202206506E-7,
    "13": 0.000019472899235036698108145931261867260494069623341299822826015
  },
  "zHigh": {
    "0": 0.00016432692256805149086768441799108136156165014338248828018509300557287535463335909661631092213115463054343605,
    "1": 0.0000694780311639950704319099800195740025622176563092973005341872313391833521427194761273925844151282112681491048511,
    "2": 0.0001034067572741024828896620465891365507203359240236892422341581475074597731679479551334906027578737119596654000509,
    "3": 0.000054393889367365088152616529174005209065783138551775985618522504846593877111350973474127695671384732122134078970,
    "4": 0.000015880486605648324967159482931833527606952031430010030135510037684559934905899431900115176255636345712127173591766,
    "5": 0.00003373951006589535804287102242451364440491484383439364387941198282520955373081617093795108703979078365864843796168,
    "6": 0.0005324353689650071830791546936371324176759080199542730391418016721549652595978781945066294337673768381626505500702213,
    "7": 0.00000690281263830609765726794175688376417593430662763734967667041898964057415921589694341614779697259747033626903762,
    "8": 0.000120360300231835925240437345110899726902861717003786644192802288106146102596537544172663201663248898164872781553660,
    "9": 0.000064956208588081388982554122661783712661122072258129291016690575244514589620937703415527000985609320920344893669,
    "10": 0.0000577835838289015314926213111995866515102969583084026441304065030256184426018367211025357775963412131732228636062947,
    "11": 0.00000869717015831765212964889365930343224119224211356821915711853290472687547277131365163363034616068557500444034031,
    "12": 0.0000179193021428110363445135320498607287823409637407384898594093763956848325025191451483231089188570472022267326,
    "13": 0.00074834666606516991718174659939011239030753695642739074212811642335168027020907985394473209548379696372876037387599
  },
  "setupType": "Multi Region Model Local Bidder",
  "population": 0,
  "id": 2,
  "worldId": 155,
  "implementation": "org.spectrumauctions.sats.core.model.mrvm.MRVMLocalBidder"
}