{
  "gammaValues": {
    "1": 0.91840,
    "2": 0.67359
  },
  "alpha": 956.403925273681807084358297288417816162109375,
  "beta": {
    "0": 0.1568104610494349959726179122299072332680225372314453125,
    "1": 0.19350910606243021394590186901041306555271148681640625,
    "2": 0.08498357912191438490179251630252110771834850311279296875,
    "3": 0.120653395930564621973957173395319841802120208740234375,
    "4": 0.20062201986954908417004617149359546601772308349609375,
    "5": 0.16070185198313391428115437520318664610385894775390625,
    "6": 0.189114427562871389998377935626194812357425689697265625,
    "7": 0.175013172957146745378764762790524400770664215087890625,
    "8": 0.215315049791641455190216447590501047670841217041015625,
    "9": 0.1979037536776187822251671377671300433576107025146484375,
    "10": 0.11329986561223115426599861166323535144329071044921875,
    "11": 0.13219497669846003162774650263600051403045654296875,
    "12": 0.1082416844530429411719296695082448422908782958984375,
    "13": 0.1200132678316091772163787254612543620169162750244140625
  },
  "zLow": {
    "0": 0.000002127960245558111174340807852439174549070274106592511868041,
    "1": 8.35828093230132790216471300715409171040346711318484859947E-7,
    "2": 0.000002696025967500930899161641812118056209324017296465919005485,
    "3": 8.53169240626923004861604922165199290097903301339275226505E-7,
    "4": 1.50638517117639666313681830211862857003825219701561209792E-7,
    "5": 4.55265927944767320776653541084298841284006652175917009627E-7,
    "6": 0.000004773146108195539366106964505357131173965159966026300489479,
    "7": 9.7251231664960605294126730208148944210622122485595562983E-8,
    "8": 0.000001031786128408147190260757149958497545724701301820834009474,
    "9": 7.18273887145238504882351186228860175588173298628799739166E-7,
    "10": 7.36145978824054344736464750644196685726704993463679719900E-7,
    "11": 1.78041948483014503592828273185981570506478404184753918296E-7,
    "12": 3.60640104880940293024063402665249827566713856374007501982E-7,
    "13": 0.000013678461721782437947768410528428078733386693810311040267611
  },
  "zHigh": {
    "0": 0.00009720745008682696740089320556411120823133820624401088918507710841221733608075026421145665871372008907771011365886,
    "1": 0.000041248877511186841224336870176000974594592098112989838669681452794617625342325185527906022588989610300732951101,
    "2": 0.000103792572637413041089807301559271599796468302518160576155558669328083632643727337006434335977943036223220223366430,
    "3": 0.0000358888538373216202282436326101551780816410301087947764438751462914012892455552819425562434041357268927151950735,
    "4": 0.000007541295870958641486481908036473274422379153252200271277708136384050672695111034079092663794032431410459066884,
    "5": 0.000020974185614897430422529612338029598646270653144962483725011495985121944112025422128558595736049012550801500025,
    "6": 0.0002334614626384008625594722449294366778343035584013572436840460588800217252628900783054494241543682741619376392441,
    "7": 0.0000046195616127163478247996444689329356713919463527950413297981864271237622525012712391216565368606668586815737922,
    "8": 0.0000531694920134969333486539561079105444517988628450994422248638951684168074738358732207017638636865729150093302853,
    "9": 0.00003576312645782285843725251271665951979611318025393293675860761526202564052841208392195908547862290764019771172448,
    "10": 0.000030424903411896602175596850480389669947886509024223310439224403356002437511318156923981197716047639425744556247,
    "11": 0.000007694883577596487475646625293734452726849256583043847106148485893167870960188541221342157644365003754258270,
    "12": 0.00001472283238979171385474114752674539678178464444879264872368074831734876134819448016011724522837623266060142673,
    "13": 0.00057451354066754211237042097738693693748704907049772726537601265574856488849402891996191581120061636010122088802757
  },
  "setupType": "Multi Region Model National Bidder",
  "population": 0,
  "id": 7,
  "worldId": 155,
  "implementation": "org.spectrumauctions.sats.core.model.mrvm.MRVMNationalBidder"
}