{
  "regionsOfInterest": [
    0,
    1,
    2,
    3,
    4,
    5,
    8
  ],
  "alpha": 88.6841501032932200132563593797385692596435546875,
  "beta": {
    "0": 0.08054315867950613549997029849691898562014102935791015625,
    "1": 0.09693562897845796333395895771900541149079799652099609375,
    "2": 0.0711362268876520043026090434068464674055576324462890625,
    "3": 0.06448113883241680943658735714052454568445682525634765625,
    "4": 0.0926895240916260909624924124727840535342693328857421875,
    "5": 0.1117922039911534437539586406273883767426013946533203125,
    "6": 0.093685316521387118626762458006851375102996826171875,
    "7": 0.081273730180286773983056036740890704095363616943359375,
    "8": 0.05489173542177681885956275209537125192582607269287109375,
    "9": 0.05559466097487286706524400869966484606266021728515625,
    "10": 0.06594970689657735085642542571804369799792766571044921875,
    "11": 0.1142483897320008268128077588698943145573139190673828125,
    "12": 0.07702619978587667282088347064927802421152591705322265625,
    "13": 0.0746148741815697291723807893504272215068340301513671875
  },
  "zLow": {
    "0": 0.000004142951836898115286881948755764965130981759892926328573021,
    "1": 0.000001668533529387550429440271046699200515092089332741396722855,
    "2": 0.000003220833408633062856773397139808406570197740001646427773503,
    "3": 0.000001596401181013091349973342407932725783079151924053861766070,
    "4": 3.26049830015524123172829424781447379611855377654773965292E-7,
    "5": 6.54447046873981575696695317480645549448477121169647103222E-7,
    "6": 0.000009635136299286334937500811308244169569669318699110193325678,
    "7": 2.09418794854374934238206531340394320863794751840264954447E-7,
    "8": 0.000004047222772344514711966430949662260657123519758410107398517,
    "9": 0.000002556883987455273749386787433214531156717251221152080049304,
    "10": 0.000001264679471624433746277662272514340748501675071471170978726,
    "11": 2.06009478875552589283667024737428115282034739365799333300E-7,
    "12": 5.06792397160331483433466527028329556786465935047208876906E-7,
    "13": 0.000022000933569169951150489881345955653641036728347273085964530
  },
  "zHigh": {
    "0": 0.000157657197827027090777127432663884925688682779834025390334457273493565525220965816463921032129470608441955198629575,
    "1": 0.000066230040595909370401050862555514714916144376755677194556919218156503248089534507405172502200814016434430489294641,
    "2": 0.00011953679587137699981815996138998211062267998367357583919610353107798148605305716364476582330613034557906098148550,
    "3": 0.000058185812048906670581595757183180972871078488790232372630836562453618234124471648232281050203040193612129500346462,
    "4": 0.00001280363525789517519225633587356081010062005799079665394271915738712329728473678100835560038769960206702572734157,
    "5": 0.00002694961918277385807013086562991999989120476721477438653284928534452248775879002131989826084706089151063557145197,
    "6": 0.0003793211683711247297012876490160478297054283203938740287700284320554319820539615531402453703368128164506912613,
    "7": 0.0000079845885083987776931220385029002969709871252334351230737279108784401650312544872529658978604145033593953419427,
    "8": 0.000143632591331587958999824170099023437793763416542777643896151231037736360747981657510326061900979824424037551354608,
    "9": 0.000090921429467123915772385600126229649229985517929631346062735445898716718152270732505662458291825680001368551756,
    "10": 0.000046280908195907984221832776136493991831135611364448048203993883461444851593168078932317126171217599635323478299763,
    "11": 0.00000853390948937263004637178784027784907011594663847520955629663383114539696274726455955574303198611182617834577885,
    "12": 0.000019107401158173449567023241257637788658377206808988689971396660317960874081440740591489266848089222149590533942728,
    "13": 0.00082418769608916750845206510191276418471655010660658863628357323625147166194458535168336028523784328078533944909791
  },
  "setupType": "Multi Region Model Local Bidder",
  "population": 0,
  "id": 1,
  "worldId": 155,
  "implementation": "org.spectrumauctions.sats.core.model.mrvm.MRVMLocalBidder"
}