{
  "gammaValues": {
    "1": 0.91590,
    "2": 0.66359
  },
  "alpha": 814.3608386318077236865065060555934906005859375,
  "beta": {
    "0": 0.10156417152226641931189732304119388572871685028076171875,
    "1": 0.20579379248403106839049314658041112124919891357421875,
    "2": 0.1729080511255383090229997833375819027423858642578125,
    "3": 0.1667939914234725928832148156288894824683666229248046875,
    "4": 0.2042260706439733564110383667866699397563934326171875,
    "5": 0.09001300184518930269650383024782058782875537872314453125,
    "6": 0.1884162967375461461561059195446432568132877349853515625,
    "7": 0.2030531948657660346047038046890520490705966949462890625,
    "8": 0.213047153526525201439056900198920629918575286865234375,
    "9": 0.1809978793448354383865961381161469034850597381591796875,
    "10": 0.129364442910693100419194934147526510059833526611328125,
    "11": 0.099816914466689665719201229876489378511905670166015625,
    "12": 0.11954675975143269628375719548785127699375152587890625,
    "13": 0.1674002360589585125527634090758510865271091461181640625
  },
  "zLow": {
    "0": 0.0000028828511395878428594212699938833128147992368085296037234154,
    "1": 6.896207270375795814246319960505597586584997947177456820869E-7,
    "2": 0.0000011627010871556030142786511571808030436719799261877655391108,
    "3": 5.415250408263289896503186533955759174219089904367691282346E-7,
    "4": 1.298457247344485929927561454616840565310012323736387726556E-7,
    "5": 7.131895832266167835975375633011079134060285995490929787254E-7,
    "6": 0.0000042037330887304509388139620148596415537392602796850726176754,
    "7": 7.35495851567577069304750044328437521995186163997161822653E-8,
    "8": 9.149819803261608825968618330515265797185279902912464373065E-7,
    "9": 6.891199594636053365527447578754005559427154125851910974335E-7,
    "10": 5.657214189740851520027726002698231095374561016559639834154E-7,
    "11": 2.068985066878509341419239948394502583112110501057858991017E-7,
    "12": 2.865200110852417877428217899334633638871803001381903280920E-7,
    "13": 0.0000086046787412985979320691770019345132660637802860027935891304
  },
  "zHigh": {
    "0": 0.0001157649729490613741603537204149298024961363936862143651728564264304034919158217717529530484380319663911298352380586,
    "1": 0.0000348805882903932160282765668066874481002248686150257843904715535407081115036610580451483566777502608809396033606,
    "2": 0.000054985070516830088359295998503006274495633909669570166939574546253499733223272430621207996170722858982911962421,
    "3": 0.000025278063526308106010778423682408120640830771258183371077369970309070690513240119398974597090124879438857436515781,
    "4": 0.000006547159957276999483463361356259580811808489101871148430040789206067617179217004031380059692890398845128471809,
    "5": 0.0000278153210238932281385557624833765795444108878651945988734421813058326848074735927759520628166563646086103627450484,
    "6": 0.000205317174767081332900728570248327304992303839272676392151885429811517709232603826878071287228986940342942000254314,
    "7": 0.000003699935379415868784347848912283068041859956041697453110555899511865355568684439661574531092944006308070547486813,
    "8": 0.00004694289005343999237406262664689710705499692916367832765064082868882692585060144896298612339220732097995987990732,
    "9": 0.000033146523911619312789753710648312488645696366393496646167167740157062222045181532989423552383243103532510378754502,
    "10": 0.00002429006619004548767692116196818047164115666597450033792802243823380852272173828646622421784877596293962414515349,
    "11": 0.00000827215225517023167045963621334039540871216451497056500650304237781298759860458462730395390047048009394095188245,
    "12": 0.0000120208542254757769247902044653307981100239714340653667934669060471527226529033513660514800729188521911913929581,
    "13": 0.000402182887489446667949959513583375602579714699112677893695418046013036668386600361056501365361856887109306158262910
  },
  "setupType": "Multi Region Model National Bidder",
  "population": 0,
  "id": 7,
  "worldId": 148,
  "implementation": "org.spectrumauctions.sats.core.model.mrvm.MRVMNationalBidder"
}