{
  "regionsOfInterest": [
    0,
    2,
    3,
    5,
    10,
    11
  ],
  "alpha": 83.110042646302275670677772723138332366943359375,
  "beta": {
    "0": 0.09592498742304289560678398629534058272838592529296875,
    "1": 0.08115501616371960380558192582611809484660625457763671875,
    "2": 0.08086270849301648022677824201309704221785068511962890625,
    "3": 0.07211056730787741841925964081383426673710346221923828125,
    "4": 0.0798179814488981786979593380237929522991180419921875,
    "5": 0.0939055668253735154049621769445366226136684417724609375,
    "6": 0.0949559538914758471950250395821058191359043121337890625,
    "7": 0.0968252039425221422419554073712788522243499755859375,
    "8": 0.055447883134707422192466452770531759597361087799072265625,
    "9": 0.10385843378660415681213891048173536546528339385986328125,
    "10": 0.11895673842899230632230711535157752223312854766845703125,
    "11": 0.077371624491494095376964423849130980670452117919921875,
    "12": 0.066473652507667846389693977471324615180492401123046875,
    "13": 0.0510421860749844802374042274095700122416019439697265625
  },
  "zLow": {
    "0": 0.0000030523265676647505227677943097043226277182832521516010941077,
    "1": 0.0000017487479086487269141264974229302528459957158613701160000133,
    "2": 0.0000024861939795027069137226176598669374411098907467050389269103,
    "3": 0.0000012525643104365840988516012198496571689597507632596177427370,
    "4": 3.322294258896154332078349948550064041942385162335463036963E-7,
    "5": 6.836265137542542198713633540923059389903952135383060213779E-7,
    "6": 0.0000083412549565549694214385269022870065764697904507114074961112,
    "7": 1.542416399762695548491644159329487076067690313075027833977E-7,
    "8": 0.0000035156311732040346110197872288141511263814023850099816196114,
    "9": 0.0000012009544793770934451854653104364391971911803180734968904310,
    "10": 6.152172392647978360581102819453643683666063456117187698486E-7,
    "11": 2.669191797519699944654556039192193877599946868336205051596E-7,
    "12": 5.152799287692841247674811087154264740233461252735134014142E-7,
    "13": 0.0000282202892013442289083546260036688973497987671716213218471833
  },
  "zHigh": {
    "0": 0.0001208492357913686040607494498895600968837077869948742862936259306345840321090453319316898613617178550885963730208,
    "1": 0.0000666544037387276360093325296130782407203413506145968939282637616852477791244155835123566219771293103860797871113321,
    "2": 0.0000946898572872432053426149935835903064187712342850883685735597553885815051798466288462217302245207553105563250803268,
    "3": 0.0000466092416146157592868169006760305581869660244428688295124428476900323955264775834118996358092914355475789594703295,
    "4": 0.000012618670991932004689915726838059251241705607617668374361262186231335532190011945485573735605989281739638716060,
    "5": 0.000026928428939722351226770536207112520311941886284870990153015720144721514675625213792246926279670620620361058429661,
    "6": 0.000329442830801816887379465516871148255674219744403466438504958461407885494842149544038851270208301741370776384321146,
    "7": 0.000006120697024001224221908531257286216704077468488931051144528236203754974487889424916434368260483492077604191101,
    "8": 0.00012496236583977620422675038851977584345488316100524038311978958949281557624456820926254842239317931915567251170048069,
    "9": 0.0000485015595090239560487353272251436478831503135581458199570930702274119864271925176754525728640351458090386056672833,
    "10": 0.0000257749407987668681985812924184467094060311732931729815210180364260635443301923951484670976693186699617011650100606,
    "11": 0.00001007277244709380348016558448573346929217567361680560318823829232883548109295825639514322321170182675613198341444,
    "12": 0.00001888365175599704703552998402878969141410894618812505899313061535166647590653492932362383491843154685204267918578,
    "13": 0.000990651201290815597238522983635407125091764305681233741437005141341418131831168266086141015656230755730383927628005
  },
  "setupType": "Multi Region Model Local Bidder",
  "population": 0,
  "id": 0,
  "worldId": 148,
  "implementation": "org.spectrumauctions.sats.core.model.mrvm.MRVMLocalBidder"
}