{
  "regionsOfInterest": [
    0,
    1,
    5,
    7,
    10
  ],
  "alpha": 90.8758313980059853065540664829313755035400390625,
  "beta": {
    "0": 0.0614911397434110273962915016454644501209259033203125,
    "1": 0.1096932539327599431810966734701651148498058319091796875,
    "2": 0.0695599900703927354062017229807679541409015655517578125,
    "3": 0.10033850272778600809520099801375181414186954498291015625,
    "4": 0.11430599628596382899559102952480316162109375,
    "5": 0.053177344711856255887738598175928927958011627197265625,
    "6": 0.08036316390337357173923038544671726413071155548095703125,
    "7": 0.06727813150578611234298165300060645677149295806884765625,
    "8": 0.0714002339017159870504514174172072671353816986083984375,
    "9": 0.103855349201745827958376366950687952339649200439453125,
    "10": 0.10367814444557577058247943568858318030834197998046875,
    "11": 0.0997284869452885469609526580825331620872020721435546875,
    "12": 0.09128261438335759370144018021164811216294765472412109375,
    "13": 0.095316378888297581539745806367136538028717041015625
  },
  "zLow": {
    "0": 0.0000057289739319677849836354688185236390827596713334917717611445,
    "1": 0.0000015566439867239972925993107126504237182406030665867011949014,
    "2": 0.0000034773661658198395845181674539816050523749798186800781978326,
    "3": 0.0000010830736010401203608667297442270585714274306054433126541520,
    "4": 2.791235397905114022726697588209023932611001653854694271840E-7,
    "5": 0.0000014524802293986193034960446469053215511897258372966007709856,
    "6": 0.0000118583212464232856833161935967513392262081833815580286131621,
    "7": 2.670808651542318130759723755337491479501751515247552161160E-7,
    "8": 0.0000032848480428702967117700870414742575396457211563217560523204,
    "9": 0.0000014449941411368233604319281139946988222176485680139008047266,
    "10": 8.492918761844208483033424968068607177011936891777491907871E-7,
    "11": 2.491545990459383784636287942065037807637312816350613089917E-7,
    "12": 4.514725394446810942271026720339050402770764689539309938536E-7,
    "13": 0.0000181823424345599582996025868364661807424337602827457329982567
  },
  "zHigh": {
    "0": 0.000207097331622732550173222483199395106202170948283497802744671692256440687899129435546864965715927048710104706725,
    "1": 0.000063774654013581842057807595057363950487453721727293980097912225234622406950895968744102435992263675582379946035336,
    "2": 0.000128509540571149957507717227271831056885835813613661033968828345540276709710413725170280530515501066078750802799074,
    "3": 0.0000433596063784393239743369540458787960175491490922998120478569196865891542329185761411833190737787921412622457252617,
    "4": 0.0000115642556239772694069232959023556903260897578389783896751048912499659666196010811811234214214422928222,
    "5": 0.00005129831106654722207265277651814240078335880210780092363545591920906737426447296267925893185204457183243167923277,
    "6": 0.0004510468587872157398571369676615693017219225894420787580222361471995706899673841273610291066293802183318881055026562,
    "7": 0.0000098092961114795079514843520791502843115794718552443916853343898359929397077003234183251219467292037020209416165928,
    "8": 0.000121999333145362218281807732183338415864546275113141549173452147016380531783598549189092031769575000201666361664123,
    "9": 0.00005835686134632885943772405034712376936938243171539067411411483817392917802854263695435662538514525554784188817679,
    "10": 0.0000342840568670828691938311882368934000211624079622842841022061384833034604623641972027097056701321408720138081219,
    "11": 0.000009959419089209298137333519518433497019382573265120613009557995833138580399423984393831137391720636272367892718618,
    "12": 0.0000176653355556208353289352523524006853946310548341429786529999959959616934922526080634462502042088091943685551843446,
    "13": 0.00071877777709372755501770383036051092411899813904352790392619417657061184430158350013851242210338413027988628180
  },
  "setupType": "Multi Region Model Local Bidder",
  "population": 0,
  "id": 0,
  "worldId": 32,
  "implementation": "org.spectrumauctions.sats.core.model.mrvm.MRVMLocalBidder"
}