{
  "gammaValues": {
    "1": 0.98666,
    "2": 0.94662
  },
  "alpha": 747.497533793224647524766623973846435546875,
  "beta": {
    "0": 0.173663722452869151435805861183325760066509246826171875,
    "1": 0.14622964070789190582644323512795381247997283935546875,
    "2": 0.10687974944661839116211154987468034960329532623291015625,
    "3": 0.1361168000465251548547485072049312293529510498046875,
    "4": 0.09952193943471236703413040913801523856818675994873046875,
    "5": 0.08392638120451249850173525146601605229079723358154296875,
    "6": 0.1123960370550203535788824638075311668217182159423828125,
    "7": 0.213000919240356856310114608277217485010623931884765625,
    "8": 0.0988364618003226003128958154775318689644336700439453125,
    "9": 0.2148709520372447112634972654632292687892913818359375,
    "10": 0.215769546132975442720436376475845463573932647705078125,
    "11": 0.1126251899272633638648954956806846894323825836181640625,
    "12": 0.0928939577604554755918542241488466970622539520263671875,
    "13": 0.1347782020098703126276262764804414473474025726318359375
  },
  "zLow": {
    "0": 0.0000020285246202331986366728635401477470957988670111632640486201,
    "1": 0.0000011677067883912526141589602663752454156184258281512319407726,
    "2": 0.0000022631560910082280171418996336258840166101656594071108058268,
    "3": 7.983877334407804073478559261560149401343117629489781625851E-7,
    "4": 3.205875456592129155788777928766034865388643714444544016342E-7,
    "5": 9.203189835824053336304253465174365999139405657415375401768E-7,
    "6": 0.0000084786994178333054013128437115129596318308199086294441302888,
    "7": 8.43597371908479623119003213445028136560761636969857682471E-8,
    "8": 0.0000023729999467844936428280436306012798052329097471993635215075,
    "9": 6.984209345162165065533085844266390008827650039705251575967E-7,
    "10": 4.080882005528098405036872810361014941144376482116690719894E-7,
    "11": 2.206239225377458613883275988092739057111430988455414277425E-7,
    "12": 4.436412735161512107544419819518840344687263872882923040174E-7,
    "13": 0.0000128587191009000734612823300400879033122584007485337936000875
  },
  "zHigh": {
    "0": 0.00009608385227069495976434432484811834659334681861364257136894002802214713442845410954314244095694112938772456191986,
    "1": 0.0000521065380635995017045970816691086014087884045742299024740477877463247906933263367137341503301671997318189128723,
    "2": 0.0000920832383268016104864291926611594258128913888354720122086571641873072672394015162189616609894617288482773552576045,
    "3": 0.000034819030350459125368770739503747487078755583817469777300850780770624428754587427922228067654338118445312878759,
    "4": 0.0000128081758000383148061095369240267231244226840207479389086121665685864109975725480776754897730699297067501930249361,
    "5": 0.0000353334736920608029766841975065058522450852439611490267111928695344277868447892698577388242772158622588052333649965,
    "6": 0.000349658203929516331397036471104417913890601685254221223536039082691458382544342217533218606297844528168938806122423,
    "7": 0.00000432766227257799242856219045347289428275650222041130824926636397855520285581759275309488091113559798315341462096,
    "8": 0.000094643890262788126213546429857149083832161932839469773249067494215090233330042087498783151122160335487758321953412,
    "9": 0.000035959665147710653821365464460081974729335924794089404700214923428469988512101081711406592617355169773945779324,
    "10": 0.00002104794659813453895984153176377062331355972673330188053827326286127458954581732644841739036867196483564370493749,
    "11": 0.000009103498793963522625074483656516600767804927781435016572083948109966613937705932595778674125513957917127202111155,
    "12": 0.000017430397577764938824755431649940055220380552384173817957914976248021740442951599281901133447875552690112783692108,
    "13": 0.000559069077083931009868096126469162601213737353017169721981119509945690659739080675258425037274269931462912689604858
  },
  "setupType": "Multi Region Model National Bidder",
  "population": 0,
  "id": 7,
  "worldId": 32,
  "implementation": "org.spectrumauctions.sats.core.model.mrvm.MRVMNationalBidder"
}