{
  "regionsOfInterest": [
    2,
    8,
    12
  ],
  "alpha": 71.7743794628945721569834859110414981842041015625,
  "beta": {
    "0": 0.11537037115129504527555326376386801712214946746826171875,
    "1": 0.07017852045849649889053267770577804185450077056884765625,
    "2": 0.08094838289834073441486594902016804553568363189697265625,
    "3": 0.05202460393118581161164826198728405870497226715087890625,
    "4": 0.05831321328367010392579317112904391251504421234130859375,
    "5": 0.09982962414903041870051225714632892049849033355712890625,
    "6": 0.07611792301611408628758681516046635806560516357421875,
    "7": 0.07220918653522591379445572101758443750441074371337890625,
    "8": 0.1048561328472608078499206385458819568157196044921875,
    "9": 0.0711099518922380102736724438727833330631256103515625,
    "10": 0.11699129742115445262928830061355256475508213043212890625,
    "11": 0.0755941249927865877022981067057116888463497161865234375,
    "12": 0.052641389246675225621618920968103338964283466339111328125,
    "13": 0.053542775153153816802831244103799690492451190948486328125
  },
  "zLow": {
    "0": 0.0000030534801363775937858458787499140482419532151997563970572644,
    "1": 0.0000024331282991296827903444881728630731533721755170021910591868,
    "2": 0.0000029881456219986554779672243251594502083664296058525052687166,
    "3": 0.0000020888959311656232811352728834178219884643156367897430791505,
    "4": 5.471400477866311220037719252991390911222370145122894823304E-7,
    "5": 7.737086311231654887253590104699578121434106632742994982041E-7,
    "6": 0.0000125196823058798970724199748504084163088819796175809457749514,
    "7": 2.488423209110635451796205663156321167763375151638616694519E-7,
    "8": 0.0000022367687251462479299370311704309389894620312733374889331110,
    "9": 0.0000021103989966082719510008198884089152618671181459231266372061,
    "10": 7.526457758522184577073459963166487062935015863133475142298E-7,
    "11": 3.287002949062842989952167192908082243292122795644681051608E-7,
    "12": 7.828743563299273227793668722947171638123698257832989756051E-7,
    "13": 0.0000323680465872752800541846581359712301487276470118670112451817
  },
  "zHigh": {
    "0": 0.0001268325177550268142395347811411073809779772642714365616282707097523556509933435911131313108326095196885144719712878,
    "1": 0.0000900691833857524069901629188637434335414008952397586760264741670122559396239021932202909525455898414673930366321720,
    "2": 0.0001138329242565144343111889334071664115655793072288338460953496519329103568527182217341747873963805672708847124718152,
    "3": 0.0000735342762822044115823932482216016985286557000326927247978114337333063884930964019121964069202831029468998444083290,
    "4": 0.0000196047508638608609988563608967027912619238633127829913294977293818294738921938344781746175811389915293401427651613,
    "5": 0.0000309351631182836076295322074250814886119693468871318854520114525081172397171772670105553410731452372466888076473054,
    "6": 0.0004708876905709140815302504052712816142021364765227662728759147635056674728360750303739366039228578775329283108562,
    "7": 0.0000092621397841844599145937978026067733763643427644175852854115894011532964546042710388882395022188141296845889317838,
    "8": 0.000090556953613640754826816056052038859359035578623613535597170509119081113996927097256780222420271596111600712517,
    "9": 0.000078319007010472317154790803579550262558866519052667449088498725421203808584118479699607944712660226073975798614,
    "10": 0.0000313846738571167974759512932221870396789316448763522338054855648226596859299347823711357317666109277750120816538338,
    "11": 0.000012345789965019675753281157270962630326347003203002816894633100626783192412920120344803902307367231584033751631016,
    "12": 0.00002760739006217822218550317836022504910068985553902401810554596786201461739642669709924761904657761919672214105946607,
    "13": 0.00114434890167518720765516596934566240630781474091716625133394678379205614363834060868787581091025139478733144063846783
  },
  "setupType": "Multi Region Model Local Bidder",
  "population": 0,
  "id": 2,
  "worldId": 32,
  "implementation": "org.spectrumauctions.sats.core.model.mrvm.MRVMLocalBidder"
}