{
  "homeId": 11,
  "distanceDiscounts": {
    "0": 1,
    "1": 0.42045,
    "2": 0.17678,
    "3": 0.07433,
    "4": 0.03125,
    "5": 0.01314,
    "6": 0.00552,
    "7": 0.00232
  },
  "alpha": 601.8904997006603707632166333496570587158203125,
  "beta": {
    "0": 0.088200706907746007079396122207981534302234649658203125,
    "1": 0.063151089177213848291358999631484039127826690673828125,
    "2": 0.08700466551567596906746615559313795529305934906005859375,
    "3": 0.045931637305732742060371265324647538363933563232421875,
    "4": 0.064028555094889638699129363885731436312198638916015625,
    "5": 0.067830568202593755078311232864507474005222320556640625,
    "6": 0.09243993451303166020149859605226083658635616302490234375,
    "7": 0.0797828978576068659211983913337462581694126129150390625,
    "8": 0.0495096339851423816735831451296689920127391815185546875,
    "9": 0.0729938207464320421014036810447578318417072296142578125,
    "10": 0.09415647618375770633303289969262550584971904754638671875,
    "11": 0.063312830894608096432563115740776993334293365478515625,
    "12": 0.092002144718746070584103335932013578712940216064453125,
    "13": 0.08328041381015520439046184719700249843299388885498046875
  },
  "zLow": {
    "0": 0.0000039940851835287478238369917843781636929300459688239504041507,
    "1": 0.0000027038859716172621255504781632038728127410360440578304876034,
    "2": 0.0000027801446569778058404908946691046015903309415324191143898319,
    "3": 0.0000023659941131424352146129171078450495688866390369710030933132,
    "4": 4.983010198392837328825350620660431920773801051168916954875E-7,
    "5": 0.0000011387055112849977051366926250929329778727502429148513460379,
    "6": 0.0000103090965929971212797878631343823113866919178997438312223587,
    "7": 2.252199663215456582399255763077359471120000593756695236962E-7,
    "8": 0.0000047372379820646067217134408681017509741714515139291922815951,
    "9": 0.0000020559325376809661930795977240116682609801862995233720042704,
    "10": 9.351773705258084300534965963642156485929535452429489304848E-7,
    "11": 3.924609092219185418031867328193546731590219033285549455373E-7,
    "12": 4.479416631948024466587387265286304054564913045496705222674E-7,
    "13": 0.0000208101156235844385627874831845119855284019169612401856884283
  },
  "zHigh": {
    "0": 0.00015505066916956143537926817217503084450728218734346316203485775187565434324080141871554080497361633465486848283119,
    "1": 0.00009819191356037978704634261857396742332246671105142785887897256546263437833553331611023089693309423419183232890043,
    "2": 0.0001075928953058889451868990437255209530245146650258321197288086096395608193349582710600827548988657099966173173421988,
    "3": 0.00008184722174150876958672257495441852594132540203813052522269256245514652929677196544147715134744987118623998496574,
    "4": 0.00001813958002544043932521925499970991429057815603092105772421186538086769334559089444488490896057797655734193118195,
    "5": 0.00004188506952313857412187221586377074358384953427634844088702554444723390189453275336547985299231596636876898910709,
    "6": 0.0004045701191844308077512870537904984665364346249876528362981357261946171729054914128794870486915625590032305097900387,
    "7": 0.000008553469146498923306402948102369888286434219090771820912741709715307472711580499144469447997303300363481384699957,
    "8": 0.000165571031321191518580108346982163218900318185841364636051694264347906785078813193338533595000047210231804102529362,
    "9": 0.000076685013242653144417154138647632852532258563660674810100426276868300943166346844913781944568325059094220213704091,
    "10": 0.0000368606216973244966463358112236140479479152036442402762931369411078423455135728509671865511959609828060258942379569,
    "11": 0.00001425860839448870303752025767681902379124129191592542210592792500047754394460176116304636454269198854018568722716,
    "12": 0.00001755940926812447590188433398724244635001349990201516450541494282323384474213012712864354585599489222139982118878,
    "13": 0.0007976109727644619629132507208018850676980428393983614846313434607565603614740742377976537106211332644913406931742171
  },
  "setupType": "Multi Region Model Regional Bidder",
  "population": 0,
  "id": 6,
  "worldId": 32,
  "implementation": "org.spectrumauctions.sats.core.model.mrvm.MRVMRegionalBidder"
}