{
  "regionsOfInterest": [
    10,
    12,
    13
  ],
  "alpha": 99.218677312681990088094607926905155181884765625,
  "beta": {
    "0": 0.054936042318651047422495281580268056131899356842041015625,
    "1": 0.11143690375960930982746077688716468401253223419189453125,
    "2": 0.06829248789491883242508407647619605995714664459228515625,
    "3": 0.0523670374694305829077478620092733763158321380615234375,
    "4": 0.11030340607448273215762668542083702050149440765380859375,
    "5": 0.053993564730817948660313021491674589924514293670654296875,
    "6": 0.05227089337976877081448634498883620835840702056884765625,
    "7": 0.1127319190472882148856825779148493893444538116455078125,
    "8": 0.05517343762815073160421519560259184800088405609130859375,
    "9": 0.058258357216176094584003664067495265044271945953369140625,
    "10": 0.06710076239979179124617303386912681162357330322265625,
    "11": 0.10419454651867997296843526555676362477242946624755859375,
    "12": 0.07338807622597354196614105603657662868499755859375,
    "13": 0.116746205751028397923363399968366138637065887451171875
  },
  "zLow": {
    "0": 0.0000064125685391317111083234576723754265641256635139075358678559,
    "1": 0.0000015322872258454597460984584248988366913131305505545512383072,
    "2": 0.0000035419057559849817157187064032810708728162019337975025756253,
    "3": 0.0000020752364220679067292011211649067577514205660339902883556462,
    "4": 2.892521222878193356698641168614328800697053184339612657708E-7,
    "5": 0.0000014305231045765837735748093117019272630044979116836957861440,
    "6": 0.0000182314124042504996921005368037957836651064960052912127798402,
    "7": 1.593932022126591812430916307020297977939669666870228672167E-7,
    "8": 0.0000042509390147708709383797656766739086843098324527986146245527,
    "9": 0.0000025759458092061140919826024776838904227282453797123801591464,
    "10": 0.0000013122504523998621434249483454525981003852191698204356936924,
    "11": 2.384751602508943045989127961821887357690896056624898750540E-7,
    "12": 5.615570790533735051368649258639054871216304080854346407109E-7,
    "13": 0.0000148448082695314634694168488520202484611551569044919993768650
  },
  "zHigh": {
    "0": 0.00022760516983765033391386214881494873064315071369597072594601368090864888364622007190487499352875442534553809752592732,
    "1": 0.0000630439511872257156627820264248163396796295462463294814000859325887784396175718504550210774933299796821903289640558,
    "2": 0.0001304457282761042214437333957508150314990724770671837653026092310734041899264532335638520760138976776070454081221084,
    "3": 0.000073124491009272915024368696666269771417343211948709083092681847288694813559506720426180037600861698675793701872244,
    "4": 0.0000118681130988965074088391266435716049303479124304331448327099878507404623141914726205677711752548521740410351045745,
    "5": 0.00005063959732188615617501571646204057213780196433941377409020825278789294880675734612466199713941491780102112109864222,
    "6": 0.0006422395935220321601206672638729026348888719681540742830225799381180958341258452368911019150918306065007552254541668,
    "7": 0.000006578666223232328996497929734198703806893226310112421218355168796980768116134404362719485032376309761933952997986,
    "8": 0.0001509820623023794450800980912393279502044696140074473063404235652263947229116383966985763934714726765141228427156047,
    "9": 0.00009228541138840758138424428125779951738470033606634505474670748529328554367638152491581568398455245224836145663886587,
    "10": 0.0000481728141535461080474793636962655215016831723815648791893643859114845329292921018577953206753780871400675724634,
    "11": 0.0000096390359253579759213920395777040456695433229859434699914295210177382809536448571529331618712084168680817025448738,
    "12": 0.0000209678717438816076562281199673006987999676730080880880587187186860631173823532137061222484583326861107249710,
    "13": 0.00061865175214287271011213169082713295568064003769591589528444455181158096838274339589009308666338078050767477416264
  },
  "setupType": "Multi Region Model Local Bidder",
  "population": 0,
  "id": 1,
  "worldId": 32,
  "implementation": "org.spectrumauctions.sats.core.model.mrvm.MRVMLocalBidder"
}