{
  "regionsOfInterest": [
    0,
    8,
    9,
    13
  ],
  "alpha": 69.6144392255575752415097667835652828216552734375,
  "beta": {
    "0": 0.1104868181635816626329216205704142339527606964111328125,
    "1": 0.09170411151207850941613486384085263125598430633544921875,
    "2": 0.07648954174025102137335352381342090666294097900390625,
    "3": 0.09805913915756260534895005775979370810091495513916015625,
    "4": 0.09774483956054240418875878049220773391425609588623046875,
    "5": 0.1042380712880934812147870616172440350055694580078125,
    "6": 0.09335844323687669810141187554108910262584686279296875,
    "7": 0.06974078390170422581118003790834336541593074798583984375,
    "8": 0.10260810653056319508014126995476544834673404693603515625,
    "9": 0.09787948256390312240515783059890964068472385406494140625,
    "10": 0.1048444970245561991273319790707319043576717376708984375,
    "11": 0.10113963132995895666255137257394380867481231689453125,
    "12": 0.091031403481208139627511854996555484831333160400390625,
    "13": 0.05185177998682934108476416668054298497736454010009765625
  },
  "zLow": {
    "0": 0.000003390830322250733519363832834390471529059572590936108155712,
    "1": 0.000001980193116040916275984814509126656964112785768306621046044,
    "2": 0.000003363063073907221460953941027195526298894611632735922466565,
    "3": 0.000001178595140760531525370719650003678574009295757236539173737,
    "4": 3.47135297001398940654856713355595425837457878770096234620E-7,
    "5": 7.88020737793588406180739116694336942435005146094559614621E-7,
    "6": 0.000010855598512022436987542030026562508636684678080016651617926,
    "7": 2.74004065838496407814336924966929420287417031556919887871E-7,
    "8": 0.000002430862426965656759529384350765121755996960408802688049205,
    "9": 0.000001630536134726073707863265136605205346506925431222937267221,
    "10": 8.93152629720538234020720707844393811047150137635588595579E-7,
    "11": 2.61272624572955528362646491571851205536443622415028950840E-7,
    "12": 4.81454563153553011903995467168863712844205934935377643933E-7,
    "13": 0.000035545189515975297653822729231637373970129813745889665084269
  },
  "zHigh": {
    "0": 0.00013918911499132958623495015169277447712175258753071399279992517973908275401087869960017955021839324116335928571203,
    "1": 0.000077564978514114128872838619911977526192430513481369151204290531873800460833810653442069556372314502039914625979127,
    "2": 0.000126615807553888975982272927466423501521016844098852205995026312792488513433258725020564674117058442005481392588,
    "3": 0.000046915056714642350520126719045667949025872953429471977128092078957043143405341247617684253065956025929142410894835,
    "4": 0.000013807127301162265838547952690720156900875447708797233654468713815845320188822544563084486174303997472681093690969,
    "5": 0.00003185479831807006111028662600687512877863168089164930451919267119766622511316347780589570470145486840395298682,
    "6": 0.000427014133109370092592761810905515168272200480019589556999392361415891749023155678301563707860232169007848016345,
    "7": 0.000010131047809537983742397726035050708119558290744035016640691889070281641642900947282515719386080183731588313411977,
    "8": 0.000097868491895693253105138829239919318564448209350270694819541278562607897907222410940200418439508325099613150157145,
    "9": 0.000064875687358655683634492532110609697988742350514721754183897338748085587623767775019950173829592815609963176591413,
    "10": 0.00003615879271453709857479047057610136911937639412236709290386179686163576669011611484198025238006182218190430843380,
    "11": 0.000010480680429780615583538093581235263299342777594823134344737564443624943883310766632148427705528760960277076602,
    "12": 0.0000188263853542365793329992710949890043764930470445104617227112080463438597877351695120302709873601429458576071260,
    "13": 0.001250663820116509334833502375561126228977260682817998196255665649252480771844644944182641582398005786172485779117187
  },
  "setupType": "Multi Region Model Local Bidder",
  "population": 0,
  "id": 2,
  "worldId": 89,
  "implementation": "org.spectrumauctions.sats.core.model.mrvm.MRVMLocalBidder"
}