{
  "gammaValues": {
    "1": 0.95422,
    "2": 0.81687
  },
  "alpha": 877.8822248133865286945365369319915771484375,
  "beta": {
    "0": 0.2059482273381070260853675790713168680667877197265625,
    "1": 0.100361084792637333951148548294440843164920806884765625,
    "2": 0.1547805984630457876161102603873587213456630706787109375,
    "3": 0.1062217102050168893168091699408250860869884490966796875,
    "4": 0.12774892919003455471482766370172612369060516357421875,
    "5": 0.1864307142723566623754294369064155034720897674560546875,
    "6": 0.1280158851069342074158186051135999150574207305908203125,
    "7": 0.09791618097709516022053577444239635951817035675048828125,
    "8": 0.15393480033202688872506769257597625255584716796875,
    "9": 0.1367490782189555442727169065619818866252899169921875,
    "10": 0.159866074815053937907549652663874439895153045654296875,
    "11": 0.1648586922804273768861094140447676181793212890625,
    "12": 0.20528696838021975867860646758344955742359161376953125,
    "13": 0.1442096469299276595421588353929109871387481689453125
  },
  "zLow": {
    "0": 0.000001819107928630153415513003670729174635895453965802733081781,
    "1": 0.000001809385088892426002316668634228814562486433614590834831532,
    "2": 0.000001661959935037592854051677332880397178852586279980899141557,
    "3": 0.000001088026399642787332652803129246876373558462620757501123340,
    "4": 2.65604448713060858988169764190406458950632564424158122786E-7,
    "5": 4.40602087286020775094903482284402163220190927154948423445E-7,
    "6": 0.000007916687656695144588796300984101282297311267631895251558113,
    "7": 1.95159351121966335151378336672449991727797335266811385201E-7,
    "8": 0.000001620336599191606988644716359384864248285544714476551908339,
    "9": 0.000001167072094725185776242622320115421670736576001913434731949,
    "10": 5.85753658726795838826057666576603237544322142241372100849E-7,
    "11": 1.60288890809409698173028180159109958243868482930840067706E-7,
    "12": 2.13493749467454494514662298688139052291840596583879935109E-7,
    "13": 0.000012780569023014586784293435945147626887521688628858263056592
  },
  "zHigh": {
    "0": 0.00009203744318271218311942527678293557032682902877671274058200252429949298062451817614929941315351499899396835782,
    "1": 0.0000724407376996594206627942436650422541436399488698955647689254955565283589508693476960633274496953678508572213761,
    "2": 0.00007558271338780011777520501663696962791975608351620150624480658201680766395484307567425508490829527592881346402671,
    "3": 0.00004419799448111002473858922342296388301234795933510083561617124584926688049410768504540579093573132290655082505679,
    "4": 0.000011361201852512123388547344215764487894270688278419090299461982216738920377332867548717840710286002608163065879,
    "5": 0.00002143223880284303217771155697457708540218725432346096878388948510460787698056509223929568883760115939780620837254,
    "6": 0.00033884680744955132063038993963167837809099816657594755520499624061667950103071315045635226881944938797335036900151,
    "7": 0.000007765706368042081562508968386216325262769699855331761560613318337658535066266004942374901611765467676076555109244,
    "8": 0.000073552717062471759978598789498511593333105738520486610593583559522835993979458461726688196575199929075908389,
    "9": 0.00005097176615862904568587324761591618771563186763543667812573255764086977783749148779812674199746705248055107129,
    "10": 0.0000269368235847248267189505793380676519142915542605405980619454269205986060852441170763727089002090274170544210752,
    "11": 0.00000745116841687424067784954423885302588056552341029746785069976380080216393528242876199894711385410439408093,
    "12": 0.000010787560943653623811319276040567264559922086893965530457989993450614288694951763542618921206931027181228843703,
    "13": 0.00056772520532768800874762357696643381649901692930705613542536320600074641556701581286608048663968932466468676465
  },
  "setupType": "Multi Region Model National Bidder",
  "population": 0,
  "id": 9,
  "worldId": 89,
  "implementation": "org.spectrumauctions.sats.core.model.mrvm.MRVMNationalBidder"
}