{
  "regionsOfInterest": [
    2,
    3,
    5,
    12
  ],
  "alpha": 65.871175664818252926124841906130313873291015625,
  "beta": {
    "0": 0.09793759542779632842890435995286679826676845550537109375,
    "1": 0.102410447971624074536833859383477829396724700927734375,
    "2": 0.0878818011155106104670409195023239590227603912353515625,
    "3": 0.1162080738373358068660223807455622591078281402587890625,
    "4": 0.07970196368500527539513456076747388578951358795166015625,
    "5": 0.07188117427896345557059021302848123013973236083984375,
    "6": 0.07397918910051937135818889146321453154087066650390625,
    "7": 0.1113043497435792783534225236508063971996307373046875,
    "8": 0.09672934145930243976518880799631006084382534027099609375,
    "9": 0.053247685391163639134770590999323758296668529510498046875,
    "10": 0.072202549176789199147918907328858040273189544677734375,
    "11": 0.09862431021118713003748013079530210234224796295166015625,
    "12": 0.0754438346772612067336893915125983767211437225341796875,
    "13": 0.06692712205432140015748387895655469037592411041259765625
  },
  "zLow": {
    "0": 0.000003825313982864501926795006303141545769991298322654975026461,
    "1": 0.000001773176994393989411694270251627817825221031862520465758456,
    "2": 0.000002927103792838881118575812185451134604241113964544314693294,
    "3": 9.94526637452384940322574994827748460386016170607724141960E-7,
    "4": 4.25719547454343631962587884441338180321011629022448421666E-7,
    "5": 0.000001142743738768656547680819117813320940485858921560856136809,
    "6": 0.000013699282052279954159963937167112272947646375226966737813001,
    "7": 1.71684739975162156733427499309205814261875343864147980291E-7,
    "8": 0.000002578599079703010224257703145396474124924817882650412711253,
    "9": 0.000002997238884588576095543640646933606275206120846230865933137,
    "10": 0.000001296936732800459845321758739169925723620390451978832762732,
    "11": 2.67936139369034196740320554952566192352815548283853310645E-7,
    "12": 5.80928644252881622186927971708599631149544356146135992896E-7,
    "13": 0.000027538631421751065807637838401370577040017598542628510036855
  },
  "zHigh": {
    "0": 0.000152223624809742638457885355755306704349704359482279998922389959364881597349975773308470953754428029164868320922694,
    "1": 0.0000713544948647063229441222921870123520256778963077844925766350827324780325451724946562628802174730216122840024044,
    "2": 0.00011353702912183876571092906221409175068141191405310397279691634211502651508427633514874219148487533384923635510640,
    "3": 0.00004139300161539795296868237939039004561717456583060752617476238312949731452228813953898704460697553396599851723712,
    "4": 0.000016164654814750606577779887823292439535382060216367799265845407335533203866578785365664265381094643264149282944320,
    "5": 0.000042496488347322105355289026040444648720157294155638200184824622648466934170463629711651687559361737000303957823,
    "6": 0.000512324639317095607765419025122008097601051394428092142851657103446734805391645844899751935623203119834862691387,
    "7": 0.00000706146803363795620997044326531899993879204011325185941329655877870075795527272848991212749429186735163545143,
    "8": 0.000102300591477813857046988393078859889632283933565702434681008632884931517491799551874195766174375303524223020886598,
    "9": 0.0001058767698545307552649037974204617258497182129649596141613814397150689636584238433176987065619595610082972515226797,
    "10": 0.0000482723158069347469138216115158673264965736035526644179184460893624952301995780608795785239733049303721952651251,
    "11": 0.000010680585873662975634868315482656712903833935370887865138889305844256203665300478781581089113744644657383994976581,
    "12": 0.00002181060778721643764148724623118108192565319968083321219161205739855769433921495990266211414812441139426820239920,
    "13": 0.001010467077289782379447955650653122321073894226720163544833241890875997035434854915846263382830717012208714658044138
  },
  "setupType": "Multi Region Model Local Bidder",
  "population": 0,
  "id": 0,
  "worldId": 89,
  "implementation": "org.spectrumauctions.sats.core.model.mrvm.MRVMLocalBidder"
}