{
  "homeId": 11,
  "distanceDiscounts": {
    "0": 1,
    "1": 0.42045,
    "2": 0.17678,
    "3": 0.07433,
    "4": 0.03125,
    "5": 0.01314,
    "6": 0.00552,
    "7": 0.00232
  },
  "alpha": 814.4118104574723702171468175947666168212890625,
  "beta": {
    "0": 0.0915734217122604887695302977590472437441349029541015625,
    "1": 0.083088916875221630053971466622897423803806304931640625,
    "2": 0.040002970648624742999732717407823656685650348663330078125,
    "3": 0.07007300697139273726321562207886017858982086181640625,
    "4": 0.04000454052943509808404343175425310619175434112548828125,
    "5": 0.066472743364309805347289739074767567217350006103515625,
    "6": 0.09901890347219553800695024392553023062646389007568359375,
    "7": 0.0704964615344217115922020866491948254406452178955078125,
    "8": 0.05161991900938538158083446205637301318347454071044921875,
    "9": 0.09324371335561400242486485012705088593065738677978515625,
    "10": 0.042380302233100332343074256868931115604937076568603515625,
    "11": 0.06197218200398867116174272950956947170197963714599609375,
    "12": 0.09969545302222802829472669827737263403832912445068359375,
    "13": 0.05219968069386361764205872759703197516500949859619140625
  },
  "zLow": {
    "0": 0.000004091165823368115051101784025679224402531245048935352990712,
    "1": 0.000002185512306070508404645660331614962237817600254123481139282,
    "2": 0.000006430501265174588063166902231264991544815029181142718566458,
    "3": 0.000001649308769715651804401508672514790142898431724514400081631,
    "4": 8.48170819165814063902404061440634932376805909332365927084E-7,
    "5": 0.000001235720953962119918041255385857884362741432344355380985615,
    "6": 0.000010235033331504720459042747586783624611177306738673024338063,
    "7": 2.71066914961403104050645100769933734054437235446500319341E-7,
    "8": 0.000004831975633706158432386270895971962723430420061861882829393,
    "9": 0.000001711601001560989331971743914758489395430158646616706324943,
    "10": 0.000002209567494685587615586695402933763930495627494741920584174,
    "11": 4.26401267010716564563287148705721261454101080732605248591E-7,
    "12": 4.39613676127517516040403493623254053297702158449018607075E-7,
    "13": 0.000035308287749529648104217861061550081939482886347948252444467
  },
  "zHigh": {
    "0": 0.00016019918002485103218708868743143706332590276127069133784992654516889660157158441293994521648286578646969209536761,
    "1": 0.0000837245542150018927326639945866266844035749480558749540014218635346397226899250782918407277103747250261919332472,
    "2": 0.0002186389532919099740486617635885074588986293705510560889918304806015410181203134397746473599688557202655798454741901,
    "3": 0.000061036465583295958891050389721001296092547032447807804364883190139692340424993379921447795895094245522158288101,
    "4": 0.000028838192966094719535974373133271342097055888625665324428373908535344514810294746888884539352964161374403273370469,
    "5": 0.0000452858048031260064661021140817815513878244968394739456490019016337436058725830075791364697749866399127235965758,
    "6": 0.000408397177693838596737783337712148647506979339779280738603519120530365570520924225300128502637108279770227831057038,
    "7": 0.00001004293328322518462948697130914083753256889686072242958480436399484745700217186830848513729200763478201925154953,
    "8": 0.000169901888097908303290845425596124547587451998942046538225193847040165699421483677086003011382300000742922462442260,
    "9": 0.000067307633363703152357746895455208219456439346976534825915549198951722912111984890780233242812677102224591478025226,
    "10": 0.0000756512386634885800217697114287824727028307148355570525617020525101832079100703202877458618114284223395941422107333,
    "11": 0.000015434539702913446669557313295251364976872501344350423277270662387206278288368677561173222369939383979800535149100,
    "12": 0.000017571158743455514457091511888620714590097933749919690616970933134151806724292290206194751574352669424423266377736,
    "13": 0.001243556767123139848345356330458507468057852860879755817061614818222016194938758942791180968258171953829886915556157
  },
  "setupType": "Multi Region Model Regional Bidder",
  "population": 0,
  "id": 6,
  "worldId": 89,
  "implementation": "org.spectrumauctions.sats.core.model.mrvm.MRVMRegionalBidder"
}