{
  "regionsOfInterest": [
    0,
    1,
    3,
    6,
    7,
    8,
    13
  ],
  "alpha": 91.8074149333480846735255909152328968048095703125,
  "beta": {
    "0": 0.1102899253023770231862954460666514933109283447265625,
    "1": 0.11596322469333096571997288037891848944127559661865234375,
    "2": 0.11194927850960907644850550468618166632950305938720703125,
    "3": 0.08012613050895377175830702753955847583711147308349609375,
    "4": 0.0649785988476569986715958293643780052661895751953125,
    "5": 0.08440185679303337240586557754795649088919162750244140625,
    "6": 0.07168712179731455413911334062504465691745281219482421875,
    "7": 0.0901453145565640767689075119051267392933368682861328125,
    "8": 0.055003201286757862076282066254862002097070217132568359375,
    "9": 0.11976317692214244470250150698120705783367156982421875,
    "10": 0.07191918149136559967882220689716632477939128875732421875,
    "11": 0.063328067529350440256763477009371854364871978759765625,
    "12": 0.07398494174054827399178435598514624871313571929931640625,
    "13": 0.1114796024730286827519876169390045106410980224609375
  },
  "zLow": {
    "0": 0.000003396883733586147738051533076619763541193986147068891719705,
    "1": 0.000001565943434300768771022948872330358760367133488796242371589,
    "2": 0.000002297818769279905679050227382836477656443762204080465803381,
    "3": 0.000001442376215900621085942326325379216873099185768161985635752,
    "4": 5.22182449497777226414680511190875904217769390963434074669E-7,
    "5": 9.73222212919422004616295794722192954631531429934250797149E-7,
    "6": 0.000014137292055780858007614300087968304443466821293639998623754,
    "7": 2.11982823930802330865066485082191487977763407934768413794E-7,
    "8": 0.000004534757705589863370018730920104423119819089119575537068848,
    "9": 0.000001332596857149902239824240749808682827103876743450244455538,
    "10": 0.000001302046773717132871191814311316203539897861216449162401142,
    "11": 4.17271803117510039262678242275409106876792214168765408087E-7,
    "12": 5.92383849540557887867005919085724005922908521068271130198E-7,
    "13": 0.000016532902033072984790670789978658372402929691164104586312620
  },
  "zHigh": {
    "0": 0.00013937071733139201279558115895965323748578499421469749971972219061852823134833480830100183995185669287029094310,
    "1": 0.000065137488061909703723982650808088580080060945096057790970614405832612531743550394458749618103679371144147976859734,
    "2": 0.000094658478415069502525161518135652042247491361239188506099502475661935784805452010845424525775574369390421667620210,
    "3": 0.000054828488968845037337274919306934097998569653757235370988533030778310884012626292206815864421362641855547910994669,
    "4": 0.00001905854187605361441134266662577857125228479307459736885594086462777320694633397264614897784943571935299203074,
    "5": 0.000037410842571845069063353326347710809144527469406840039995026510200071332031412373801621797452639477558726253973712,
    "6": 0.000525464939422122723194929912747689042475664776428289967174241280438973717380990516226780961639536019984118866782040,
    "7": 0.00000827041055230716143391961283850857015026868203537047241840199636091450061870963334188572685051884688389988970705,
    "8": 0.0001609853502544194514198192263200983594791120706734561654088311971711341996858218487461052391289356948875320606622940,
    "9": 0.000055937509031370539593321800506714022406650889881540969833408077039791626710262011850783780133894969070559518908,
    "10": 0.000048425617034434937689923278680255660984897726486774307070747214571054218686193893688168980356337265597933591221949,
    "11": 0.0000151606557861172509105390461023420003395532353474352280621518458251557931644862894364085890245319025986959832855,
    "12": 0.000022154263945846725611889584652494813168854124628497266310664006617533207914549004689728725163074727521060558422679,
    "13": 0.00068029519562943994893894419797175618196125700536444583310620140998405860955284798738942448368090985308064097783
  },
  "setupType": "Multi Region Model Local Bidder",
  "population": 0,
  "id": 1,
  "worldId": 89,
  "implementation": "org.spectrumauctions.sats.core.model.mrvm.MRVMLocalBidder"
}