{
  "homeId": 12,
  "distanceDiscounts": {
    "0": 1,
    "1": 0.42045,
    "2": 0.17678,
    "3": 0.07433,
    "4": 0.03125,
    "5": 0.01314,
    "6": 0.00552,
    "7": 0.00232
  },
  "alpha": 503.17437083070461767420056276023387908935546875,
  "beta": {
    "0": 0.07196446714676775491259519412778900004923343658447265625,
    "1": 0.05712012276599852389491474013993865810334682464599609375,
    "2": 0.075756223857209203931262209152919240295886993408203125,
    "3": 0.08685106857191982054899881404708139598369598388671875,
    "4": 0.094681698917951806482307119949837215244770050048828125,
    "5": 0.046264531863950165979648687653025262989103794097900390625,
    "6": 0.0590682330917121356517185404300107620656490325927734375,
    "7": 0.051979542729509380094565784702353994362056255340576171875,
    "8": 0.083571399546378655198708429452381096780300140380859375,
    "9": 0.060103433048840193553274957594112493097782135009765625,
    "10": 0.0660788641462349002342335779758286662399768829345703125,
    "11": 0.08071393782068379818550596382920048199594020843505859375,
    "12": 0.04721694917479213327027309787808917462825775146484375,
    "13": 0.07912793560723431485204315549708553589880466461181640625
  },
  "zLow": {
    "0": 0.000005205931039189284840930548437413588075330479681622356193221,
    "1": 0.000003179122199593052230580132857097441663664642000244424918131,
    "2": 0.000003395617419521678324607633475924469331558304540376512183852,
    "3": 0.000001330692031987619305380441293718633396702601606521888214853,
    "4": 3.58365811967593058078359231642164687101588499739945960555E-7,
    "5": 0.000001775480233630762337345686565040411239928743946275825900749,
    "6": 0.000017157475760506008115672079717883573792147337283152056640067,
    "7": 3.67630366493823941635127359935719710404414795876931298303E-7,
    "8": 0.000002984587935838196994727943159982626320650564797213760826515,
    "9": 0.000002655356359412058965738966633727893739771490558832489475897,
    "10": 0.000001417126935202398448513288062137715091407986823757401629880,
    "11": 3.27391001348812991836676683907908315855834409741021291866E-7,
    "12": 9.28215087214872662163196561844625964610598385552212807079E-7,
    "13": 0.000023292422988525424523045993453429323052961515529954760572121
  },
  "zHigh": {
    "0": 0.000193642136499486125881951619783467973509879800251301433925195155092744699131277203269913132997159296879311706875178,
    "1": 0.000113532851020678207510698170351101067178986200439503267366881663474971000470308455431398518287860715431449395900607,
    "2": 0.0001275924379223226818918837009282917925009276313280698975136520317721459402125087791186111559356043182130263760918,
    "3": 0.000051477963451454983920418368357116593706672128908032448361544966684531679656775189004925867724858769344328336534,
    "4": 0.0000141440427501480893612530282393172347387993663378927254325091060142154713624223118491904572017242086183742152513,
    "5": 0.0000614785831931852790452350494572573577034438448970872931030266341581609786135718272731475826095834596119496750231780,
    "6": 0.00061607045056387722643666330164514712293608025611365170766363922625672165737922106467030755412631007420229406890907,
    "7": 0.0000129398368291978097570214390841144168230682236736353589536726441232771778899156953157648716867495877207906493446476,
    "8": 0.0001144802571618694601610955935164444555040563410026028781388404535220857423129260661582622332228313158501613479618,
    "9": 0.0000956202940992352413707635770242903497866793043430083204441650597564062321518712097837542361818143224068087897735,
    "10": 0.00005187802187899290500956749120490100753020149470602148393288738743646372295604135623893652593259558908858118348083,
    "11": 0.000012464231733056339487758999351316976608924501214602904575500802707924250677120501567415190586065191591322280535184,
    "12": 0.000032229201076076168840775303935261871929484820563015516617110853894178917049351624260522725109948878701911519048,
    "13": 0.000883080824293013140910200302214884701462211736339951060891231536740814348244030521001027738257722173284934586155908
  },
  "setupType": "Multi Region Model Regional Bidder",
  "population": 0,
  "id": 3,
  "worldId": 89,
  "implementation": "org.spectrumauctions.sats.core.model.mrvm.MRVMRegionalBidder"
}