{
  "homeId": 12,
  "distanceDiscounts": {
    "0": 1,
    "1": 0.42045,
    "2": 0.17678,
    "3": 0.07433,
    "4": 0.03125,
    "5": 0.01314,
    "6": 0.00552,
    "7": 0.00232
  },
  "alpha": 687.9783830072423143064952455461025238037109375,
  "beta": {
    "0": 0.06853923631122073312216258500484400428831577301025390625,
    "1": 0.054364706736713584722675562943550175987184047698974609375,
    "2": 0.074467782625938505614016094114049337804317474365234375,
    "3": 0.05399625569940015579195602413165033794939517974853515625,
    "4": 0.06004742484711532435337488777804537676274776458740234375,
    "5": 0.06820910255397445720593196938352775759994983673095703125,
    "6": 0.0846283145793574054227548231210676021873950958251953125,
    "7": 0.040095253148657909736396476318986969999969005584716796875,
    "8": 0.0546446493616348505373281341235269792377948760986328125,
    "9": 0.050678246207115924815145291404405725188553333282470703125,
    "10": 0.05983895377440882901165508656049496494233608245849609375,
    "11": 0.0891542028383817963810287210435490123927593231201171875,
    "12": 0.062241718178995153465393741498701274394989013671875,
    "13": 0.0868026081425647688671887181044439785182476043701171875
  },
  "zLow": {
    "0": 0.000005466096113719641793385630386057552090521130412252479252415,
    "1": 0.000003340252550396519676778208309349611749632375285482927770151,
    "2": 0.000003454368376440984131187932528562427721551874943581787683163,
    "3": 0.000002140371094648845008603830832021086525219960699946748871206,
    "4": 5.65064763353178246254691942446534581602454849798756153924E-7,
    "5": 0.000001204263929108649352809212519110368213613556329322633695322,
    "6": 0.000011975445600262185749272571579590417099791977537797425122268,
    "7": 4.76596525603194767118099566071952086228489735720670110143E-7,
    "8": 0.000004564512606102542064254636557805402162831851532730455633164,
    "9": 0.000003149201977441856294679010670252934626055251248750519455032,
    "10": 0.000001564902664946946435759082899513207109086599074354269384685,
    "11": 2.96396760720553010301991405764633236884516457270525417589E-7,
    "12": 7.04149658437456909273887431539144093640129165760777422259E-7,
    "13": 0.000021233018060303254253238886793115113836588739514419997667469
  },
  "zHigh": {
    "0": 0.000201447088735396834455604078242786893965599322170205125701001022915960712952543026775967357986565786774575557441116,
    "1": 0.0001183667615447822308966404339186661697580181989966583529274800437385802584408214315515486836843717423644941238796497,
    "2": 0.0001293549666299018560892926725074305442007347434242281624929753500928027345876774296105475341380281252956655805265,
    "3": 0.000075768335331291755017120054506190187562192901710778268052160560716233532591670737029197857230559063716809016454931,
    "4": 0.000020345011291715645006543009563448331573825356839657031233591980955180041878648864062721497926386692590475841616088,
    "5": 0.000044342094057521889509140828079356066913988216388491526940203813456830888786172435094840559416663302431343033883710,
    "6": 0.00046060954575656255544467805749635242216541946375301276212964942426881585465980381454894467213849612623455717486838,
    "7": 0.0000162088216024789345215106052682013880977904718689475233088608576534380800276407922794041525681479648652156332264611,
    "8": 0.00016187799726979981224689639545112773076949494306810372233832970269783715723177214090425701680101086684350085235912,
    "9": 0.0001104356626401291612389648981200415763751921250405492198182340649759273029265451233121735402429416335621068170902911,
    "10": 0.000056311293771329344626941336326165768060559862223927516577034271539612854729135232691193882466083379297671639339780,
    "11": 0.00001153440451420854004171844100701872423978496264048802834718489896334251214963334320424617413329364394597924695284,
    "12": 0.0000255072382127536962540960300260974158003707439692724550725057914985671040489541195074180000806188277582691320,
    "13": 0.00082129867644634803281598710240545842497102845587390817375166023246182976882142508028858013332498360778386568621516
  },
  "setupType": "Multi Region Model Regional Bidder",
  "population": 0,
  "id": 5,
  "worldId": 89,
  "implementation": "org.spectrumauctions.sats.core.model.mrvm.MRVMRegionalBidder"
}