{
  "homeId": 0,
  "distanceDiscounts": {
    "0": 1,
    "1": 0.42045,
    "2": 0.17678,
    "3": 0.07433,
    "4": 0.03125,
    "5": 0.01314,
    "6": 0.00552,
    "7": 0.00232
  },
  "alpha": 769.4072354519502141556586138904094696044921875,
  "beta": {
    "0": 0.08668377746788009929890250759854097850620746612548828125,
    "1": 0.076528374788934094841152955268626101315021514892578125,
    "2": 0.07202976078644518498350635127280838787555694580078125,
    "3": 0.0800794303162339071722186645274632610380649566650390625,
    "4": 0.05837850083872762885217611028565443120896816253662109375,
    "5": 0.09391599854813613423853979611521936021745204925537109375,
    "6": 0.047236190104266446987413274882783298380672931671142578125,
    "7": 0.0712273435099274598858443141580210067331790924072265625,
    "8": 0.0969017596217887078324793037609197199344635009765625,
    "9": 0.09212159869545255563849650570773519575595855712890625,
    "10": 0.054067682842945885557384144703974016010761260986328125,
    "11": 0.094960994143920285370796818824601359665393829345703125,
    "12": 0.05770343769166731695552385872360900975763797760009765625,
    "13": 0.0541102085662142073818614562696893699467182159423828125
  },
  "zLow": {
    "0": 0.000004321939631402151092655447063069225801384518997168479166641,
    "1": 0.000002372869551061266694236681849919665005908457794167528726892,
    "2": 0.000003571289846836913205197028231833221118681309841998564828817,
    "3": 0.000001443217371325817121286570207993022429728910584003851859923,
    "4": 5.81218829255953573369284347666669539437222692633705809972E-7,
    "5": 8.74630128119468122275402812014258860143080029126700661070E-7,
    "6": 0.000021455197280938886895143346889445861846276417348347704362336,
    "7": 2.68285428069734515011883368846092784635586710415227260474E-7,
    "8": 0.000002574010955433167702013935255481454711123936209665064431618,
    "9": 0.000001732449669011366630406514148704893483844978207877365873339,
    "10": 0.000001731942877989024802661698371256752682166170841434500911386,
    "11": 2.78272328171611856183103844054083717155499263475152487022E-7,
    "12": 7.59529871174881690594772923615161685298131725399112088220E-7,
    "13": 0.000034061619705589212454064413964307793007300079662238846850398
  },
  "zHigh": {
    "0": 0.000167122394265872113433698578553137105291500979717685123127802948223523220997830649634376635430684694033968231180985,
    "1": 0.0000893452715647246414203946401357677674463006742571963816297210410172093262469491793430092281921172478839211944409,
    "2": 0.000132862610741779728309565543605554346114617790376731476862605082773551558758118756470354536359243524490212987762,
    "3": 0.00005485372363160091839760223578534826469746139823249135771364450488105178319135570379019115010545127984474094330915,
    "4": 0.000020829633268798904819980781720052380308868392124705520915040353683584294080511996313595193160345036775919202464863,
    "5": 0.000034453080027846452593126536866472786309873927382613535912661097909593237307197487792519626682356423069405897776707,
    "6": 0.0007450020961768635898208013167920157645599526580695211393316941519528438826332243460476768020678948071447918707613710,
    "7": 0.00000995948867647512695832411935142560905000338110978423781879040845045484006031388273842463589057153040890578497156,
    "8": 0.00010216294774971858137967535638140930721825748337614198629196008804901757135487860809074797942076668168934643318,
    "9": 0.000067933093387214471310790002473600342108883933814354612367442907380675071951360465567508475761763269070186376740,
    "10": 0.0000613225001625916956340198004784721352529470152363344623780508515194276928095191057602326166689667009092925457857,
    "11": 0.0000109906715377403054181518141557022386479144468266268404301995502359972492505376061923158343939704110498277097683,
    "12": 0.000027168644594876439693722594788377943550110820758422495051328694329614965815138028595432185912500940798803643962828,
    "13": 0.00120615672580492677884075291754123880009236866030847364923954340876649810680298489542178044258428096814520768106424
  },
  "setupType": "Multi Region Model Regional Bidder",
  "population": 0,
  "id": 4,
  "worldId": 89,
  "implementation": "org.spectrumauctions.sats.core.model.mrvm.MRVMRegionalBidder"
}