{
  "gammaValues": {
    "1": 0.97633,
    "2": 0.90531
  },
  "alpha": 823.8652282883221005249652080237865447998046875,
  "beta": {
    "0": 0.1634667727766283829016202844286453910171985626220703125,
    "1": 0.194406577544520897671276316032162867486476898193359375,
    "2": 0.1379764117964414615880031078631873242557048797607421875,
    "3": 0.08409664074222378271628031143336556851863861083984375,
    "4": 0.102143290101782302503607979815569706261157989501953125,
    "5": 0.21106858509178205718370691101881675422191619873046875,
    "6": 0.165638931318932869363180770960752852261066436767578125,
    "7": 0.1039982946937233199147243567495024763047695159912109375,
    "8": 0.2029294804203242430507003746242844499647617340087890625,
    "9": 0.08648083205528052375132830320580978877842426300048828125,
    "10": 0.1554246710260088482069562587639666162431240081787109375,
    "11": 0.204370684343395947468735585061949677765369415283203125,
    "12": 0.090191285114068098227591008253511972725391387939453125,
    "13": 0.1331364602389019380357382260626764036715030670166015625
  },
  "zLow": {
    "0": 0.000002291854466044980558678812110866695424268945954900357727824,
    "1": 9.34082851632322979807230121184990570724461367799822458764E-7,
    "2": 0.000001864370510998878980951516175315945169650575737159791850715,
    "3": 0.000001374276355134324662491992911890068667505116151558914889338,
    "4": 3.32187105754986036804478383716217482528514791640813638562E-7,
    "5": 3.89170950318850997329811925861373653336134880033817322784E-7,
    "6": 0.000006118499856386896835680052923730167320411041110750945360050,
    "7": 1.83745881604193546411032071064746183639750192882001902112E-7,
    "8": 0.000001229127430625670781307800515014039127282947873484823166579,
    "9": 0.000001845449787841047749833338350579689131787478241839767248690,
    "10": 6.02492111522882938366980807096815291306833450558729857436E-7,
    "11": 1.29299449237634251145550276880439687840778013439233703441E-7,
    "12": 4.85939240591479816817824154221469323925459392738155019573E-7,
    "13": 0.000013843550767875703954022566181625354303530600243573557198792
  },
  "zHigh": {
    "0": 0.00010621983930515699741439952998706119397803378844964147996329055850286050728180425444954675541664101037948857481571,
    "1": 0.0000461816705818563299875110882737275343907807814661651935858861125805307924474720045342950403985018528492184563971,
    "2": 0.00008165503066663870158220018191003606764369576723156828751952277068721733668885853577658948013321690295536388006531,
    "3": 0.000052785493145856144633764916902259651830747565259143248596105935766816450102174848402042022683080192147362033856,
    "4": 0.0000133586815637698787230366028015388186016071550949187557727387347053130321125410929585620275116325806651798069541,
    "5": 0.000019889304693827938844758810281886230105665572909827035764080301732348900461492728720689996816633340273393857266,
    "6": 0.0002849011734403038880369024978205449287839913709416183692631165313615008707045460881928382550979224359817042295064,
    "7": 0.00000742330228250889790029858041798521102012828558378747706794229988211753031851284223082616803444339173254868870169,
    "8": 0.00006181644200549367375849131416738683970302783329073474834078096057513885074854975509673540328440266020539032050088,
    "9": 0.000071323096952104904893594728529844211547158934833226653627946790920599334526418777687889849910730381622750566378812,
    "10": 0.00002743897716860743970517827355367401352716689351006133075957427266209482805317557984064394880034168221606267884738,
    "11": 0.0000065214851697209772670252071404929177684728093255492769227658082297354145843747898368309547596705756072313491362,
    "12": 0.0000189609256773743834804141317065671727089306507785937829919148449499001758096200515017849156312412544814330148471,
    "13": 0.00059961465767352152383949748406076563897928427774851495969134614733333944604696314123490391531870256126155469946457
  },
  "setupType": "Multi Region Model National Bidder",
  "population": 0,
  "id": 8,
  "worldId": 89,
  "implementation": "org.spectrumauctions.sats.core.model.mrvm.MRVMNationalBidder"
}