{
  "gammaValues": {
    "1": 0.98184,
    "2": 0.92734
  },
  "alpha": 1015.653262925452509080059826374053955078125,
  "beta": {
    "0": 0.20206498542935535933651181039749644696712493896484375,
    "1": 0.152813371485602644828105667329509742558002471923828125,
    "2": 0.217133716897920880928296583078918047249317169189453125,
    "3": 0.144908987344356698923064641348901204764842987060546875,
    "4": 0.195729775543999118259108627171372063457965850830078125,
    "5": 0.2033719031183575387533579714727238751947879791259765625,
    "6": 0.1227969326936104443870334534949506632983684539794921875,
    "7": 0.172606765635915315737491937397862784564495086669921875,
    "8": 0.1196325945851629823923900630688876844942569732666015625,
    "9": 0.1617854939982970308154364147412707097828388214111328125,
    "10": 0.194764252027684603429946719188592396676540374755859375,
    "11": 0.159176237453178159864108920373837463557720184326171875,
    "12": 0.09710340500164625632262271892614080570638179779052734375,
    "13": 0.10411667009748400147817193328592111356556415557861328125
  },
  "zLow": {
    "0": 0.0000017292113477237614324187918535673093438501931826808489816766,
    "1": 0.0000011083007117282912415193478641971460649240323889361016628966,
    "2": 0.0000011049240348507939841554752910944128851055524376191320663252,
    "3": 7.438408358088014645959470735227441240109708690211708997808E-7,
    "4": 1.616807559774583714546218227220322781375507845339014124758E-7,
    "5": 3.767000491060267758736514416225010767777299547000554084106E-7,
    "6": 0.0000076973719157057131791546276602915051135382972213660288450454,
    "7": 1.032544155855583245511136148518281752998998964704823206263E-7,
    "8": 0.0000019445322415367625342870003997985672774199928944360334185197,
    "9": 9.200366522434660366592492909788046904729233739136143210572E-7,
    "10": 4.484197067114734602174883930144377452942596969217055072006E-7,
    "11": 1.548316190479068656902403812123647099075113711753135238270E-7,
    "12": 4.209540600110831236540902019116297261961452783016594698105E-7,
    "13": 0.0000165099914981881256529610432073307508522734808488749888028568
  },
  "zHigh": {
    "0": 0.0000868176470099206227281628709508335683252043719422803987212857316323597821646519470248319853734635484540821265886,
    "1": 0.00005018533818975805500222812050801250417746008456878727109416739884093573824694258676894186442885614439847448404818,
    "2": 0.00005713934730322389613088388680951892898284117488073179666131772936710322653251725946403202165123391002261279803781,
    "3": 0.00003309414730050737600407913827989610804194895076944184996202358604223198558167210258188441812037922314900597761612,
    "4": 0.00000801499648704895322442695595624624437187673288190317381212636012040997236912120660308790405527291108057074444082,
    "5": 0.000018962022062327943760093282873088676108105869523595224450620183487847048887674766795169568281503749454132900878376,
    "6": 0.000325442523576231570208345365527430586266437473432387924230540499157790245175401239558069800565452967922665648842454,
    "7": 0.00000487987353875173647733024130654496035567528581159108502383395167519631344493993978790237833769226745222254997113,
    "8": 0.000081598910977057449444067927433186405307740161206073268149870752056215799788505338645268876377733454459534078742382,
    "9": 0.000042485957995278837794347387728332068785344953870005040192583580003346565253925673219694998012240028674892571305372,
    "10": 0.00002218620407855758681128375620997366171505878590643606752015998013992015314398962401318886849999742517434119493989,
    "11": 0.00000710950002732017055230201352427226153077886843180900041655077231949836735883816395128471425330753327775615969978,
    "12": 0.0000167162290579668444423902210398833441072395011313453204874041865089168616523301469441862101640249516315083530231708,
    "13": 0.0006671962787585556408030169713236739807248110107877102375624070970925291086041758488691997748122334931125227316322965
  },
  "setupType": "Multi Region Model National Bidder",
  "population": 0,
  "id": 8,
  "worldId": 82,
  "implementation": "org.spectrumauctions.sats.core.model.mrvm.MRVMNationalBidder"
}