{
  "homeId": 3,
  "distanceDiscounts": {
    "0": 1,
    "1": 0.42045,
    "2": 0.17678,
    "3": 0.07433,
    "4": 0.03125,
    "5": 0.01314,
    "6": 0.00552,
    "7": 0.00232
  },
  "alpha": 835.07864276526424873736687004566192626953125,
  "beta": {
    "0": 0.062073264144320738910920454145525582134723663330078125,
    "1": 0.0481821126884435513293425401570857502520084381103515625,
    "2": 0.06115593470926815322652458917218609713017940521240234375,
    "3": 0.09059457267913406663950581787503324449062347412109375,
    "4": 0.05124005446998920743073568928593886084854602813720703125,
    "5": 0.07421551233966029725852564524757326580584049224853515625,
    "6": 0.0788207196588139591408861406307551078498363494873046875,
    "7": 0.09211293519134454432784053778959787450730800628662109375,
    "8": 0.061734173712079294660259876081909169442951679229736328125,
    "9": 0.0824776665325757940561146597246988676488399505615234375,
    "10": 0.067137372583089993671734418967389501631259918212890625,
    "11": 0.0738732249348930392063294902982306666672229766845703125,
    "12": 0.083699077140786892758939075065427459776401519775390625,
    "13": 0.0498677682316711889942695279387407936155796051025390625
  },
  "zLow": {
    "0": 0.0000056290428834174109043135245781684828859990850490144533383696,
    "1": 0.0000035150631412581213843814345168990450630564212565844988741256,
    "2": 0.0000039230250296647263732488161100651932513129062623409829206889,
    "3": 0.0000011897977889271457653028304086870058926420341988421233656475,
    "4": 6.175976666025329124416384965280710491996654928677773317708E-7,
    "5": 0.0000010322667522774938601807527391215669139794948053699656140334,
    "6": 0.0000119919440616894347698022126708826220993923561901856325357118,
    "7": 1.934843426151570790323782311057493748476102049474098894802E-7,
    "8": 0.0000037682441234979711575058216799313517651823126503270638359699,
    "9": 0.0000018047138157207512818582838184079205703673314998635722275058,
    "10": 0.0000013008571144789084594829480956413939151523749872876688145554,
    "11": 3.336190423600779271096871088593430052298084282380356977632E-7,
    "12": 4.883694536749490012464347751299685978353176635376994294855E-7,
    "13": 0.0000344704685828991638517287248860730650330865429196648139602598
  },
  "zHigh": {
    "0": 0.00020381259308073010688500485268886877458967112793228852942207559055914645844434934735787677660554670455862145180568,
    "1": 0.000122388211075652959288090720089069474121431750598239187431038518556735782648489605279913735764509879728377353659949,
    "2": 0.0001416823771476418678036841113786423399690617896223873222922275421316327777334013948322227303995717685753178332584256,
    "3": 0.0000464728558940577050252856383348239611008808506640704239380247043866479367112283013541488794674356211548186887042,
    "4": 0.0000216925038058011894540374561704274075037401741319194513909758470094244679710712439936737748590890961116119053305833,
    "5": 0.0000386290231574719562893063217980606512241588150436925306193043450996288042603327823584107456926251684660276667618726,
    "6": 0.000454279687955743217927772915845164095842059242496976034950530480890927906750571413704662552095678962783768970869534,
    "7": 0.0000075867713496396991117681797941625963421065950658989120894509971442890674654755048705256412421372306684295502214163,
    "8": 0.00013631026743589370814063256583716993994060975388280418067337520396601289582888089870501642723076593509508279225950262,
    "9": 0.000069026272899597395150318423551205545182177197648503777386041414478884448167161620733862278862848451613588431680164,
    "10": 0.00004775932631158063678924754728878234681080224461741496674080423176565074707384297661488141438038658641088053451289,
    "11": 0.000012473122726685302394885415353681610390447780143690665634636955928377336878847435305267259373288483861060850225256,
    "12": 0.00001873869086788282077016055823643351025641467268842651927765471285175274016853638676618821924350697919625408560261,
    "13": 0.001206010591299886786766047421685943406149202872911404992284497243920504205239058337038650093103091975890118047475266
  },
  "setupType": "Multi Region Model Regional Bidder",
  "population": 0,
  "id": 6,
  "worldId": 82,
  "implementation": "org.spectrumauctions.sats.core.model.mrvm.MRVMRegionalBidder"
}