{
  "regionsOfInterest": [
    1,
    9,
    10
  ],
  "alpha": 88.855032015426758107423665933310985565185546875,
  "beta": {
    "0": 0.10573810945273065531324618859798647463321685791015625,
    "1": 0.11332127093047404675640876803299761377274990081787109375,
    "2": 0.0797176533738333803480458072954206727445125579833984375,
    "3": 0.061127208250134013045595793300890363752841949462890625,
    "4": 0.08904838092680204819640010782677563838660717010498046875,
    "5": 0.1182294438528364854956720364498323760926723480224609375,
    "6": 0.060888088767484895014181489614202291704714298248291015625,
    "7": 0.08575429390088584735707399886450730264186859130859375,
    "8": 0.063921515140305140700860420110984705388545989990234375,
    "9": 0.1110174609868682937818817890729405917227268218994140625,
    "10": 0.1117492246137136435724102057065465487539768218994140625,
    "11": 0.102769749709258284564583618703181855380535125732421875,
    "12": 0.116712259182068456286884838846162892878055572509765625,
    "13": 0.0842894518987482299632318927251617424190044403076171875
  },
  "zLow": {
    "0": 0.0000033045140261211120866400830496612706725493617386711742939267,
    "1": 0.0000014945399657845568405978466684828958235731308867213197526881,
    "2": 0.0000030095750743178696269285034943979766023583008053675848839115,
    "3": 0.0000017633591545904929746439281476458724349134935853022495209853,
    "4": 3.553769057661461855018547933575976795107893757959725890609E-7,
    "5": 6.479790769110804845055537448224736776842652717389765758968E-7,
    "6": 0.0000155237860176580099928936675052005468582601924179049096798190,
    "7": 2.078311172668376523361445827862394930938211810488986783310E-7,
    "8": 0.0000036392979233820338420031776658412066765378924487105073326062,
    "9": 0.0000013407673257574781824131096922332029071711529235194196362962,
    "10": 7.815367764208729306657287366769664789860588754776660029365E-7,
    "11": 2.398129277200077630319485538524392090790769973611130172119E-7,
    "12": 3.502294691475191867703560638315375878209164453118802118258E-7,
    "13": 0.0000203935996664684304246399542484981215924537437520139710897275
  },
  "zHigh": {
    "0": 0.0001340767273618411423548016068336524081861794286219901580887894421758207213260463910356832443782366016575757612885,
    "1": 0.0000617725158114460229745830846365849969369330395023438137879140965037438270953955906917088808002776509105611579263624,
    "2": 0.000114278878487236165414074732908625840500423625913185381188906618416037068132008574165547225204731160706160102190647,
    "3": 0.00006367969686395812130551857050358995736902463225787420859815975720118167664484201983618360055773353727816342400371,
    "4": 0.0000138258809807095876458439450753132064130738906197653091096793584839465440111392742562980646548882065648813217525915,
    "5": 0.000027100392896479555019050351969087854135301929034762859475205920762223293962400205445987554094171720177481779287027,
    "6": 0.00056023494663480047462051656087470183860809432932855434927374758254677982894516803928618221646575963311344222038700964,
    "7": 0.0000080171745891901163108811703445772998894929243489435757549737592426807384074916254090578076111049281519388681975,
    "8": 0.00013244188143241558867555324541446558728127714783430748557246669377369312134222330374572753810272755194270940392647,
    "9": 0.000055107878200699202166963199765964015286291840358179199649753649819634268488130660282107030725060987192264179945727,
    "10": 0.000032179716169839570924730966519849523725812761263114882392237812188230015284153857550586898968737209215050345691837,
    "11": 0.00000965893928748319747255325870347449650592583721738298521809787567425665059690227302338230708089830979216125482071,
    "12": 0.00001459449133205992633587819689748057995598263614165194274786501885710838919589295096887858719628507512856588808838,
    "13": 0.000783704523806964783953384302558695102930218897881879706168526286075006428648881612792462127542043115202646483283480
  },
  "setupType": "Multi Region Model Local Bidder",
  "population": 0,
  "id": 2,
  "worldId": 82,
  "implementation": "org.spectrumauctions.sats.core.model.mrvm.MRVMLocalBidder"
}