{
  "gammaValues": {
    "1": 0.97287,
    "2": 0.89150
  },
  "alpha": 774.8185730712560825850232504308223724365234375,
  "beta": {
    "0": 0.1175401548379435834323913923071813769638538360595703125,
    "1": 0.1146449384353513678558300625809351913630962371826171875,
    "2": 0.10292015818598108933823453980949125252664089202880859375,
    "3": 0.1035620728535067980313755242605111561715602874755859375,
    "4": 0.152024605431707537928076590105774812400341033935546875,
    "5": 0.1034722383628647601749861451025935821235179901123046875,
    "6": 0.09698049665031838184603429908747784793376922607421875,
    "7": 0.17587795079311374646380272679380141198635101318359375,
    "8": 0.14328340379018211780959290990722365677356719970703125,
    "9": 0.1654822491606547651965541945173754356801509857177734375,
    "10": 0.10987450441217465335608238774511846713721752166748046875,
    "11": 0.11055314233503364673705249288104823790490627288818359375,
    "12": 0.179467175754602747961286013378412462770938873291015625,
    "13": 0.218954368790108377940129003036417998373508453369140625
  },
  "zLow": {
    "0": 0.0000029727123149005963348881264438086855878540178338654238986316,
    "1": 0.0000014772843065775432142149354685231979111930781224500142108415,
    "2": 0.0000023310910788094778078223437652670430218474518655419315789377,
    "3": 0.0000010408175434544074380179831980052132636232507094635270243550,
    "4": 2.081619484384579624936706685285163947209186406519299170866E-7,
    "5": 7.403938206382332107082017002977153605532580893650106003639E-7,
    "6": 0.0000097464304029989586760186356616118296758207349977232065941618,
    "7": 1.013339684223093575317762869985504123571802333251302171730E-7,
    "8": 0.0000016235616348854888874069978946576616357665681096822845549920,
    "9": 8.994836910588653273651555658854448887882185272772247363776E-7,
    "10": 7.948716514297792202724759933475161938538475081722749773143E-7,
    "11": 2.229291184156565202757820392233717173781636235204202998926E-7,
    "12": 2.277635027378825251825639191082318460514983554164575005038E-7,
    "13": 0.0000078507925995161772967861554705349643454168407293807464806114
  },
  "zHigh": {
    "0": 0.000124122676025225669802242908658074855645319111477817646229935664948700817512114337566886944154728202439713616372900,
    "1": 0.000061254846035235614183095748637794059565531456574204647532515622628319442162416992411086438701134626493806179756124,
    "2": 0.0000939243586219844108408899410346978330850981577184157820396926858071956359347422763673959171383407672304227569265481,
    "3": 0.000042003448529875555206740222014370182230317345982712533699248477054093852138427325829145059049201811572480110285126,
    "4": 0.00000940943226087894095559842133044076786937776856544402895044908078934963865648393449311164929979947657346833007431,
    "5": 0.000029872835208294136805129790633345104621371713563543880209219945858090634176747986587496716222811000919015119655072,
    "6": 0.0003869142781950289351142656055670403231349106067231032567040310165693668968404524805693806423036294157687930360067,
    "7": 0.0000048222601238542674667501214709466274673936959172305219202352768251159703087125927947629017899341825959827383395,
    "8": 0.0000719697927775192400376678522789592360581374176634608022440390750820969242333574254274306776776673664827403162106,
    "9": 0.000041869369159740816515524575975531274734803808470913352652195887553394752193265676379914917429925923734534326250380,
    "10": 0.0000325797624201067596129333842199660151718464202439531516235724384415864535235138195006075563449158920144398331965087,
    "11": 0.0000091524250083526601898682632646024717548984360021622036985186604201428260292647612244513648347199205769413412707651,
    "12": 0.00001092051233977082648824443255578140770290009344478926140820393369545130025522435029404646862130928076614875301990,
    "13": 0.00040742031179839719011777033921980038551911180720288296789504522977086823366982664164511230100204949698778754416717
  },
  "setupType": "Multi Region Model National Bidder",
  "population": 0,
  "id": 7,
  "worldId": 82,
  "implementation": "org.spectrumauctions.sats.core.model.mrvm.MRVMNationalBidder"
}