{
  "regionsOfInterest": [
    3,
    4,
    11,
    13
  ],
  "alpha": 95.2471429530991144929430447518825531005859375,
  "beta": {
    "0": 0.0834379803342726600323686625415575690567493438720703125,
    "1": 0.0660650861964520441649284521190566010773181915283203125,
    "2": 0.1128038243187214906271265135728754103183746337890625,
    "3": 0.0668169460256983482882020553006441332399845123291015625,
    "4": 0.0768719912138362548859049638849683105945587158203125,
    "5": 0.05642188846056395146177919741603545844554901123046875,
    "6": 0.1083074561360939103149547690918552689254283905029296875,
    "7": 0.11075723505279928826627866556009394116699695587158203125,
    "8": 0.113047702675496630764229166743461973965167999267578125,
    "9": 0.10699501224803377452676755865468294359743595123291015625,
    "10": 0.086801884478806379252802116752718575298786163330078125,
    "11": 0.09950240093136243635374427185524837113916873931884765625,
    "12": 0.0824625926607278902924491603698697872459888458251953125,
    "13": 0.0631813880053332665998055972522706724703311920166015625
  },
  "zLow": {
    "0": 0.00000398373143256384511025973031055969737859307353332719098028514,
    "1": 0.00000243871841958509714554457672057143208507641131454299154903140,
    "2": 0.00000202325470312962479212744422235921920527268578804991087780048,
    "3": 0.00000153462903757480546264752216097161200676665844060087996915485,
    "4": 3.9161723183217702285280557966280173502548184296420353543154E-7,
    "5": 0.00000129167634497212939906754293978447610949488354542594391976550,
    "6": 0.00000830206881880411603533518198339286658831766311064869346821471,
    "7": 1.5307668086514004971279830923003135676980781660878972441723E-7,
    "8": 0.00000195757145605739969313649489536151453173867400249051368376611,
    "9": 0.00000132341444409334441141564457207487974176543986272944729548341,
    "10": 9.5714884264522009029914328175063323799996063265225553283941E-7,
    "11": 2.3562372883977452842474091329986620759210950565748950669263E-7,
    "12": 4.7154904674932961314674797927289683395262756895741281380542E-7,
    "13": 0.00002588169123055922593721289729713019193444080635325931374261536
  },
  "zHigh": {
    "0": 0.0001527513934696439492928543448857151180241026971946773847840951738982708799534400462387760771874745300564417514031997,
    "1": 0.0000892729668474293889572286014326778925742467035321541757957372617389194287796152772259173600136723887735399700678405,
    "2": 0.0000835207279022748636775232415267995933152226324275783797435283604667547294630684306855484639951804947973466785389,
    "3": 0.0000562927936845546817853266823119452502256268126877060866870216279722453752553931320186539089008958218544215478114229,
    "4": 0.0000147589565954243094670767279598161584756804107538309792955874439570335553344521557288196506511154789581059901356,
    "5": 0.00004603817221548052292460312609393646418716080226600637157761977997879272308210235901727398165368154050792472416515,
    "6": 0.0003389796600072694589971424106089780668051728406598250082604308206932823860868689068353379373311360741661075442617418,
    "7": 0.00000628773541832246745076352505662608732470907609627444656514316956437022973527137936172785850682251624792819371019293,
    "8": 0.000080857039274763584639253417084407262291583297996183204626065069108904780363568944585224906512091164711224167276718,
    "9": 0.00005386230778829955176759592180479769747654909985513938222648039510473308539854156242830363331679790607240970667260110,
    "10": 0.000037022697606187964627532661152939996548672926825440740767821418275552633487168053853016586576736128792388031154375,
    "11": 0.00000941322453878902297195186171161509359457072536279751055280423502817339435851765884190588735507521484144206005822618,
    "12": 0.0000180349870986443384934562545527495372693975199956585639721202631473000263273916116870502865814273502794209062641883,
    "13": 0.0009399748545039961651469003838994880011903409335693295914899304807068570093206591561913768804662915453809408154243759
  },
  "setupType": "Multi Region Model Local Bidder",
  "population": 0,
  "id": 1,
  "worldId": 22,
  "implementation": "org.spectrumauctions.sats.core.model.mrvm.MRVMLocalBidder"
}