{
  "homeId": 8,
  "distanceDiscounts": {
    "0": 1,
    "1": 0.42045,
    "2": 0.17678,
    "3": 0.07433,
    "4": 0.03125,
    "5": 0.01314,
    "6": 0.00552,
    "7": 0.00232
  },
  "alpha": 735.610465588463057429180480539798736572265625,
  "beta": {
    "0": 0.049409878216896678526648400975318509154021739959716796875,
    "1": 0.07028156651523886910837290997733362019062042236328125,
    "2": 0.0973048439197477244011480479457532055675983428955078125,
    "3": 0.04862481138443260075820973042937112040817737579345703125,
    "4": 0.06547274033150456140628392631697352044284343719482421875,
    "5": 0.05192244393425633763872184545107302255928516387939453125,
    "6": 0.040320319090940019701729823964342358522117137908935546875,
    "7": 0.0757063123417898165001815868890844285488128662109375,
    "8": 0.0817696812173072939966544936396530829370021820068359375,
    "9": 0.042759795901826151698355005237317527644336223602294921875,
    "10": 0.0945456379604989460840869242019834928214550018310546875,
    "11": 0.08224224799996683599179192469819099642336368560791015625,
    "12": 0.05846953921225993278110166784244938753545284271240234375,
    "13": 0.064203624650166657428229655124596320092678070068359375
  },
  "zLow": {
    "0": 0.00000672728848810675936681547796010523502094825828061266150939747,
    "1": 0.00000229240966852710966576790579036995055215350922195678310693932,
    "2": 0.00000234552421945298895109808227888069989975202024019671990912951,
    "3": 0.00000210878402720002039792267870006585416309682266706209619360013,
    "4": 4.5980046431788308472839339367303376177237411941902814656948E-7,
    "5": 0.00000140360917439565859369849662872451930893010743535147994327194,
    "6": 0.00002230081444552616943159846039027110591134021727919236641451215,
    "7": 2.2394896012289154447235751185000788705149417418236194374184E-7,
    "8": 0.00000270636931238978597238962953866136393693612891181434814198891,
    "9": 0.00000331149252863821332098554900610984076880874011347812284569325,
    "10": 8.7875363750811342559871826511496949835683829879870555436573E-7,
    "11": 2.8507400157601875606105172470165288891289663867472561729122E-7,
    "12": 6.6504982740638795406228495944330698598953336204352345033751E-7,
    "13": 0.00002546960837152593955419181527861690734116621418722663419058910
  },
  "zHigh": {
    "0": 0.000235058105135931376989526774372081247294758239613241500657464932850584985406101244251053548365564709642453240559474293,
    "1": 0.00008488370431568976456392847352663344658655964075456792253297472624152965983655943681443951059367610835771307598877,
    "2": 0.0000931888133919757884466423832224440141496026659919826506833990546680619629201510030915842077178627694076109920295084,
    "3": 0.00007351744337331112984358137848477251491553173948154257342037989321026223221862457542763253135340069566503446790343495,
    "4": 0.00001680445356999549132334436238012311927808717904747571762972565582021156181401862956852668458894749245568338908583979,
    "5": 0.00004939615709818639876353173676213776017021751896377245228281288837314739397210418414766506702434751989841513930294910,
    "6": 0.000758942028808931060885040762815325246495849465716135196649353944624229100320145547292412731239281167890151459619792040,
    "7": 0.0000084139037960550122935503011352253832331596668234816131448814682405188411984325497767313666516304380825838468237,
    "8": 0.0001033209749647351730168474563834027444475069452758982383727491838930497466422963479275392496368422578152382963419471,
    "9": 0.000113504650324645619054693054825846528287848107377599648732775628013712742778912280271297106588353132268922718589688010,
    "10": 0.0000346708414520747646865199106538700843593792568098342414136110757632188232217511466557446922554530673419214642299601,
    "11": 0.00001089673272087634980104118605366869403419433935331459387076214353191111260260059192724530434105154251629403557810949,
    "12": 0.00002384001051835608872092236395786184183050469378824188306808291831047369789242498153480335931363017204091731752148704,
    "13": 0.000927612368732997573656267923344089463392103168588349204929142606463219826320775958172732131034869701043061781386845
  },
  "setupType": "Multi Region Model Regional Bidder",
  "population": 0,
  "id": 4,
  "worldId": 22,
  "implementation": "org.spectrumauctions.sats.core.model.mrvm.MRVMRegionalBidder"
}