{
  "gammaValues": {
    "1": 0.95651,
    "2": 0.82604
  },
  "alpha": 1187.919964784903868348919786512851715087890625,
  "beta": {
    "0": 0.144941614679788444153274440395762212574481964111328125,
    "1": 0.1744392313893796397916702289876411668956279754638671875,
    "2": 0.1403406891566490177769566116694477386772632598876953125,
    "3": 0.186356498276796511692765534462523646652698516845703125,
    "4": 0.205653103171168527563139605263131670653820037841796875,
    "5": 0.17933511009544889081013252507545985281467437744140625,
    "6": 0.1184894998188610604206161269758013077080249786376953125,
    "7": 0.103134027469856615066845506589743308722972869873046875,
    "8": 0.1239571261955309811053638213707017712295055389404296875,
    "9": 0.143499578649774306438047233314136974513530731201171875,
    "10": 0.1596779347522812309012607556724105961620807647705078125,
    "11": 0.118479202249160031623631539332563988864421844482421875,
    "12": 0.0877279918900671085157938478005235083401203155517578125,
    "13": 0.178024594311337935881311977937002666294574737548828125
  },
  "zLow": {
    "0": 0.000002367587003375184479718837607056386951022091797318289853679,
    "1": 9.53530758722886960855074709722081046228479432510194348805E-7,
    "2": 0.000001678943123988197829301572258417829066395237939527619917123,
    "3": 5.68055408004262153095259045237782329027855480961239095313E-7,
    "4": 1.51126235303423161575557752361841053687010474476204964492E-7,
    "5": 4.19547567527622898567137547108838675224037797049834776157E-7,
    "6": 0.000007834477277566380958751451393821374776278096195222796045488,
    "7": 1.69716619102020622378908850996508869268978052042557985938E-7,
    "8": 0.000001843117712854971799868960090844634460321718329364542322287,
    "9": 0.000001018718010046398962790466426606628131871516911250645489272,
    "10": 5.37166514914205317823463485723611604982745590692208438429E-7,
    "11": 2.04294027519101599185109751008230133343239882023446467953E-7,
    "12": 4.57605119869656494139296369864607056846857305914923789417E-7,
    "13": 0.000009483027640711170949952889938231896127627288374477020972937
  },
  "zHigh": {
    "0": 0.0001053437984176636315375779849799195755329799878829706450149846040709297369707214965027377290822205043968278746154,
    "1": 0.00004523924002746184951698044876885556174162385826539611674346142234507724204548501771605637068762042171767490444341,
    "2": 0.00007393069722717802512990849874162056589896738668480324877172422298450869062946359580598803035959980535326394024965,
    "3": 0.0000276277439064149865237140495081186548771225572445252832864449498966315902242856010824437859150032813195827202087,
    "4": 0.0000076417449851752123345798655555714600397356365806892602852637014681626854728650479502169711425843830359459192962,
    "5": 0.000020110387947113090008579849880578138146803289911414480776295243810301101885529343787038009056036326709331767158,
    "6": 0.00032786464772309870780202629809400796298671891694154113759392139763926171766493627264670480262549821777363853065291,
    "7": 0.0000068418544187165173508520387639886018152233930802766920112022491261151285483754141057206791934746761202226712313,
    "8": 0.00007814028887820737137706983689413312247525114037658352411302086481321231631578894266387478049607909030880981995767,
    "9": 0.0000451801008218514488851056082297610955075421981055512876280768362063727550909132789780006872093710698718169895035,
    "10": 0.00002469235941938423747875018919601362129954962810443391969910031917118581626791590883179516574161215275489599482646,
    "11": 0.0000085492801660461583341086985287640880823547053194833271978250351609653515787103109770771784402622373960966583806,
    "12": 0.00001774263142056753602171410538839694229090432782272787382596304427470722943269457693515464471263826616333615807357,
    "13": 0.0004533120440794161616180268273706738264690069982885220987221458209079065317926839264107766012837869775354152562340
  },
  "setupType": "Multi Region Model National Bidder",
  "population": 0,
  "id": 2,
  "worldId": 122,
  "implementation": "org.spectrumauctions.sats.core.model.mrvm.MRVMNationalBidder"
}