{
  "homeId": 7,
  "distanceDiscounts": {
    "0": 1,
    "1": 0.42045,
    "2": 0.17678,
    "3": 0.07433,
    "4": 0.03125,
    "5": 0.01314,
    "6": 0.00552,
    "7": 0.00232
  },
  "alpha": 557.3288381160367634947760961949825286865234375,
  "beta": {
    "0": 0.06674338279109535976285627612014650367200374603271484375,
    "1": 0.053385405494340572307709891219928977079689502716064453125,
    "2": 0.046781356196721628204482357205051812343299388885498046875,
    "3": 0.096209980452032828335262593100196681916713714599609375,
    "4": 0.048064830427942344115432860007786075584590435028076171875,
    "5": 0.0957055239309436422967536373107577674090862274169921875,
    "6": 0.0551839462653768986211133551478269509971141815185546875,
    "7": 0.092361632026607354273295413804589770734310150146484375,
    "8": 0.09163865458466612101684489744002348743379116058349609375,
    "9": 0.0960170865316107846609838816220872104167938232421875,
    "10": 0.09122444395233252067978213517562835477292537689208984375,
    "11": 0.06088324546797700687061905000518891029059886932373046875,
    "12": 0.0627607159359042376944870511579210869967937469482421875,
    "13": 0.0418664362824484326264240507953218184411525726318359375
  },
  "zLow": {
    "0": 0.00000566106779467141541046757953681195851745741278463328110474028,
    "1": 0.00000343055078946732702364501471025444924466261627051083763661672,
    "2": 0.00000554567365308099115509811792982760347833592451830562650402430,
    "3": 0.00000121149783257857816964213141996548962084156400467355244435296,
    "4": 7.1195942613504418567323986508426674375587864458841623798270E-7,
    "5": 8.6559961375645600452875595043395731914996503834999565318565E-7,
    "6": 0.00001852186290146694719018704685442720637926319884674882967280315,
    "7": 2.0866147782734532365331811512963648356017642660074751747090E-7,
    "8": 0.00000274506982210383371997114105815988231845482360624022627516220,
    "9": 0.00000167634581279180649834036406809009175736303650632167793087985,
    "10": 0.00000103526168801751220679401876469317391030485249228020425471663,
    "11": 4.3773122187074381030892659878540160590555857792143783221528E-7,
    "12": 7.0428542687874552167790581831450480363280452444085108131698E-7,
    "13": 0.00004439852621915373184596591548606628236842943199576605427527183
  },
  "zHigh": {
    "0": 0.00020761591532275209300293010785731194625296081488460426826133363926421422816024614751841956673066823408314480138986094,
    "1": 0.000121230658180484153511418252604539296864727383714089725576512760700584579415446295818708938805845546174368878894062466,
    "2": 0.000192313623043985364111372386550998325585868315929344063222161421298720556513772598067720021168485711655909763518213299,
    "3": 0.000048000753256363859680488062418985671345957833770817063326417535213587446329690147688019284161112283760437658332055,
    "4": 0.000024780803692926929726415385131862599226213051767071735556769521312506247651003144925817461731122244457951835820175399,
    "5": 0.0000342522548675920875099640029611615071175594967717025693394734847503739278736758337644995073087677040423425968604802,
    "6": 0.0006578668357529314025061002285022197775966946380132575227975773253281905794337493523852462814804064612756323774079431,
    "7": 0.000008187075798142095527992565070201804414791734463511790104306791068225346717364114982813908228471577093195297983130,
    "8": 0.00010750754518697142111391595427654419011056465975430270937285279519341189922312123085820788062041646825277535255535034,
    "9": 0.0000663861584801276247050021858063220358953893519589926238549221443411542029593854510786060060834145009870256370307,
    "10": 0.00004050196782398043602616144117216137124176420168285651195654988268089459235943788461885417457216539943956780661289067,
    "11": 0.00001579698639913771438528394313206097419069840245395098034358327900105266148161604421777508664088357924714963885911984,
    "12": 0.0000255487085677757659309213842624074894182505787315693510860175496776772799581875753988853331447271355093036535547622,
    "13": 0.0015178365934734935383803233075084810851837029573528203379355743092485559131578024640769421592508253029498646075400176
  },
  "setupType": "Multi Region Model Regional Bidder",
  "population": 0,
  "id": 1,
  "worldId": 94,
  "implementation": "org.spectrumauctions.sats.core.model.mrvm.MRVMRegionalBidder"
}