{
  "regionsOfInterest": [
    5,
    7,
    8,
    10,
    11,
    12,
    13
  ],
  "alpha": 75.1445996609833031243397272191941738128662109375,
  "beta": {
    "0": 0.09226941674181125818687831952047417871654033660888671875,
    "1": 0.054872054731005558136924804557565948925912380218505859375,
    "2": 0.0863450904823046538894004697795026004314422607421875,
    "3": 0.06229082561687271368811025240574963390827178955078125,
    "4": 0.1163057343404851062818039508783840574324131011962890625,
    "5": 0.0599336232418277992106681040240800939500331878662109375,
    "6": 0.06611463863516488237426216301173553802073001861572265625,
    "7": 0.1093961348987908810403979487091419287025928497314453125,
    "8": 0.06647610803669605494814476287501747719943523406982421875,
    "9": 0.05779241294535465700565879387795575894415378570556640625,
    "10": 0.083671958920379319035731668918742798268795013427734375,
    "11": 0.0733036636329833235503627975049312226474285125732421875,
    "12": 0.0953816338662707707829468972704489715397357940673828125,
    "13": 0.09735606721749905101415123453989508561789989471435546875
  },
  "zLow": {
    "0": 0.000003446218072996473173255173824896617787826743586438750980081,
    "1": 0.000002808853813169774415798203708941421772603798457136708378140,
    "2": 0.000002528619184988592481678277531209746913185514181304972944412,
    "3": 0.000001574753714598598864792998851031565478069802544213337678039,
    "4": 2.47614168699275205950650645501296700578902593707755458570E-7,
    "5": 0.000001163261852711377035719478123998015848744966487255015343801,
    "6": 0.000013010492944661733639592184311848263163319516344100267354169,
    "7": 1.48260636334764816001651269578571006303892525722660850885E-7,
    "8": 0.000003184640952024071486770671890284044754966102344412806682184,
    "9": 0.000002343879448820288739943177304277398989038315117104142357452,
    "10": 9.49894539517555869848320124434010348960100765733508384920E-7,
    "11": 3.05966303389311938885708559026291298765376697314642870177E-7,
    "12": 3.90001066191986484475877141092651466910874776993085183417E-7,
    "13": 0.000016068135591417671760697868902553488171376693382441145745122
  },
  "zHigh": {
    "0": 0.000135184595345941526644834689166902269082870064921804840330301295748155426730127507122508554606303347517157383899426,
    "1": 0.0000996783724118577847072159054656195650118180722209124506096605949454458884721015153004716139840587193545969420991011,
    "2": 0.00009769196078197092121413384806967751254336692491606333384283302125539752725855693726909693533191038349454973852,
    "3": 0.000057051882340516352388478857171718902962684978980743669523564734812157289710353439123469888897609548866235113296,
    "4": 0.00001030831983334605264277400364071926900425359353442217060781710785566570649926073182491477965381242213549765913098,
    "5": 0.00004186970534254073635324288326412793794512274035252656657091360193527264376120240203392034681734473920927393995376,
    "6": 0.000476333192290019286473895283538663112542896365035301604513302353121150021374099787514634517470028461611708914415648,
    "7": 0.00000606973314730879534252306728658223944947686765932702286835181905924150291440743503650405933439760381144692864749,
    "8": 0.000116709482159206020015107669977362976732121177808717025674027371008331305018913608267885743340287569436503320769813,
    "9": 0.000083862228364643901520282679770666364989191621372324961721216338338366038535734502298949442121584395836019497147903,
    "10": 0.0000364447898744472325396026122381612855607833980615441572549352270009296145967872289795865830925172105121292351181,
    "11": 0.00001142183420034710294494524478699992142860569629550673813097867680652137760274136941253955620172402484641752197351,
    "12": 0.00001541992587605752319623046775962778902641468096609387169720053570867159007467470654871185538320593547086360525386,
    "13": 0.000638477116612324924782792167035453320660635601400429712855463724686378885809361134477272353521721621678865603142136
  },
  "setupType": "Multi Region Model Local Bidder",
  "population": 0,
  "id": 0,
  "worldId": 63,
  "implementation": "org.spectrumauctions.sats.core.model.mrvm.MRVMLocalBidder"
}