{
  "homeId": 7,
  "distanceDiscounts": {
    "0": 1,
    "1": 0.42045,
    "2": 0.17678,
    "3": 0.07433,
    "4": 0.03125,
    "5": 0.01314,
    "6": 0.00552,
    "7": 0.00232
  },
  "alpha": 752.04807281234798210789449512958526611328125,
  "beta": {
    "0": 0.06559158846911204709950737878898507915437221527099609375,
    "1": 0.071563042977240864939147968470933847129344940185546875,
    "2": 0.08917994336462826965306049942228128202259540557861328125,
    "3": 0.05667280627968883377487685493179014883935451507568359375,
    "4": 0.08699249942605451202393140874846721999347209930419921875,
    "5": 0.0927640386372272363058044675199198536574840545654296875,
    "6": 0.07947126405023167972085929022796335630118846893310546875,
    "7": 0.0502342556982806609511271744850091636180877685546875,
    "8": 0.0657712500157233981301629910376504994928836822509765625,
    "9": 0.08624398423483665976352341431265813298523426055908203125,
    "10": 0.07812704951528705310526135008331038989126682281494140625,
    "11": 0.066670482650304785376960126086487434804439544677734375,
    "12": 0.08764654537281391100123073556460440158843994140625,
    "13": 0.05202394346947840364503434784637647680938243865966796875
  },
  "zLow": {
    "0": 0.000004847885818624663790608447812260553739063779635419777419388,
    "1": 0.000002153731503796765440961202230907417939392953756354334151353,
    "2": 0.000002448239414443606072419905968404097650439090269839575143452,
    "3": 0.000001730860274352421739731692190814632799693764365450702353481,
    "4": 3.31050928685612569496674224152325952546051333151827182517E-7,
    "5": 7.51568157620246682672334336700901162336787763054443915270E-7,
    "6": 0.000010823837393072963323973252569005183920345060682790308762659,
    "7": 3.22870128106897219215772156552753413079859578896545721524E-7,
    "8": 0.000003218770145530588967553680545408604664054080196376609431069,
    "9": 0.000001570642291194571946866613289217102635273758678038171631684,
    "10": 0.000001017311384242839879496829803901725979858096229497448289162,
    "11": 3.36407508916915208417535300122096583748524195497502027709E-7,
    "12": 4.24419910046079284111794463376329145089420355319734832637E-7,
    "13": 0.000030069433118150968695277801648939335369612483799380677228806
  },
  "zHigh": {
    "0": 0.000177234627714787245165432908787820347619981146391235633509511938305422933913059501470123785186030124172926723352071,
    "1": 0.0000800247031306675154621058611245994500154927311974412238060653039375384029559530488090908854263500026963504388199,
    "2": 0.000095280567665621328936382701185508034660974207572101399814022555453516503470038068586847964451736198206753771707436,
    "3": 0.000061735079133131038636639657365210922611403833617864609786839749029864289249291085879531625023567797250438138929309,
    "4": 0.000012811422632936173549154711000250146563268055717744322326239402962963772828724882028688078486529734454816326609911,
    "5": 0.00002951889448980682576182856964521449735287737862650942371499936735009790801612385256608249124968383772510655836294,
    "6": 0.000410733525742356177005327331253370735253662695196002846768009228828581974973179336361076685459458320992982889461890,
    "7": 0.00001130801790047276743894669389580771165275587925454356898751129800356503477272968146526603580789195031938125657,
    "8": 0.00011773335796440154443859792963109977400476051336763110814056761137680489655980419288307364761521169625645691792315,
    "9": 0.000060665113635872397727985759318857474376254928200345839948173675922458459783575347318734819814917872662271524284256,
    "10": 0.000038467295216205752829057902622192754487723261974462354382188145051577673520414010715605840559785517387785579527603,
    "11": 0.0000123350703661752010309000470198740799781001212409925128569606877668406811459154132113097255603731501024593576849,
    "12": 0.000016452491191680307185307987428138119371771048315893361173814223948989445216300665690810870591677026940927029,
    "13": 0.001058516042414323832820190149427028736607709313908615657365970218070402663773608306158264250455063333302814053788436
  },
  "setupType": "Multi Region Model Regional Bidder",
  "population": 0,
  "id": 1,
  "worldId": 63,
  "implementation": "org.spectrumauctions.sats.core.model.mrvm.MRVMRegionalBidder"
}