{
  "homeId": 13,
  "distanceDiscounts": {
    "0": 1,
    "1": 0.42045,
    "2": 0.17678,
    "3": 0.07433,
    "4": 0.03125,
    "5": 0.01314,
    "6": 0.00552,
    "7": 0.00232
  },
  "alpha": 690.8634582442410874136839993298053741455078125,
  "beta": {
    "0": 0.04424686764622547119341078314391779713332653045654296875,
    "1": 0.0849965949565873180038266809788183309137821197509765625,
    "2": 0.042209025110901930710749496711287065409123897552490234375,
    "3": 0.09543296971275150308855472758295945823192596435546875,
    "4": 0.0873525559107548310588953199840034358203411102294921875,
    "5": 0.09361769403119175880778612963695195503532886505126953125,
    "6": 0.05237100882642835297797745397474500350654125213623046875,
    "7": 0.05417026721288920043662074021995067596435546875,
    "8": 0.0721925516019586710481092950431047938764095306396484375,
    "9": 0.049720549766329440177781151533054071478545665740966796875,
    "10": 0.058986088996921370863901756820268929004669189453125,
    "11": 0.0830318193954413252821922242219443432986736297607421875,
    "12": 0.056259061746968541672941910292138345539569854736328125,
    "13": 0.061575378811739855944296095913159660995006561279296875
  },
  "zLow": {
    "0": 0.0000080109490051697600797725084134374970401119288783768553813577,
    "1": 0.0000020213652697868294991722269241464790637147412791656811876571,
    "2": 0.0000057660940727303206737299120243404391797356916242780641315719,
    "3": 0.0000011457879682922965594009459252322672598203766483473691525836,
    "4": 3.675081461745673900664701124703779030615674239246822236185E-7,
    "5": 8.301489973951499206652558428783736639900186804128323875646E-7,
    "6": 0.0000183090751677849179550278665173136661674476438577758953063773,
    "7": 3.337588784975263681138289715862607335636333686429691752281E-7,
    "8": 0.0000032688849522106449943475454260907163389866474684218621482332,
    "9": 0.0000030369395262275844233961412610005634037133548585210142131097,
    "10": 0.0000015020060901412466241354347021558259213362253915664019954052,
    "11": 3.011068900650901863457374795453955332487768875890016992136E-7,
    "12": 7.370620220616869436034276080239947071276428826086830973712E-7,
    "13": 0.0000283196176074321058514420551543755263923060327982803235658578
  },
  "zHigh": {
    "0": 0.0002757744101903336006175569657380858357427802931855509952299830250031885722487186463441226563285321877801570079954187,
    "1": 0.000077821874603143284537149796755707181432687795148942796492316789876173981737670647453912053886921923174106841939088,
    "2": 0.00019732094313267930910200576996038763966359210911653872420542134246001910679574625921737804796971208692890295159609551,
    "3": 0.0000453082338962962784933516566057757356248416475576364303692838275414037479354261573378007654774968145356253407084,
    "4": 0.000014235521973874197414391474760031636326865113416449337722699935513750328791407529073371931157379218213992167965123,
    "5": 0.0000326761334056984725857815943120745887999533240262375272209272126294721639141193380984391741578493717869482741231569,
    "6": 0.0006451587287551279502472943946046677091674694308232340781053950457723636979100930089634877990633292750659337326091714,
    "7": 0.0000118207471182143133416376732330270478185678190249488508301358922177878196736565770209863068820846269047986,
    "8": 0.000121665463125652669144347563620320406267059347605348969126315339424996492759524913099410112057901843846224935670222,
    "9": 0.00010620801607194068904817076561215447795901754117263435686149643839849020027617917513271651557914284271278091745467416,
    "10": 0.00005391992919493634634711268639751039162665402160995234924934879846462509354456874258541483764148100112475850526,
    "11": 0.000011533351993413463013399541225582375661202604681438292892437554845386767558514330974456366389569960197921041985271,
    "12": 0.00002625850244290200183460451094082838521307712967546610771542760961299996221468299893407570982221448734238090310125,
    "13": 0.00102396764642108815996256618081861176482161258957116956360655815822570270627279629567160634241354531141776861800612
  },
  "setupType": "Multi Region Model Regional Bidder",
  "population": 0,
  "id": 3,
  "worldId": 80,
  "implementation": "org.spectrumauctions.sats.core.model.mrvm.MRVMRegionalBidder"
}