{
  "regionsOfInterest": [
    0,
    4,
    5,
    6,
    10
  ],
  "alpha": 62.3434338130151814993951120413839817047119140625,
  "beta": {
    "0": 0.0901940621939948117269381100413738749921321868896484375,
    "1": 0.07956288071751653478980159661659854464232921600341796875,
    "2": 0.051542216473455255976166000664306920953094959259033203125,
    "3": 0.07038507978000825560105369049779255874454975128173828125,
    "4": 0.074915927478226118640947106541716493666172027587890625,
    "5": 0.0948832383033644533032457957233418710529804229736328125,
    "6": 0.1018032454376201212387087480237823911011219024658203125,
    "7": 0.08531263023965916791890862214131630025804042816162109375,
    "8": 0.06505916888676933906854316091994405724108219146728515625,
    "9": 0.0869027357176788972648040498825139366090297698974609375,
    "10": 0.08019385871077867877776412797174998559057712554931640625,
    "11": 0.107756859118835979227668531166273169219493865966796875,
    "12": 0.07357632190379327641327478204402723349630832672119140625,
    "13": 0.10255824872936393499234242199236177839338779449462890625
  },
  "zLow": {
    "0": 0.0000039299638105889431248249452182220427794818153004200737005847,
    "1": 0.0000021594135801264238603413886838518177392690275456857614994103,
    "2": 0.0000047219779466224659698204235233519058015225206637486472517624,
    "3": 0.0000015535387445327833045632512122324293362567091626310907669332,
    "4": 4.285173656256507456762185019751552115362635872607478929293E-7,
    "5": 8.190765432136816611666253727147468474021884437895631561686E-7,
    "6": 0.0000094188032325879818801049955706401104452411486528022109472551,
    "7": 2.119241615467212154170896325778923951410420171230075437305E-7,
    "8": 0.0000036273003426166542079656074743811255644123329940715391609090,
    "9": 0.0000017375552288903777637852798176020476228925535525639492147115,
    "10": 0.0000011047911440016701350322215979770065143018847419241654348771,
    "11": 2.320172759214851840513309412371192724735804619672480870055E-7,
    "12": 5.635837282642978433757015770717490869006674095170666585997E-7,
    "13": 0.0000170029344649093718571501697531724410187399079485080856654443
  },
  "zHigh": {
    "0": 0.000153344854352909091969130069881622207923876885846847544806792925414962258117076672207720940863335956488604698797033,
    "1": 0.0000819633239133311153722246495468673416993163831445452058449134838983999117388074491761986979886686049124327602539240,
    "2": 0.00016599745934944366798472111493073163831719698030065621781113372070678302283396323546118136430996521177897714600967846,
    "3": 0.0000575407571835108808482208152157805979179316229861480787997696585081872241100431860914960029836464524729055449010451,
    "4": 0.00001606579855740669808268392644517495558110599831653130780202259420370456289430081298236211626592138566542181591377,
    "5": 0.000032343959780254424800822680207165784302318416927539450279045942686477999897718887318087122410319008074738173665746,
    "6": 0.000378450570699219867999608266204461037501274574674023547331729046072110801698000685595883180952757058593025470113381,
    "7": 0.0000081657056096901587607354930627759976658900784793500018852081089350520856925738753925282270661771572034708733123347,
    "8": 0.0001324179248378329455528894250690326830298299133748392795065879662282671381094813640535097274191487280030043696721474,
    "9": 0.000067226487151824489259844922310199004534393501993922406909550465651610637406292160731276995851735159739865595044014,
    "10": 0.0000420034808107490516740162932721458094156238021206852524335069290197896031247914555705802359516363036308667894865802,
    "11": 0.00000946066356910531294456734507633408783794671191278568452619552016913802686451585804515572147694984147239011941972,
    "12": 0.0000210541536289803288277727300122610166062678654827176145522825306334161362707133852136544778380475436357754675890729,
    "13": 0.0006844671521454061401338096187825192036146288440780024265941545546312749634358031558008364274339409078120875098052573
  },
  "setupType": "Multi Region Model Local Bidder",
  "population": 0,
  "id": 0,
  "worldId": 80,
  "implementation": "org.spectrumauctions.sats.core.model.mrvm.MRVMLocalBidder"
}