{
  "gammaValues": {
    "1": 0.91153,
    "2": 0.64613
  },
  "alpha": 956.522311051332508213818073272705078125,
  "beta": {
    "0": 0.189607585034881953589547265437431633472442626953125,
    "1": 0.21911784216772567379649672147934325039386749267578125,
    "2": 0.1710829254177059777219938041525892913341522216796875,
    "3": 0.209161641570833112258043229303439147770404815673828125,
    "4": 0.1214466540743749656261485370123409666121006011962890625,
    "5": 0.1889471986368455314053704796606325544416904449462890625,
    "6": 0.200120976645323078724203469391795806586742401123046875,
    "7": 0.1097096003881745662766888926853425800800323486328125,
    "8": 0.08881506707367535502495314858606434427201747894287109375,
    "9": 0.204541711387453639670042093712254427373409271240234375,
    "10": 0.149078538754116529663207302291993983089923858642578125,
    "11": 0.09092214634025301556174980532887275330722332000732421875,
    "12": 0.1459878875110154350380753385252319276332855224609375,
    "13": 0.0882416658330988645797532399228657595813274383544921875
  },
  "zLow": {
    "0": 0.0000018694368175576856481515705401913286884582801200610289379859,
    "1": 7.840948203746510224947746686356548919481517909907018394861E-7,
    "2": 0.0000014225920495190954091834431674758855356939659092905133276303,
    "3": 5.227820342873123731536185454548643385588878433800395183988E-7,
    "4": 2.643364375169343378526769617204064975280737616942077247348E-7,
    "5": 4.113140358741718091393164098004328417179326672367167321776E-7,
    "6": 0.0000047914254332028977508716512240235094909569795538036462518022,
    "7": 1.647969509406217689895087397370520165618659551340181784141E-7,
    "8": 0.0000026570845845060449376725575346814772985624301728285831480876,
    "9": 7.382274345260691451410714526836771403174156002022517512458E-7,
    "10": 5.943005991836166973772086408623763424060958708926630801730E-7,
    "11": 2.749764927572870240107795517248106674444225516816294720142E-7,
    "12": 2.840401249547850996910314897464883365130003608602758962305E-7,
    "13": 0.0000197615396934989107831473696697101828808598341280308398508989
  },
  "zHigh": {
    "0": 0.00009152904456197136766892882954070078519317083043607620192882824080435130532352998062922990767982650089116409543,
    "1": 0.0000407037611207779302368262290903824562796901105036934160471867413776845033070744205906602409375045327058396781588,
    "2": 0.000067015882436342551165611704254451030342340337666912200087172836647244694544240705912386365999978297502857254162,
    "3": 0.00002661805587614675290593183521245364798699698340861654134373813675108894924655766854280938416753922734790985938401,
    "4": 0.000011140370714145205847977680237532494160860303549535102756188182941720586961837781649982238465162791261611320625392,
    "5": 0.000020111084560069129240003411319736364131790743630954057559316438982863936067092703216738559614805118766263258743659,
    "6": 0.00023962923671766734412260793580596300887274950170406660646814145244272258402359576208540676433767860661284936542545,
    "7": 0.000006751889291507175367908066277550786308514796619680320925716704416369045355248909140848445372275360130267914535,
    "8": 0.0001033114520945146674440979268780432350543328287375505991219459102179610426378756555029391304666569077704678110909432,
    "9": 0.00003724665332089523070051867136264789005713936342307148300557966624715451837677173681685383446590509789844275331096,
    "10": 0.00002668876446620744854436590455870690425875013598974018179238457505804099446319425166347249194585904675769183012111,
    "11": 0.0000107494400741793681433508033909648296870719746042171260764563359935413610908445937948629044529491273632959534629879,
    "12": 0.000012667845529694946517232627392503194094637854023013891681208080762836517100212605975572902413017421530845239882,
    "13": 0.000767225309003092307913725616278651459478226629463685052157791452368966775888679343766219203234805131002850540675461
  },
  "setupType": "Multi Region Model National Bidder",
  "population": 0,
  "id": 7,
  "worldId": 80,
  "implementation": "org.spectrumauctions.sats.core.model.mrvm.MRVMNationalBidder"
}