{
  "homeId": 5,
  "distanceDiscounts": {
    "0": 1,
    "1": 0.42045,
    "2": 0.17678,
    "3": 0.07433,
    "4": 0.03125,
    "5": 0.01314,
    "6": 0.00552,
    "7": 0.00232
  },
  "alpha": 561.567878950620752220856957137584686279296875,
  "beta": {
    "0": 0.0787085643325730333064171873047598637640476226806640625,
    "1": 0.06325344774490926358367914872360415756702423095703125,
    "2": 0.0767191521669164100405424733253312297165393829345703125,
    "3": 0.067158317936334921416374754699063487350940704345703125,
    "4": 0.07634429985425804365828383879488683305680751800537109375,
    "5": 0.05051819924806345840639920652392902411520481109619140625,
    "6": 0.05993986007622480183254509711332502774894237518310546875,
    "7": 0.0911640139333776133856446222125669009983539581298828125,
    "8": 0.0442448179770391636367321552825160324573516845703125,
    "9": 0.0744545410470631996435741939421859569847583770751953125,
    "10": 0.0930416551013652781687568449342506937682628631591796875,
    "11": 0.0809709450566421240491621347246109507977962493896484375,
    "12": 0.067505020451205322018495280644856393337249755859375,
    "13": 0.08922971168786332507583125561723136343061923980712890625
  },
  "zLow": {
    "0": 0.0000045034413136375457726549610604578011176349270138201322941438,
    "1": 0.0000027162023766398008869435479807940590039807369485561802648069,
    "2": 0.0000031723657344150126838849987788900524561271024843439787670397,
    "3": 0.0000016281817626661247975537012751361053884783017318827188292319,
    "4": 4.204999711524795637836917184930784256858398231019226734790E-7,
    "5": 0.0000015383888577821566683904781575964439822306255723283884767217,
    "6": 0.0000159971133732449044625101579662127836562357453608193631292121,
    "7": 1.983217593523020158791631875185300167013621203829004813661E-7,
    "8": 0.0000053337126557012777549556156537234266691220327101840555475557,
    "9": 0.0000020280603537087758575672565651309614833791456213234162378358,
    "10": 9.522344030796310650371548182570569113030563985687165740802E-7,
    "11": 3.087706694928427433583457295426902328998874076331312380822E-7,
    "12": 6.142716131830094151806264632984444871674879303891450800468E-7,
    "13": 0.0000195427190001604977933865637657676614639162662120935410450606
  },
  "zHigh": {
    "0": 0.000170549179444367171404030545148694958068470237248849302613566182381235699230969841919796252635976733597996275692978,
    "1": 0.0000986669878087324261702894284551345796406676652306577688068122793137066567616610430918687222151647250943519533130,
    "2": 0.000119509092983220069406658372596876037955334434918516163269452788753752512541049095241204820317112140371657245576998,
    "3": 0.00005978004772751112563793431710289087948457940006369692066873094988724942517146235454941246875683256684204952191476,
    "4": 0.0000158252767232115626259081229407126520055932853917665512185130330674175525042910376689003119097443837442394904316442,
    "5": 0.0000539233292173086750175382637536166983471715307837042098956375930526142357332632965115204846045486555952576644506651,
    "6": 0.0005757998749189275454717631380716412338311124759145381127904368653225610549282883806992862763373498970771580070570109,
    "7": 0.000007757633543857582774597699710995126312699681577146790014277325014930771252337308360058729960339318963972885424465,
    "8": 0.000183610294230371651962589670449301716171120904858214771105990701751580659425524133612059926484125895007449837912,
    "9": 0.000075941640896376432073304224736066420348991264056706417603279266267794698596834736029155415642650947100771316229821,
    "10": 0.000037426778583087879574164289880547321325658951820021786609601183721468635217461146254192565984611933720162880827935,
    "11": 0.000011763265376246039723777788725501216650735920282762179058495573733724396152230960688162372231939203684790397996104,
    "12": 0.00002257479017654167598192047659906187861427248110887996719569709042563928285617004113217930765251758092785263926,
    "13": 0.0007606606882029399182209014391603758169699195919855660879826418581179489369661151703040231469018023227758025206770492
  },
  "setupType": "Multi Region Model Regional Bidder",
  "population": 0,
  "id": 5,
  "worldId": 80,
  "implementation": "org.spectrumauctions.sats.core.model.mrvm.MRVMRegionalBidder"
}