{
  "homeId": 4,
  "distanceDiscounts": {
    "0": 1,
    "1": 0.42045,
    "2": 0.17678,
    "3": 0.07433,
    "4": 0.03125,
    "5": 0.01314,
    "6": 0.00552,
    "7": 0.00232
  },
  "alpha": 515.212026393967107651405967772006988525390625,
  "beta": {
    "0": 0.0769474115155116822339920190643169917166233062744140625,
    "1": 0.061045971339836579971915853093378245830535888671875,
    "2": 0.096923560672854736086634375169523991644382476806640625,
    "3": 0.0824367017761158116240238769023562781512737274169921875,
    "4": 0.0677782951018400525722285010488121770322322845458984375,
    "5": 0.09044425588241100655295667820610105991363525390625,
    "6": 0.05272812727261418086488475864825886674225330352783203125,
    "7": 0.045785889276335790809557835245868773199617862701416015625,
    "8": 0.0459592163462589076150521805175230838358402252197265625,
    "9": 0.04890300711778185205336200169767835177481174468994140625,
    "10": 0.0455824817994597009107593521548551507294178009033203125,
    "11": 0.04175690565369614970503420181557885371148586273193359375,
    "12": 0.0860316553177262466345354141594725660979747772216796875,
    "13": 0.0982149449213991776463927863005665130913257598876953125
  },
  "zLow": {
    "0": 0.0000046065149349559755673735902846902258130065631899241676951460,
    "1": 0.0000028144226608982962027861566883306219572500088145263479905332,
    "2": 0.0000025110634382199329232316105941817503489022176872771224744760,
    "3": 0.0000013264231358047169853542783105370292369881380760174172484409,
    "4": 4.736438979194716783498240636792906712196706620130520659526E-7,
    "5": 8.592766238187776451570671806284470618926672841980816409298E-7,
    "6": 0.0000181850709822917830204233181747773167578880491955747513322210,
    "7": 3.948772846534987287190731108870322996817935616146568428885E-7,
    "8": 0.0000051347512937422565975242554088031870352037924886023085444504,
    "9": 0.0000030877099743059841715963941137037310597094493145515191286979,
    "10": 0.0000019436735651379043886882347438144304490214852177730896561440,
    "11": 5.987381613463627986002619233631209897414291867005037551723E-7,
    "12": 4.819902355403134673196438408278532014523765250749970597593E-7,
    "13": 0.0000177548455927638640793985447951058275675084120494794251384262
  },
  "zHigh": {
    "0": 0.000173641388083920065245589421875667698929619322531970364643632452099851099858824821390373888972015541946119531377349,
    "1": 0.00010161359633648728564556768968123146823874582120976280057860138050614342484717710048661399578168641550642223265,
    "2": 0.00009967002409736767658705672705562697473858789100651047449254429246580327534426567841229670110049751973188089748446,
    "3": 0.000050727288921668891271951628164918594939874490387737873245002826781824227116455161201863902572048332510067318613080,
    "4": 0.000017419594526221326062892093296299019371608210559100432992720826457697115117983179277176544731872724255511977216629,
    "5": 0.0000335499621984073043205359344445767907370327821397950048218832047210208026448908868824674028271383658884822595,
    "6": 0.0006414386031903339022091579443285772268806815909571997588807058491078108486092358023194773404210630462502635592841162,
    "7": 0.00001365429930289348415979499741205019480211262481409948085994756150281379741588692726693855687736531543063836152796462,
    "8": 0.000177641453371601017239648863101694527153573698210762361012829519452987601895890151193848786062658304565188318912678,
    "9": 0.0001077311295142926814941783511932495076389003748535495043291429468498349057198997257821687682294981292533248589561436,
    "10": 0.000067169953444836079283696687647268527457211816396152979071512651648696203427092022796794640435746366078318831337617,
    "11": 0.0000204622901318516413810352745401141393559821736547833545711988349043267405992312198150801196030489154811332639867943,
    "12": 0.000018606348847260797546090997924944140042819138949455526587071229912337235067717864396549157385682332239348480870434,
    "13": 0.000707024485981040906801260870040520800077683967107142610783609949666837717005354711363808233332535579838032151384460
  },
  "setupType": "Multi Region Model Regional Bidder",
  "population": 0,
  "id": 6,
  "worldId": 80,
  "implementation": "org.spectrumauctions.sats.core.model.mrvm.MRVMRegionalBidder"
}