{
  "homeId": 9,
  "distanceDiscounts": {
    "0": 1,
    "1": 0.42045,
    "2": 0.17678,
    "3": 0.07433,
    "4": 0.03125,
    "5": 0.01314,
    "6": 0.00552,
    "7": 0.00232
  },
  "alpha": 576.232819694368345153634436428546905517578125,
  "beta": {
    "0": 0.046010243313563688183354116745249484665691852569580078125,
    "1": 0.08923280006935048469518534375310991890728473663330078125,
    "2": 0.068812287128149185466696735602454282343387603759765625,
    "3": 0.05195084627989594860952848875967902131378650665283203125,
    "4": 0.0960945072540232703151019677534350194036960601806640625,
    "5": 0.06594256502988228574313467333922744728624820709228515625,
    "6": 0.0963718923268130078785276282360428012907505035400390625,
    "7": 0.0926317616152392275807869737036526203155517578125,
    "8": 0.0667100741895329252262314412291743792593479156494140625,
    "9": 0.09527189451870664294030888186171068809926509857177734375,
    "10": 0.07005171741814424091199242639049771241843700408935546875,
    "11": 0.06552801967471777455642722998163662850856781005859375,
    "12": 0.07067171290529659921642036124467267654836177825927734375,
    "13": 0.08147410823116359168682976132913609035313129425048828125
  },
  "zLow": {
    "0": 0.00000836667717774174945088221879720197679975700325184126832775,
    "1": 0.00000209104245331556932390820012131571232864706398027461011517,
    "2": 0.00000384115733244153913407622593837826797633344487183725470751,
    "3": 0.00000228586781745161998743051523821638335909401045165974265431,
    "4": 3.6281486018233529805349121020100589373106911101947134083E-7,
    "5": 0.00000127993877147546848220312633629624254937111397749709233868,
    "6": 0.00001080557804936705467711331349443863979925657650993413965412,
    "7": 2.1197025676831298796987908938850178288819132515651985869E-7,
    "8": 0.00000384186100214183347849954747666839650197757548111434577328,
    "9": 0.00000172126726127470886053029162006372987031949146493039572965,
    "10": 0.00000137354708664367528199905999351071816895412195143756061163,
    "11": 4.1436135843647401647588815038300290776171583593985744356E-7,
    "12": 6.3722373742738351873320056083228794886901807077160014781E-7,
    "13": 0.00002324426967670915966609857503511270963079457945492389960474
  },
  "zHigh": {
    "0": 0.000289495600599646307243707226380710229417409750385297053817186141499219136782899190636207769902018334258885097646333,
    "1": 0.00008139023091679031391945398802391712037854986366646647936625470311793359866066729316641230226318190684202844227505,
    "2": 0.000141666602099682452524046540882538174166164540525904690181993635403881751791443860313196967369134790121889580465,
    "3": 0.00008045131128360763598082928810994315715259080436540464855368603327623294463530932318692757238887352895666229582967,
    "4": 0.0000143708973268359447293628945555014524804632504462481927791916975473020163800738893925645029182170826722498388624,
    "5": 0.00004683840771149292670570156030516452076253611344927551166682648621136467906992018333635142663429067592943960078746,
    "6": 0.0004283027419112692329014693609370475557158107387960480608389048462438644761274431048025003596684303648552227799350,
    "7": 0.0000083226255324977314510023406579987267609471211287567063791340889366301080133424185473372985965849205829515,
    "8": 0.0001408849133121305067444769179695231983720414439071007978761092697440592599159114302096441535243060273085459101353,
    "9": 0.00006803685713370797882992539794426233304313473969202548054597536813654459021492704152983476525809731949882112590373,
    "10": 0.00005082834583671806091957096348926973512454338409721865187272744009359318403411499352391378160039798121764786408222,
    "11": 0.00001514606867790102582138405685667590180427660261200358101727031383989504210192234536279170573677225138283231638,
    "12": 0.00002362008142561232070024070235485983647968082326238315235573611544887890709806460299320147895891155991217977449472,
    "13": 0.00088670870464073039236598863569226245954531965851330838599160007122482923032991893333085333945797909812254380394798
  },
  "setupType": "Multi Region Model Regional Bidder",
  "population": 0,
  "id": 3,
  "worldId": 27,
  "implementation": "org.spectrumauctions.sats.core.model.mrvm.MRVMRegionalBidder"
}