{
  "homeId": 2,
  "distanceDiscounts": {
    "0": 1,
    "1": 0.42045,
    "2": 0.17678,
    "3": 0.07433,
    "4": 0.03125,
    "5": 0.01314,
    "6": 0.00552,
    "7": 0.00232
  },
  "alpha": 553.1825236579985585194663144648075103759765625,
  "beta": {
    "0": 0.07197465528816816837665015782476984895765781402587890625,
    "1": 0.0730059640335360970908595845685340464115142822265625,
    "2": 0.051531966455899726187173115476980456151068210601806640625,
    "3": 0.079162545175133269825806792141520418226718902587890625,
    "4": 0.08583052058022751229504621051091817207634449005126953125,
    "5": 0.0930367797770088877928884585344349034130573272705078125,
    "6": 0.05050487391871971709633726277388632297515869140625,
    "7": 0.06275310413451050395305941265178262256085872650146484375,
    "8": 0.07737300644231302759745716457473463378846645355224609375,
    "9": 0.040895527945085718979356670388369821012020111083984375,
    "10": 0.0901459901428710297377477900226949714124202728271484375,
    "11": 0.080163901837485784795944709912873804569244384765625,
    "12": 0.09685811564807067508553473089705221354961395263671875,
    "13": 0.0897328605055066896856175162611179985105991363525390625
  },
  "zLow": {
    "0": 0.00000534845010556403732116696921636643477845454029306745580657,
    "1": 0.00000255581274274414563905157180679647423564063814193420678153,
    "2": 0.00000512922054877457113275377116485840226773875256250746230800,
    "3": 0.00000150011305646970620880384165016730625868348627271119841618,
    "4": 4.0620183797056543455923322113654588815062989236929021362E-7,
    "5": 9.0719440069384399153605677374633857673967341335737525833E-7,
    "6": 0.00002061888137724062904067201623391639383606220146152722834348,
    "7": 3.1289572946695442927730710270907980797654906800694915579E-7,
    "8": 0.00000331240628047506094496508081727566112740743862761480267163,
    "9": 0.00000400993461130688436789169027818171671121618400819615501631,
    "10": 0.00000106737229489166901058245508294238676423953423994671268469,
    "11": 3.3870955162727944849664243417826486794250053088188561086E-7,
    "12": 4.6494496332693399124628386161943784983368361977785256133E-7,
    "13": 0.00002110493449919985219581779340808477973415490683747858453144
  },
  "zHigh": {
    "0": 0.00019894878843431494335224973895564396877833586162208267818198256485135891465574775783138593173538227159849831279225,
    "1": 0.0000953333395996476033737551385883399775883570885162543793570116378741546196940855079101971526204287240230328989,
    "2": 0.000180308498589673412484372897676942202908323771246010918196570828377758798914675210281692916908796496337370942551543,
    "3": 0.000056878668454150222622029080468470844140275078996948321409903775189058207578034533557903778458419329261865165697,
    "4": 0.00001567250666048284882453515488356765231305007388674275896280388822274428964158906720751177757935091383935023998545,
    "5": 0.0000356560765880441919856894734286674015835928965250839992563057844705970524863054695052100137052539518899629519089,
    "6": 0.00072270184174747646380823044312138017681997948734384072151957955330795756181962352653398891003289528885293226,
    "7": 0.00001135038971345697469022518105761606751359785341426958529211602079295664274505377441713039507885894357606411078726,
    "8": 0.00012500127166212733073844291818774113713493733830211450482649875935892952689130366366836902583672883595004129959156,
    "9": 0.000136696877634673244050767357687801938270035515989998259145891922754758420801672741909384222089005814410885231916,
    "10": 0.0000416431020841578727770728161722197929831057527524932140644325201343155619404808968665791227324646161710875152424,
    "11": 0.000012876514473625188782006685370533760609700143460264426036172986712057909747335475792815132020556010063908096,
    "12": 0.00001845171820259883487563320137847433350862078973257072476108259444592875966523203443521960855892242564645091458,
    "13": 0.0008225286493154511682575651868814245626461294799899489337927555950484163289206732583289555834167345669489689373596
  },
  "setupType": "Multi Region Model Regional Bidder",
  "population": 0,
  "id": 6,
  "worldId": 27,
  "implementation": "org.spectrumauctions.sats.core.model.mrvm.MRVMRegionalBidder"
}