{
  "regionsOfInterest": [
    0,
    4,
    8,
    11,
    13
  ],
  "alpha": 90.265207649607560824733809567987918853759765625,
  "beta": {
    "0": 0.0572156896460619124322732886867015622556209564208984375,
    "1": 0.1014002420185509401040491184176062233746051788330078125,
    "2": 0.0678925939897272179290865778966690413653850555419921875,
    "3": 0.0848940061450139393794955822158954106271266937255859375,
    "4": 0.06305963927245154809764215997347491793334484100341796875,
    "5": 0.1155592440125918773929925009724684059619903564453125,
    "6": 0.1063061801502162839749843215031432919204235076904296875,
    "7": 0.1004052795740377757027772531728260219097137451171875,
    "8": 0.1040153262292299596314393284046673215925693511962890625,
    "9": 0.093474950731585126906253435663529671728610992431640625,
    "10": 0.0664923282772448553945565663525485433638095855712890625,
    "11": 0.11958224160202467201141729447044781409204006195068359375,
    "12": 0.05989233240527337687186815173845388926565647125244140625,
    "13": 0.06866193021974380250593839036810095421969890594482421875
  },
  "zLow": {
    "0": 0.00000672809949605202534078408084428286718275464794099226238389,
    "1": 0.00000184012946575705618650421752707164683988016036630277772837,
    "2": 0.00000389319078461424946450607333684344853929796186517227246015,
    "3": 0.00000139883571282688304657677717192981307235808771282189373706,
    "4": 5.5288161518059762294076731780090394846148215905849908034E-7,
    "5": 7.3038246653025729319877908997305717659616219858829986426E-7,
    "6": 0.00000979579929248786248925878352998905630471451290142982958943,
    "7": 1.9555922136549252224323103660652059567470255993215567982E-7,
    "8": 0.00000246397181809475714665394201453055436112928146555270648543,
    "9": 0.00000175435655939057430894154043492494489238511396829667477928,
    "10": 0.00000144707419437749493190565705248127768939078289678373054653,
    "11": 2.2705946037064697687297877325077777878013126697059868342E-7,
    "12": 7.5191082429681837256170534051336498665450942311648719177E-7,
    "13": 0.00002758160362421606215021198703016475739656751965934711571471
  },
  "zHigh": {
    "0": 0.0002403382701489545839407630877931369409073390910598268755014452222973224021100169884476064829117883680376207407373,
    "1": 0.0000738628412900349197973345101965951557155427552473115077622432884560699113806294027030114936028029079472495239920,
    "2": 0.0001432276056648637624369419628364935910551000503259552227609606202782406818477747953959131271591654408295524538900,
    "3": 0.0000538403481448655277552171461213460485505131222002691810363812499683811554415840410408323734993578115805453800479,
    "4": 0.00002007289997678381447598117778349839412237564188741902496436654709752314517885107570678387075269511405261580586242,
    "5": 0.0000303517185631365910355711429154689595792875600820117374341390924125577265286912173152192214639229633252839257,
    "6": 0.0003980093792048934672658334620035600508795488305409187588983036812681950173835114133879234872734770158081508573098,
    "7": 0.0000078302944704131174792028990745392911445424581720257810129671987508339436571124936467691801311452150930945636,
    "8": 0.0000995482377907182167891087541053879341465926234402516192406391211133116529775453560521102563886806118227564594526,
    "9": 0.000069029536077183942282262862390098783705103414793013852034878614050631566592653624882642123202958002530618973692,
    "10": 0.0000530341590687326504167688752583865207376432124576037499194634166345903906150408866813568946618267803413152456941,
    "11": 0.00000952701173592621463329677554270914793482906554292581821290968409845264366857805165327691655128351031818729450874,
    "12": 0.00002706069403169536631509584574529214761324556383272976367455545850400364649974409386667384865450652464447494205427,
    "13": 0.00101682872306593746688939099554382389251850786464600486929065778906189233681712549704572798243441518913864698092889
  },
  "setupType": "Multi Region Model Local Bidder",
  "population": 0,
  "id": 0,
  "worldId": 27,
  "implementation": "org.spectrumauctions.sats.core.model.mrvm.MRVMLocalBidder"
}