{
  "gammaValues": {
    "1": 0.98929,
    "2": 0.95716
  },
  "alpha": 907.17373314550559371127746999263763427734375,
  "beta": {
    "0": 0.2047324186905331300234678337801597081124782562255859375,
    "1": 0.1392377554760877433892574117635376751422882080078125,
    "2": 0.18345422715672776714512792750610969960689544677734375,
    "3": 0.09530942705595281394526097074049175716936588287353515625,
    "4": 0.09360400811592516079340242640682845376431941986083984375,
    "5": 0.11050029810561441678817828915271093137562274932861328125,
    "6": 0.1311764275916905420071856269714771769940853118896484375,
    "7": 0.183958622066706711795092132888385094702243804931640625,
    "8": 0.2019217238750944665159892110750661231577396392822265625,
    "9": 0.0879864153896112444197541435642051510512828826904296875,
    "10": 0.198679681844124267353635104882414452731609344482421875,
    "11": 0.174959691582836585066473844563006423413753509521484375,
    "12": 0.174752057530709159482995573853258974850177764892578125,
    "13": 0.18739297282118194676314715252374298870563507080078125
  },
  "zLow": {
    "0": 0.00000188027306635702115022189195521057261455240888276813029820,
    "1": 0.00000134007886392047343577567653389595882310309939372826694561,
    "2": 0.00000144078893880461610574583153706063285163156240375274996258,
    "3": 0.00000124597084746795076807612036134934167935357937713795628186,
    "4": 3.7246818715797322899748509911000814394435556479798123505E-7,
    "5": 7.6382097713092335158968318682599636377792364039444646655E-7,
    "6": 0.00000793857572904768743240265719724328107702537657089839438197,
    "7": 1.0673692852169412635777234888083931467902611382453389101E-7,
    "8": 0.00000126925834209543701322283958513748594145969093125478427981,
    "9": 0.00000186379218005998698239027559274781600408261869349745772887,
    "10": 4.8429377116462100534441121742402498479677358496361742556E-7,
    "11": 1.5519162729669370064536865846601626055302260100691660043E-7,
    "12": 2.5770050243897348993559248103221792421056026051978175464E-7,
    "13": 0.00001010606809254103378795092991808556746893941227716518426940
  },
  "zHigh": {
    "0": 0.0000949034772581044582238974211209681038612719193131029129308830598457384196308521370181640069875954379905300970577,
    "1": 0.0000588613232349374372754782804013245152122309260700761842793216378523374475327449913840241803092865864877167104,
    "2": 0.00006965555029057476167413470884300912042510806648336954783388178643188573306961695771100212164808016852949034198,
    "3": 0.00004925440218409755940019744180393190676037787212975105738039191063702734232606436742159788670078543388261912183484,
    "4": 0.00001466049713610508265768271122277151998686184405960348960553194788386378232660360872844585241688682811949397468057,
    "5": 0.00003135487388115657278729826582105713519474040333619613550305347278908370927730150967556735579111744595125862823349,
    "6": 0.0003422926723016882155601496720211867940488747406249757026744013080191141685142426175625289552866240901148429068704,
    "7": 0.000005165625685099165602639138442768852714672164788797127348636650505301435795290152127814150802593878337921151869,
    "8": 0.0000637068335107386127861756812235958815565049074113139530721119092527576590414582696786067782896296176145286303802,
    "9": 0.0000723126046972663224857249171247849170560285565490373405224430358213308054394753287792881561151672493698110719732,
    "10": 0.000024150746372346432619931500206668939599822933103000356290566738260602625282956947211662393309342071089399466738,
    "11": 0.000007370976743707616346468472099166302388015805564015355723307459308234127973224042500767999666760564660028429997,
    "12": 0.000012234384375960019836312459960857735739927088954828600560481892120793347273186813675431816293864071496563744077,
    "13": 0.00049256265711568661602155928218144819468966464318054692593152256463661543298458361593319160382043528408878148698
  },
  "setupType": "Multi Region Model National Bidder",
  "population": 0,
  "id": 7,
  "worldId": 27,
  "implementation": "org.spectrumauctions.sats.core.model.mrvm.MRVMNationalBidder"
}