{
  "gammaValues": {
    "1": 0.97703,
    "2": 0.90810
  },
  "alpha": 900.765400492507751550874672830104827880859375,
  "beta": {
    "0": 0.10542949789267837268358363189690862782299518585205078125,
    "1": 0.0920620553437672406449365780645166523754596710205078125,
    "2": 0.1576880505948121957704444184855674393475055694580078125,
    "3": 0.146132734191740276674664755773846991360187530517578125,
    "4": 0.084539124751914218602877326702582649886608123779296875,
    "5": 0.146721955115564461902266657489235512912273406982421875,
    "6": 0.08518952572145606361164738018487696535885334014892578125,
    "7": 0.2163925578699750218447661609388887882232666015625,
    "8": 0.09236596335380529987357789423185749910771846771240234375,
    "9": 0.10229916460232639507932361766506801359355449676513671875,
    "10": 0.0808981190201157607244653036104864440858364105224609375,
    "11": 0.201494054964561353227026074819150380790233612060546875,
    "12": 0.20962439326078285972698722616769373416900634765625,
    "13": 0.10432485579201559999784620913487742654979228973388671875
  },
  "zLow": {
    "0": 0.00000365128223474799992310580265713112012797728363416743939714,
    "1": 0.00000202678044148038648780152718058685561376538952220819134551,
    "2": 0.00000167621338628596536098347608202738365900867105935666305216,
    "3": 8.1263632174824875589645236581308722058826416064074470449E-7,
    "4": 4.1240686269193271946031603000268113555703652896573628948E-7,
    "5": 5.7525436875353631168659932289921614058696032056388426985E-7,
    "6": 0.00001222396762376031985536198458708322825954916010247081842547,
    "7": 9.073869493368489569611948369873178205126999210852490647E-8,
    "8": 0.00000277473241411492662129270068570381613929555380265865807112,
    "9": 0.00000160302768446007284817083488774896478154697296319488697468,
    "10": 0.00000118938899370642425184546797305241811201008119492460611025,
    "11": 1.3475474128923346621123264993272221895766988699994149215E-7,
    "12": 2.1483040369201719931200704923977284517134657635181426195E-7,
    "13": 0.00001815297159068296177063165986889469235963371234947710228306
  },
  "zHigh": {
    "0": 0.00014803375230983382141041474217858452926401816185508218589903748672031622291640242986268888927993627693739251132717,
    "1": 0.0000794623705617348288362537998020514189320996299244739162763948891509864623149423463904409955341003305242225617266,
    "2": 0.0000767182837150152393312640451920116446464213261514869405215373563472851466610605533956686134815976644222132571159,
    "3": 0.000036254366412506499034807401937844272997418415634834710059052573812406848134908623236500431464828813636893801286,
    "4": 0.000015858657402123867371567639149551709735242272984636141238642106091999491326406180594125444791485792136466166880,
    "5": 0.000025697875629834961590205749903253728499011503741279269601837597435484643086225245334737981167841110815442713663,
    "6": 0.00047085442914306718824892949371638520952458824657214842397945470201310942165476808132204249801009319870499655402830,
    "7": 0.0000046856786774588886827895524873056267358394811373168578123961092545990488065915768951413629779737328547573,
    "8": 0.00010887105567132330102827151424058578749158079355343016681128723689927967333963871073722413113790340976736252448304,
    "9": 0.00006448966982926889845914169597481938037995918463996021789687594044745030154862254900229707040964457702737253074943,
    "10": 0.0000453036030486005300149632028755207334162221614018300168312207194334909713452715197841640012393611328687081059976,
    "11": 0.000006757870163483809313444391843167481140155224143806102474955852613989325671126650898694323900312630822760104141,
    "12": 0.00001094828141355133111760489700708438336875067842978957577983119857052031617590980741650795737605876608154347,
    "13": 0.00073396976205994445550198118070572194141049364534990446634134216167319126060550849497190432595159825205138834913231
  },
  "setupType": "Multi Region Model National Bidder",
  "population": 0,
  "id": 9,
  "worldId": 27,
  "implementation": "org.spectrumauctions.sats.core.model.mrvm.MRVMNationalBidder"
}