{
  "homeId": 12,
  "distanceDiscounts": {
    "0": 1,
    "1": 0.42045,
    "2": 0.17678,
    "3": 0.07433,
    "4": 0.03125,
    "5": 0.01314,
    "6": 0.00552,
    "7": 0.00232
  },
  "alpha": 526.6299774801567536997026763856410980224609375,
  "beta": {
    "0": 0.047002707694907143454177145258654491044580936431884765625,
    "1": 0.093392334698673751258723996215849183499813079833984375,
    "2": 0.07413915593352711497221463332607527263462543487548828125,
    "3": 0.051520301965137398070293528462570975534617900848388671875,
    "4": 0.0721830562419076560143338383568334393203258514404296875,
    "5": 0.057941002640263507272866405628519714809954166412353515625,
    "6": 0.06546718781293621447492370180043508298695087432861328125,
    "7": 0.0685777255798149243393169172122725285589694976806640625,
    "8": 0.089174213516478750829463706395472399890422821044921875,
    "9": 0.095525736310743958323854485570336692035198211669921875,
    "10": 0.0764873564795546523331637445153319276869297027587890625,
    "11": 0.07004458414055891868343906025984324514865875244140625,
    "12": 0.0898485664954348506316961220363737083971500396728515625,
    "13": 0.085128013178078720812891333480365574359893798828125
  },
  "zLow": {
    "0": 0.00000779472786295206450161047125219547656597877830153877520536436,
    "1": 0.00000190148292990052487247861705409652364301939942138378009944449,
    "2": 0.00000339310066047125740040362162898944669640843145379800188666322,
    "3": 0.00000219372221008583300660645161074967974615521198276939313525114,
    "4": 4.5968957703791822093723496129310713854554175414560175650850E-7,
    "5": 0.00000138638968031911272898671913864869272571370365885697224263625,
    "6": 0.00001513878417660524609882779216853237076762080279033685406728274,
    "7": 2.7250097714366577428405595594219080043959131549409640620361E-7,
    "8": 0.00000273533218872071246658870087479489520913153894884897030579158,
    "9": 0.00000163383805804388682396206170946047618033464458545498280780743,
    "10": 0.00000119726139740669216457634740082983262889516870343185950803324,
    "11": 3.6893344096436109828166478387525833971152293149013056539705E-7,
    "12": 4.7702671632939301914957238356445157779215514025443168753604E-7,
    "13": 0.00002117284975721380442043311671409234606395535331368741434562867
  },
  "zHigh": {
    "0": 0.000270479167418930346654414132168702283371666327702662971535189316759223637995957001158702004851705681233395092074080251,
    "1": 0.000074802880918324207899744455988675295705469126861558251839159301749850576126216526718660430816505550656873505982784,
    "2": 0.00012694918171062096159545565706182977688921229310997422977761383408616462292323721963081538110523786487379715092105575,
    "3": 0.000077113789371700060024928955802497238525851501027402709680151760824575145777366198099984919034840484531028804193097309,
    "4": 0.0000171088671704522259421966628122309611597270183519799158473540589114378563441920073243359773960625984011781121449560,
    "5": 0.000049624571222353760913248385703901614200528310142298958960308200777355937853496562243528185203709370328051263983931641,
    "6": 0.00055327288799308964014636607592847057283426266471964267706102689863710647445493997249487655977789411609115250666705535,
    "7": 0.0000100437790373889462690925347513504583309881910976583046731201609581107460675872065304765982313876581478830872904417,
    "8": 0.000106452075325169170291804290697298581803717917734992517408603325429027046445777785084779771232093647105589314475568,
    "9": 0.000064622500092032436176501380688683416969380517306025977402458418373308040940449045345566081123382292579244649453437,
    "10": 0.0000450753778524663062932549946854105373687784129514294149349438100899996768710414867974305987070756652750767329626138,
    "11": 0.00001365218217372024469675327565034456465255206397138125029780285458475125665148545021791134270662993906287769176848,
    "12": 0.0000185968181541038312117852641092241813082177625720412880410347233673818810425788491557092806360480442191330157357161,
    "13": 0.000815425756031371891334019396973750958396258290662862573738035746319115542088885846375676834782085706621994200631
  },
  "setupType": "Multi Region Model Regional Bidder",
  "population": 0,
  "id": 1,
  "worldId": 49,
  "implementation": "org.spectrumauctions.sats.core.model.mrvm.MRVMRegionalBidder"
}