{
  "regionsOfInterest": [
    0,
    1,
    3,
    9,
    10
  ],
  "alpha": 77.458244879334330335041158832609653472900390625,
  "beta": {
    "0": 0.0997224443436802998608214920750469900667667388916015625,
    "1": 0.1123616079366430431374368481556302867829799652099609375,
    "2": 0.0885526941561296798699487453632173128426074981689453125,
    "3": 0.09109478853360020167428956483490765094757080078125,
    "4": 0.0672606602941161757502896989535656757652759552001953125,
    "5": 0.051985434358274455746151687662859330885112285614013671875,
    "6": 0.095288317791955956526095405934029258787631988525390625,
    "7": 0.09480974136783233696679218382996623404324054718017578125,
    "8": 0.07432989723955930883025899902349920012056827545166015625,
    "9": 0.114622041184024914262096217498765327036380767822265625,
    "10": 0.1083824873251164888632303018312086351215839385986328125,
    "11": 0.07559900906464800396378223013016395270824432373046875,
    "12": 0.0939590937483390786777448511202237568795680999755859375,
    "13": 0.0769103703481191225410640299742226488888263702392578125
  },
  "zLow": {
    "0": 0.00000367393035454512757572564389046163282752696894906020723853513,
    "1": 0.00000158046803952127725563048867514731787960165113134430467496393,
    "2": 0.00000284081270888604718253528950599826076841814413153154718391841,
    "3": 0.00000124069919378058553963488187148391237904716094517946279832802,
    "4": 4.9333144289767652857344996298059314493524584235591020096830E-7,
    "5": 0.00000154521760026456248672094214808827389478567218585149509617417,
    "6": 0.00001040099825367038491196717766036524600518989216544356833857013,
    "7": 1.9710524426269709754982117432010382294724542745480958290458E-7,
    "8": 0.00000328160142411255855668190269399323304081261778373055004238134,
    "9": 0.00000136163674887435679677586919106955517683829575189653660314253,
    "10": 8.4492764064322961780924726360491038744335433849465244722162E-7,
    "11": 3.4182709228100699397160916532744894324648679288112156236414E-7,
    "12": 4.5615772707448073346482629190174154564896437446618293078574E-7,
    "13": 0.00002343510536994386152566973917264608206452513982605872000371717
  },
  "zHigh": {
    "0": 0.0001468552421667222388778693113166869712181120471283059325303125923684080300356502936255855300319581366399290520243595,
    "1": 0.0000651724342069467793943006046201991228029366781603739891047422326384958233765402009921273706725658161278602931017797,
    "2": 0.0001103805431630646550594056933720941990495036734419805886952695556635468912327525762078019353063223190387774832161464,
    "3": 0.00004852309888254263601578186362452421751260996989970479957245817185846758322099600024100786854839931571624075002,
    "4": 0.0000181181231462449751712831128628555413514181409982891691811481740241108437746324030321458931685844964721374177865940,
    "5": 0.000054389408820717253645275075987089049272687365952134644566445882083983791328624878656337251122871710016727336364442298,
    "6": 0.000411139310305043804540547640683456829961335345972844105199648559711692091097693715056612414474491259498330171422505,
    "7": 0.00000778190705095988596706549130268784900621781445647969997414954275704714687399940405410257458817698032418735550319598,
    "8": 0.00012284015238692455299460034527324871675415028278143990950629615798443922207254427481924343012985898732040839787960994,
    "9": 0.000056456460816946535360915605136955786864490052299272591262511236911644876376903231271131081711955040937198361525703,
    "10": 0.0000345053651495624298902419905686628701252239820033132031105951434178734411521892718227899787020538808450839138762442,
    "11": 0.00001283899171321962156745160709391028275860097981311098020681544926420977626288104668206871170859543198075786614096,
    "12": 0.0000179707484764564626412428813593428803439220395983938253385258219996066939484807245805441780051256491567553157882728,
    "13": 0.0008832934244132736044911180707303630384133518860340017434806907343796963414667092024865390589251718501823550694081376
  },
  "setupType": "Multi Region Model Local Bidder",
  "population": 0,
  "id": 0,
  "worldId": 49,
  "implementation": "org.spectrumauctions.sats.core.model.mrvm.MRVMLocalBidder"
}