{
  "regionsOfInterest": [
    1,
    3,
    5,
    9
  ],
  "alpha": 93.87942129699484894445049576461315155029296875,
  "beta": {
    "0": 0.07777197488886977705391245763166807591915130615234375,
    "1": 0.0707278546479818415182450053180218674242496490478515625,
    "2": 0.11829221541895318381421020603738725185394287109375,
    "3": 0.10361468159552743306672795142731047235429286956787109375,
    "4": 0.06886054240070772769488627318423823453485965728759765625,
    "5": 0.07904654434713430377623666345243691466748714447021484375,
    "6": 0.059077113216187131239376384428396704606711864471435546875,
    "7": 0.07260982312940504612708281229060958139598369598388671875,
    "8": 0.093636363642124076367423413103097118437290191650390625,
    "9": 0.0882188537546103324071822271434939466416835784912109375,
    "10": 0.08185785020300916092761411846367991529405117034912109375,
    "11": 0.1006250938483017609570424610865302383899688720703125,
    "12": 0.092000423682082388410208295681513845920562744140625,
    "13": 0.0658556494371909384444307988815126009285449981689453125
  },
  "zLow": {
    "0": 0.0000045411463510043951086039157096967002555319867176721005550881,
    "1": 0.0000024203488687775213604136226086533304758335915092702884994098,
    "2": 0.0000020499959679230164663653343863525684110352149610028701441855,
    "3": 0.0000010514860773042251577422631593367297130680010270919900609866,
    "4": 4.645091518757837306319904356209539658028008281895661723418E-7,
    "5": 9.796100359279682183797365681699527262574593061678324654218E-7,
    "6": 0.0000161718687997897050959185788962197123167920385841996647026782,
    "7": 2.480964521400099691127089293855489313766292816473214000982E-7,
    "8": 0.0000025111324233535637460804243810448585453070474428518123536681,
    "9": 0.0000017054256192570059222946919657149275635927904192298950742251,
    "10": 0.0000010784079675095963051186778183777138899169816932000574145925,
    "11": 2.475603434482191406778038603316811286158265076586376164527E-7,
    "12": 4.490852790686500207898011043449195220095014054109312078422E-7,
    "13": 0.0000263829629498916189069718316661194329907582001316269693721416
  },
  "zHigh": {
    "0": 0.0001715517825278314967439710388234115271133365846723868811125059642003066010868286880682885821406430608652397317209,
    "1": 0.000089729074362156021449236228498064950507495601356945821852997777829520935390306255261419743578067052685170266743962,
    "2": 0.0000857497355022439844765070006646663238385726994922418646210733057285930319787084982409871388104445287465506017,
    "3": 0.0000424395218293274981516706505410865950399059360608844815724082690588069829351799700115998464406582302794163482094202,
    "4": 0.0000171339097710994310297322113074021008926262031869623407095536365638652780119384098431061370817666109816792032289641,
    "5": 0.0000371317798926268433912745857261890528884254682480934004709036306543475967334252895553988846041133757683202549368772,
    "6": 0.00058069479639394122355699446238840731610244857899388146159582195413460220989912352968470652265137611037925313423389200,
    "7": 0.0000092443175150922018642465524579632654954945890393652014073477394733826395601215184774886105827031372172125219341292,
    "8": 0.00009884730357527316840779505463524331991505753761185094584442370000145542878905878852403727359881478890033922287052,
    "9": 0.000066207837907170134481070627714356821940511836877119725664683562001283265443839913496113978388886710781499576524721,
    "10": 0.0000411798548115010996062339200535273746274328278589476072947708098680189363629257320545170241350680751743154275046482,
    "11": 0.000009917888582706060920867978084491769864828732645617832594335677390690714235610437860717449275164758868918206351,
    "12": 0.00001760416196642970139355705560480407224895859800630674609161241154541631712009202708321590512078463396448431442,
    "13": 0.000965235604410994504587861526788610678853248793627348507687545173525811211964985365740839466434395848237446830921618
  },
  "setupType": "Multi Region Model Local Bidder",
  "population": 0,
  "id": 0,
  "worldId": 4,
  "implementation": "org.spectrumauctions.sats.core.model.mrvm.MRVMLocalBidder"
}