{
  "homeId": 4,
  "distanceDiscounts": {
    "0": 1,
    "1": 0.42045,
    "2": 0.17678,
    "3": 0.07433,
    "4": 0.03125,
    "5": 0.01314,
    "6": 0.00552,
    "7": 0.00232
  },
  "alpha": 519.2460856866191534209065139293670654296875,
  "beta": {
    "0": 0.0962762764146556648814367918021162040531635284423828125,
    "1": 0.0983117847042644099619934650036157108843326568603515625,
    "2": 0.07201505315134869300575104489325894974172115325927734375,
    "3": 0.045179341135218431535491845352225936949253082275390625,
    "4": 0.05281472371207517058078195759662776254117488861083984375,
    "5": 0.0446375995042282147640122502707527019083499908447265625,
    "6": 0.0818117881865171592270513656330876983702182769775390625,
    "7": 0.052918801215963325035307462940181721933186054229736328125,
    "8": 0.0554672357279397953977451152240973897278308868408203125,
    "9": 0.0805653431256047880548720740989665500819683074951171875,
    "10": 0.06114515326830728680906901217895210720598697662353515625,
    "11": 0.0666550056234625210027644470756058581173419952392578125,
    "12": 0.0861360957449524289319953140875441022217273712158203125,
    "13": 0.098937283266023856587167983889230526983737945556640625
  },
  "zLow": {
    "0": 0.0000036683379657923133279802664822798117033546215218001446393652,
    "1": 0.0000017412569968417872967832773074105446813664825199931848993673,
    "2": 0.0000033673316068502187624819710822636421809059381125063202293915,
    "3": 0.0000024114870284613035975293686117194822251703631585198243560031,
    "4": 6.056332382355351874469720509076867276807293497006348064293E-7,
    "5": 0.0000017347435571785866325223706877059694438659210134525546368445,
    "6": 0.0000116778687421472539285253800715067422355492195093004860440551,
    "7": 3.404128418442877929007160981300161946325049004184697479807E-7,
    "8": 0.0000042391387575173840997116082674566159775783995686044315023664,
    "9": 0.0000018674368836242719670270776393633258377185652695198590085464,
    "10": 0.0000014437147205236844355710867644918665772020744207874025863738,
    "11": 3.737271126090234215875138581249751902838646796205738321161E-7,
    "12": 4.796599565649935488034709361397654837698875067986018827449E-7,
    "13": 0.0000175612984487428771798214331751393162193602594752137124583000
  },
  "zHigh": {
    "0": 0.000145367530971469043325261562000904870548015628796228203640819097586463030665304905008157883689626295770858679157269,
    "1": 0.000069356318204083999540325869460781376673482331678632713851721784962232183584810985973789593361255049581563881813469,
    "2": 0.0001252698046700600533600061015419985369346943940373453671772541874363410473453912748264452107800893540175691627730452,
    "3": 0.00008323955036403985134528381411256917040297680000371951042290487815464371760711755533121490363571033521205322599472,
    "4": 0.0000213676323618919747341816597660040837489640588322943997321791425803922043438819425523630983931132578950171556640923,
    "5": 0.000059785785530145395815553609312269554416679319466635065613583613137759918391723918580048005196661519322068185711868,
    "6": 0.000445874794664667688535198497647018213665164006746906101837129322375723339615255942881944802324856661133758056733388,
    "7": 0.00001201380920622053657788676752029728339317085760249965184382472307456185720233666056786845627602073919964932453637718,
    "8": 0.000150687493600187779016730571227596042883198101384429520305371826218321198683534386749642267400315061783445107700133,
    "9": 0.000071068175838188115823042197923808770164285082385818643694322461224687241056888299298971955759988944925185771830656,
    "10": 0.0000521390574019237435198061884369519552459856096865679624482101837245475029300248823802361127088238385018825661559730,
    "11": 0.000013702891657530189348159278018290591714869877804475919064236915641490438460558749642936340918695887747471853435077,
    "12": 0.000018521402291320007233967150558649451101770181047936866338692923182962043638443067581697748364520574855589420683463,
    "13": 0.00070058566937653225277334957205920717571131057393495080027229832535030234284723975527115046711177707448217324564752
  },
  "setupType": "Multi Region Model Regional Bidder",
  "population": 0,
  "id": 4,
  "worldId": 4,
  "implementation": "org.spectrumauctions.sats.core.model.mrvm.MRVMRegionalBidder"
}