{
  "homeId": 1,
  "distanceDiscounts": {
    "0": 1,
    "1": 0.42045,
    "2": 0.17678,
    "3": 0.07433,
    "4": 0.03125,
    "5": 0.01314,
    "6": 0.00552,
    "7": 0.00232
  },
  "alpha": 759.482947784183807016233913600444793701171875,
  "beta": {
    "0": 0.0408111653863756640436832867635530419647693634033203125,
    "1": 0.0939014554438716564366274042185978032648563385009765625,
    "2": 0.06578474563441956413090139221822028048336505889892578125,
    "3": 0.043173770182586813926040036903941654600203037261962890625,
    "4": 0.06369727817093460975339525020899600349366664886474609375,
    "5": 0.085361705754033845305883687615278176963329315185546875,
    "6": 0.09113912816443525688470117529504932463169097900390625,
    "7": 0.07912588765076740415782552418022532947361469268798828125,
    "8": 0.0970696510982693994140646509549696929752826690673828125,
    "9": 0.0847760247498196284343663364779786206781864166259765625,
    "10": 0.0773348359733681822714146392172551713883876800537109375,
    "11": 0.063361376427645110798181349309743382036685943603515625,
    "12": 0.0956226350274697323161632311894209124147891998291015625,
    "13": 0.0753299532814862005114520115967025049030780792236328125
  },
  "zLow": {
    "0": 0.0000086538553024241612766126796342301122433902291974046826395065,
    "1": 0.0000018230397194495883620378641323278912119522490627768126101108,
    "2": 0.0000036862430994740522959631210860026828270698438698298183119027,
    "3": 0.0000025235089416849160177094930157429561756281196679804625468363,
    "4": 5.021619928943011790762922668695467547537933612475823886742E-7,
    "5": 9.071373101540759313899712317090601025776940979286309830526E-7,
    "6": 0.0000104827349486904185944397797977767813370890217084486273318089,
    "7": 2.276655598282481499775879291889986128030677195268188911255E-7,
    "8": 0.0000024223153795888591657775096211076571055484616212820812080326,
    "9": 0.0000017746844551698523790003894803506783329120859419612705578050,
    "10": 0.0000011414798615792214021267792845751690532984314777339039184707,
    "11": 3.931540663584145132318292083211642834576605186675164949746E-7,
    "12": 4.320738069164592241346360363488913679473733715837720333252E-7,
    "13": 0.0000230647582197488987786128886631820995616150906475665214146569
  },
  "zHigh": {
    "0": 0.000294933051070424481784233956559413886749083859064364343645056535363694505892930277244710165311264117286635169844693,
    "1": 0.000071809799882318031497963474208301772591055327962141545174028191504059125753607170291744818979865308358003163066437,
    "2": 0.0001348371494487750593644406016541697563196115667570503096525901196700707327627992229188157782922294526735411030484940,
    "3": 0.00008660020776074822395068754623327338891670949528753865614789986116895967392615051771102802433272015910654065249893070,
    "4": 0.0000182634950016549544830612662448598845611559791787028271995276211829531773000947492261300516721697900026100159139599,
    "5": 0.00003495759811941007478158162563236227417803251200091735599982617545203835161572597414973676181476718313945077740074,
    "6": 0.0004100207808609626285126304894351193867113580727213503404697425343177358693161981249892076060010452659089176698918,
    "7": 0.0000086313907457393472901929224520667559382877421757501261381686234257884049022002081903484978006428951415745432636076,
    "8": 0.000096182792262332030998707611837127276722299962964759011475358346758211851910251306760475978276902631471379863037350,
    "9": 0.000068285602984555528182241553153429345020090702559060990172082081869805902534629452753152550066444458678806088648185,
    "10": 0.000043072011633589852516476964039451029528876321394963002411115863329818393163273018893488047208921773485377374971518,
    "11": 0.00001428570027001192209748873852417626451008375297588419894999121981990401806872415244511305180263670755130051977255,
    "12": 0.000017093817801863977493902103564923227627094756991491970856102733736719486026484336264181153741122873939547254842762,
    "13": 0.000865689462506712900737093236700490675978955509105535068963003204608349925428302896645904926133287667516310285095148
  },
  "setupType": "Multi Region Model Regional Bidder",
  "population": 0,
  "id": 5,
  "worldId": 4,
  "implementation": "org.spectrumauctions.sats.core.model.mrvm.MRVMRegionalBidder"
}