{
  "gammaValues": {
    "1": 0.93934,
    "2": 0.75737
  },
  "alpha": 928.9673822936268834382644854485988616943359375,
  "beta": {
    "0": 0.158193496231644081806422263980493880808353424072265625,
    "1": 0.209452031170659302983239058448816649615764617919921875,
    "2": 0.11228860373632225388984551273097167722880840301513671875,
    "3": 0.2047577822104573730399579289951361715793609619140625,
    "4": 0.213154152069835622906879279980785213410854339599609375,
    "5": 0.1657057815979634529668373943422921001911163330078125,
    "6": 0.2130411565725582878627619720646180212497711181640625,
    "7": 0.1891146464174207064701249692006967961788177490234375,
    "8": 0.15578669094158870134236849480657838284969329833984375,
    "9": 0.189622770735855039614392580915591679513454437255859375,
    "10": 0.1179802322762801003452892700806842185556888580322265625,
    "11": 0.1753786290466581021529890449528465978801250457763671875,
    "12": 0.1387616154508998500549665777725749649107456207275390625,
    "13": 0.1150855101197580665495223684047232381999492645263671875
  },
  "zLow": {
    "0": 0.00000217054918786467556126468270108189859363398699698470618057920,
    "1": 7.9460905391777862441804095984274953995555798277222250853824E-7,
    "2": 0.00000209963170229699487326402424327810977297360180615227113665471,
    "3": 5.1731376817152280406070666271472435389890550699064530937038E-7,
    "4": 1.4589504699836340451232911828487807910502448243020629308584E-7,
    "5": 4.5432651531487311748658436761629827589290021662906152712587E-7,
    "6": 0.00000435999101648921568971916483718184921809388143883513872164265,
    "7": 9.261053612152997938154432164998388435047899230110980750028E-8,
    "8": 0.00000146741661936658649104538376337727439091852483864904022114522,
    "9": 7.7138881259536019426855418911234807563861365455957509604094E-7,
    "10": 7.2745110275349315781202942967692650444938921924019840289526E-7,
    "11": 1.3809575695450778957818037101058985861784254197407320485104E-7,
    "12": 2.8948024408835499691279137596835822340831126887932212521255E-7,
    "13": 0.00001467795622721324371271387450751940629809447219571007617670192
  },
  "zHigh": {
    "0": 0.000099453152113047134396021546105060872155407004194119084471408315162968419823358605310746104439292274059592635722805,
    "1": 0.000040481519650500825450393628347580285762790858608893556318394255661747171417598718592313885433212128051356728791519,
    "2": 0.00008656542229005454547700829943071520994889045733869944410480401858217698998510281366177733600415799992277725047029022,
    "3": 0.0000261118150329192542826883377993520462992450633146141482657347244891636863058065160369425751936036244122724751756,
    "4": 0.000007486664913363398971651635874917903902066664400146839054305978518077654674089538364804207193817541068747710599122,
    "5": 0.0000211582484915392097967066790465064240503759654415379100099016449100531322992385224163124234650425361283275276346,
    "6": 0.0002236854833745591270484946180271710472663812643916697520440323031322621924863941871804107979885772993225508203003,
    "7": 0.0000045297169629609904258017421052545977294529734616745791464412918371480227248137974816182153066283553282771494921,
    "8": 0.00006688289651737892623098829414237381203388374514344409385263523855798556690352122804165285975412348027812969489524,
    "9": 0.000037768952773758149271596565640070324956926122276118067702296290599845364216183331872943231051209438585855223076143,
    "10": 0.0000304060180898541172577711098685955163584839114219693681494205235898392573761571903666688583374563617046535720737139,
    "11": 0.0000065647771618194414314373644860169398609966110986211684014566805076193218787809199104797464827796645541847268047562,
    "12": 0.0000127012819537327439792090751482983686666644433039093667773057292196929290346853421031949090959432424014403543064699,
    "13": 0.0006092606948088288803915711989970042520935476865366248659462188076187287510190201444368497981818861472224241820908599
  },
  "setupType": "Multi Region Model National Bidder",
  "population": 0,
  "id": 7,
  "worldId": 21,
  "implementation": "org.spectrumauctions.sats.core.model.mrvm.MRVMNationalBidder"
}