{
  "regionsOfInterest": [
    3,
    4,
    6,
    11,
    12
  ],
  "alpha": 90.84292690398314107369515113532543182373046875,
  "beta": {
    "0": 0.08249987894993311698943472265455056913197040557861328125,
    "1": 0.08280942808544618227717393210696172900497913360595703125,
    "2": 0.07162876676309197498948577731425757519900798797607421875,
    "3": 0.0932014803824310067437153293212759308516979217529296875,
    "4": 0.051465366092605713266294742425088770687580108642578125,
    "5": 0.050710980552140905164293371854000724852085113525390625,
    "6": 0.056092027725532511706063587553217075765132904052734375,
    "7": 0.09964712233643051308984439629057305864989757537841796875,
    "8": 0.116111098571321902372943668524385429918766021728515625,
    "9": 0.07805007928205098810536810560734011232852935791015625,
    "10": 0.10611725227223567369350121225579641759395599365234375,
    "11": 0.0622063347621428508471552731862175278365612030029296875,
    "12": 0.06393254365989743670528611119152628816664218902587890625,
    "13": 0.055325009204433263365618955731406458653509616851806640625
  },
  "zLow": {
    "0": 0.00000416202749799728093431259728778665100897525927491703108429416,
    "1": 0.00000200982525996849986296230752628746475156520015510108349582105,
    "2": 0.00000329148082349686703451840021905133599532655843148542197877993,
    "3": 0.00000113650576625071465873045110226995067111071770704047941460264,
    "4": 6.0425364463875820114224435815420849674951862083849150709997E-7,
    "5": 0.00000148458044985982462469220789788195568711512755305870728313347,
    "6": 0.00001655952844749843496273802831552766880451867807944088273457907,
    "7": 1.7576030679561202226671340394051050618368170875190771451925E-7,
    "8": 0.00000196883831241500157790767868394396619486451283080233146184344,
    "9": 0.00000187409013936276039937904240805208208164282837970134337260273,
    "10": 8.0877376896563579854207217008904387032538947159057384030215E-7,
    "11": 3.8933405455325355086543113410337860349103284455019241508216E-7,
    "12": 6.2829889147703873984463185768388980287333410321493723347658E-7,
    "13": 0.00003053266694782504141485279944567393031345814264591850808699456
  },
  "zHigh": {
    "0": 0.00015919750141702529558745898370620344461564517253208883158285706728420752816814632622790302763050544550558388915669302,
    "1": 0.00007693800583202246260672162534092174211108012377875938593687827047516376596706260845183695844725566001692453824853499,
    "2": 0.00012232089592605071031463957870391199661947915609869396936856041322927936773257969084553412693550675654253196466808085,
    "3": 0.0000446875749752950099227806709860088358155994293161091714227025387743108896105778118517140787983974839030725607407047,
    "4": 0.000021237422842575242870549093070997816431401488552395395474729935607929000210155953269946326565842568167348999123152,
    "5": 0.000052065866527887755012875384954476146387042785534427282690129810316969583482795813462710690803110277201184700869582,
    "6": 0.000589671606304835705239060522377545634859125163609842072432124831895371388168581327611825871077117870362109724612766,
    "7": 0.00000702421008318345171235681457397039638444905495519851635701045576709533357982616383252723667673242837545817127121472,
    "8": 0.000081925547308831378836857141759374566152263384908042831073581784316994431844747110567693566484434615039824397130211,
    "9": 0.00007084999257678015542491121220826234513705256403037111599914990533358021790389096988946948670876978549871465882428,
    "10": 0.00003284569807621839647967239208095903733476391899248063127162710260972299941670327314872853630435049234655920573087,
    "11": 0.0000141019260897818142700548873788006022071923201759047447083903548340302194572400064168948133068804270505982996704230,
    "12": 0.00002286584137539325626716428959976431605061512833397782002522679761954639692521536610351510237777518094510556475904055,
    "13": 0.001084902016427182811455738947141639972554457800042877823254998179201207214032268717738652442125022554762514282322206403
  },
  "setupType": "Multi Region Model Local Bidder",
  "population": 0,
  "id": 1,
  "worldId": 21,
  "implementation": "org.spectrumauctions.sats.core.model.mrvm.MRVMLocalBidder"
}