{
  "regionsOfInterest": [
    1,
    5,
    8,
    12
  ],
  "alpha": 69.6849869518534177359470049850642681121826171875,
  "beta": {
    "0": 0.08718112372871324178280616479241871275007724761962890625,
    "1": 0.088164248235130304731654860006528906524181365966796875,
    "2": 0.0845885637523346722854711288164253346621990203857421875,
    "3": 0.0917098200651507988734323362223221920430660247802734375,
    "4": 0.108909142421937776834539590709027834236621856689453125,
    "5": 0.07012646379029748022748691482775029726326465606689453125,
    "6": 0.060347950911209757851594304156606085598468780517578125,
    "7": 0.0913576145675666084766675112405209802091121673583984375,
    "8": 0.11144021676545745602737724766484461724758148193359375,
    "9": 0.085132030292316251962603246283833868801593780517578125,
    "10": 0.0929793560456282641712988379367743618786334991455078125,
    "11": 0.0974955268229666105472830395228811539709568023681640625,
    "12": 0.10940956149367984939768660979098058305680751800537109375,
    "13": 0.1036409144794414316503861073215375654399394989013671875
  },
  "zLow": {
    "0": 0.00000393854483729234480370906928305905434000743778976533558757279,
    "1": 0.00000188775477204553837252511814857022828244676301901622236150228,
    "2": 0.00000278719370270593829415774316670703505603197710885024777365616,
    "3": 0.00000115499103370268432618546284032895842432553516259841054991796,
    "4": 2.8554200632343618152673459740411751722952860035639384134360E-7,
    "5": 0.00000107355378058213651868249249934550662019679205279913683172253,
    "6": 0.00001539169954859708979290181656783410922783159613939231073471806,
    "7": 1.9170825416197610865645380794110370644768427123077814346182E-7,
    "8": 0.00000205135978732834357384099397956020973786075119816726388470057,
    "9": 0.00000171818860018631040119759058252686471686954541044470875350512,
    "10": 9.2305274764836971575022754724724599890213387455742926058033E-7,
    "11": 2.4841185355938708713036446938136994021775135058010852153016E-7,
    "12": 3.6714109591912885727780399803453940596453595047801895405141E-7,
    "13": 0.00001629877629321183958233610343083185428518587541823576300629980
  },
  "zHigh": {
    "0": 0.00015249302159587721166935314356437554454661052797753796668121608630857508120512501079624731286654957198046653425946977,
    "1": 0.000073275891194333617893605944009404648037527009696213551907315198387627289021049414649870704546799623530126076560190,
    "2": 0.0001071922823023228481038198671335829684406417164196387432148472609670025222595209451268091662674767117256068182289714,
    "3": 0.0000452421329988540999464310231277790684120439529828471054821621257533861719494570002729491792083308434277746122134614,
    "4": 0.000011676073693115582282083800248495087045801787937932465502038904120260116478008841604160498815477579257626630061238,
    "5": 0.00003973506644955711183258392299838267437949272052664016914780143370696821732211343452374378471518763148618338388514999,
    "6": 0.000554636739337795350143974169946738847558512705408384912436294486238410335633232079007674905859696518486127734941874,
    "7": 0.0000075026485041743743040490266939881923923691318295646292252873674444257909389624617488357727218111504783709680047726,
    "8": 0.00008440119155623163871485660062786187244215053592899080375929549821708816076713050768591202496500068257717958892867,
    "9": 0.000066172946401486655479467657442505824193854074952672077426221741937869603159831576592051832246331204339006917683317,
    "10": 0.0000362740674367004139959170533957051011920662510814862938799726350759820957677569107961196379861958549823990318034661,
    "11": 0.0000098742600599658203580028874371403423089938753568022279018303599496696068000162635833844603885846053893665944176694,
    "12": 0.00001503110750865595979015945381028380414335118375187027164247173996590705793319640017462935403473518962072177735819706,
    "13": 0.0006578852967887867564802380666963776917062897832123954708341553856932616323351151828763283826754605232271846848792945
  },
  "setupType": "Multi Region Model Local Bidder",
  "population": 0,
  "id": 0,
  "worldId": 21,
  "implementation": "org.spectrumauctions.sats.core.model.mrvm.MRVMLocalBidder"
}