{
  "gammaValues": {
    "1": 0.91947,
    "2": 0.67787
  },
  "alpha": 747.08362708250888317706994712352752685546875,
  "beta": {
    "0": 0.1306271700173533556466054506017826497554779052734375,
    "1": 0.1277714512032410432151863233229960314929485321044921875,
    "2": 0.1430168112589390860822646800443180836737155914306640625,
    "3": 0.130540656880651029236872773253708146512508392333984375,
    "4": 0.11116951397454059857761166085765580646693706512451171875,
    "5": 0.10760044840062533977320669009714038111269474029541015625,
    "6": 0.210402491911213740394259730237536132335662841796875,
    "7": 0.14750337722582884669719760495354421436786651611328125,
    "8": 0.1543236235316018944985216876375488936901092529296875,
    "9": 0.127067422274907915191732854509609751403331756591796875,
    "10": 0.165846757736092254020832115202210843563079833984375,
    "11": 0.1170209648119250600561969122281880117952823638916015625,
    "12": 0.1587251106714387127727405868427013047039508819580078125,
    "13": 0.1265282176674265013360809462028555572032928466796875
  },
  "zLow": {
    "0": 0.00000262860142132340171086469288542722225091176922330070751303159,
    "1": 0.00000130257955718869498558577199766264069493553436997161869214491,
    "2": 0.00000164851048024405463522358200210378859906463126176002334639206,
    "3": 8.1142551607181279777672320446215105815932459623429807200653E-7,
    "4": 2.7973617876252372597668906352238394818427611193288593274374E-7,
    "5": 6.9966744042390656842817291727636978930512422889530326665808E-7,
    "6": 0.00000441466980909517261474804472189140016944134527122454775225191,
    "7": 1.1873632402556331525749682220092763588304650204388084293209E-7,
    "8": 0.00000148132848446887672069485426488247506693886694525138812346055,
    "9": 0.00000115114386787917105637815578638264994441364040085009534788936,
    "10": 5.1749489253847299131203024170056737546752710635174584627405E-7,
    "11": 2.0696329560063606407262773052642816704923959040382555163040E-7,
    "12": 2.5307115012173671475545014066102832456775761282131488748130E-7,
    "13": 0.00001335054038589519703259128581836525516003426135843646529137525
  },
  "zHigh": {
    "0": 0.0001131947191168089188840218516354205818737404709835991244449799924979648434740620170058983326234596477622229598212,
    "1": 0.0000557206347486283162854255594821770204121901502248754418265941930116222152112176736901185137879795617156861329015982,
    "2": 0.0000730317856284663383357950321954855747316213410069320103969244753824850799549731066390377617141748577311319871173970,
    "3": 0.000034935167469927954094168834051774847427057635991923731144819371985078416585201840641754548459521369670310253073065,
    "4": 0.00001150189886628820861558243423204307997444421328522722824404298381142889452205395195383528437391748661576627720566050,
    "5": 0.00002851847624481021332495433553630856945274268580952516219586803960623577310740065802440272184534698541617934828269684,
    "6": 0.000225325847152737834799361014568457575806805179363352022962309960081626371477734383452323337574646583694468490750,
    "7": 0.00000531349060008199050208031712178291027542999875395771020939560835734985825233529950457954169743660906098903996634,
    "8": 0.0000673002524704476331204724091875298323144940083415145309220949036303567837609471902968045873476507415433185037887,
    "9": 0.000049161604432272475134884613558179381020176924664833675257748914378043590994054892146614303181224927582082061616448,
    "10": 0.000024107331783403512262771134229304742489028048035315791450784039939329093956644635790286143706731065506110098542,
    "11": 0.0000086308033212032896662707852714920891139385225515137388048375528960784083520860625537015220735433462138029104894203,
    "12": 0.0000116090091347341955144888380890784717014478336221691496453683208335926219979415647106820102006992916073945388610176,
    "13": 0.0005694382195692874799878935383223797179517413614184165393864189292571102078878330286745459455661028220574123445394
  },
  "setupType": "Multi Region Model National Bidder",
  "population": 0,
  "id": 9,
  "worldId": 21,
  "implementation": "org.spectrumauctions.sats.core.model.mrvm.MRVMNationalBidder"
}