{
  "gammaValues": {
    "1": 0.95824,
    "2": 0.83295
  },
  "alpha": 1168.151848288432802291936241090297698974609375,
  "beta": {
    "0": 0.093373620999917028573378274813876487314701080322265625,
    "1": 0.0866876234673751022707932634148164652287960052490234375,
    "2": 0.1758872281126411529772468611554359085857868194580078125,
    "3": 0.1784179096375324291567920909074018709361553192138671875,
    "4": 0.1643153801466236962891542816578294150531291961669921875,
    "5": 0.1275863741311771548669895537386764772236347198486328125,
    "6": 0.19117340143927907814003219755250029265880584716796875,
    "7": 0.2006033005493887966252941623679362237453460693359375,
    "8": 0.0894249059098213006091526722229900769889354705810546875,
    "9": 0.157125434206602354603177218450582586228847503662109375,
    "10": 0.1705244027704095888253732482553459703922271728515625,
    "11": 0.086869525919820611559174494686885736882686614990234375,
    "12": 0.151129013484636420816542567990836687386035919189453125,
    "13": 0.15282177065111068881009259712300263345241546630859375
  },
  "zLow": {
    "0": 0.000003158629701779815091551641193978336259215117569484948053308,
    "1": 0.000001649094897024171075908540241490982588766947390625377914023,
    "2": 0.000001151354751856742493570064516444321280156235669335413603973,
    "3": 5.09941863401871188212655043975826134992534180522773471099E-7,
    "4": 1.62562656788450436781342638497724610713301586894509904004E-7,
    "5": 5.06834429655237878256156389879080257596408755229120629003E-7,
    "6": 0.000004173364308145047884501758672897787395088798079515708209316,
    "7": 7.4991518632471005826361908875583386709407028686000861937E-8,
    "8": 0.000002195785705015214584924565658401957428469434458273590670796,
    "9": 7.99616951909762177317602045388956197935219654331901186116E-7,
    "10": 4.32305912777021944161398137382989691630426358925662708937E-7,
    "11": 2.39471709031980739268900694418146182311094892964303227085E-7,
    "12": 2.28299567748625609154259867514033850292229838751436114230E-7,
    "13": 0.000009494359395593025885076403543010862941841563667983881353608
  },
  "zHigh": {
    "0": 0.0001242521603187013931261589179332624858715368389113247782231076576391312725808234227064475324919992398811310358120,
    "1": 0.00006376845866024523830393412332960937627485362984916144571712508756525718696128222516476067812541012108592043123169,
    "2": 0.00005479150214354229651098412572833305256876478182806357003657399918830991205136353629848350674510504277849293331664,
    "3": 0.00002439653203253913154553798662475440192058630007709958371612067819695647482109316144455376282081513793523218269445,
    "4": 0.00000754803417843744817822028655060210858339010051022314592235940225018948006016144207593964089848214917948286492915,
    "5": 0.00002167154960611263329418108159741586072152411915515177496094407421211615975448362015975802995343391418922729221102,
    "6": 0.000204984554267688679676305389807495685098867654531157530579241817843834162392610193482283376870680044319059207138,
    "7": 0.00000375410017406259728495925698012607267453759982313760785284799631365192614020240865500253604413869451937526801,
    "8": 0.00008550936415736805692847911969635336411310953796196405174290030057271059918529259639803255148056783314729156454391,
    "9": 0.0000365525246340709909188266181130559900340682912468136666036269558973695465984542683723607289065535620307230750511,
    "10": 0.00002034104814235250301267423974131496887758812589674505812879353712383932508820550661667354185020248486660609585,
    "11": 0.0000092644306544411612263025672946033055988702079971158413833683620296333887761803032294215341067696150059852236581,
    "12": 0.0000102992558777406388551942709238617337533069205758675091685041207815921522432993778074889676404849181723457273112,
    "13": 0.000429925263271044306681126315040949203293893758437813931647678336221511833315045718607566383926671465264424102731
  },
  "setupType": "Multi Region Model National Bidder",
  "population": 0,
  "id": 7,
  "worldId": 164,
  "implementation": "org.spectrumauctions.sats.core.model.mrvm.MRVMNationalBidder"
}