{
  "gammaValues": {
    "1": 0.94553,
    "2": 0.78211
  },
  "alpha": 832.147330395542894621030427515506744384765625,
  "beta": {
    "0": 0.1121435393383742873396613504155538976192474365234375,
    "1": 0.1694368358871085888939234109784592874348163604736328125,
    "2": 0.191132153988995245885718077261117286980152130126953125,
    "3": 0.09127647945732676737495836505331681109964847564697265625,
    "4": 0.19319486597007184958130210361559875309467315673828125,
    "5": 0.1222695798634534647408855789763038046658039093017578125,
    "6": 0.1303051065816453191192891836180933751165866851806640625,
    "7": 0.10729491836638650748003698254251503385603427886962890625,
    "8": 0.1415809740696938323623044198029674589633941650390625,
    "9": 0.17144158111572493918828286041389219462871551513671875,
    "10": 0.21623091531173288526446185642271302640438079833984375,
    "11": 0.193962781359468372510690414856071583926677703857421875,
    "12": 0.21827816579514303096942740012309513986110687255859375,
    "13": 0.09343656969708051540646209787155385129153728485107421875
  },
  "zLow": {
    "0": 0.000002629957056760617827307995592238843643611531808097176614157,
    "1": 8.43713332739812545654401428106588389246167370519301894656E-7,
    "2": 0.000001059521339826788060278179272032978631038096618768181121919,
    "3": 9.96782104719166711756701411906787660256870386684883841835E-7,
    "4": 1.38262187319083739456636476839551404838344328019984923467E-7,
    "5": 5.28873716886660141430494289676268034959378258824895793985E-7,
    "6": 0.000006122831799638426873296137804602580717025692662172719195481,
    "7": 1.40207442998507680846118022791167243820053432993747719615E-7,
    "8": 0.000001386894894312975792489159307022280509461483859483735464238,
    "9": 7.32845322296536542297759857465740674493724086982865306954E-7,
    "10": 3.40925845335948605917530437790661146376613891025869481633E-7,
    "11": 1.07251472107238338444893666994021528519516733730356104032E-7,
    "12": 1.58067520528828059529226012648366742728950138296802588018E-7,
    "13": 0.000015528660980775185583252297101471305212755761703864768356119
  },
  "zHigh": {
    "0": 0.00010839198096812547519884954988107770740342926606969163504857219396035205147497359975520373068077483190133581759,
    "1": 0.00003960701173171448239630995892807755028923022924597916513613842151181972027604884417644228835110044301357157922253,
    "2": 0.0000520364997826436635122275683959927730952206103110465955749566857010602116290870497024607073546107500992023290327,
    "3": 0.000039001739272057997251859377662683247678516386261962894838211390153392608723957168832949509260824862029348891994688,
    "4": 0.000006819020094356447258479101700856912407141382743987396506276896874194665853272386347540258751644744352961068933,
    "5": 0.00002233272822305530118941121859133149404241320426302502991039247805602779071414431913440316009041440312398203908032,
    "6": 0.00026346857901249004934013676375863948475697449201086786016419136435928127414661447777451373306343319311103267668324,
    "7": 0.000005710577905043697535551940397593588387856991952370013583187301577872843613915214514206185837865600597152476549949,
    "8": 0.00006124263983630089315541692915496305654287101999826839554617029819874744854865014294531633255835793222807273094,
    "9": 0.000034549375745674221868231352475359524330823424226342590228780021178569067206545903441162632478782826555025092799,
    "10": 0.000017599646119120302865358208753545112519973751859751261309654506511455158581099158270577201300674709265418842769,
    "11": 0.0000052978235466988892015823564718795659851228632200974276917902650246950693824003508766017179316536217094001451248,
    "12": 0.000008192294461146712366443255277891720526408529562228503382120499710649197911794272244900860854180271110755917039,
    "13": 0.000610954310826509097626403121794762471421319699514240541723007183798832761657175054494799256824017776224581823816920
  },
  "setupType": "Multi Region Model National Bidder",
  "population": 0,
  "id": 9,
  "worldId": 164,
  "implementation": "org.spectrumauctions.sats.core.model.mrvm.MRVMNationalBidder"
}