{
  "regionsOfInterest": [
    0,
    2,
    5,
    9,
    10
  ],
  "alpha": 67.4023837687720828171222819946706295013427734375,
  "beta": {
    "0": 0.0632562519908399512047481039189733564853668212890625,
    "1": 0.104573029657170024631085425426135770976543426513671875,
    "2": 0.09187518574894713851985983410486369393765926361083984375,
    "3": 0.058734094319956853258446471954812295734882354736328125,
    "4": 0.1151814558031974133900376955352840013802051544189453125,
    "5": 0.10210885243986211889932746998965740203857421875,
    "6": 0.109172306377584238390454629552550613880157470703125,
    "7": 0.054673642272786537876783086176146753132343292236328125,
    "8": 0.0714243331846300677501204745567520149052143096923828125,
    "9": 0.083407962524559897676823538859025575220584869384765625,
    "10": 0.11303055038740639215433247954933904111385345458984375,
    "11": 0.0800490705757297693612173361543682403862476348876953125,
    "12": 0.070884086971746196326193967252038419246673583984375,
    "13": 0.1154472767824810952586034318301244638860225677490234375
  },
  "zLow": {
    "0": 0.000004662506604023554727794128443088685020961640444011371808827,
    "1": 0.000001367045766617504788418555620310624678540720731130761704204,
    "2": 0.000002204170736936125361829748589415305205537593549557873433074,
    "3": 0.000001549062130918320014966674014661789020277503100713284400787,
    "4": 2.31908379361687524272176048525886168286878397582992546562E-7,
    "5": 6.33296385371092797168554683818692792712094717828291243369E-7,
    "6": 0.000007308046121824791375030557970495576819993976734711390908771,
    "7": 2.75151709773184467970500033583814852557999825574426807453E-7,
    "8": 0.000002749174144356881642533938063750607948283835977010496141075,
    "9": 0.000001506332932311898558943647389594685476858072251763343664781,
    "10": 6.52201615737969707906842899816401952458803827852525161923E-7,
    "11": 2.59875519917961786905967590352912705104934336396011779987E-7,
    "12": 4.86748012520372712002774901230184273475212554687977311180E-7,
    "13": 0.000012568029792216921464926441975911538685123142050474339627745
  },
  "zHigh": {
    "0": 0.00016936846738601358221343353540657294872393252514711749088866731654938388540891638193117313918856273198059916987,
    "1": 0.0000553069847480452496792345846941986389680668300643229594225814472575009357914032357924646078403913733925610759152,
    "2": 0.000086375981695923782558774647917462570330205518234737364909610790410135795901061538986890824973337211390739511271518,
    "3": 0.0000555701400580325963481585557453332884791353676828149116067489779715740350619001150030298914329167055169691738070,
    "4": 0.00000962840585563456080294528885144695531059740483087762519910768938316160235297702510197156715255511299059999218110,
    "5": 0.000025465408277588280861553030415604236774994698033126893391929066345702218523199579427702148392513446344676,
    "6": 0.0002990250086780809843921693687354293678460230141870280115629019314237944676605036119485239043494625737466669963,
    "7": 0.0000097589059082840011492834007213730166499953837297903862183224501407053773751275537945976153934703760016995511131,
    "8": 0.00010211101733761806865676029185681287970754158352407121585128689141087523360777975419283358552794006647695281341173,
    "9": 0.0000577540040461350823676079784392278684017538691697569409635858690015988351834778849125457540991903097016451134432,
    "10": 0.000026937919231180935925037582614317336702439449964550931718354333789815809108132434453213384125484478526145167818,
    "11": 0.00000987654498102059265541457417264630128268539130006709797043040057298439311003242792252961048915758868670458983577,
    "12": 0.0000180527092208930519406497219353462464487964020539637450770017666394039611106910287648873954675763426076921530,
    "13": 0.00052213537516976117407662746802796947559234110991252767987177402703853958780470206087970490125257153582325106470239
  },
  "setupType": "Multi Region Model Local Bidder",
  "population": 0,
  "id": 0,
  "worldId": 164,
  "implementation": "org.spectrumauctions.sats.core.model.mrvm.MRVMLocalBidder"
}