{
  "regionsOfInterest": [
    0,
    2,
    5,
    6,
    12,
    13
  ],
  "alpha": 94.08676099459870556529494933784008026123046875,
  "beta": {
    "0": 0.0974872172713669993271423663827590644359588623046875,
    "1": 0.108375308716210205783880837770993821322917938232421875,
    "2": 0.06210831824176703264139831617285381071269512176513671875,
    "3": 0.1194696571076635793762221737779327668249607086181640625,
    "4": 0.09947419360074617744604807967334636487066745758056640625,
    "5": 0.063605672403697244288167667036759667098522186279296875,
    "6": 0.05544841153188904969706385372774093411862850189208984375,
    "7": 0.07375191893430992073898977423596079461276531219482421875,
    "8": 0.07319846730391244005176076825591735541820526123046875,
    "9": 0.09786391768366427268421858798319590277969837188720703125,
    "10": 0.06842699780982101909199144529338809661567211151123046875,
    "11": 0.116244601949309911415042506632744334638118743896484375,
    "12": 0.115079652911853014263243721870821900665760040283203125,
    "13": 0.11329948848022806939805917636476806364953517913818359375
  },
  "zLow": {
    "0": 0.000003771110629864141941836537937326578099110099412929061545611,
    "1": 0.000001644244615353798718491936273329407211716903137515778416124,
    "2": 0.000004064318404870752062766882055522927565185145618865807398107,
    "3": 9.49282614953370636816470013036002543730110450233011363967E-7,
    "4": 3.34720728645032912342433361407795462399543262871328021178E-7,
    "5": 0.000001267268347402388768673840846006515626727251130987706066623,
    "6": 0.000017935714691986234541967399674713308368904002215031951522156,
    "7": 2.54255835437163607226092770566763902123847595063063087032E-7,
    "8": 0.000003343801504952361497248863368653005187931150152619654989375,
    "9": 0.000001600294516617458399413626167899677962220752760099820447822,
    "10": 0.000001342901805778925051658094974438525066190404933727021771015,
    "11": 2.23070890743478254926603374462261345418839363971927188355E-7,
    "12": 3.73721793544304815470634501046841935562704021435333475393E-7,
    "13": 0.000015963090527714969400765988220296986101275614645391938447922
  },
  "zHigh": {
    "0": 0.00014989682702871698443105033654340082273339250966400957219895131130731887365725338280164097128870952550977260767,
    "1": 0.0000671468902400073854955731945421097054472745304884342009628715677118095069491957103259535845860617004495134378468,
    "2": 0.000147172350238680923729896913832725618846672224706765159521166266500073438334185407615940425970048892560848580343985,
    "3": 0.00003981952529927566161847762181195252892262252105688421291450869618426203689360733753214412689467169222036600220375,
    "4": 0.000013371229315692870436189275707252958231622364557503708625618791125999550993088954837180652467362759012158982688172,
    "5": 0.0000460785959573167762258869117743906959532871647600898057759326343268909487805440572466324366250062917959317056088,
    "6": 0.000637522129695567174497384964235393977908285775748897406552556963500815461565185943938878298048217716302032332487274,
    "7": 0.000009502860639488601613527278996746924812248452991887614064971662135919081757856374048446169589613211821838408189426,
    "8": 0.000124790159661673709322192252785633961737496065085103812070798556157042322510991356485056938913477913228037413885,
    "9": 0.000063669944582910777615907366397691591560218576915012646909446990036739882891335156628328107042914816611891125280842,
    "10": 0.000049476128065651671156682645423226773383229805270105003786624159028903177441067428522244310433026978152606611704963,
    "11": 0.0000092852054123997107105066273554078984646515900080874731889790414903880964785058219511463928700895169937328783825,
    "12": 0.0000155124312349965233326715189312170385141499065719427899761456550818622748196250773139364052392043786392415137362,
    "13": 0.000659753714966817080902325514468516471170124503149840590713650708582489840147386104536903116108348906027298309010870
  },
  "setupType": "Multi Region Model Local Bidder",
  "population": 0,
  "id": 0,
  "worldId": 140,
  "implementation": "org.spectrumauctions.sats.core.model.mrvm.MRVMLocalBidder"
}