{
  "gammaValues": {
    "1": 0.96017,
    "2": 0.84066
  },
  "alpha": 1108.015450894950618021539412438869476318359375,
  "beta": {
    "0": 0.1748727400480552807149337013470358215272426605224609375,
    "1": 0.10721948104629656917108349034606362693011760711669921875,
    "2": 0.14333573107071162500147920582094229757785797119140625,
    "3": 0.149490136868451972684823658710229210555553436279296875,
    "4": 0.1238178160497549196161770623803022317588329315185546875,
    "5": 0.15397428185509587361678995875990949571132659912109375,
    "6": 0.20990483713606888915848003307473845779895782470703125,
    "7": 0.1628188060111445401023644308224902488291263580322265625,
    "8": 0.1228650523611603817553117323768674395978450775146484375,
    "9": 0.1611938215629937498629686842832597903907299041748046875,
    "10": 0.197745678050560591554329903374309651553630828857421875,
    "11": 0.111650603924675351219519825463066808879375457763671875,
    "12": 0.1696958279400385960489217040958465076982975006103515625,
    "13": 0.1749340711034758355513218930354923941195011138916015625
  },
  "zLow": {
    "0": 0.00000182521130361737654475949118726477429171231767703428822175000,
    "1": 0.00000144291714155754102728714102358192889533654865504791773389450,
    "2": 0.00000152897838343858648406851230389588734930331387525250511161195,
    "3": 6.5865641009469156932730398481110203068287324900380653120983E-7,
    "4": 2.3346845734162243700723012277594710324170768974089282953887E-7,
    "5": 4.5450071028163102264326670472022928803272876838774534077356E-7,
    "6": 0.00000411342579324751464700409999881136606951883335414608685293927,
    "7": 9.999033097585127542823935474125014831222505423683987075661E-8,
    "8": 0.00000172954722189679044986247897998965967981030688316495787784515,
    "9": 8.4351428283533835710204479365289440119857249358294415710877E-7,
    "10": 4.0344381443578840702942187332636268890451809590971025425231E-7,
    "11": 2.0163825825414779787120797621859716432104928333424150867767E-7,
    "12": 2.2003619204453338945006052866338732198345884094109008058578E-7,
    "13": 0.00000897612393177484126706532777834796384085339509212748696845698
  },
  "zHigh": {
    "0": 0.0000866743092915466552981075336861745760315689741968481890753352566703783958991300011635402699977544576532930785517657,
    "1": 0.00005875839695778675020203371720948011470823539548523926711430172939877014238530767548752378959452669826697946553115277,
    "2": 0.00006778507494130605786063109680465757836051278799498724249183452362394313047399015259939861414569210046369494465023,
    "3": 0.000029605955992274614504322238935414787419157304019402697791849252807748114122400883021407074546205519844989044231024,
    "4": 0.0000098948091707031791476947134729412914721210402111613542702393043272188150502534273765800545744296168386145965937079,
    "5": 0.00002063316335527344329294945512885890798125691334304779930112445445798608010667891040261411424464339491577832323997,
    "6": 0.00020974557091771789350587670240190332731914623981434882482284856793831311139282429069240021057421620593897746130355,
    "7": 0.0000046277405594902648380683943734712294986494310683240255402660952644057805700115729778127975843472958711125851986762,
    "8": 0.0000731365076548485767138284256670191859089343228595181377354248635853337620032471036066050065244002916115981858788522,
    "9": 0.0000389023575643797679896194427478865300213449503494601323561988152123767701806592621159249788172548098069436922451994,
    "10": 0.000020081241497164604603820832037037013716646206945880454005276074189458750174563938337668413201402049289897980317415,
    "11": 0.000008300451078463959551525123720985878562134756537690008291033656151624332728374206317329883218531542014648968732996,
    "12": 0.0000103350081399130444236353337581942542171577376115347038699104067807386960883086128086581962659434936003457079035098,
    "13": 0.0004263067081647163542198752715009519378295563183496221000931358526703134633924729044810075599843855846219847260813996
  },
  "setupType": "Multi Region Model National Bidder",
  "population": 0,
  "id": 2,
  "worldId": 52,
  "implementation": "org.spectrumauctions.sats.core.model.mrvm.MRVMNationalBidder"
}