{
  "homeId": 0,
  "distanceDiscounts": {
    "0": 1,
    "1": 0.42045,
    "2": 0.17678,
    "3": 0.07433,
    "4": 0.03125,
    "5": 0.01314,
    "6": 0.00552,
    "7": 0.00232
  },
  "alpha": 501.7158143534883265601820312440395355224609375,
  "beta": {
    "0": 0.0950557685660946283245920085391844622790813446044921875,
    "1": 0.0997091031101819680326769912426243536174297332763671875,
    "2": 0.08819505369305476183416914182089385576546192169189453125,
    "3": 0.059426801302108027413861890408952604047954082489013671875,
    "4": 0.059567913033201171091324255257859476841986179351806640625,
    "5": 0.09589260319726643222448814185554510913789272308349609375,
    "6": 0.0745318154775678476386957527211052365601062774658203125,
    "7": 0.09344978120620794914685802723397500813007354736328125,
    "8": 0.0773334601750137184961175762509810738265514373779296875,
    "9": 0.0693457792540963235961015698194387368857860565185546875,
    "10": 0.08839404431810660156543235643766820430755615234375,
    "11": 0.075399644394299247807111896690912544727325439453125,
    "12": 0.09476824617246244752966077840028447099030017852783203125,
    "13": 0.040772401498209466519373478377019637264311313629150390625
  },
  "zLow": {
    "0": 0.00000335781517150450520853935905823378428762221706882664394675470,
    "1": 0.00000155160183257938495663219470316221933330602613524464706043247,
    "2": 0.00000248491525549967391943556297752496435408808156076486654217071,
    "3": 0.00000165687256821689208855254725418113431950437723317961835299290,
    "4": 4.8528734737496934173481676413361121809176098320117190158588E-7,
    "5": 7.2978955763962465203138078551219097682247321192163590317230E-7,
    "6": 0.00001158468991625185985463300146054042499689502311608603845070942,
    "7": 1.7421449351735615444983795057993651890381852105987509588629E-7,
    "8": 0.00000274785208755093617251745869340845464836658029973869773582553,
    "9": 0.00000196074357020314733305204587601141154730384442212973771123647,
    "10": 9.0254124309331515951828751371405259489753164244212109684834E-7,
    "11": 2.9858275180535735299836241086626590027113490229979971030133E-7,
    "12": 3.9400564317523878028549049506829105030015463611242526204177E-7,
    "13": 0.00003851207788640235790239763261484734232690641555453248323581256
  },
  "zHigh": {
    "0": 0.0001326524253281605152115035698152448759088659559506188608254762160245355924771236530906757375693738729171773443230836,
    "1": 0.0000620189376884420680823853275968888278473197198911411469104408192463035769662084150526500356049661534553753673199836,
    "2": 0.00009646318110313868092164261701352988850405581856035808540859735936735763569896482230371474311895775785747250700353025,
    "3": 0.000059552440735940630081079537016515756083802423544677052445341427373383936142125104303538039330800379316616387467719978,
    "4": 0.000017449375871703586289522312713671214917622639014969726431649514606807512873206088051615311707353206658587723405675008,
    "5": 0.00002889182877601325217459287755261775864494924664906451617308652464791491176800834771916832163469662434680191091356207,
    "6": 0.0004338834946078482497347437462537750951404319326725473727559530618751018223650496775843142101600396374177480763927883,
    "7": 0.00000685446543573541120871635224863182061639723507301508229415647170653694173700777161594458714325185078841143168132,
    "8": 0.0001036856536244729483934778170695830349656225253567303334748362871147226896149651956607159987286839968539173079422848,
    "9": 0.0000724192361854140372681194752186420444045031082058639389800298676774773366346375432642183403803214216848421843287974,
    "10": 0.00003505416435689040717848680124866771089643661334185277928315694331145631880967978361706215324881944171668914848,
    "11": 0.000011208785885000246205339756760415940640637325106656754339743405819255262610670708828119041964629722649482383649,
    "12": 0.00001555409167383420614869823275034136606665861146667475931359016832574853367942783045987588992764799531620880744814124,
    "13": 0.001312385326803541853279844416595933292411146932221771988113803181244008358918248293129606124969613846799475722630048034
  },
  "setupType": "Multi Region Model Regional Bidder",
  "population": 0,
  "id": 1,
  "worldId": 52,
  "implementation": "org.spectrumauctions.sats.core.model.mrvm.MRVMRegionalBidder"
}