{
  "regionsOfInterest": [
    1,
    2,
    4,
    6,
    13
  ],
  "alpha": 84.25754501334125734501867555081844329833984375,
  "beta": {
    "0": 0.07622792069662741309965525715597323141992092132568359375,
    "1": 0.06839740554480078227328476714319549500942230224609375,
    "2": 0.0539161292744498865658897557295858860015869140625,
    "3": 0.06185308640207391739362918769984389655292034149169921875,
    "4": 0.0568770948294846367954136212574667297303676605224609375,
    "5": 0.05805629599341156910075056885034427978098392486572265625,
    "6": 0.08105297570153231767609014468689565546810626983642578125,
    "7": 0.061916394382578905652980694185316679067909717559814453125,
    "8": 0.114573478074887213917776307425810955464839935302734375,
    "9": 0.059051099864970431341237855349390883930027484893798828125,
    "10": 0.0979191992224076879214322843836271204054355621337890625,
    "11": 0.0863529094900493399133978300596936605870723724365234375,
    "12": 0.0951030633455538509934967805747874081134796142578125,
    "13": 0.06482814754826048131430837884181528352200984954833984375
  },
  "zLow": {
    "0": 0.00000418717576071014624531454723894276005386836383522536234422751,
    "1": 0.00000226191075346081398726148228643178006835428630578635778180904,
    "2": 0.00000406478056438187668435762292425284335980471915136267854787050,
    "3": 0.00000159187912231712415315628526023635607842564100230863154389505,
    "4": 5.0824597478490783262569418128783543704397834182606106845497E-7,
    "5": 0.00000120540622288729652579855854320509535883708496021929776771664,
    "6": 0.00001065263753402950406627899147093537592527336188599157564232390,
    "7": 2.6294015445330858914748199103912410498719972902178969013149E-7,
    "8": 0.00000185471291916750881077189586051616120496985648159344956730396,
    "9": 0.00000230256999622549294022493874983312671166595258753765011460416,
    "10": 8.1474594639712853194231296316526783904654955585651973365881E-7,
    "11": 2.6070960945432288947808544714672073940317657395935615012240E-7,
    "12": 3.9261851797664588934581158788718701328323014610994957841437E-7,
    "13": 0.00002422142173576336869712902882177294921514622010940540607097502
  },
  "zHigh": {
    "0": 0.00015753324300432974631475921523651414889625035894258041274966056245995670210674426785871669353264238337977971995240655,
    "1": 0.00008332820531488493900126395509497564989876752500739246855173795804567823188200588208611185223111960631772328356868,
    "2": 0.0001438591403696047638693044154153662586755549462782924455795910185784605855856406248180120480872535579925957013,
    "3": 0.00005760263735894759201919167719817240885144033661854744817240584114422005096158592630013467882103364756898181916473248,
    "4": 0.0000181381346940017410162486352282979414861891597737164014377224595562698694328833737978137964707259948881149119376579,
    "5": 0.00004316032873344340838760821028340489010538759909799437210941668771327183288199843573856522023867170946189983930070837,
    "6": 0.00040592192314117757608412344656562362299178209576971348850438746800860120284235777083394107676133819965869071205294008,
    "7": 0.000009516235263813984249645673462407448198898671311872520121512330115128293896183271320032604973434429433461129666421871,
    "8": 0.000076891478572970127541110932082814231663720810812372888419189072489333396977026632882899977572170991214994221678319,
    "9": 0.000082674028966084405483306261433293499335366353168101311081060624224894878874182021474168961852975313462612416012161064,
    "10": 0.0000324203054560048083512075647322041682209071507442847383874711898960463593418185439349576255617911813582901251742249,
    "11": 0.0000100725916144692122997314478488295858145985752564434475343754226326968230816764026100391287595290147457715876382554,
    "12": 0.0000155124779178764194205078655349082449561508767666004888047681366887551925508035925786569739090005442008044712659,
    "13": 0.00088366564228437217712178630280370149905834106886795967316867708570966505058358067136615744900115019619917701174195734
  },
  "setupType": "Multi Region Model Local Bidder",
  "population": 0,
  "id": 0,
  "worldId": 52,
  "implementation": "org.spectrumauctions.sats.core.model.mrvm.MRVMLocalBidder"
}