{
  "homeId": 8,
  "distanceDiscounts": {
    "0": 1,
    "1": 0.42045,
    "2": 0.17678,
    "3": 0.07433,
    "4": 0.03125,
    "5": 0.01314,
    "6": 0.00552,
    "7": 0.00232
  },
  "alpha": 570.810714075024634439614601433277130126953125,
  "beta": {
    "0": 0.061523930904642580574925858627466368488967418670654296875,
    "1": 0.043878154611892837555497948187621659599244594573974609375,
    "2": 0.077931929348467099405439739712164737284183502197265625,
    "3": 0.04338863137096093947064900930854491889476776123046875,
    "4": 0.08101190891488964374023140635472373105585575103759765625,
    "5": 0.0591440682418143681697841884670197032392024993896484375,
    "6": 0.088256380253907085187137226967024616897106170654296875,
    "7": 0.0876805262015728226199229311532690189778804779052734375,
    "8": 0.0875758226288252117353039238878409378230571746826171875,
    "9": 0.072791151128205056064501832224777899682521820068359375,
    "10": 0.046259413646916817952625677889955113641917705535888671875,
    "11": 0.05902547907079251643391870629784534685313701629638671875,
    "12": 0.0888367269012322047228025212461943738162517547607421875,
    "13": 0.066898577060904684810083153934101574122905731201171875
  },
  "zLow": {
    "0": 0.000005627958764274923845900530121803818609394789267807719691441,
    "1": 0.000003824956120196735573073209507677951468847061988476183997203,
    "2": 0.000003050704206901452524208107801254977373848093374064819307925,
    "3": 0.000002461813953292726738334344492236004801478717840126181434507,
    "4": 3.87099138881230663704525657260126441556330487109477356672E-7,
    "5": 0.000001283604635948696826247326327162115465762677284276212247623,
    "6": 0.000010613038023940156079105102589398419846330618197396576817559,
    "7": 2.01427675917230751692953846294804667728457735662442513468E-7,
    "8": 0.000002632305471207776371799084324154965731816952290896137809938,
    "9": 0.000002026385003136538830237958279268147848826571223808412004116,
    "10": 0.000001870896039878105955150976619659633243208588889111149908725,
    "11": 4.13765437991472176079113609280626233739051330575678714461E-7,
    "12": 4.55965994141622510720422217484485011862331903188591347557E-7,
    "13": 0.000025462795426249049638236435279491864785911160752857700685441
  },
  "zHigh": {
    "0": 0.0002034641775429905209103612000847608373246125009623680838432315579496108706587276946425309033287847499035237786469300,
    "1": 0.0001315318852084718799606996196979102334263522340945944590817457304703452465975710550162090992010878293168177636894129,
    "2": 0.0001152958526785751111498811038350199687707907342738440840555054780410083762884653735253207187555975891009322196077,
    "3": 0.000084535892411112419384914812641340185933612375248618456621031207393192269679801946465185544321367190945708395382,
    "4": 0.000014748938184444767382936715019767725591045862248831452147350519337549257007533390518883259382566337272130625114860,
    "5": 0.00004609989909686680614988939261501578278119951671489578696969021562211933703384490602351194989957549780330660877400,
    "6": 0.0004120579726672083885547240520874814302222502392338789648954150911220171211605931771142409102468985619247979336842,
    "7": 0.00000780895873911518954681070139392234322412792999666520453525338623215307466679289516706923127313203373593528684312,
    "8": 0.00010202179584137113053764366694695590211187754317037952754407291616553916361470370121217012127122956337849216216993,
    "9": 0.0000755418397948201723615987752690303274364144913727254303331027478767899466916868070221628839668260927615241377429,
    "10": 0.0000647815365762531672420494471445596596605686110657360256352236313696706518209833188065397424932683451399844628776580,
    "11": 0.000014855233459782459250077497092005210251260866362181955614280755251831695662775151529164944466549044919507945978931,
    "12": 0.00001772963247402949155753077900249990948710022380478781835062128935038368491481949948658290417063718845251649789489,
    "13": 0.0009342263409883688289690638193989913264435960758059371137531805446626131262734990028909179462061922778510375284837
  },
  "setupType": "Multi Region Model Regional Bidder",
  "population": 0,
  "id": 5,
  "worldId": 40,
  "implementation": "org.spectrumauctions.sats.core.model.mrvm.MRVMRegionalBidder"
}