{
  "gammaValues": {
    "1": 0.96832,
    "2": 0.87326
  },
  "alpha": 866.5425859973487376919365487992763519287109375,
  "beta": {
    "0": 0.14086493576573022590281425436842255294322967529296875,
    "1": 0.11481385731211148082397954794942052103579044342041015625,
    "2": 0.119486769932731384802337970540975220501422882080078125,
    "3": 0.118684170353127227404144150568754412233829498291015625,
    "4": 0.160958166573636651808243414052412845194339752197265625,
    "5": 0.19448306573602669455880231907940469682216644287109375,
    "6": 0.188857618603112176192126980822649784386157989501953125,
    "7": 0.180716713444670273869263610322377644479274749755859375,
    "8": 0.126013616255597427073809058128972537815570831298828125,
    "9": 0.092867290422573633978942098110564984381198883056640625,
    "10": 0.08373408860214272275701574699269258417189121246337890625,
    "11": 0.1658108875514008595519754862834815867245197296142578125,
    "12": 0.212996992159708742331503117384272627532482147216796875,
    "13": 0.148366073806733000939317435040720738470554351806640625
  },
  "zLow": {
    "0": 0.000002458057743505997032664260972663153691557522388393675017887,
    "1": 0.000001461774910753685381881736230807199576043351743351638547441,
    "2": 0.000001989737147042825048541326937290916082637382899292381610609,
    "3": 8.99991446251801636616747157480965397353505834476599109142E-7,
    "4": 1.94830997691140898896697075128719680521741990764623982739E-7,
    "5": 3.90355838420927272870833247924020317014487698833467112746E-7,
    "6": 0.000004959653343180521004196652197785876239533431892686896051364,
    "7": 9.7729115804167140150346134643088001196932963906155407496E-8,
    "8": 0.000001829376252355098917126708438595690811965319842867705991199,
    "9": 0.000001588319163141922994170775098761962502332859156211919294033,
    "10": 0.000001033588055282006057778588888964618363671992987068099953075,
    "11": 1.47292518368626291969629308124892236401517603312242833361E-7,
    "12": 1.90174171414757277974115939670641733945896593672615484356E-7,
    "13": 0.000011481228412284576317576434609758588073186093689472874340922
  },
  "zHigh": {
    "0": 0.000108367146919922716513273125610540889789494494579946743636632654945447446310691826464190123829430964005140721881,
    "1": 0.000060636448925180374224955421391787676642240926740858095588883586200904010857517600933852782517702574619003695148303,
    "2": 0.0000834668408828162868798776779160981300344694200306709531360298242241080492707080772856085328977406624763213504062,
    "3": 0.0000376812171998846663333868925986890038098560150791309868600912437021217498144438439453750810528526634409947919552,
    "4": 0.0000089808939487420744387018575558255227600082073584858509293612751952882074327555450408240011958199420599977672565,
    "5": 0.000019302435171033719548594600237872928318753829151613432923393025231264873770225332789527874895787857625509192540,
    "6": 0.0002424564322444193363074705403391051220183346500925885419095405221983688601978938529315458952758786781270896446183,
    "7": 0.0000046980019357232812005324700443708432281821868439765913561088423187100494433883046245615466700783863411081816272,
    "8": 0.0000779339192757908068974723903801776545163285697295265729818885288817356448789746049436732646197851630248341973190,
    "9": 0.0000623998645949816972795832798538447670416031293448306490306119529270843161815726008263213308466030383298432889706,
    "10": 0.000039662297038370170320877815223709213274470734004444526965713456816983551283422907062179431855047701098292570142001,
    "11": 0.00000686104587109708272679296805733319033113485454427887918129914611760948535267319847147937528577115199066293513073,
    "12": 0.0000097558777922235345751415906680846111496071645193085424545827886257122126718054289990989477803545507102512635905,
    "13": 0.0005147793305694346293492637993069930250618440639043923234176358839335229188174123327913010346508757697074889862188
  },
  "setupType": "Multi Region Model National Bidder",
  "population": 0,
  "id": 9,
  "worldId": 40,
  "implementation": "org.spectrumauctions.sats.core.model.mrvm.MRVMNationalBidder"
}