{
  "regionsOfInterest": [
    5,
    9,
    10,
    12
  ],
  "alpha": 92.2116671433605006313882768154144287109375,
  "beta": {
    "0": 0.06979998366206718873883119158563204109668731689453125,
    "1": 0.09598926473447411122918992987251840531826019287109375,
    "2": 0.11091770064062433931439954903908073902130126953125,
    "3": 0.1048166193268464940757667136495001614093780517578125,
    "4": 0.1156131111034362224376792482871678657829761505126953125,
    "5": 0.086997964858371579222051650503999553620815277099609375,
    "6": 0.08384933714613938826598626974373473785817623138427734375,
    "7": 0.1049372569580387104526408847959828563034534454345703125,
    "8": 0.10089579714999798165653288606335991062223911285400390625,
    "9": 0.090412790777535556596689048092230223119258880615234375,
    "10": 0.05691594660962540075388460536487400531768798828125,
    "11": 0.05496319064716075064591649379508453421294689178466796875,
    "12": 0.0892312472034308135082625312861637212336063385009765625,
    "13": 0.09279264313235524586076508057885803282260894775390625
  },
  "zLow": {
    "0": 0.00000493854423404546947407468358212303687759948195315364840065824,
    "1": 0.00000174064991380292959967668264295314175861315662805083486427400,
    "2": 0.00000213389948051645055372766261861855436026811095060064389866558,
    "3": 0.00000101451931179701839644372683635247621473271474865100105178919,
    "4": 2.7003699686461248881990106368324796704978856208154166660895E-7,
    "5": 8.6874569300988016099552291757693588404590325079667761571744E-7,
    "6": 0.00001112104208795953488237618017157621238598724363308787889494091,
    "7": 1.6755286885978573437627974877915357051732310500303468588215E-7,
    "8": 0.00000227460883951949287468363343000933348771332986954649555708260,
    "9": 0.00000162416430583642063648182778733891941078171086534998470162929,
    "10": 0.00000151382301144223899682832001194193402036010333251712829782382,
    "11": 4.4236533021548624583294053247738026805605161348457059094535E-7,
    "12": 4.5192599887899787683562311463781120763537770137120698419436E-7,
    "13": 0.00001827547620894396450973438168002712939974575180453005173807469
  },
  "zHigh": {
    "0": 0.00018262735770644107302366852893781095019656942628460927716434299348161984335048171766918621515702561426762338891606,
    "1": 0.00006892786795269478316213569763398054050436252754920703104922959051293125952751984015616121991913135476810786763991,
    "2": 0.00008768570679320426185706890985957820959823951687495006748389737977664725726176278425591627396519406778837526078,
    "3": 0.0000410694278043467881762166218371722562145700831248730574019806479262503235719905718756106204829883270230967336915,
    "4": 0.0000112230916379930449161982750924579510601322386334831281113215511805192727140245637439932064163839770703776021628498,
    "5": 0.000033620281517429926664050609361320001671381287969064362897113190192196323409198203525996254370491835954017496802735,
    "6": 0.00042688046338375854350431628405666141537211977812712086527415650296938923340978120552282778087478397291131565614374904,
    "7": 0.0000067848399111531618441345167608052199962910342059170229202158856942472173216437494084272349455942726905291619832891,
    "8": 0.00009118811239235989280181487942008290172861222108366237535297136766465770769153517639720393149663456730981659183051925,
    "9": 0.000063409451932285576184544258898619776489278547001694969489776420589069639616417992953902037499219092834490041753571,
    "10": 0.00005403075731283405159319982255634474885210440865940597848880416636721418918722865724507700216424090611485626696,
    "11": 0.00001570234090449738643839675820256913152201770879070066878571813684273255026188774829354751478587872517996550675279297,
    "12": 0.0000175903720187328619308570677786711336456384832796303018776509772994168643854969472861348898472332368455695589556690,
    "13": 0.00071784726046135752055341083736344899747570098715561481379098631772813198486876487814058176175715585137680602960962
  },
  "setupType": "Multi Region Model Local Bidder",
  "population": 0,
  "id": 0,
  "worldId": 143,
  "implementation": "org.spectrumauctions.sats.core.model.mrvm.MRVMLocalBidder"
}