{
  "regionsOfInterest": [
    5,
    11,
    13
  ],
  "alpha": 69.5482608207549759526955313049256801605224609375,
  "beta": {
    "0": 0.0735199849667556859511563516207388602197170257568359375,
    "1": 0.1145706979835036387616042929948889650404453277587890625,
    "2": 0.09961333804581118389620542075135745108127593994140625,
    "3": 0.0985227914772342228122425922265392728149890899658203125,
    "4": 0.1151815800369300479832901373811182565987110137939453125,
    "5": 0.052476608594620825776200234713542158715426921844482421875,
    "6": 0.0776094349267146821347296281601302325725555419921875,
    "7": 0.1119938058561588400952047095415764488279819488525390625,
    "8": 0.0945841167005601335393549788932432420551776885986328125,
    "9": 0.1055465801515472479277235606787144206464290618896484375,
    "10": 0.08018957591797448714032725547440350055694580078125,
    "11": 0.06464758161517192291967148776166141033172607421875,
    "12": 0.096550294899428568129451377899385988712310791015625,
    "13": 0.0826690905517561136495174878291436471045017242431640625
  },
  "zLow": {
    "0": 0.00000494866081007033327519747050473411922509480693521403324850344,
    "1": 0.00000153921528402692930748308607778999575047909470118387070537322,
    "2": 0.00000250781877903676147169835376214688561731131859890645352585079,
    "3": 0.00000113918061557647982052684618791782416102882625802993088328865,
    "4": 2.8607911511664864825036174623339282671609358874651718478177E-7,
    "5": 0.00000152010933400006803822613456468346235545822766771159300102807,
    "6": 0.00001268146492369597784236086723500915501527064085078556752845045,
    "7": 1.6570148500922791408891632716010893887530340497836583024698E-7,
    "8": 0.00000256094595920367613315618689128953296882762042452007665186896,
    "9": 0.00000146843422650761030615038191232613367305600763557151925196093,
    "10": 0.00000113404418829410253029269703174085347127400913989105684950013,
    "11": 3.9695343387974315116700216179459772564218641130162625927652E-7,
    "12": 4.4082834672747102503804329563420525387123114965314868361856E-7,
    "13": 0.00002165099780034002245594066749809446575176130147593252269896332
  },
  "zHigh": {
    "0": 0.0001848423711383043899805576884925612567530778940699679199028458549958797112990379491538396430654198934245101558447101,
    "1": 0.0000638113554645920882450951543017087243936461066553661541209855394405482122493428286596879568751547783458841072326937,
    "2": 0.00010021578335048508236799821035384939486084759702378438540741877363136719795602277448377436723359286046326246283996,
    "3": 0.0000453989438916292787748951278094615525823117610545482084278606939060086443521993283513629026622951773804456231429348,
    "4": 0.0000118774779029696985533724442840029603533577315839828300623789263171219609417719061557935433713160706769423954414096,
    "5": 0.000053580298274137172133639247709843813911362767952197707988070737395675682796118330178689311419578051317636335191816953,
    "6": 0.0004788640803879791116896069724918742626460000941883596111660413723290223470917156245520678098558450817475440319284,
    "7": 0.0000068267985444969059645259267926215813152541052200655292474207774944367751559456664993725384209228859011424054920751,
    "8": 0.0001010508599230251254118531174136127774537132657211239758117860469380184354775488343407190966396185100369055871342904,
    "9": 0.0000595518478737643869422144145921774988158345086441205571367805857937698005649422853070340684625045212203282264437428,
    "10": 0.00004311517790197784481421525940021661824171838649875591529363312218936362861127223576149082578801255524784047755,
    "11": 0.00001447481096780863922037329315981956176695520052264752139938667244719622011784246043542417964594402090691381376,
    "12": 0.000017481061089480618154328001728091184318593129880462635348123545629243873648885787535727405173058353180411577195,
    "13": 0.0008285167637794188486744242894382088811368321698380115232628063877168264872163263404331656312352483696506054002104718
  },
  "setupType": "Multi Region Model Local Bidder",
  "population": 0,
  "id": 0,
  "worldId": 7,
  "implementation": "org.spectrumauctions.sats.core.model.mrvm.MRVMLocalBidder"
}