{
  "gammaValues": {
    "1": 0.93260,
    "2": 0.73041
  },
  "alpha": 898.35087925463949432014487683773040771484375,
  "beta": {
    "0": 0.1328385677317554802723265083841397427022457122802734375,
    "1": 0.193393163984102611774318347670487128198146820068359375,
    "2": 0.08089887708748159933502819285422447137534618377685546875,
    "3": 0.1634339937552588273295128828976885415613651275634765625,
    "4": 0.13352150148010288877031825904850848019123077392578125,
    "5": 0.187289737711452242141518809148692525923252105712890625,
    "6": 0.146500687010963692724629936492419801652431488037109375,
    "7": 0.1142990970332994626890155132059589959681034088134765625,
    "8": 0.1247243937796245483173862567127798683941364288330078125,
    "9": 0.09231591857994546346244391088475822471082210540771484375,
    "10": 0.17021353771401404042507010672125034034252166748046875,
    "11": 0.214004900543454057437742221736698411405086517333984375,
    "12": 0.1046697967629532655120527806502650491893291473388671875,
    "13": 0.1466556573752527958820479625501320697367191314697265625
  },
  "zLow": {
    "0": 0.00000273885419403667875379256488654255632466214224591776744940372,
    "1": 9.1186764725736843627479531235845812789951310877864414017413E-7,
    "2": 0.00000308795633249251437108703910059875003810375847555969354380408,
    "3": 6.8673139329520569689806123243449974126581516467017925697831E-7,
    "4": 2.4678455626573889917200322876020935929843782873430545337952E-7,
    "5": 4.2591859818955572678720805762375761178372011278598968657793E-7,
    "6": 0.00000671806628932288180797390145438062638416620583590038304833337,
    "7": 1.6235946235685661243346134478519299390951254308031370182950E-7,
    "8": 0.00000194208048745568792900860282333374985985161807614016776944436,
    "9": 0.00000167888933100027804964167628626400066739118282935491861012405,
    "10": 5.3426139749435763141595938763553870942025369025848325863234E-7,
    "11": 1.1991351342420646182228589903461962098244064377113574811947E-7,
    "12": 4.0663217272653832236277147850625824767018145814697605640925E-7,
    "13": 0.00001220456359970065891596734496553283940879063364411099878707114
  },
  "zHigh": {
    "0": 0.0001185481726572947543384105199468143697400979533910799459298539717730233573464617392876361572332183938479753411441140,
    "1": 0.000044990926361505262108846431338762595716258658883209357165013097849436862345797158712127963932713502590704908120938,
    "2": 0.00011761990995415766934965877050740532748462079332338158594601726488592318653109215041219238385248303387190592254386373,
    "3": 0.0000318254672231910550660315791449618199894214282537556596385505490630054793993540104036510245677880946214525663440112,
    "4": 0.00001069864113744240608102168875980745633082805878361647812031163524010394902096687854864006681797579113726898845386,
    "5": 0.000020754576199821802790471452498052671601127541304429608554566528137775208335404997449110086646318975044991358520560,
    "6": 0.000299962121356786230657997999073018403712867043741804076762529036236798666399762481772987006740439087898750392194921,
    "7": 0.0000067265378649257669148622773213741029662803793631239653948963222204408901709205420815658113523530969433068236306402,
    "8": 0.0000824848957705854792874255953749392841844331952697267093390481532739521025200697941705288441710186190343949857966957,
    "9": 0.00006586550100854441924695324581031350864588976445762253788167417335944325555262973938697517450395266395592608975721610,
    "10": 0.00002512169417798549784791313007705717538610572300977870756759926321960205229437834574548047460090336024687167051456,
    "11": 0.000006163613354142538540031805277020218627162827496732806064675099483200601347881024094379414233466359711426631765247,
    "12": 0.0000164551758694526370740698472142527741325616391352774565318443715177571650262924076943717060422813069448325344587980,
    "13": 0.0005451237377602379424752246134613600908477121348833658059060411127218961162894539791950359560216395055463905580254169
  },
  "setupType": "Multi Region Model National Bidder",
  "population": 0,
  "id": 8,
  "worldId": 7,
  "implementation": "org.spectrumauctions.sats.core.model.mrvm.MRVMNationalBidder"
}