{
  "homeId": 7,
  "distanceDiscounts": {
    "0": 1,
    "1": 0.42045,
    "2": 0.17678,
    "3": 0.07433,
    "4": 0.03125,
    "5": 0.01314,
    "6": 0.00552,
    "7": 0.00232
  },
  "alpha": 819.88736243857374574872665107250213623046875,
  "beta": {
    "0": 0.0715128227941167760040030998425208963453769683837890625,
    "1": 0.063161905035689247522867617590236477553844451904296875,
    "2": 0.057922171755717975771826644404427497647702693939208984375,
    "3": 0.048525431397249983722641530903274542652070522308349609375,
    "4": 0.0951044592726457971298970051066135056316852569580078125,
    "5": 0.044189516494429932624843360144950565882027149200439453125,
    "6": 0.07822626585624871398128021837692358531057834625244140625,
    "7": 0.047975852464551223264255241929276962764561176300048828125,
    "8": 0.0804897083588534678622039564288570545613765716552734375,
    "9": 0.05788171378872963845907406721380539238452911376953125,
    "10": 0.0877204888891102430026336378432461060583591461181640625,
    "11": 0.0984701805759602144529907263859058730304241180419921875,
    "12": 0.0803873649036150050850579873440437950193881988525390625,
    "13": 0.050147694314212266919472682502600946463644504547119140625
  },
  "zLow": {
    "0": 0.00000508755568787133860628685612915109451965356171490850623173373,
    "1": 0.00000279201473321929073077623697051877506823782295115364739975630,
    "2": 0.00000431289422032352157983811981023311885608721203439375210943041,
    "3": 0.00000231291615574816710784296618007820970256810604320994808334419,
    "4": 3.4647212913790110752346802870902114571528367949812642085418E-7,
    "5": 0.00000180518342062887932131981335557812713576615883026777471712870,
    "6": 0.00001258146884551028027765469490560609601806701568141314872751292,
    "7": 3.8681000938779831125509996979007771755199487490728330684181E-7,
    "8": 0.00000300938860890412070722653827176842829817619779168585045396563,
    "9": 0.00000267767142056424567329575779627858090290874912429386360183527,
    "10": 0.00000103668508558479930814836006649854577342627417811866339124679,
    "11": 2.6060762115052318872264867866067386360921468609780221332951E-7,
    "12": 5.2946264537464473943080368336546548925820545529984385295123E-7,
    "13": 0.00003569193603353601101019481502724508799902120414703323574969795
  },
  "zHigh": {
    "0": 0.0001890092174723345499132392572250705155898405374608021093997543388290301342110910664775246275083816668890592009479491,
    "1": 0.000101395338940362930943889681083572103926407954154459454952478091565903465996285999292673352575101666056209959625495,
    "2": 0.000154368046589087885612191191796436392024124400088403342914807301049341289659684625262040837788010769031701558934872766,
    "3": 0.000080611010096779897394378727574273118828490154609948724429526880302241084354509429099330467824685076810196323902978269,
    "4": 0.0000136892683236072723315656327582718099233334343065311071445513799602868626894173854191481271245374541819399566872887,
    "5": 0.000062132520873001510626449611436683757320600702828883159471089669856751435312254067987528255077264877584923587137525839,
    "6": 0.00047586419804240818474842180260978249272989133910718704713791539279681407567668481907166166245176963826532886380768757,
    "7": 0.000013460054275854017879511436071520644675554849317933053545265662565710039341733000453543919454301766055611990072560535,
    "8": 0.0001145041394140384626339636588279796373341705867360971898746860403014661030619447594735165642296748884377056816834424,
    "9": 0.00009582896369546344795657569111075091571141675330579088763301071017267696537671612182235488633151655816160218134707,
    "10": 0.0000401944048206987481498851504429473873062863376455841115460329437443303269360461842108799089082045080685364496262203,
    "11": 0.0000103844365859320403470426886658018459059660487665328000209762863365012774464158322346325327582584842295081554508828,
    "12": 0.0000201400900488958295861108133600289913802023590498634904281037433395871890541344517079649673449486799249130141684942,
    "13": 0.001249744910775298505302048715312727548554629249971032914784845366530398639460719501584671329823744928852056293838919194
  },
  "setupType": "Multi Region Model Regional Bidder",
  "population": 0,
  "id": 6,
  "worldId": 7,
  "implementation": "org.spectrumauctions.sats.core.model.mrvm.MRVMRegionalBidder"
}