{
  "homeId": 6,
  "distanceDiscounts": {
    "0": 1,
    "1": 0.42045,
    "2": 0.17678,
    "3": 0.07433,
    "4": 0.03125,
    "5": 0.01314,
    "6": 0.00552,
    "7": 0.00232
  },
  "alpha": 701.3923395211344313793233595788478851318359375,
  "beta": {
    "0": 0.0775161533638865363204928371487767435610294342041015625,
    "1": 0.044889682291868397701062320948039996437728404998779296875,
    "2": 0.074195088471419035069942538029863499104976654052734375,
    "3": 0.07998547104867481660761541206738911569118499755859375,
    "4": 0.046195090610809959319471573735427227802574634552001953125,
    "5": 0.08642360022079588477428302439875551499426364898681640625,
    "6": 0.0700320460840889447151624835896654985845088958740234375,
    "7": 0.0926137674021409729174791891637141816318035125732421875,
    "8": 0.0532513095537124059308808909918298013508319854736328125,
    "9": 0.046408661787641240781265850046111154370009899139404296875,
    "10": 0.0648122442451862512680094141614972613751888275146484375,
    "11": 0.0536703338905401283742691020961501635611057281494140625,
    "12": 0.092311238103465587112594903373974375426769256591796875,
    "13": 0.0720423573731948374554434622041299007833003997802734375
  },
  "zLow": {
    "0": 0.00000469354389470316575610511526786847266307061894711081812680673,
    "1": 0.00000392849671537521804043019399372320270537711474034630163229259,
    "2": 0.00000336696410693079050955545582745915457463600858648776856088415,
    "3": 0.00000140319551503358100162977613228784519020420853389264724341606,
    "4": 7.1330186950627231515268625105337431764721875330823387104739E-7,
    "5": 9.2301387974527378668848218274046399467229058370104791494310E-7,
    "6": 0.00001405358520568207609952426745385659573863241390877884140106094,
    "7": 2.0037560789014708269785962235898476568711653020609448937191E-7,
    "8": 0.00000454871088615813679834732188923750544953001052149665912201419,
    "9": 0.00000333963973136227299909461952431718232545808297147394280933734,
    "10": 0.00000140310713802048128060056362200782077303000062591505017804825,
    "11": 4.7814272157316717603823284771367227633263016255174571189627E-7,
    "12": 4.6107178011045428295187221775064651388797379607816966374903E-7,
    "13": 0.00002484466587372038240759059709752838425069025950149633636786752
  },
  "zHigh": {
    "0": 0.0001771888636772893644077870313865918598923522544268714662519445414333254708743609120283955434886130797025457396524971,
    "1": 0.000135489798405040750233508391779704933040586707830239081928566607621917150945273012713859512733984667268543781585233812,
    "2": 0.000125990143187305953503711272313217463580588296651223836458419550565085362911007362640925143656659375441719867286781,
    "3": 0.00005331939087534231420798302614056218345757322933042969923168318552990922753169417852006234992692651590621600148993,
    "4": 0.000024694160534658408560442179428602405081291486520834330650347497528012286447932978335151355076303534857125760188930888,
    "5": 0.00003566743464649334458750967625155386308778465543188135540552176525507513757005237932531842133537738831228742022426091,
    "6": 0.0005200276888475620594045089790572974843468532859281578273443560878511107483430886034846427135080130672185019163894734,
    "7": 0.0000078670222309244810227942256485878561196084989768973890211686403763664515945026299081940497842649885435892269309755,
    "8": 0.0001606838077316589453675871673520519518747849686304214499161428078009311310980581118238424995507593581540491591225752,
    "9": 0.000115688013019404267730541542951908958387896768721193263858072916737536334005922563543440215446753092388038057745484105,
    "10": 0.0000511870663937692073234512571082256372943981310794757151500765638982337466210984354032793674689852469479090828223864,
    "11": 0.0000169104895986113599665102137373917982876685130601511049779793189441985822197055029310277252584861336353201888733543,
    "12": 0.000018088364090970115891742869391584422119095409273213264752037733002370441531349674277516976466751083217537530538482,
    "13": 0.0009243268059808296472239221774212264361047009106049259333299325589015825349458804295797487716757886629823473378715585
  },
  "setupType": "Multi Region Model Regional Bidder",
  "population": 0,
  "id": 4,
  "worldId": 7,
  "implementation": "org.spectrumauctions.sats.core.model.mrvm.MRVMRegionalBidder"
}