{
  "gammaValues": {
    "1": 0.97181,
    "2": 0.88725
  },
  "alpha": 1118.035061411858123392448760569095611572265625,
  "beta": {
    "0": 0.183773857631420567404489929685951210558414459228515625,
    "1": 0.210797422956504887370243750410736538469791412353515625,
    "2": 0.0891087034271561273524042690041824243962764739990234375,
    "3": 0.1578990877797062652998505427603959105908870697021484375,
    "4": 0.194306556965003818238102439863723702728748321533203125,
    "5": 0.1696613350844684564577846686006523668766021728515625,
    "6": 0.11952221185749885290494631817637127824127674102783203125,
    "7": 0.173903749409644758916471118936897255480289459228515625,
    "8": 0.1747595390064437259614038566724047996103763580322265625,
    "9": 0.1133378674604839930761812638593255542218685150146484375,
    "10": 0.2119838242932610139490634537651203572750091552734375,
    "11": 0.145102957474558535988506946523557417094707489013671875,
    "12": 0.10849024252363259623876956538879312574863433837890625,
    "13": 0.1711007252460008398742274948745034635066986083984375
  },
  "zLow": {
    "0": 0.00000197974550380085829030573166413650383562885332235590050942559,
    "1": 8.3658029099449305974990715723370133263067775806421999474348E-7,
    "2": 0.00000280345454692915454841407830066179331683045754199825801870482,
    "3": 7.1080369001203123543243710985299938536177792984125486686895E-7,
    "4": 1.6958277172621169218511141553182885461255343850100058685762E-7,
    "5": 4.7017302145852218172076666818835215441257317760784604945050E-7,
    "6": 0.00000823446379945192364179473809194106495234195281390571543999391,
    "7": 1.0671155742874097097289496639367642464824039781341428025561E-7,
    "8": 0.00000138604629450422795908193942638388434228682736143859216550826,
    "9": 0.00000136748832723007123620086083517395431290987423541755613054362,
    "10": 4.2898802696257722615330269518335692850486525023499838647396E-7,
    "11": 1.7685428306079067155748217243978219690751069929092953049325E-7,
    "12": 3.9231276367820364018952413970685788436336966224228841177576E-7,
    "13": 0.00001046090421369512331142487523225834603785521687446979899208029
  },
  "zHigh": {
    "0": 0.000095774911950220140433805523274632795069099285684223937730510077586673806804030440618201340057220682288740638900567,
    "1": 0.000042732305673619000813099786685019891858193598361776632802093511011572101412288369368698425332256790464388584184704,
    "2": 0.0001090848563872568746694699465092966258464217653165385201930395816584508394775579457979621208346904953566237213080655,
    "3": 0.0000325476361246958212220628554675168093123003112088879279352698710696799119586269800636302069874777339358042171005388,
    "4": 0.000008382587601256589871414934362956041190251527076617332124654416132777376396263740202188859474133547098170733236277,
    "5": 0.0000220822088978907964384782108149905078799931332490852994407437024923360442128426217738274994370511916553925052989,
    "6": 0.00034545404666065748567262309819983156075813945308196404851234531096568720635227394602379854718066784692159629788597550,
    "7": 0.000005057100717082297671045285969628605888442215005116982747679614263783474486518429853267937422189247405075938231132,
    "8": 0.0000658038699820416801896256934664433186574894738286794412209648694391447694941252611833401414268043656676933680588054,
    "9": 0.0000565234708954382148437287822776121180114505066395016634942611552594956710631657729083959765129951045694368075578155,
    "10": 0.0000219634930620320856900334293034917219586440698090741614028480405995279743448773313751914463385290944209917387622,
    "11": 0.000007871836443240064832087693479175095904914929162326619535888548371036680315102079462328153479315330309731210521880,
    "12": 0.00001602559359800259660887242705027076323335728525813682719283959146758873582829272743976115726502983121249771600818,
    "13": 0.0004928139561800718743389505214631252897196496317941298120563153725780865440482037713521261039250985774252803963018
  },
  "setupType": "Multi Region Model National Bidder",
  "population": 0,
  "id": 9,
  "worldId": 7,
  "implementation": "org.spectrumauctions.sats.core.model.mrvm.MRVMNationalBidder"
}