{
  "regionsOfInterest": [
    1,
    5,
    6,
    10,
    11,
    12
  ],
  "alpha": 91.34592013126297160852118395268917083740234375,
  "beta": {
    "0": 0.074440329247854430949615789359086193144321441650390625,
    "1": 0.1075028419080985286893081820380757562816143035888671875,
    "2": 0.0973146522519292844766169991999049670994281768798828125,
    "3": 0.07850923191500835951472936358186416327953338623046875,
    "4": 0.10632841231211064003669974908916628919541835784912109375,
    "5": 0.052788765267191804786417463901670998893678188323974609375,
    "6": 0.11315779039896482760507723241971689276397228240966796875,
    "7": 0.06320094002898572760340556442315573804080486297607421875,
    "8": 0.0868786971858825918246793662547133862972259521484375,
    "9": 0.08862745208266960272869283699037623591721057891845703125,
    "10": 0.0858745993428625398191655904156505130231380462646484375,
    "11": 0.072231483242804872535458571292110718786716461181640625,
    "12": 0.0510485136769955882840577032766304910182952880859375,
    "13": 0.10318474146389970680370851141560706309974193572998046875
  },
  "zLow": {
    "0": 0.00000488747795768824247491875053933931083265179358274077752510151,
    "1": 0.00000164041216313703019641353673676653153349875355859789114235857,
    "2": 0.00000256705638886840701965136669628825307233129812877731926184050,
    "3": 0.00000142958033731435838863805592719039736456080624208149060395281,
    "4": 3.0989877285085087810348394607740995524932356848529662688644E-7,
    "5": 0.00000151112044651153158281840781995211088185729156279341259353827,
    "6": 0.00000869760113997419731156185281701502324556627105893666862755566,
    "7": 2.9362759373024635345417352034958000497209751266508291176263E-7,
    "8": 0.00000278808061487032618897856158211563630067821792492785196754679,
    "9": 0.00000174876076366035458153194513253852551727415853853670251868468,
    "10": 0.00000105896881298353372509514872240908442428501597472742801377955,
    "11": 3.5527554415435183076982101085848976224090735682985618350738E-7,
    "12": 8.3375800411883463768856043731210624302491730059013952255539E-7,
    "13": 0.00001734624976812474209132412357055591543665677124650377295977005
  },
  "zHigh": {
    "0": 0.000183006885566841665972196089530717004979787493495770248200787811608288982647726427168850722884580055749157491828534,
    "1": 0.0000668472618378951149130086740710047978842358723777867672305462054575825678994079167106175746904833337966147927329053,
    "2": 0.0001019929116454344488065885983780904185114469829199103574871099586019550436436957738932532061963546690828514319388043,
    "3": 0.00005411093554376563581823141998763874868827116057609500004778556293550355799258986996744171195706694635600117869144,
    "4": 0.00001259206763499576544896611027932347420935463097614621332551923839913082294229280624165961831690754064897655144752345,
    "5": 0.000053310631649481078471407445367903269703334684804652295763376752675842875769898106662039957075777504872011425725647668,
    "6": 0.00035934816687632569576563653995205030955486900043289264413919757670268391644609223902472740286869004003942313764363257,
    "7": 0.00001066458180612745914548364258830571329815792845066704169289027892609853255730756740702479743371392495861829981739520,
    "8": 0.0001078648995930246270865243581383958774092311907333572352821210169190439808145135409721035437929492955169297534142,
    "9": 0.00006796164398834671520366131119854925414237903573307605513849293817114106324177542033940230789199747886826166273313459,
    "10": 0.0000408629166426607806582888101202635468320485915438470502220155882375506654504857839290347497112464355224190368959806,
    "11": 0.000013224474276046899608457858631736322864916828888494419126312354542936529278052808258644346508831871941990339894763,
    "12": 0.0000292689508112215265338435159784282139932037144085723605162284493841269965986701231190833256611467601846414688649,
    "13": 0.00069937432281296043773592797161205237168369626295514903108700822331338552165399127661202059111886050470407431312657743
  },
  "setupType": "Multi Region Model Local Bidder",
  "population": 0,
  "id": 1,
  "worldId": 7,
  "implementation": "org.spectrumauctions.sats.core.model.mrvm.MRVMLocalBidder"
}