{
  "gammaValues": {
    "1": 0.96280,
    "2": 0.85118
  },
  "alpha": 796.0651149489431190886534750461578369140625,
  "beta": {
    "0": 0.156344503715358573714411249966360628604888916015625,
    "1": 0.189414435037378925397177908962476067245006561279296875,
    "2": 0.21678341653319666004762211741763167083263397216796875,
    "3": 0.2014394272126675267120532453191117383539676666259765625,
    "4": 0.1181306194304266588002150228930986486375331878662109375,
    "5": 0.2001350676053077481952868765802122652530670166015625,
    "6": 0.19440386877304394186438685210305266082286834716796875,
    "7": 0.219891926534198145493093079494428820908069610595703125,
    "8": 0.1883158709892500948246407688202452845871448516845703125,
    "9": 0.21048862163049097961931011013803072273731231689453125,
    "10": 0.126834190450434203256691034766845405101776123046875,
    "11": 0.12675486641967470546887852833606302738189697265625,
    "12": 0.1398466210867786718718974725561565719544887542724609375,
    "13": 0.08495518940656386630561058836974552832543849945068359375
  },
  "zLow": {
    "0": 0.00000227394225809565619461375860891697013922645035503211823565104,
    "1": 9.0976412409414827894193719091550320566652134734723018012503E-7,
    "2": 0.00000112604705947037633257926232167208662324185552484725125787759,
    "3": 5.4444469504867442398790520825105031689957106092543029060840E-7,
    "4": 2.7256849612839322200103762025830047516795130847653914876762E-7,
    "5": 3.8948106356446745101682274349927369479940224806688319348846E-7,
    "6": 0.00000494706932554674973870398062130951770185068479333296028742561,
    "7": 8.246697671262822155302617079902564662008845529785294881019E-8,
    "8": 0.00000125689979945960249922730160415058555526742104242821690261350,
    "9": 7.1951357839302034356921019099370717194440118219135850421447E-7,
    "10": 7.0061673448333078385445639308565130215894246994740742527075E-7,
    "11": 1.9783182530161384280594637134856382974066556774908076620388E-7,
    "12": 2.9739940409790015986681527359450287963315778027409928417071E-7,
    "13": 0.00002058733431477241235181874402507551230243794527770754144070113
  },
  "zHigh": {
    "0": 0.000103770105124804404305012319318314112450558535826347160398175801310307793702841946064468082910158740343655118990,
    "1": 0.000044525169481081347206813466201164028850660363909490146763577702515603723116384071370491075132105263202311121118965,
    "2": 0.00005819224465702607631219140481119807468131414563870639760322084787942872359177843297744542041857232283994003476290,
    "3": 0.0000273006036034182747001549893890887947239227039768538758361014314071130148301312502449557781118729462748260330487204,
    "4": 0.0000113969234123384908473441917625968465511666866409456149911041003515038729863526261649621757889503215445680519392955,
    "5": 0.0000194793138056802092984531046932070312059235375807579781974060652113655888554199482787318656943838537164618930364,
    "6": 0.00024458502136387662577402904053658410316371291086090127032213399764420895034782378227432418414361667963752481437756,
    "7": 0.000004287391539857914064946557659721119992975968798551641608454712076934022698810530309835742866908062396741976955465,
    "8": 0.0000613764120319329570064837849102810559344949685949233233928983206964296724123126805567890257574104497668758824725339,
    "9": 0.00003673034948782751721040030051237819129130904431491959018829615959734579088894223813500446047926406112861045219733,
    "10": 0.000029904717667921930421388572539337726584483174816085600360043069432338374047457850029691570159652350643375122893,
    "11": 0.00000844256941801506380862221283170023288575759619567278758462362243966544320612269485558454565758828283300891377,
    "12": 0.0000130810123005682863815888026658328605207114503702353574828252109928961743427403705359868513783967269108418717783454,
    "13": 0.00079252011805194657248203593287193941078016698316321549053286178605106723058974681246472567984291465019924695319044037
  },
  "setupType": "Multi Region Model National Bidder",
  "population": 0,
  "id": 2,
  "worldId": 106,
  "implementation": "org.spectrumauctions.sats.core.model.mrvm.MRVMNationalBidder"
}