m,evef,gwef,geef,owef,oeef
5,0,0,0,0,0
6,0,0,0,0,0
7,0,0,0,0,0
8,0,0.00208333333333333374,0.0187499999999999993,0,0.00624999999999999948
9,0,0.00925925925925925875,0.0333333333333333329,0,0.0222222222222222231
10,0,0.00833333333333333495,0.0183333333333333334,0,0.0116666666666666689
