m,evef,gwef,geef,owef,oeef
2,0,0,0,0,0
3,0,0,0,0,0
4,0,0,0.00277777777777777788,0,0
5,0,0,0.00666666666666666536,0,0
6,0,0.00370370370370370341,0.00370370370370370385,0,0
7,0,0,0.00317460317460317547,0,0
8,0,0.00277777777777777788,0,0,0
9,0,0.00740740740740740682,0.0111111111111111115,0,0.00246913580246913532
10,0,0.00444444444444444444,0.00444444444444444444,0,0
