{
  "homeId": 4,
  "distanceDiscounts": {
    "0": 1,
    "1": 0.42045,
    "2": 0.17678,
    "3": 0.07433,
    "4": 0.03125,
    "5": 0.01314,
    "6": 0.00552,
    "7": 0.00232
  },
  "alpha": 708.3692097392222422058694064617156982421875,
  "beta": {
    "0": 0.05250161616272870646060511035102535970509052276611328125,
    "1": 0.0712714957364465606648451512228348292410373687744140625,
    "2": 0.05278674000405363109234002649827743880450725555419921875,
    "3": 0.08439870796413385944934049121002317406237125396728515625,
    "4": 0.06557352586277535866354782001508283428847789764404296875,
    "5": 0.0841582306326843221366829084217897616326808929443359375,
    "6": 0.05225414105205701542633534018023055978119373321533203125,
    "7": 0.093101990856962635323412769139395095407962799072265625,
    "8": 0.046562965159732745690224220425079693086445331573486328125,
    "9": 0.0625055870018950965327775293189915828406810760498046875,
    "10": 0.05879605748284134902892361651538521982729434967041015625,
    "11": 0.041826548402921985558844397701250272803008556365966796875,
    "12": 0.06199478659778105693600736003645579330623149871826171875,
    "13": 0.06576423640632811373762933726538904011249542236328125
  },
  "zLow": {
    "0": 0.0000058796140377264417197714469890761113135217055118220024880408,
    "1": 0.0000020993528857277537392409325161672212681936973409814588474204,
    "2": 0.0000040152925733670401029508967311986627227303455432813729331870,
    "3": 0.0000011282929904309081225637797628966257865648761995226114675255,
    "4": 4.263527249217346342216232596827057116125415115673014439726E-7,
    "5": 8.042153964207852832010001045753706605801836119523464243310E-7,
    "6": 0.0000159805464748057843463148121376236407398978475898034903981103,
    "7": 1.691179983166685624360007966341220795369905621390405336231E-7,
    "8": 0.0000044137363904286488352323335982081037971440267424898078876117,
    "9": 0.0000021038182598854162535412426345053224566702564147159989960289,
    "10": 0.0000013122847493698581425224854300327938431026096376685836170361,
    "11": 5.205569060954841047063703282987799615615950055413194153206E-7,
    "12": 5.825005531512424861708050880267482180902567662609502933829E-7,
    "13": 0.0000230919010342277102280283556829466107292530303874495368628137
  },
  "zHigh": {
    "0": 0.0002072573450711637658996093530018911240056175972816145937791489250138480080620607131581341574045358328046869381698132,
    "1": 0.000077942988596276850607584310504440079442583989391845768906932959503330956786553642322581746366846664169549404641405,
    "2": 0.0001416541977120645416189553868638846550936564335129672731077249795974114043302271837548642601601813951874484442004212,
    "3": 0.0000433714367726629930603103713521141715937346198126003576978941722284011753025637125989266846165631862015473582174660,
    "4": 0.0000155863268910840504508514988465064462400394656381641624586934113282879392213314924872750733378478096903531998321599,
    "5": 0.000030894596373657168254091319739346757995678283169290429866423160905806576977899773855669584405201448219622552606691,
    "6": 0.0005629213672025189261102604220520173060312208529220936724259891244897171287719122078788803372503855055129582670209820,
    "7": 0.00000664806218280268675821039366321812910578377660164683795865111489854223490811506171173971694421407261170257195714,
    "8": 0.00015296375709003683936779415600022518155235310083162149027081129814152150343869183149100590234839609688693258750969530,
    "9": 0.000076264587324506831041921189736913157795933088400401394036237303356943991377635388915095222476038122071155271221668,
    "10": 0.0000470842594368763674882237032459669122387756126887326595856485870441437864757913848921517242813077506833669207904313,
    "11": 0.00001779401704579233121010104885923943530220835295527628753661587349048890305963726497260849623508265674093963599769596,
    "12": 0.0000210862163431073445744067213358072825341285323526650612168794699385075172071350369012054725047231869297910659353229,
    "13": 0.0008446191548954796871437934868050124429694267266156456040922953467605474228056398266180362431771819408433338697110
  },
  "setupType": "Multi Region Model Regional Bidder",
  "population": 0,
  "id": 3,
  "worldId": 24,
  "implementation": "org.spectrumauctions.sats.core.model.mrvm.MRVMRegionalBidder"
}