{
  "homeId": 2,
  "distanceDiscounts": {
    "0": 1,
    "1": 0.42045,
    "2": 0.17678,
    "3": 0.07433,
    "4": 0.03125,
    "5": 0.01314,
    "6": 0.00552,
    "7": 0.00232
  },
  "alpha": 649.03881733244861607090570032596588134765625,
  "beta": {
    "0": 0.0781119521271382566407481817805091850459575653076171875,
    "1": 0.08038178147654818916922891958165564574301242828369140625,
    "2": 0.080754531126014439390559118692181073129177093505859375,
    "3": 0.08894088163437106897557526963282725773751735687255859375,
    "4": 0.074767467073069859839762330011581070721149444580078125,
    "5": 0.044870294115356985920062271588903968222439289093017578125,
    "6": 0.08943160649982641319244436317603685893118381500244140625,
    "7": 0.09393496318653303533974252559346496127545833587646484375,
    "8": 0.0925900493756710296633372081487323157489299774169921875,
    "9": 0.0666150637655234800771353320669732056558132171630859375,
    "10": 0.07310665518226193426709613731873105280101299285888671875,
    "11": 0.093047946489968780259260938692023046314716339111328125,
    "12": 0.096975098036926776767785440824809484183788299560546875,
    "13": 0.05478686892488608684015360950070316903293132781982421875
  },
  "zLow": {
    "0": 0.0000039518822790559595752519156297147409669504143659599992621535,
    "1": 0.0000018614170710821579057905065595355794438896413395253334828144,
    "2": 0.0000026246725992351653819635685505508732663753748268752535703295,
    "3": 0.0000010706715387511671407287704316328240749066509199608758003830,
    "4": 3.739253518779423300480803308488018363588913657803455108290E-7,
    "5": 0.0000015083775612509739402475655395087193262144888829393556660437,
    "6": 0.0000093372998905602214502023121453310428158907988786068776271780,
    "7": 1.676183371867612449824106875241948847773551773865250746669E-7,
    "8": 0.0000022196408270387564880952861195246406324693435918153840719310,
    "9": 0.0000019740339173480046120844242629104779291408639200796353399630,
    "10": 0.0000010554055491315527335308644108490124667753755147475801188858,
    "11": 2.339987012139528848175504403050551494764156835670425339577E-7,
    "12": 3.723842328259338336056065540578753063727722610930266970877E-7,
    "13": 0.0000277187083052427115623734971100883111008989949031878319825647
  },
  "zHigh": {
    "0": 0.000149425392311049301564023412221050013608478862905754497002529076786908895620749591660239089213101457009332172780490,
    "1": 0.0000708049141569089756040715318054908247134623093481620079687535931034017989607968293611503501110427273971500449430540,
    "2": 0.00009993559848810829998933554144445097140300731202078369222200276090004861379582829648632146702803619246019069810338,
    "3": 0.0000416427932222707636052600914142001202439878614257482876836188853315269311177564589150815565586888770766472570948189,
    "4": 0.00001401350569977028132564521098148932998242996126455548446438716511403635098867674822028244733741238880409930652083,
    "5": 0.00005201946131856282796548828278734721796470744129890070711780518834370857618580796923902484546917472092723257602813176,
    "6": 0.0003636239696751520392268854222832393683110093915861952892980189605269528025737700104199915667894560835157891968361361,
    "7": 0.0000066030723489054672346026903899203132629947150590713741899646241703898551477165951062100851171618534858261432315023,
    "8": 0.000087140890188340068953682731639721286612112606311388775800390818287892324073408426783265066389119740251084711671214,
    "9": 0.000072371057048384481798216638589067821970051313561310484354260441681471509130085012268197270871882025186345967536165,
    "10": 0.0000393778834297272052184750726704534709489585890011025546411411724663986917002691518091046765253865867055229445274556,
    "11": 0.00000919727089934639461343645221942769093965297329604798109573015532361116360739099726069501595190412692840125004908,
    "12": 0.00001478272673334808499745076531674109518260399719762735332802168669789083215749174179142121263936166121044584098578,
    "13": 0.0009834233730259297271741477296192634541188056620877944576848272165776331498420238042522418253383736070672667531786979
  },
  "setupType": "Multi Region Model Regional Bidder",
  "population": 0,
  "id": 6,
  "worldId": 24,
  "implementation": "org.spectrumauctions.sats.core.model.mrvm.MRVMRegionalBidder"
}