{
  "gammaValues": {
    "1": 0.91310,
    "2": 0.65239
  },
  "alpha": 1110.8247187970773666165769100189208984375,
  "beta": {
    "0": 0.2037314234416191249810168528711074031889438629150390625,
    "1": 0.1602383924251587210552116857797955162823200225830078125,
    "2": 0.08778826747286781750911899280254147015511989593505859375,
    "3": 0.1448458424116692011551776886335574090480804443359375,
    "4": 0.11730947122685575489953180294833146035671234130859375,
    "5": 0.21869722972237937153039410986821167171001434326171875,
    "6": 0.1211714652532800140516400233536842279136180877685546875,
    "7": 0.18092841169538742551736731911660172045230865478515625,
    "8": 0.09078666741969321218874711121316067874431610107421875,
    "9": 0.166617653042160418497275031768367625772953033447265625,
    "10": 0.1921928712988149323681597024915390647947788238525390625,
    "11": 0.15505159140474222834171769136446528136730194091796875,
    "12": 0.208964354194489276839163949262001551687717437744140625,
    "13": 0.1084811277874230539541855478091747500002384185791015625
  },
  "zLow": {
    "0": 0.0000015151773554567173722475436038004781337972802188832098314637,
    "1": 9.337588700181580538619210801423386104151168444570408809913E-7,
    "2": 0.0000024143796342266439435359478829066685239481324919242301180634,
    "3": 6.574332339254341840963666104801413149043390151046679838004E-7,
    "4": 2.383222014551182429388746015371699931903147073401581586786E-7,
    "5": 3.094750898136787855537740394889328200168752624994488761453E-7,
    "6": 0.0000068914717490457171230320694530639093930839191588268649295249,
    "7": 8.70245982125520769847131585913046093661847840792726960378E-8,
    "8": 0.0000022637316647135083085630768497521991268153040571596907178561,
    "9": 7.892344711287523583204918813075345296227675930740038104990E-7,
    "10": 4.014569793165995839787210953503570964572489569997114352089E-7,
    "11": 1.404248639566827039955306016634042898163593782218888589646E-7,
    "12": 1.728141511259389274247598927221193978647095489011929899087E-7,
    "13": 0.0000139989440528525530970791568638327640992884349318686008117299
  },
  "zHigh": {
    "0": 0.000076324244603072035473892251443622128613884838493450814081834164683304473307367337408626653276047030619162237406811,
    "1": 0.000042975168124988980046213967423693599709226574496113229914060027292040432665743917644462451318101009084780886848552,
    "2": 0.0000936268095378526568365069214151248291301900419722529886540175166890975672592419971746790379963897428463349258742333,
    "3": 0.000029245644077498774906287976779619637443918504280062053186139665206885690463824212402377784077690917351231135484,
    "4": 0.0000099454111870855587123690391021403746873726615113498638998742165812256441205286386657504549951995517081796981118,
    "5": 0.0000160523871754439733246745377867536227787790326857035034208534435447014432274482457068020166729463625859389757072,
    "6": 0.000290249125429716909411778141515225365626802999992794908368428335730601991389279495427671267351898774144755730766090,
    "7": 0.0000041852601796791921946717645219336050006596032598538028310916693912521749376359693412567223143693743252651355036,
    "8": 0.0000884636153185826235677164535465480414424914202717179751781411145090102409350365812997854574478247120980208891362,
    "9": 0.00003682707366180691418529866714097951998450842375114153847034198145783152272993296478691876502374092235467413036935,
    "10": 0.000019759426335278610731910773205493809839414792268666494130832929321835834095953951098660110190757507470906737301804,
    "11": 0.0000063900557816282891887758570601781651498512841356933708459376178530444366633710356393088451557093311766323830180,
    "12": 0.00000879562428234823781202536547666841792736211583187234211265292251860860571636837276225282464863297362292619691365,
    "13": 0.000571830445454224973215317522231597044070488862948217522559783411352497067701341566119691490718535546467784413146946
  },
  "setupType": "Multi Region Model National Bidder",
  "population": 0,
  "id": 9,
  "worldId": 24,
  "implementation": "org.spectrumauctions.sats.core.model.mrvm.MRVMNationalBidder"
}