{
  "gammaValues": {
    "1": 0.94483,
    "2": 0.77931
  },
  "alpha": 951.818508726615618797950446605682373046875,
  "beta": {
    "0": 0.1036514146101123745591365832297015003859996795654296875,
    "1": 0.1654156596057938799493314263600041158497333526611328125,
    "2": 0.1102945680743902256981670007007778622210025787353515625,
    "3": 0.212188757854079756981491300393827259540557861328125,
    "4": 0.180151616595715713398107027387595735490322113037109375,
    "5": 0.1394627206308089728548083030545967631042003631591796875,
    "6": 0.130654186538451566601537479073158465325832366943359375,
    "7": 0.1397127557581969714561864748247899115085601806640625,
    "8": 0.1307429005770811281106347223612829111516475677490234375,
    "9": 0.217243529122014555898800836075679399073123931884765625,
    "10": 0.1722444732999244276783201712532900273799896240234375,
    "11": 0.1655221089181484472874217317439615726470947265625,
    "12": 0.147386893526379847418894541988265700638294219970703125,
    "13": 0.1906478713297347360455802345313713885843753814697265625
  },
  "zLow": {
    "0": 0.0000029781478675891510344626211850704982150718228150277622424441,
    "1": 9.045335889057605600437690904079876736328796133023524143768E-7,
    "2": 0.0000019217102783119557073216075591015869383250843371199641412085,
    "3": 4.487818843957975166022171426278860522450543930448455449881E-7,
    "4": 1.551884571597287907423966917498604462189713271984114532781E-7,
    "5": 4.853006201528559880101908078079742176141653077693087478206E-7,
    "6": 0.0000063912971463620001898263374485278494244625052673034736996486,
    "7": 1.126970994708371425401952799734961034078000415186194768680E-7,
    "8": 0.0000015719144432672946897625089963332172288309431396379196242070,
    "9": 6.053132897025733831369377287497662855202746069958625096052E-7,
    "10": 4.479514963795362882047998831693422357248938398214135226488E-7,
    "11": 1.315419358271044769213653508948907029886716330047540647396E-7,
    "12": 2.450149848584551514203458229253836476105257573266292632704E-7,
    "13": 0.0000079655819291050711402202006335384227261708094394662623536438
  },
  "zHigh": {
    "0": 0.000120213359967045045340344578881722731052121116377787386411247985651046812397147266781175325602897115214067512951015,
    "1": 0.000042098409691617055231669407731663071605759457561472575915623435244198413692146359789127111561444730666976330434517,
    "2": 0.000078846728860412009750076711700972381561498597328125009348370800198305524682897508506587600845689601250342981714626,
    "3": 0.00002298610359160967488146349274405197956413996561826738002177082383575580467851223924889724011132471969241588138,
    "4": 0.00000745139885822387514647470180852108827823236010709746273785919092555539527062247109335447522997755741915091685100,
    "5": 0.000021327153085619289398367040836324864706697734043799299571113479944286128955141618935893733835197852182528176660684,
    "6": 0.00027524388734920540141560618137914356656816058324709317147213896240084766245228741043255438279905275124865011092953,
    "7": 0.000004955435217427744161336228163399349821908060983034206255997445237080982910817101873448226566068671736812587037,
    "8": 0.000067709098675196215003699417943978584502960592746064842368670040660892152729953490464150892103891613860730535935576,
    "9": 0.00003130943821902154492979204256424647266143363416879729944352660260191654552860306434689681340847001205280223400740,
    "10": 0.000021154261847166711858693136840063364017444138753317556754031400477569686506800987744412707459218659560314687315,
    "11": 0.000006123567937740942376550899537122757545020651779179327019187426258894002959730272836829224734825869246781287,
    "12": 0.00001096164929432372453189294338276634541973660208463543031350397586527516839948714411537024637658412238853343768970,
    "13": 0.000390829581741800514509548835322766802876960098176147368817198532891518384747180214873357398232801378906161448700437
  },
  "setupType": "Multi Region Model National Bidder",
  "population": 0,
  "id": 8,
  "worldId": 24,
  "implementation": "org.spectrumauctions.sats.core.model.mrvm.MRVMNationalBidder"
}