{
  "regionsOfInterest": [
    0,
    1,
    2,
    4,
    5,
    8,
    10
  ],
  "alpha": 83.1227270043458332793306908570230007171630859375,
  "beta": {
    "0": 0.0698470212512837529406084513539099134504795074462890625,
    "1": 0.06717321139215855219095629990988527424633502960205078125,
    "2": 0.110198233983309579198106575859128497540950775146484375,
    "3": 0.091979490280459597073559052660129964351654052734375,
    "4": 0.0902728021772520039522902379758306778967380523681640625,
    "5": 0.0795491965464322492440629730481305159628391265869140625,
    "6": 0.100850977122441454181256403899169526994228363037109375,
    "7": 0.0927187719357515371942923820824944414198398590087890625,
    "8": 0.08953567002484753845070741817835369147360324859619140625,
    "9": 0.05392881483692514577032994793626130558550357818603515625,
    "10": 0.0669643367557345714491390253897407092154026031494140625,
    "11": 0.054547114194592606628564368520528660155832767486572265625,
    "12": 0.0669039038664131779921007137090782634913921356201171875,
    "13": 0.0829180180626959140166576389674446545541286468505859375
  },
  "zLow": {
    "0": 0.0000044195047099167681527617168269765194320815758869262072307946,
    "1": 0.0000022274358653323027874406298534027677500525880222059125431905,
    "2": 0.0000019233902164224843873870154557491150920911517037062052820758,
    "3": 0.0000010353011340571398572280145789256501814132253578766087105596,
    "4": 3.096996078555890856958931784337065741594289519679146526891E-7,
    "5": 8.508111677888666214021184804176102892501916710647163595714E-7,
    "6": 0.0000082800360830379887993322556393310293698175895752121514706055,
    "7": 1.698169853234982352509788464784888143355078957210085721503E-7,
    "8": 0.0000022953606502831740812582240052241242328150721858180075607671,
    "9": 0.0000024384069198829287713695629644953010703922839506559782021146,
    "10": 0.0000011522128538247455305471538242271572072907205251888051264099,
    "11": 3.991613296278926340903051818938123666364542492735995726604E-7,
    "12": 5.397591978758880167381327996368977499788075652417261113951E-7,
    "13": 0.0000183147315163542014552484282704888391172726351895943654698673
  },
  "zHigh": {
    "0": 0.000163454065236873558889317448138903367562413708534740736061761134702448882777812942676807525591653404565180795602861,
    "1": 0.0000817854779844133220535752306215064738983507098285793797800362233717421067310364003020490559708907944991956014680968,
    "2": 0.00007889712700372787015203894860039822617448061832571224357439005136714288385549332694772921242585527828767705081953,
    "3": 0.00004058168108144994510023741583298490343918509456322027498891584546703719855969519520133985241419501345562015498,
    "4": 0.000012086733379099683995079596409036472116446088850182558720189281185162027080048330842276050128111920414443778653911,
    "5": 0.000032292469514699608400124871014613946855778524942661527923636205412448961818536592750194490837682137027785789943700,
    "6": 0.00033190605544948505970078372710323896492881311248435350460084391329153463255810838650174021555372321956252778649212,
    "7": 0.000006669031793007576942659735158549131149739296609105879114464692939615879543753057152818213442762746589807850906275,
    "8": 0.0000894124848856725967485708682107057946224844641314674804654732037221027105158853675118528831117351539540742757609740,
    "9": 0.0000863022471244322065767707996366125162075939144786007702188087011954907130009490743482897190575072658458014160524212,
    "10": 0.000042282102570522989128963755071797813164418939314339304866864624299943593959803430235915589271971517272202870236862,
    "11": 0.00001415214975176458709161909446709040745445413026724469225681111206959196042361340006960387275177719445004896669583791,
    "12": 0.000019803975684846710491426552684111768490785056322088335757244153401485296636478187455586369796311336246573735619708,
    "13": 0.000701304069359274423960395664431279294610014870679990462303903987070122565127870977338413732037272769441578449432889
  },
  "setupType": "Multi Region Model Local Bidder",
  "population": 0,
  "id": 1,
  "worldId": 24,
  "implementation": "org.spectrumauctions.sats.core.model.mrvm.MRVMLocalBidder"
}