{
  "homeId": 13,
  "distanceDiscounts": {
    "0": 1,
    "1": 0.42045,
    "2": 0.17678,
    "3": 0.07433,
    "4": 0.03125,
    "5": 0.01314,
    "6": 0.00552,
    "7": 0.00232
  },
  "alpha": 542.801657876270155611564405262470245361328125,
  "beta": {
    "0": 0.0629168554709238769806489699476514942944049835205078125,
    "1": 0.058679781715481438286730053732753731310367584228515625,
    "2": 0.06940686105404643424510169325003516860306262969970703125,
    "3": 0.079910228923418868962613714757026173174381256103515625,
    "4": 0.06123086792190364502364019472224754281342029571533203125,
    "5": 0.07539524711417579239114417077871621586382389068603515625,
    "6": 0.07432649132889469767437873315429897047579288482666015625,
    "7": 0.06071342155840177279291225431734346784651279449462890625,
    "8": 0.0690484596206880907320879714461625553667545318603515625,
    "9": 0.0570168070110629032765103829660802148282527923583984375,
    "10": 0.061852503204175623974236941648996435105800628662109375,
    "11": 0.096440546098961466014998222817666828632354736328125,
    "12": 0.0663634256730839811044830867103883065283298492431640625,
    "13": 0.0520026447327271157394790179750998504459857940673828125
  },
  "zLow": {
    "0": 0.000005474399634652216682115427714454732091294316459662585848580,
    "1": 0.000002845082381007413012538826238059953172154780107595509496835,
    "2": 0.000003407388471594460920396174779990314134112312783151673666956,
    "3": 0.000001329649974649637307290010328328941724704441037495478921588,
    "4": 5.09458930905881911967910624254239702424286614072026121635E-7,
    "5": 0.000001001629314865124258421900115310501804922569446583942556318,
    "6": 0.000012535761591444855892583703025083138756913146257314710037804,
    "7": 2.89365069976833970353981421374531815635709475182018261569E-7,
    "8": 0.000003321047152637218622364887584549413543439463541204291371146,
    "9": 0.000002573393393331094298163872299071247247885058251371905688074,
    "10": 0.000001391877528372077052315980250506903259010616277749408110807,
    "11": 2.51908368470238184497258233534229812586040047066389561258E-7,
    "12": 6.07162207802820882315761770989907511802552680556660231643E-7,
    "13": 0.000032584124329445202598755731213637724176093955509560484858044
  },
  "zHigh": {
    "0": 0.00019867519009991569971437359278469024661529626425063127996343536191875807503329218119080777493252662472546138731718,
    "1": 0.0001020473527382301092721394823915955753344711533838357152657229072431553305338405271892341493013639011568421466641,
    "2": 0.000125871267968345467056826939273181040078826710565124351944031703540885424749687716048623014299149155211729069360236,
    "3": 0.0000505147626257161805236989966290185643818821222816281512525961467243066650481636882258503503160769392207211150576,
    "4": 0.000018403229178169686385176542589025926881789365125179209948515339709637163466167551345900695069125601402398109659173,
    "5": 0.000037600688417059591338290542717062010234066540301049012484540236364544132179748004082545308570009290643360508137041,
    "6": 0.000469246765266107404500787516932833853161221234115502708284987690964740404186877442694859740022558590118727088048239,
    "7": 0.000010437786447083014025480641742593585243915721862331293146489235313186391160625396757932352973402301855822788139425,
    "8": 0.00012256273360084377350314970614655221999233838983810855238874937797735810260855450768184417389491260697010620811745,
    "9": 0.00009187446924704315823492043867869673344266974426090460764425344775779764638554141983463169477978750796658591448010,
    "10": 0.0000503654367795077059540486914896285434836760285076457010524773806571701785533380387772459206440203264634250080964,
    "11": 0.0000099866691163239632057402915552284273799182287694356712364517677536296182785208085526907657390121558465115584,
    "12": 0.00002224420263898743391108345380080865262013498252557167740718670810234423511301855806975555507896896314495327789340,
    "13": 0.00114696979402647098066886576088472946236611699638000450989903234909745543183425903776606651199907616999516670981659
  },
  "setupType": "Multi Region Model Regional Bidder",
  "population": 0,
  "id": 1,
  "worldId": 108,
  "implementation": "org.spectrumauctions.sats.core.model.mrvm.MRVMRegionalBidder"
}