{
  "regionsOfInterest": [
    1,
    3,
    4,
    7,
    8,
    9,
    10
  ],
  "alpha": 96.6111789211694684809117461554706096649169921875,
  "beta": {
    "0": 0.0780385217627473648516200910307816229760646820068359375,
    "1": 0.06687537687538956665544986890381551347672939300537109375,
    "2": 0.102159201046493397502246125441160984337329864501953125,
    "3": 0.07737575745465187504468218548936420120298862457275390625,
    "4": 0.09186984308849677205444095307029783725738525390625,
    "5": 0.0568220186250406322781003609634353779256343841552734375,
    "6": 0.084668659012950675535336131360963918268680572509765625,
    "7": 0.051853930915238967414016002521748305298388004302978515625,
    "8": 0.1181011819106539684209877805187716148793697357177734375,
    "9": 0.0709840828675221136023765211575664579868316650390625,
    "10": 0.056003758287414613648014238833638955838978290557861328125,
    "11": 0.08157936713870896083822259470252902247011661529541015625,
    "12": 0.0911101908412604577502946767708635888993740081787109375,
    "13": 0.10866403537607578766444049733763677068054676055908203125
  },
  "zLow": {
    "0": 0.000004413615261071113619108958428138277892427074423061075953281,
    "1": 0.000002496416781189237495772843583603666137056842968171313660684,
    "2": 0.000002314976387662676385355659959365737328877002180693510797139,
    "3": 0.000001373203149895402330380799073103708745739679969714117850338,
    "4": 3.39552256335988422575786565070727665688973763925663537039E-7,
    "5": 0.000001329028632533989536619263833416376479644847631298873706741,
    "6": 0.000011004534453357778137361312368669172009208813060995374165245,
    "7": 3.38804468006434569089513469209918362547642706263528418275E-7,
    "8": 0.000001941667191703063620039507151195106471408278886231001525574,
    "9": 0.000002067036278329324760880849993897455847552190872084939737267,
    "10": 0.000001537238069660062061716053110279766606592581196677020084692,
    "11": 2.97798101091675687630711196973667131847902377552429613355E-7,
    "12": 4.42248706505624948666095845324244777640476327901973797147E-7,
    "13": 0.000015593573674737768801162665977946042058308786666842985770421
  },
  "zHigh": {
    "0": 0.00016685165889248260782417951419519662064927900315258598310444759591701895827967348306049081420191916460745818207766,
    "1": 0.000091587384743684843769160002757906964281533039201109840181182458753940888357976994254840990592316670707561842282187,
    "2": 0.0000930989054503919310056114946544437359217673924913794658495095155657431831779943928459058409232987830596823503705,
    "3": 0.000051821357883089131216422658972261575012939290248187319115083628734039181728521367548007582298940089461801967514117,
    "4": 0.000013306028941072881703412820813520565779729979620788332410637509995781929008844208901110822524526452595007022,
    "5": 0.00004742266794712554968421145426023825047573488584249694699724108079463349054207794419590296079418621545552837067382,
    "6": 0.0004233099511234950718441157972404148507300912382259226321081917464417382741169911129217460900643355848346227413436,
    "7": 0.0000119209683879710319875466031776551816512737187947765978476840845756152323898800724992030290994540878234981625407254,
    "8": 0.00008118133477281912343338829314592300783140285018890985702158002009424722748988502437074296607599868808271507214098,
    "9": 0.00007668375579699007211642976952348299143268372288229562912003841865531996772462166096694011356602170292187196605,
    "10": 0.0000547262530181472562360508772828144439111349760754740602690202650436010606382741291337575853004768906552890726374376,
    "11": 0.000011363361094967088299743880458411546957774098684016872799356029047636024913319175004725359295074510204923762400907,
    "12": 0.00001729679760007155590159347603083877059527269194593108437229703950407969845047846718896935743358197589084532580982,
    "13": 0.000637253274385247966741073803813978998832561931098479537270338169365702066055684869243430105873026080586729393331233
  },
  "setupType": "Multi Region Model Local Bidder",
  "population": 0,
  "id": 0,
  "worldId": 108,
  "implementation": "org.spectrumauctions.sats.core.model.mrvm.MRVMLocalBidder"
}