{
  "gammaValues": {
    "1": 0.98783,
    "2": 0.95131
  },
  "alpha": 1125.762880248429382845642976462841033935546875,
  "beta": {
    "0": 0.15087759152198632062180649882066063582897186279296875,
    "1": 0.1664414755703111925555504058138467371463775634765625,
    "2": 0.1053225139299444890195189827863941900432109832763671875,
    "3": 0.12072997479021392586151506520764087326824665069580078125,
    "4": 0.165784571506442601762643107576877810060977935791015625,
    "5": 0.207320937791450443654639457236044108867645263671875,
    "6": 0.20499326690551900043146815733052790164947509765625,
    "7": 0.183535840934326455187175497485441155731678009033203125,
    "8": 0.180999144443890147559983461178489960730075836181640625,
    "9": 0.14174499419196207039561841156682930886745452880859375,
    "10": 0.1511848531601524270318037679317058064043521881103515625,
    "11": 0.16787147267031798936187669823993928730487823486328125,
    "12": 0.214557476633798371867811738411546684801578521728515625,
    "13": 0.12242983193453527146488113430677913129329681396484375
  },
  "zLow": {
    "0": 0.000002282857295964327214662660520223256176695379969416774330613,
    "1": 0.000001003048143547319597009364411869460729021536336199886916120,
    "2": 0.000002245447144970564807919341083537789584813061591212476537555,
    "3": 8.80084950294242831414317141619481232328852217587866535357E-7,
    "4": 1.88163543968384461405423067428353002296254666377707544892E-7,
    "5": 3.64256936687331881540100598315713739673762721553120122011E-7,
    "6": 0.000004545218432257358276892844034392975772124060043654905435129,
    "7": 9.5721595239080990306960398978257414684819298462546045883E-8,
    "8": 0.000001266929691418289473513985013894942804650362803276269988505,
    "9": 0.000001035145370089011005900621034029290196044328147491834794932,
    "10": 5.69442688760998531943559708235156119177491654252668144429E-7,
    "11": 1.44718934287777447104585523360705665677975550092225790205E-7,
    "12": 1.87797529506743013578025827629936482371150687284854704507E-7,
    "13": 0.000013840259474808377229790493082477782942750821112905912803005
  },
  "zHigh": {
    "0": 0.000102928919939279015690790576957745969177328169543256934424428271381719568774944515296955909088078168795322701907,
    "1": 0.00004678632561442730680625562760588080204047384024196703784427813851786976232284588262188143372714780004753838687,
    "2": 0.00009101302816962858368252192837960530359984917480694843806200190311055148026819755316407015774620698440012633262984,
    "3": 0.000037027811895054346247428201027734749610614457684399779665674931451593139957966902055243268472543968593291773930260,
    "4": 0.0000087643675700447628683019158842493258779484066943496526462346239760616272111000245216432450998433391945334539749,
    "5": 0.0000184795170717258200318365572072183682766023385501243394553507339107534644882795250368055003968213734364681202,
    "6": 0.000229530470490482476030061747212128963617548647705708570204725459201077910940539518514894883375833795919905674,
    "7": 0.0000046284822049504246240700110707053532153890165607471266759116937126668668492078167567298670858784180459160960089,
    "8": 0.0000609392097642758990376226290269180978286653677002679109095098716245998167665733222477253464960399733752087813297,
    "9": 0.000045727028549780659467022900727438021887447841144502480849982512552491864727388223891439467816511311404665673352,
    "10": 0.00002569239159117535034287607522147612928868228980274350206113606625180372514124237440207994404861818416050892260080,
    "11": 0.000006770986090850141083960110250022702972676293860210758104842543855259249818806043971385174914740783478188523735,
    "12": 0.0000096632622901050978489513755000095217371929227274175115930976860542519987818104743742347906676459408773924539797,
    "13": 0.000584653848387366219599908616949931225365822964480367348247857023823067439669120422759190123208387397631814222341
  },
  "setupType": "Multi Region Model National Bidder",
  "population": 0,
  "id": 2,
  "worldId": 108,
  "implementation": "org.spectrumauctions.sats.core.model.mrvm.MRVMNationalBidder"
}