{
  "homeId": 6,
  "distanceDiscounts": {
    "0": 1,
    "1": 0.42045,
    "2": 0.17678,
    "3": 0.07433,
    "4": 0.03125,
    "5": 0.01314,
    "6": 0.00552,
    "7": 0.00232
  },
  "alpha": 660.6576218966973783608409576117992401123046875,
  "beta": {
    "0": 0.0614601180241816369420604360129800625145435333251953125,
    "1": 0.052551970671387553124542790783380041830241680145263671875,
    "2": 0.040234061567141300719274710218087420798838138580322265625,
    "3": 0.084816129042259102988055019523017108440399169921875,
    "4": 0.056531952475596954077463607291065272875130176544189453125,
    "5": 0.052966288230271600656617891900168615393340587615966796875,
    "6": 0.0968958874073101161794596691834158264100551605224609375,
    "7": 0.06398653699662283644844507080051698721945285797119140625,
    "8": 0.0472850574388856415009030342844198457896709442138671875,
    "9": 0.065509521917732627116492949426174163818359375,
    "10": 0.04923348361226775882215633828309364616870880126953125,
    "11": 0.08124363095976623594385301885267836041748523712158203125,
    "12": 0.0923973743644815048714491467762854881584644317626953125,
    "13": 0.0753275470531587221234559592630830593407154083251953125
  },
  "zLow": {
    "0": 0.00000456084280820719731832260144049434153532553591108089202813242,
    "1": 0.00000258540935961534874265349195124084591426659347335616552369106,
    "2": 0.00000478371353447445608487666754290980457356406179434235169516444,
    "3": 0.00000101952116064398794312375309219162561821410556219381460624904,
    "4": 4.4907677746057075475080753520961816712555388759262438765723E-7,
    "5": 0.00000116034315186492653667716478399111450144978569410172715897223,
    "6": 0.00000782571448188811659633892614852418236663137779383219251828522,
    "7": 2.2344837192237781601316697917825637121755970091761767192183E-7,
    "8": 0.00000394675440864811596764497228221649829866105272779296552629359,
    "9": 0.00000182280256838041257879340758933787236562339655398662293459448,
    "10": 0.00000142309117311707008437362138105980904285484901054066216607888,
    "11": 2.4335928384906679413201585305021368991406079901292479293524E-7,
    "12": 3.5490235805798711259137224911757832910867085156144998210532E-7,
    "13": 0.00001830680887867121583039945293825883067251984043848319838458998
  },
  "zHigh": {
    "0": 0.0001648562779744313556068044901366244657104735611099585942417433032665545556401559770130897304283543109268428661332924,
    "1": 0.000091149116472464130523695172532482581110675362993996188518905710355810878773370737796804423484721129794102182941785567,
    "2": 0.000162758228520794921073399128931641528616517476806909724813042723274474112300613735042023347420772975128626784099615648,
    "3": 0.000039232818651569063712171050534842294597685435150827352450787293462993169392139434839105025452232102920269931262,
    "4": 0.000016011022027946644173258909729830175280103318180043389361279144016979467238120076515444032208358304901257370744581361,
    "5": 0.000040956201538717747193451639991112019661127952998649409672121166143873682485666100195109551458104817722640610507486001,
    "6": 0.0003105993893885222146068487848265840074581773691677898396466063703375030186081070867962628132108988037316305947053191,
    "7": 0.00000813321990935597123589452509661973229684619300052708357803891707128315836625883344586671346116415569298458805362223,
    "8": 0.0001370648831504536087252239933562428025353341011360008124485068656052551558956931456681934169768409100279749523896890,
    "9": 0.000066625169531913973725159998462880864828874641634605634016863766516433703264236930111372402333506889836858,
    "10": 0.00004969910878855431954848854682520177955596322693544066184607598614697019990213468456681203634316777965286217784136,
    "11": 0.00000927791770023866205491629630287825329307313093703631082794652937506494283691129585873486371092634847731169600697950,
    "12": 0.0000139262753457717228254097824738656886384179676972608901202454295289335775497937752631156686143952371093184143047621,
    "13": 0.0006871049670802654623279894244351113917706757358079457723262299608215106353041845244969926052771073017334735985313514
  },
  "setupType": "Multi Region Model Regional Bidder",
  "population": 0,
  "id": 5,
  "worldId": 76,
  "implementation": "org.spectrumauctions.sats.core.model.mrvm.MRVMRegionalBidder"
}