{
  "gammaValues": {
    "1": 0.98897,
    "2": 0.95589
  },
  "alpha": 849.319790729221494984813034534454345703125,
  "beta": {
    "0": 0.15484096226298849074964891769923269748687744140625,
    "1": 0.174842388571756213178076677650096826255321502685546875,
    "2": 0.1649321746177482561623861556654446758329868316650390625,
    "3": 0.20550880714325170384171315163257531821727752685546875,
    "4": 0.1277134278624235952381837932989583350718021392822265625,
    "5": 0.19495227844907170311472555113141424953937530517578125,
    "6": 0.1425030916960849936003796756267547607421875,
    "7": 0.1128424897544147709194106710128835402429103851318359375,
    "8": 0.13855530648535874238547194181592203676700592041015625,
    "9": 0.08192459187584745505805727816550643183290958404541015625,
    "10": 0.154822106109147872299303116960800252854824066162109375,
    "11": 0.1616378669271608392588035485459840856492519378662109375,
    "12": 0.08528078434418011333217890523883397690951824188232421875,
    "13": 0.113701966454262670680463997996412217617034912109375
  },
  "zLow": {
    "0": 0.00000181030867533659481044490810583823198609789924754253964167500,
    "1": 7.7709048675159005743565253106981765447884414365273362749555E-7,
    "2": 0.00000116695378152675488113517525611072806051794323371400171976485,
    "3": 4.2076950143658955783420490516549585882716308550407967950079E-7,
    "4": 1.9878244180120972855048757919939860849808576606672648277578E-7,
    "5": 3.1525186736278515270626113502745050459293237131103463514605E-7,
    "6": 0.00000532114454706683028493115449095091023715609522731681219484698,
    "7": 1.2670482145478356740961094797642322439423606376046678224103E-7,
    "8": 0.00000134691708057981782834802800424815642909911913683305216136500,
    "9": 0.00000145757118919770923224771386354560394595997736121059801020985,
    "10": 4.5254348820851210557706267568133022825859157606802953514617E-7,
    "11": 1.2231905941060333306476446987319028020287152775082656463215E-7,
    "12": 3.8451857933174542888767982099199923807769701874448036390231E-7,
    "13": 0.00001212825996071056602223339992905241394060685910102498710408910
  },
  "zHigh": {
    "0": 0.00008234025398831328037047369009694117923364446120380802264802091967957046374210940527886021883860242207740194903,
    "1": 0.000036899550286551369967159989927351733317042883102893231633040661232311792483419493593916025201046239759287175383220,
    "2": 0.0000542554359323638849611543603276692332251339199880592255510551353522188651069024878382450354951227924005943740754281,
    "3": 0.00002127026887534711215348460492405840181607716085013530464833968063689907011755192719493418461017933497046536552520,
    "4": 0.0000085021919581658133872493110495235885212792745342664522148357466211393865711479683832579006435711354409289690375484,
    "5": 0.00001560346300365350567432453052220209975542235331492863395733588994279789423218515468933516359886383866761572744693,
    "6": 0.0002354622913438836252646156350993858435739188921723284299434590606004167709646300030044954623012193913094,
    "7": 0.0000052309133953281437777878441605647378921464838858125568876151600179867670598514080240829097373570790934851866833596,
    "8": 0.00005906976330840466454631566501719254644847609340720341150064904730521027436566964503017384406429783925864468178885,
    "9": 0.00005566822815643287332878918668911281223897206585132488628532478818761656906410832930018117776900380069860873294017956,
    "10": 0.000020582678241297580184591785663847415118075503901261682918094623118006049296993571044659878650233243015492260788127,
    "11": 0.0000056467109670847582228987548075675510017374527991733639788539453713326256699091620688957028798237647949918083625672,
    "12": 0.00001481476198398447231429900963009831590748875271275180157415533105069938519379081536128423856221471678860392163226805,
    "13": 0.000501748499541445968083007834158918889813286295684199433911203574412854797616953553585194578990951270281058670577
  },
  "setupType": "Multi Region Model National Bidder",
  "population": 0,
  "id": 7,
  "worldId": 76,
  "implementation": "org.spectrumauctions.sats.core.model.mrvm.MRVMNationalBidder"
}