{
  "homeId": 9,
  "distanceDiscounts": {
    "0": 1,
    "1": 0.42045,
    "2": 0.17678,
    "3": 0.07433,
    "4": 0.03125,
    "5": 0.01314,
    "6": 0.00552,
    "7": 0.00232
  },
  "alpha": 774.921689502008803174248896539211273193359375,
  "beta": {
    "0": 0.051383012151662833810750186103177838958799839019775390625,
    "1": 0.04298319295939656559113473122124560177326202392578125,
    "2": 0.06563740564242127872862653248375863768160343170166015625,
    "3": 0.0848131064528214462239219528782996349036693572998046875,
    "4": 0.078061217074309130481424290337599813938140869140625,
    "5": 0.06188119867103013260756227964520803652703762054443359375,
    "6": 0.07787779292452122470447051227893098257482051849365234375,
    "7": 0.0935562230267903138791751871394808404147624969482421875,
    "8": 0.05088199646307224599528495900813140906393527984619140625,
    "9": 0.05564620213420247429869647248779074288904666900634765625,
    "10": 0.096733692734058462914248366359970532357692718505859375,
    "11": 0.08304875927034031934947932995783048681914806365966796875,
    "12": 0.080415976914528120023106794178602285683155059814453125,
    "13": 0.0595668829311579994811864935400080867111682891845703125
  },
  "zLow": {
    "0": 0.00000545530371895652086833668304826161960069520302212031039782725,
    "1": 0.00000316096472796664283273777193596243304556025442430403797346068,
    "2": 0.00000293229482460258437152512537805575618236019591730604925989549,
    "3": 0.00000101955749457892457070157868293489904306814757759824346375356,
    "4": 3.2522151194655711735501171161685810182008390597435603432205E-7,
    "5": 9.9317839905502278915978024563523417731068711345631096954277E-7,
    "6": 0.00000973678786780344418261806471601146836639705130544149221878848,
    "7": 1.5282454821580548350963875471162887909851007466973913766507E-7,
    "8": 0.00000366775130463961088647440271173876747823787702927308533892330,
    "9": 0.00000214589532124818692776328007654983391931469444824353064091596,
    "10": 7.2429506173244427041097925161378481227074290039857873846255E-7,
    "11": 2.3806968365784668741487652159703548206976152285870419442085E-7,
    "12": 4.0778023594956556780646475618745412189490725304453798934176E-7,
    "13": 0.00002315056520239645737102378162704035264910712388929304392176499
  },
  "zHigh": {
    "0": 0.000191690105296911062107226938369642807671563574441141145332588349790445771065001686893465327187457466849361446499627191,
    "1": 0.00010841577752300295322622357207413019504948519152243236201199438923192142559954461547263148359575396774771554733387,
    "2": 0.00010721566722463876967285286398602007688040150049582065175497420859242382923435793912462541469024412089772823546153223,
    "3": 0.0000392339086696171625395058182571404973433066956129602181759228942624893942758774399018655778414431586005658915521496,
    "4": 0.000012295364062526235051385035022047373320939218731495338761223685120153977970465177423823314061289882666222384349,
    "5": 0.00003594125895442063476793010384043560993695499557928692398923761780126542282165142170480968030833491400138955389015666,
    "6": 0.00036793159096598204219522294185120258745114757451606883066170402057305655312837885894358638086802145287688613217764215,
    "7": 0.0000060145051981588012607886783626209075332747042130907275503363068708848785036700161744090956697163609350591023701775,
    "8": 0.00012869479003019845629010690624191087792263883018040440682739801880674034476833138278782453227143833717010640054849965,
    "9": 0.00007631795211794720419425617307923971143961357846231286520650789829556519553666195187134247037676333436229567611110086,
    "10": 0.000028735225447015545129609282941821052638440043631178159017585877706631707160441516447713281686845084854013243591443,
    "11": 0.00000911922969450205885340211635928290705774415265240969287251475772992507608788411691294137326142651777998317031298325,
    "12": 0.000015512611682519076481862557685961962422005059741753530337338702664410438684564400973695677918803762703047722178715,
    "13": 0.0008324176567920227085467192850985570510682942393322411384414801243181517140020582279063532498485783405825545376203729
  },
  "setupType": "Multi Region Model Regional Bidder",
  "population": 0,
  "id": 3,
  "worldId": 76,
  "implementation": "org.spectrumauctions.sats.core.model.mrvm.MRVMRegionalBidder"
}