{
  "gammaValues": {
    "1": 0.93952,
    "2": 0.75807
  },
  "alpha": 942.7667733778918091047671623528003692626953125,
  "beta": {
    "0": 0.12039328015059348742088474182310164906084537506103515625,
    "1": 0.08276177971662539156749716084959800355136394500732421875,
    "2": 0.08762254540688825532601669010546174831688404083251953125,
    "3": 0.16636929512918363638362961864913813769817352294921875,
    "4": 0.095818120113345006672034287475980818271636962890625,
    "5": 0.1817920227950909073388885417443816550076007843017578125,
    "6": 0.09697817960815469096047536368132568895816802978515625,
    "7": 0.1479471643688030635388486189185641705989837646484375,
    "8": 0.140934517595946384727056965857627801597118377685546875,
    "9": 0.2167411547013180506127127955551259219646453857421875,
    "10": 0.14093162949143500650706073429319076240062713623046875,
    "11": 0.1879115886341378438562088604157906956970691680908203125,
    "12": 0.100536282033755808296149325542501173913478851318359375,
    "13": 0.105265396856344783937942111151642166078090667724609375
  },
  "zLow": {
    "0": 0.00000232828557317758695829798894560247488386453585140566554618539,
    "1": 0.00000164167997963851313785719729887076321585110577928483139520458,
    "2": 0.00000219656053098957241082937149423646515041765866081008655589193,
    "3": 5.1975839805866806301268380055914694996422071904333355902717E-7,
    "4": 2.6495183803715046232652310094756487284977258942063472125350E-7,
    "5": 3.3807352425454801192850279974056352210454087926902908119144E-7,
    "6": 0.00000781907386159087106877809173116394334441719951897613404910968,
    "7": 9.664049715211206173157096478613768919700502090958080792790E-8,
    "8": 0.00000132417886046298858308668395573139896393994711108706508212939,
    "9": 5.5093793778837794263679362155055185908091642899043126288319E-7,
    "10": 4.9714699392360485650092512552564250852423813896355776535381E-7,
    "11": 1.0521645839608808076315340382447571063075358887490335655429E-7,
    "12": 3.2617126252302546723625513965899382098521267938757791675207E-7,
    "13": 0.00001310028792351597330970891792645757030883190888892670892676155
  },
  "zHigh": {
    "0": 0.00009787956092354304480606611528986846616664355931970179978333256463308168379854492533320764726978683772135877596127405,
    "1": 0.00006283723507315906237980633296138010015821073217185616466431139389708280683731423727317761696881123087905972725904984,
    "2": 0.00008514363841624841085198024747144134592212538280094177063486743952280283656734337604575818337462602721157525719299298,
    "3": 0.00002423993577400946730883897178586793455018888985631292103413117540142670204302528951142959234647447779505991603092,
    "4": 0.000010487273845244035400530376701968576451829879234883699369167218606186192373540469465564693569543738873953009381,
    "5": 0.0000162881127104063914509917804635954902807706085536684673386976929667234742662980492853004496737827716636641845353234,
    "6": 0.00031040017077960484878002375230577683679175202092210808557133988644626941123174671790486371330577017661318608687018,
    "7": 0.0000043289836662479986074466446648561718362295526002859776582211697375602879157321162255214939706999104988971070213,
    "8": 0.000058387616704899787188475343561689822493700932634823799123580888872838458750759085630917900849975637632005261172193,
    "9": 0.0000284692306141529346404615794292612496326002378847198838655249455234702848529313433784009258717567978744853648069,
    "10": 0.00002192078341275036271230765915917678352604490078812752982432377303726922381010586314342431855804644078604205762703,
    "11": 0.0000051336329366493006538504228261061139145739146328956677365180810317466458126728353057890438017436176668285639306697,
    "12": 0.000013064342479722873464756269190108153394714222532044728159647973319187872823582094629483076459058935664680528108708,
    "13": 0.000530909338425608186707273374081073580860037789321251088591376967951702256364610562098516663260283849820731466067585
  },
  "setupType": "Multi Region Model National Bidder",
  "population": 0,
  "id": 9,
  "worldId": 76,
  "implementation": "org.spectrumauctions.sats.core.model.mrvm.MRVMNationalBidder"
}