{
  "homeId": 2,
  "distanceDiscounts": {
    "0": 1,
    "1": 0.42045,
    "2": 0.17678,
    "3": 0.07433,
    "4": 0.03125,
    "5": 0.01314,
    "6": 0.00552,
    "7": 0.00232
  },
  "alpha": 614.558304830047063660458661615848541259765625,
  "beta": {
    "0": 0.043907768937380318996499539707656367681920528411865234375,
    "1": 0.0722170609231631843716314733683248050510883331298828125,
    "2": 0.082434267828541241129869376891292631626129150390625,
    "3": 0.09941947792510948123112513030719128437340259552001953125,
    "4": 0.05281371490135856883174625409083091653883457183837890625,
    "5": 0.0668423109431391659907006896901293657720088958740234375,
    "6": 0.059490553219446129507019804805167950689792633056640625,
    "7": 0.08915825542727233432582778505093301646411418914794921875,
    "8": 0.06558230788178402714816428442645701579749584197998046875,
    "9": 0.07858411812366927762241175514645874500274658203125,
    "10": 0.05758586459566568394041752299017389304935932159423828125,
    "11": 0.07948927282119166992657710579806007444858551025390625,
    "12": 0.0971199987612929860336663523412426002323627471923828125,
    "13": 0.06276538108060412957112106369095272384583950042724609375
  },
  "zLow": {
    "0": 0.00000638406241232439553777956113620135906573645063200334987559650,
    "1": 0.00000188138862345279591517102417474386890365345715371453749210713,
    "2": 0.00000233480844720954814360742605123304357013366197709746255273325,
    "3": 8.6976757600388526642497908678505973849077488689340438329736E-7,
    "4": 4.8069307543904965256324154283648049668858008952752745093347E-7,
    "5": 9.1946356971381459785946032181382100312718058395050039167975E-7,
    "6": 0.00001274621781582159778597688520392417157208456953038768609203695,
    "7": 1.6036302469499524922301552243090118350824671602810294546570E-7,
    "8": 0.00000284562277446074879845591216902459367715155687530078832981853,
    "9": 0.00000151952999736023997259155583085972445125491263905233061051205,
    "10": 0.00000121668288637096643238757408155477169544912453775386241309280,
    "11": 2.4873031474500508424261776369483149862137416124976684651879E-7,
    "12": 3.3764462992755216017310605007611067805778458074183465918528E-7,
    "13": 0.00002197082186803503832032728363658375628893929437333934093291547
  },
  "zHigh": {
    "0": 0.000219552866097947302190513281007834991622801002737632329665665644541745909692776388661822824428793900875141231076713135,
    "1": 0.0000700284943875875456992211392375732707922812734047473475713878666290862706408041555892014081346216078639419989149291,
    "2": 0.000089291075902847682835321884181338698513605482289563050540107153399457881588843302073888604260810853400237690205,
    "3": 0.00003474021111236598341120783037264531820598551489181504576223694872934358700526420197309202131390669561802072318192762,
    "4": 0.00001695951096730101110763192995863604516699410423809048125956619722401465839916131115490680303710386885229799757762116,
    "5": 0.0000337298140741843890289205061257932147114497996941126066533468717628161601397032991547586152118605624822445848008435,
    "6": 0.000458214489406526650295987556488583683621773121264454646859158023888240261332076125913682920781986379584982253061063,
    "7": 0.00000624065949253449423218998139419907666556680345384164178435516665293286378678936985858806360729374386229621203135719,
    "8": 0.00010403093412483259364955218996048566389004922556123549655425507263702650728188304471544740215508231413328084812400389,
    "9": 0.00005752699240130879553910444570853642739782012418657686429439072405060744256479312751349064556541160731816978622,
    "10": 0.00004350686018617120998890712784005065913379149275183666925649336675987177817391069250702601487741280102898559067981189,
    "11": 0.00000943904862711681075823435362221678755429253180414157243545300764851448176103500261259789049820122209429222530796,
    "12": 0.0000134085435018586742528617965026216591068913795726724304326442097580083760610838873733205239372604644130163458957172,
    "13": 0.00079702535676118013702582434538485916026325935385363004877599458431459237218389012039775380752036108739028184035624710
  },
  "setupType": "Multi Region Model Regional Bidder",
  "population": 0,
  "id": 4,
  "worldId": 76,
  "implementation": "org.spectrumauctions.sats.core.model.mrvm.MRVMRegionalBidder"
}