{
  "regionsOfInterest": [
    3,
    4,
    6,
    12
  ],
  "alpha": 68.9266624998903125742799602448940277099609375,
  "beta": {
    "0": 0.0905384867907382540064276099656126461923122406005859375,
    "1": 0.11512577026493862886180608029462746344506740570068359375,
    "2": 0.095691909866538804596558520643156953155994415283203125,
    "3": 0.07330138960183733842779219003205071203410625457763671875,
    "4": 0.060627416535910340356085868052105070091784000396728515625,
    "5": 0.11319952967307163327337349301160429604351520538330078125,
    "6": 0.0776742724775100479295275590629898943006992340087890625,
    "7": 0.057214729970643772583027697464785887859761714935302734375,
    "8": 0.10647669539910221969680748088649124838411808013916015625,
    "9": 0.1070970340998713410396447898165206424891948699951171875,
    "10": 0.05736134196231300330648394947274937294423580169677734375,
    "11": 0.07799241616794415354885217084301984868943691253662109375,
    "12": 0.0982907338319362888778840670056524686515331268310546875,
    "13": 0.0993667018350171404872384073314606212079524993896484375
  },
  "zLow": {
    "0": 0.000003407776093536121929915295326998289781270870680776329293835,
    "1": 0.000001299007216009697442059324988832679593982112152710784799630,
    "2": 0.000002213857217351662688877850362475761351486331014394469397224,
    "3": 0.000001298459096921777089347042733737912205817092585073199288267,
    "4": 4.60904883434826180450546286868676763009817488915297639530E-7,
    "5": 5.97595268007322796920478975284495176683300778531430906874E-7,
    "6": 0.000010745284988569681694531306272359139311463238163131507206004,
    "7": 2.75057656110317426514337271455886092992141356934654138727E-7,
    "8": 0.000001929191097163643053438260454151860462256473312644181523535,
    "9": 0.000001227248210060431021941964655127349393994473886465144887193,
    "10": 0.000001344434898995038114757938991606789447067834205499661274577,
    "11": 2.79029845093455812529304517162140018712460569369057970598E-7,
    "12": 3.67216111005258308991559215260392410590141550649517868316E-7,
    "13": 0.000015275357646331929696473779813241880032866477203420195948195
  },
  "zHigh": {
    "0": 0.00013308677188912503630681151416205073209839198850189976863670422156623406900626864092135295063923691659790005407331,
    "1": 0.000053925137112573916879310886376746837033950703525300731106320225384515080762912362301619134494564953557456168154556,
    "2": 0.0000876005390505700520357522898074496406439253366621783683113410627220611261538777137360690119702287443034904494853,
    "3": 0.000048471658522204617875038513396793796378374503520254416026634332812895081078358928885663443390072269834888606357659,
    "4": 0.0000166214937381886262818370004935343629316879521281877453816174523406618649729543996536790682573275755352866907218762,
    "5": 0.000024692608367547897131263267974571785802205523743839690904304963897229325088803090270173864331354302166569752039864,
    "6": 0.00040582176906215644051621791732143188556746303367683580381566236456846204752330056318958213275134454443706724220887,
    "7": 0.0000098254646353805234621059989938982191436665476767043536323436986683354324669802974167813151907359578318452508018810,
    "8": 0.000078417122196844595161862183326723688333308276171851903983342319807174264981790832179033941664742632821583003215410,
    "9": 0.00004996091064199773543214016657750682269452197257271821064096165928417410674629473024938912116486622536331784427270,
    "10": 0.000048044905968583355843797349640195707889351068343789756945513364550842388806203045945029046510215569282330160175096,
    "11": 0.000010547116532984253951628266372952637751362186164583156699846103601848867451845441073917802839745477020420965686589,
    "12": 0.00001462587743271941073484723297218565761963560602851136219405392191717541124704324145961536122837171847231332138844,
    "13": 0.00061004692025658929756046251338626278015793319519086752719137794069347042200309839057059623965022240096206564316505
  },
  "setupType": "Multi Region Model Local Bidder",
  "population": 0,
  "id": 0,
  "worldId": 137,
  "implementation": "org.spectrumauctions.sats.core.model.mrvm.MRVMLocalBidder"
}