{
  "gammaValues": {
    "1": 0.94512,
    "2": 0.78047
  },
  "alpha": 1176.503350764852484644507057964801788330078125,
  "beta": {
    "0": 0.1015401589477009647310978834866546094417572021484375,
    "1": 0.13771473678200940593541190537507645785808563232421875,
    "2": 0.089137568661279698023491846470278687775135040283203125,
    "3": 0.166801551909808998264139745515421964228153228759765625,
    "4": 0.218453450948636718198514472533133812248706817626953125,
    "5": 0.20954690649353036047131126906606368720531463623046875,
    "6": 0.114594391129766270953638240825966931879520416259765625,
    "7": 0.1884370460952563275380811091963551007211208343505859375,
    "8": 0.0900565776341817059158501024285214953124523162841796875,
    "9": 0.203013749989165770415411316207610070705413818359375,
    "10": 0.158535775212373997167247807738021947443485260009765625,
    "11": 0.1375191484048940981921305137802846729755401611328125,
    "12": 0.21902112214271796108988610285450704395771026611328125,
    "13": 0.1305943610731260251522911630672751925885677337646484375
  },
  "zLow": {
    "0": 0.0000035828770429278910846023890751376367855379072875334878598490,
    "1": 0.0000012804692567505000336473637695240765299562173990656431401439,
    "2": 0.0000028023960091245392040428892118790812991623235021615549146762,
    "3": 6.728307845381639891779682107527153562796159537235948941694E-7,
    "4": 1.508297190087352845359431597227061927189764327392582017159E-7,
    "5": 3.806588911567315583611792404510073890734008591609910814043E-7,
    "6": 0.0000085881027313501270970178243130983039084633969500649210038507,
    "7": 9.84760822507048731197482319974700749382782921721278895760E-8,
    "8": 0.0000026895513100015365795903030594602254559391649770102182675796,
    "9": 7.633959603009566896297676315285573489699817452779730743552E-7,
    "10": 5.735843054101943802579546587907042776938026349828661837665E-7,
    "11": 1.865972840045061790579547813550074439630348715398659011112E-7,
    "12": 1.943183277226041061154927029186843994241746392476090991233E-7,
    "13": 0.0000137048187736632794174746095290792800536341571916339873567528
  },
  "zHigh": {
    "0": 0.000143866901730733419881370026265043515143380156023459226818394043815209071311064822030969811475500243631597570226,
    "1": 0.0000560480263676000342885963901469444144572459810083957467893076281677506023712467206034492492267335258995732908854,
    "2": 0.00010905175694167965816380196616379799515088656894279763080125666559404715944693097714381821752919327248992494309234,
    "3": 0.00003140784543951092709225649997646048507031042159223486384152205916072762112071711730130809749757543314671381636018,
    "4": 0.00000781981883256919980516421159264512125183668090977134900984972118855469924577281369590885653864333455641782140541,
    "5": 0.0000193963560418170046404688679976954418830657025309033894709694853569465884517941559764009529150562309280771902359,
    "6": 0.00035605792228639886175747640253973327089441617263458607738283979816360058278731495170748261228632836085846491386151,
    "7": 0.000004809936672556778958995478964172598583001110748762289572982130061975809372050459437014496338561667225474809475782,
    "8": 0.000104907717935072946090026553718180105036303078967870407482261524574402924822160925728320029096760835027123458785763,
    "9": 0.00003839986647175645459404074146245032106213277365013921259063126670476641999916634531564774596031302641885136277,
    "10": 0.00002630089241309145647045883620985669223440135438047149575751212053692161450027637066051738570686178023831365554977,
    "11": 0.000008163988479231771065427720791185770055954252112256119205649653514664108548809263678069491738818981007515086470,
    "12": 0.0000100855316507482403452836433078888801020928678679682514500185317713806630546847334071371347251723457249484097012,
    "13": 0.000590121768346852235228242482683004616159412190547406717476776901786488569052447719486482460953800029836923269154497
  },
  "setupType": "Multi Region Model National Bidder",
  "population": 0,
  "id": 8,
  "worldId": 45,
  "implementation": "org.spectrumauctions.sats.core.model.mrvm.MRVMNationalBidder"
}