{
  "homeId": 13,
  "distanceDiscounts": {
    "0": 1,
    "1": 0.42045,
    "2": 0.17678,
    "3": 0.07433,
    "4": 0.03125,
    "5": 0.01314,
    "6": 0.00552,
    "7": 0.00232
  },
  "alpha": 606.3919746251943934112205170094966888427734375,
  "beta": {
    "0": 0.08464421495242556436888747839475399814546108245849609375,
    "1": 0.08500784489163536183919944733133888803422451019287109375,
    "2": 0.041111804021219000571107926589320413768291473388671875,
    "3": 0.0481540544419328531144941507591283880174160003662109375,
    "4": 0.0508917009911435125335543716573738493025302886962890625,
    "5": 0.054712012041882918111923572723753750324249267578125,
    "6": 0.0707671658904376610355058119239402003586292266845703125,
    "7": 0.0735692939378782828629965706568327732384204864501953125,
    "8": 0.09607831918485136568630622377895633690059185028076171875,
    "9": 0.065283176460685321540466929945978336036205291748046875,
    "10": 0.06423918996212162058068173564606695435941219329833984375,
    "11": 0.043951427595283421023708569919108413159847259521484375,
    "12": 0.0796773711652784266679105940056615509092807769775390625,
    "13": 0.06345736501672820384367668111735838465392589569091796875
  },
  "zLow": {
    "0": 0.0000042980598808015957921146320088196620241083115414384276203716,
    "1": 0.0000020743907444735357686192745260252221692933195244769553973344,
    "2": 0.0000060760838067457802304105789838764046106434187537686979540832,
    "3": 0.0000023306286528581519649660542809106015288454212219460958778592,
    "4": 6.474390122822864220715510164325790438451858334051876081040E-7,
    "5": 0.0000014579228599761331229868334407140602061603681665315574070724,
    "6": 0.0000139068506004976597182049210836682202246733953680940361270984,
    "7": 2.522321617769693788388685647365909820107284936732728057073E-7,
    "8": 0.0000025209827607856188743302049163391948497359643204172588833381,
    "9": 0.0000023739634777209278389318311146823077838900884022232422537054,
    "10": 0.0000014155476207199203553305129152624121158862705912907469232543,
    "11": 5.838422320944040264634840023433068288239671025652188326346E-7,
    "12": 5.341518873962017153860342594102085427140190168858536179894E-7,
    "13": 0.0000282043234996872444083405175074079159900558048850232172121714
  },
  "zHigh": {
    "0": 0.0001653223868669445611067373142755042723004922836406074196340716674211802528755882157143109614726904439138510285877533,
    "1": 0.0000798656709992911063377537128419787836373590447707351145050206736500952298956858715428206092834328578910116528580696,
    "2": 0.00020726239087031688895483265932371769449531942649101192198346564009821754967407771571481685331051079871172377467871,
    "3": 0.000081141781489110566365899082081197070247284579638909893352217877165854662100690367429759258621564710958702839699286,
    "4": 0.000022718097630775733931232447293941306785622962929749231201491959985044392028334662848976751033841636400844070239224,
    "5": 0.00005171427510639905157923849400558702639567472175202037924101467284324975112940168204817553796343321206141581151,
    "6": 0.000515620358360824840393089305656830760380716125175459531080270050419265336321845507363566441240790167504083461335675,
    "7": 0.000009422619058344714130569088946346225795174616793796637056921919979961794734923939685481214120339787460463105244914,
    "8": 0.0000998506614585954149322236094245491868502070592700816259550169570175154699752620497734577038334118631424991167165512,
    "9": 0.00008671689199435558907310264595706283410973597335849728797113550141075912961011497058797147893442338687039709656237,
    "10": 0.0000515597918723832357226355839040079273801753930697079179421454872246025426156062873892688266370276367481609635959966,
    "11": 0.00002008133692192870648759359742083475160178221904301670715135256189431727585144568593097898930827672167423458527906,
    "12": 0.000020280538440956168623399890002634604400788199197115587016001484963016835371235859281587065512050274851262900088540,
    "13": 0.0010251069101275711849542197220328636942520616213490836131393357431638591113670934399926245661848858508733339251125692
  },
  "setupType": "Multi Region Model Regional Bidder",
  "population": 0,
  "id": 4,
  "worldId": 45,
  "implementation": "org.spectrumauctions.sats.core.model.mrvm.MRVMRegionalBidder"
}