{
  "regionsOfInterest": [
    3,
    5,
    6,
    9,
    12
  ],
  "alpha": 98.5227981162381780677606002427637577056884765625,
  "beta": {
    "0": 0.081503150694191450753578465082682669162750244140625,
    "1": 0.08761593561989768075282114523361087776720523834228515625,
    "2": 0.0761756948171272985081969864040729589760303497314453125,
    "3": 0.0637170044067440211055242116344743408262729644775390625,
    "4": 0.1080128749816419986284898868689197115600109100341796875,
    "5": 0.0811955651954059109964845220019924454391002655029296875,
    "6": 0.08926917550291602054812756250612437725067138671875,
    "7": 0.07743534990518409488746698343675234355032444000244140625,
    "8": 0.06874707149976465314633600200977525673806667327880859375,
    "9": 0.0949142647329224986574303102315752767026424407958984375,
    "10": 0.099669980531674140511455561863840557634830474853515625,
    "11": 0.0661462735388469724728821574899484403431415557861328125,
    "12": 0.08099603908323758927334523605168214999139308929443359375,
    "13": 0.05000239608317187667285708130293642170727252960205078125
  },
  "zLow": {
    "0": 0.0000044637035664302793072270917350500868966389077196726487034835,
    "1": 0.0000020126417118440658475336774241292536428334982492117783042733,
    "2": 0.0000032792450043169177940298003254961542781685700634972738760180,
    "3": 0.0000017613699840192323577332519755762641779246147074696219881717,
    "4": 3.050494918191142646656977764528922181775156826564400742750E-7,
    "5": 9.823922387778855719775609578732270938274798596291775817073E-7,
    "6": 0.0000110245042358076087258684538165065341608472289689153375167204,
    "7": 2.396391579953849413706794948019897344174322120137383816710E-7,
    "8": 0.0000035232306055552878097640094922218999854608858321960356181247,
    "9": 0.0000016328407227656723610315946478025286049970033663381710787469,
    "10": 9.123472486177363672629985276746655185646783191727777595943E-7,
    "11": 3.879387033934060216559521491853698882083346959697914477631E-7,
    "12": 5.254555490912773949541999185426047437088531614125432275536E-7,
    "13": 0.0000357937257325130416701110937283968181472731489977799175427790
  },
  "zHigh": {
    "0": 0.00017029169743580506656011110606241701847641016898763405212742955218608655100100613649356456256926985447836585845,
    "1": 0.0000780132000204070087051857997850997278435644065127798017131873048904905049325486120573422855076819358888323330082235,
    "2": 0.000123357226797451015863409299572310184521073965782869199641510564961230526239335183026170816361567089750700088065235,
    "3": 0.000064064021423942978148915012921166949719660384204615676661593138233600077738419295900503074824781827738647125667552,
    "4": 0.000012446412016880569209056850094550702015592858407286805186621964804554084150059340628808890913199888886631760850663,
    "5": 0.000037448356470451625048960319520362033025688072544948984480062168609635458595760797769715979420897781737248412115909,
    "6": 0.0004291499674201233106229952876419801784659311332000985727689292353792362792884088288311980251905411028444395480,
    "7": 0.0000090448289448971810065234168483081883673757283440106043358315858108759907303668721550403149076453800667457509592678,
    "8": 0.0001299180968016854829952377467010303409219547046234449279986135026184464965646766977066287484749071494710814507685111,
    "9": 0.000064483209345697924736095551950669458742943422281945152722382078137729967907574436363700011755938629334239508842930,
    "10": 0.00003646378070931771608061015227637552946052762490616884303234608056203545986040066388796511061225626614851563682568,
    "11": 0.000014204231060898766343367641826096643383313246845153885605208343407490271242329191868358583664825169329527418226882,
    "12": 0.0000200196482918084390104448597766064904306332235329162753029263964341744571885840843970837277605130013454561385048578,
    "13": 0.0012527889771123451028073370086625307589685819447317846230575622710712477664777677958625239992647467903037985394979328
  },
  "setupType": "Multi Region Model Local Bidder",
  "population": 0,
  "id": 0,
  "worldId": 45,
  "implementation": "org.spectrumauctions.sats.core.model.mrvm.MRVMLocalBidder"
}