{
  "homeId": 7,
  "distanceDiscounts": {
    "0": 1,
    "1": 0.42045,
    "2": 0.17678,
    "3": 0.07433,
    "4": 0.03125,
    "5": 0.01314,
    "6": 0.00552,
    "7": 0.00232
  },
  "alpha": 823.7375120200155151906074024736881256103515625,
  "beta": {
    "0": 0.06481201217480568599338397461906424723565578460693359375,
    "1": 0.0761918293036311922161729626168380491435527801513671875,
    "2": 0.08860529836414919591103256379938102327287197113037109375,
    "3": 0.09689935678111620542818371859539183788001537322998046875,
    "4": 0.08085903987603319797994316786571289412677288055419921875,
    "5": 0.053136621526356397904322648173547349870204925537109375,
    "6": 0.064626251557403813219337962436839006841182708740234375,
    "7": 0.06505242716254248935836557166112470440566539764404296875,
    "8": 0.06618011359545279692628838574819383211433887481689453125,
    "9": 0.079839007978630249784401939905364997684955596923828125,
    "10": 0.05480967011127328702979610852707992307841777801513671875,
    "11": 0.09635918839455474838029402917527477256953716278076171875,
    "12": 0.06985824465584737630319267509548808448016643524169921875,
    "13": 0.04725641753566221792137724833082756958901882171630859375
  },
  "zLow": {
    "0": 0.0000056132481035728251737791163861930988327904022544748486027629,
    "1": 0.0000023144146591903162022690311537127157461121542678302062069946,
    "2": 0.0000028192305797878392295189516637004988230630456022884413831288,
    "3": 0.0000011582039629754421639078031180247962410467326243337764929185,
    "4": 4.074902778166384276396595899847276973495884501000146663834E-7,
    "5": 0.0000015011472460962868097521597147409707252841581567371450028811,
    "6": 0.0000152283070693770254307906763427679416902332235368943141440797,
    "7": 2.852551835458843067931162997127278390541825606377086961207E-7,
    "8": 0.0000036598877395536948700842458599370234646210259326944465869170,
    "9": 0.0000019411548383562021847384275402840925889057216673968261519834,
    "10": 0.0000016590800915831997417799480411398001897253034598750198416152,
    "11": 2.663025708134331011233847637070734877608574702113459562028E-7,
    "12": 6.092311422992327917523917310910157900704308774969665699967E-7,
    "13": 0.0000378736295450005472110263249192378874645884325604908012844332
  },
  "zHigh": {
    "0": 0.0002047780335500814425566718455967073765609550050317000491058099710600518068061992725848684850956504495416965914691651,
    "1": 0.000087066388440794519347246411672603590941924087071332638794827875861721168526273755007328534374488541257389554445562,
    "2": 0.0001095567940615786589280838397184405208679082319466042248548325206746407455015131625318494470880363782530217946627444,
    "3": 0.0000459690407926292723341515471946229116133239217105403118039965803689085571291693812485044984876591327219581642664884,
    "4": 0.0000155196355968062940982757045005057663907550414305940429498723024052766011239754866784161755763082861666520212500617,
    "5": 0.00005301100669000366218219828222639434196938842145818800711527485802352872189983482625583643818822831450986464773047,
    "6": 0.00055526405242720581177066196342982240434751097023946787158970980941800984545755818797398617293028560640278764691033,
    "7": 0.0000104133097114121619691965209956303315064782388027297137693231799168498526919000765701982293961666820201537706246242,
    "8": 0.0001340178108216376948048448377324840452967589076383972570623840044524938237502986334746344675968603639423041380263006,
    "9": 0.00007373263281341381944730053872511637826020497131370480491947738812969276380959954218789478237966650014606888966908,
    "10": 0.0000588657659982816173161186376803295695953463791272361054929714743415105974031208830519976779253164148316407433639108,
    "11": 0.0000105551470834995787273906202617477513698889300724005208583985468155700509289182611503131886813324015269156368268257,
    "12": 0.0000225329160880471009143906141530588218214805550154489755762190465131958975842789361675378891469879588296798896382945,
    "13": 0.0013151860914869702690347939443877628384880404516131111353071881799846924649040851166276750861050175331975623560232190
  },
  "setupType": "Multi Region Model Regional Bidder",
  "population": 0,
  "id": 5,
  "worldId": 45,
  "implementation": "org.spectrumauctions.sats.core.model.mrvm.MRVMRegionalBidder"
}