{
  "regionsOfInterest": [
    1,
    4,
    7,
    8
  ],
  "alpha": 76.08123650475971544437925331294536590576171875,
  "beta": {
    "0": 0.068733856011847171973982995041296817362308502197265625,
    "1": 0.1067677047813640756057651515220641158521175384521484375,
    "2": 0.1102522953577238784550473837953177280724048614501953125,
    "3": 0.0718707728025893555212633145856671035289764404296875,
    "4": 0.0736576433506556382813101890860707499086856842041015625,
    "5": 0.1096165095735466277204750440432690083980560302734375,
    "6": 0.06542423004509971551367897291129338555037975311279296875,
    "7": 0.1140023063952515236518792107744957320392131805419921875,
    "8": 0.08181048365777994491043756397630204446613788604736328125,
    "9": 0.1086367666826593969542358308899565599858760833740234375,
    "10": 0.06119551625704215680467967786171357147395610809326171875,
    "11": 0.08347482180266714568706021282196161337196826934814453125,
    "12": 0.082413795173668480398276869891560636460781097412109375,
    "13": 0.11670784199211887977032375829367083497345447540283203125
  },
  "zLow": {
    "0": 0.000004830324350409334277221375388558378890632453064132754737062,
    "1": 0.000001507255666104079551621352127532042793087385995025806511333,
    "2": 0.000002067663729845945501380584291238651375246582785340206801810,
    "3": 0.000001425052570151704484779026489875377104765973030159163800444,
    "4": 4.08230333426138318016845116798361450208338965658934601573E-7,
    "5": 6.64077127887005986698974806930083259521457657987802392322E-7,
    "6": 0.000013727745894661264666870759105355692354099928526638748254780,
    "7": 1.48545900909213471365039330073554174130676158928654188015E-7,
    "8": 0.000002701864543582454007978463954809477024632173229221543304590,
    "9": 0.000001301894340587373935177058842120946714172416486407037812023,
    "10": 0.000001356070276467428524773662151350613832533821331596252126244,
    "11": 2.80537066546407740379275806587812687612745152256599681441E-7,
    "12": 4.71277938201665579966525499268178947297524497981951817078E-7,
    "13": 0.000013995065740895988039847467600822227083066068634257284992346
  },
  "zHigh": {
    "0": 0.0001781104123514354689702227793657622266319150467506201872585664961980159118494431183337372171586631795079602443541,
    "1": 0.00006131029278198624944933328118307842167439011658236232746165359927782881895401261440409638516044849936754981065855,
    "2": 0.00008482637911972118271676313120869881995702384128305280494569242417621060514334231597349908444133651047523664680567,
    "3": 0.00005299354005466305277326152109639142293992903888552499762114774419999667659035866239241523736582234013053019679,
    "4": 0.00001525383843322632266354933907061558436399450745723689762045940279370027039580628227543097737920637661145825035690,
    "5": 0.00002720169552127011359796254130561718008359530540184338115354349108411379144306430618957713290101938196648533897,
    "6": 0.000501645097381137118621075112516235668671833512075071217240441610321087043723776116346140329091966538626486513305482,
    "7": 0.00000614983455819748674579989443687797875734026348713730575188277294529161478903280867502518392904788419937523356637,
    "8": 0.000103160020816302362574467430618769876350642292267788289736622535604157289997690036411799349790340738781361081119282,
    "9": 0.00005320018939000774307469561662714472517247542630872533916712288487325279421544589776936890720829557774366611908585,
    "10": 0.000048980650358948273184064776897613183899743112261699905719921550208867326254310501742203929171542078487450382747199,
    "11": 0.000010757890160292668289918322966285032977778889519091722229405470326562275901574284071384961624546685783758541631506,
    "12": 0.0000180223184929320533128591285956426684621435614466045388230183650508672210838119577029005869526159239299842003750,
    "13": 0.000583185364342660152681642394204095139532842361587082349053547507367505623669824442800803009034857821416183565124523
  },
  "setupType": "Multi Region Model Local Bidder",
  "population": 0,
  "id": 0,
  "worldId": 119,
  "implementation": "org.spectrumauctions.sats.core.model.mrvm.MRVMLocalBidder"
}