{
  "homeId": 12,
  "distanceDiscounts": {
    "0": 1,
    "1": 0.42045,
    "2": 0.17678,
    "3": 0.07433,
    "4": 0.03125,
    "5": 0.01314,
    "6": 0.00552,
    "7": 0.00232
  },
  "alpha": 626.167648873518601249088533222675323486328125,
  "beta": {
    "0": 0.09631310614004849612879155529299168847501277923583984375,
    "1": 0.046402296161408396191205838476889766752719879150390625,
    "2": 0.0500442168241489737656735314885736443102359771728515625,
    "3": 0.045765855299694180313707647655974142253398895263671875,
    "4": 0.0850474740247964822170700927017605863511562347412109375,
    "5": 0.0533351606236411590611368183090235106647014617919921875,
    "6": 0.05761646818524572555286766828430700115859508514404296875,
    "7": 0.066474050418572627751956360953045077621936798095703125,
    "8": 0.062781602178997253371761644302750937640666961669921875,
    "9": 0.04702901662914966973705332975441706366837024688720703125,
    "10": 0.0546026154298377697227095950438524596393108367919921875,
    "11": 0.0517154620282432586630960713591775856912136077880859375,
    "12": 0.041698942242234741939466147186976741068065166473388671875,
    "13": 0.05448241347078770779877032737203990109264850616455078125
  },
  "zLow": {
    "0": 0.00000351114746873600139226082423911290001613739335846656850519569,
    "1": 0.00000353244018689997897762472989003504387984875093475623561231071,
    "2": 0.00000463981974887464691487036361271900290026233112279521691071777,
    "3": 0.00000227944477072299026881640603585569460449797023718379063762211,
    "4": 3.6012156497163598444929862096674699724533653019491536332647E-7,
    "5": 0.00000139017137265612308424174341368224478925102932533106439635201,
    "6": 0.00001587737402212101287383310293332589792953442456163666158383879,
    "7": 2.5948342655599793328983310303843963469559643621318982215884E-7,
    "8": 0.00000358614292563121499743356265542325036825700842479193408682606,
    "9": 0.00000306319136707242116802991635462732689593591017492721723232975,
    "10": 0.00000154801730340652338142373179120287430678109541437466236012318,
    "11": 4.6122495772381685922962339240201077031493981608355926207158E-7,
    "12": 9.4872302723041547034820926054103507816275708181190812824639E-7,
    "13": 0.00003053557486921107477670749775428908737048874113581916172454813
  },
  "zHigh": {
    "0": 0.00013915137594505335284701017757245150936121312171531381834919661126056698328839388322473543454478046016009039599372682,
    "1": 0.000122364539179498734540982806730576594132195319174922036351240487972018207872132341523170067855159156069291286023730,
    "2": 0.0001624142070200045346085360505668457421420327740760540686290169577493428286149973393272444494394361356809478213870624,
    "3": 0.000078815417075745003058617830376093787332925177813168811654662734873729208057153291290482490068457920808628811547595,
    "4": 0.0000138663898934185065441508338766174803580939649366328564223645856882304508287132526908204957310368091839335367452851,
    "5": 0.0000491196425251838961087126051084020862049238582036071040696265196620994860589409618619677575510985599886461752978813,
    "6": 0.00056780104218470861631247837141318671882288885734733821542199135456414922729888119921732965366436876241921125045813430,
    "7": 0.000009509394234646677411598079179893541742559001480354924110278600586811197553395940471408272901920217280849860354268,
    "8": 0.000130098667620336877186193491503216888037916681507960914453743942908749580403932586337794421683934758211107449787502,
    "9": 0.00010630162878620429556139992047789563986060377189289855897599553570596799857628491175321355018985498015821362858900892,
    "10": 0.0000548930984518597904299920785002491141151271075650558621267413488938519047108117368719541348686134634804566510772547,
    "11": 0.0000162219949104789210830205265324118171779236134642840212063676688385108873089403774112869101548523327942468850645498,
    "12": 0.000032417765488548383411160428184338932677905778454627781405306327904876089659902414171668216394278687805656577951099248,
    "13": 0.00108243242763558744921643279270373013536686343745159098076870195570329735820594800962076346459305637799904370619138209
  },
  "setupType": "Multi Region Model Regional Bidder",
  "population": 0,
  "id": 3,
  "worldId": 36,
  "implementation": "org.spectrumauctions.sats.core.model.mrvm.MRVMRegionalBidder"
}