{
  "regionsOfInterest": [
    0,
    1,
    4,
    5,
    9,
    11,
    13
  ],
  "alpha": 77.308502801762870149104855954647064208984375,
  "beta": {
    "0": 0.0631236157159507371705586820098687894642353057861328125,
    "1": 0.053910469818841587341662346943849115632474422454833984375,
    "2": 0.0688496257373585052175002374497125856578350067138671875,
    "3": 0.0752783500485649514910591051375376991927623748779296875,
    "4": 0.0815599052666515778042821693816222250461578369140625,
    "5": 0.057814014861534139544385624276401358656585216522216796875,
    "6": 0.0912712247646776664300460879530874080955982208251953125,
    "7": 0.05526045790862642304031027151722810231149196624755859375,
    "8": 0.086272001095843597884282871746108867228031158447265625,
    "9": 0.05741640106109624497321419767104089260101318359375,
    "10": 0.050159766775860738230452540165060781873762607574462890625,
    "11": 0.07377886137696364199367593528222641907632350921630859375,
    "12": 0.07006031497230690019417664871070883236825466156005859375,
    "13": 0.08163201397962023542209664128677104599773883819580078125
  },
  "zLow": {
    "0": 0.00000535725837302252143533339206692059588844961819766735585595029,
    "1": 0.00000304047314512006556096920841526555742108487537674729739200455,
    "2": 0.00000337251136881139628412579745073222117346331111376748674021153,
    "3": 0.00000138580002714261987472848126384523957795242405176500513098343,
    "4": 3.7552065984580405851048934513750262455246767112948973478972E-7,
    "5": 0.00000128247473614453180024675043391536946153766008024635926305920,
    "6": 0.00001002285460252542720965440364713438002651037358994446107418422,
    "7": 3.1213846269946951892038391450252531229248326304804942429852E-7,
    "8": 0.00000260969718627346437589789698632514779741010100140390232807723,
    "9": 0.00000250901963686342734767738949102471411760183723313771325213126,
    "10": 0.00000168513131000678248131559098142331221655518293540640801368869,
    "11": 3.2329669152486719440678713695316838417504378160492152535386E-7,
    "12": 5.6466698346983698456715337050136401850936599548378476169598E-7,
    "13": 0.00002037989429009909650038592805649130465870158492496638256507769
  },
  "zHigh": {
    "0": 0.0001945347030736489541391872124066823855305798668913374388718346043630708739659856620001226216135064683278006446992736,
    "1": 0.000107605527926101332041317162487492000369279052434653889742055630169261502203925482578612142527382759883869984775989922,
    "2": 0.0001243949556181070156861990657072422903380621738052221635138297046148492776966963839602118175850472372078594973430680,
    "3": 0.0000520060747683338912359800872157801365365587922506052464555023532518300060966076643251500439208718624765141030121738,
    "4": 0.0000143283627396435487659865556017401491773078991646700875662623326780601115291528832487867365166101859553575871528,
    "5": 0.000045888743429836157588862815715395826373522780851065950070842152245967992300961711187424484850890141637138388183037481,
    "6": 0.0003921654595968410463871173928274411817321673281965722001323541847750945161969147545691722145707387925603951242658215,
    "7": 0.00001108904531895082498051460352381611207046560628540071217446878019306405304804483452307600495848520513194016455704477,
    "8": 0.000100805295439604358540123521430273810912509458806319961691278900719197495814598169330457806014884479456804889612603,
    "9": 0.00008967647687993448095082411456981725651058158363921343957004076070485294008943377520023314288695047920799518139,
    "10": 0.000059006518649867563426747854206862251408349733196008231733706847313464449463545393836469065208166932535760353454249592,
    "11": 0.00001208414692451043113833543886894654559372673242992488910483608824149993806900585920100610290183245111611007316964195,
    "12": 0.00002089608417573102883772875148314880088830404586478408040879376003177772607677603258837528302515335299304860315162016,
    "13": 0.00077776201026222810092678570176979665401324875112600760598458866148533899327608245823174894888927027814175493004933387
  },
  "setupType": "Multi Region Model Local Bidder",
  "population": 0,
  "id": 2,
  "worldId": 36,
  "implementation": "org.spectrumauctions.sats.core.model.mrvm.MRVMLocalBidder"
}