{
  "regionsOfInterest": [
    1,
    5,
    6
  ],
  "alpha": 73.387965619992797883242019452154636383056640625,
  "beta": {
    "0": 0.11239673084185242135646376482327468693256378173828125,
    "1": 0.11416906307173900481100048409643932245671749114990234375,
    "2": 0.0596693215814741717561986433793208561837673187255859375,
    "3": 0.07067353859846149666257275612224475480616092681884765625,
    "4": 0.05916189200160075489787203650848823599517345428466796875,
    "5": 0.097434887218111165818612562361522577702999114990234375,
    "6": 0.10518369528924838285366405443710391409695148468017578125,
    "7": 0.0819018808579881352205376288111438043415546417236328125,
    "8": 0.0916700181377538836358098706114105880260467529296875,
    "9": 0.07833152293490375228657285333611071109771728515625,
    "10": 0.06561835050973750804725881380363716743886470794677734375,
    "11": 0.06571729321101360543622149634757079184055328369140625,
    "12": 0.0753458259603181357277890128898434340953826904296875,
    "13": 0.0985262972390167079961287299738614819943904876708984375
  },
  "zLow": {
    "0": 0.00000300871312089631686614305642074368704597006872508817617040680,
    "1": 0.00000143570711114619073968142241892817452699045544424207004577094,
    "2": 0.00000389138236171504173575759857437582808933322942161478258421397,
    "3": 0.00000147609333860104642431259732736290267103397065897100783136521,
    "4": 5.1768847152260745397319359395746211871961488394497380677242E-7,
    "5": 7.6096986995044198416193717583754004424747233240758678362935E-7,
    "6": 0.00000869714847624573531841190242090074390337118500272812568343547,
    "7": 2.1060461858715734191453425668260518257805700907748330112942E-7,
    "8": 0.00000245602436966552550918281734802538712049881074626741671646180,
    "9": 0.00000183909200718636089933565552739712119933475446333711571450939,
    "10": 0.00000128814261315662896480720855572386246580847661409754131993883,
    "11": 3.6295563347467121368556901867361082122307684478685697696659E-7,
    "12": 5.2505558486006082753575221955278203367218860882622867971451E-7,
    "13": 0.00001688535814511195261882014276062756689727832605173758582834422
  },
  "zHigh": {
    "0": 0.00012407834550986281706347714302137512025619338271396204830552993959427244761765520761774815899495414835901696717972,
    "1": 0.00005946254690688508740268358259737051354644645445949706935504749810768305733202128921405086316486578900748934743124219,
    "2": 0.0001399610854052163792351530994165504978141597230406410388339029778683592243579173268319624072895276673081365575491464,
    "3": 0.00005471487411208668772350356912131002932900519046678532746695553092269401954693502255986158013591008106723821176200952,
    "4": 0.00001859339708994765062986768306633893400232231554913460972574304904434555454535681713811652570248290785509948643316280,
    "5": 0.000030243597444013463106318417973060943854817148415902775687946651577099628824025585617001800229420876935592874802885,
    "6": 0.00035239427580845028964984235604043209803799167058008213840989177573251663225914890617970217667218802569393672052526999,
    "7": 0.0000080430299955814596703391137892185081790328186662837284793958505343821457661102186389702125353578044298288962425933,
    "8": 0.0000961951109413661925386711322812809906051707511522253933428160934697497305909389821894304731112891792663789722282,
    "9": 0.00006957864798962248750057209566098946896256910054519551344138480815912905099619053901435329439473582315656523498,
    "10": 0.00004709685774436295793149638143587875888594854355674223092121111853343439978724474894651345265705531258008799106240626,
    "11": 0.00001327391518300455171669889532055981870516772432538295265321808132159777862650405551169942575805641929362963590412,
    "12": 0.0000197077422174377441267867169546913413431887242650573979493498408198465637689171195666405627939233547335467354739,
    "13": 0.0006729259259126137844798121428938845211705509849291437038825846454923191084037517259771478064398992206903747393442147
  },
  "setupType": "Multi Region Model Local Bidder",
  "population": 0,
  "id": 0,
  "worldId": 36,
  "implementation": "org.spectrumauctions.sats.core.model.mrvm.MRVMLocalBidder"
}