{
  "homeId": 12,
  "distanceDiscounts": {
    "0": 1,
    "1": 0.42045,
    "2": 0.17678,
    "3": 0.07433,
    "4": 0.03125,
    "5": 0.01314,
    "6": 0.00552,
    "7": 0.00232
  },
  "alpha": 546.193279304477300684084184467792510986328125,
  "beta": {
    "0": 0.05799004291158216251034218657878227531909942626953125,
    "1": 0.051852081801169687402808250453745131380856037139892578125,
    "2": 0.050509147623575383068139643683025497011840343475341796875,
    "3": 0.07656929922303046254228320321999490261077880859375,
    "4": 0.0616456910680636127608522656373679637908935546875,
    "5": 0.04030160340828699283566294297997956164181232452392578125,
    "6": 0.04781310080283297792025365424706251360476016998291015625,
    "7": 0.08401795591675986774049533778452314436435699462890625,
    "8": 0.090443162850295966137537106988020241260528564453125,
    "9": 0.04775506688611889927198461691659758798778057098388671875,
    "10": 0.04840793391264897049808269002824090421199798583984375,
    "11": 0.079282430600332409742492245641187764704227447509765625,
    "12": 0.05741124316684020900680707200081087648868560791015625,
    "13": 0.0748367113857064947257669018654269166290760040283203125
  },
  "zLow": {
    "0": 0.00000583151006363872880587392772136376657337957476385063504331913,
    "1": 0.00000316117174144579995162945469880111428589415027229842090686133,
    "2": 0.00000459711075047468480095965443212316203333264137352496565268626,
    "3": 0.00000136243560538132008612205061142578273749591816181535659849559,
    "4": 4.9683001215572755200978748722470050351075866114290279637121E-7,
    "5": 0.00000183975343868715685512443643091726663222532473692237761588263,
    "6": 0.00001913279414742704822864016523266186983635497892770222329035196,
    "7": 2.0530033361864481745267984002981019027569328973002191768439E-7,
    "8": 0.00000248934017142532418896176855030653154892991597425731394154812,
    "9": 0.00000301661974600208565004438156300130449603807708154368401203808,
    "10": 0.00000174611446233515741006348389348109334616679916378735287238552,
    "11": 3.0085432052261205718011433666252718519687091980680354346689E-7,
    "12": 6.8907664307831659130331259151374565161696421032797796862412E-7,
    "13": 0.00002223042387603235515868197893236272259344035590616053222542787
  },
  "zHigh": {
    "0": 0.00020876225379213517525540328203997750607847856387683581449289972314953932968239981853635032458296910416886343540014,
    "1": 0.000111226485815873363761124550993558706313557299301187595187759128380242493000916421179493026287381225508064323489551924,
    "2": 0.000161132937068005671191214775148970516134142081597946530888071646315004357801159145340860369842658970628708400736429301,
    "3": 0.00005130514211549489757778716764319643132286361555211579048086695668751534461428702385903520631198677323368858367,
    "4": 0.0000179676433089412535709654998643560855460566288650724794137068263227102257394882329361810979477016680039170356,
    "5": 0.00006260710450611490923519339562545274149415272055134650065554513106496777026420882915100019070573714996094606913808706,
    "6": 0.00066546364594388967695669024039326587602750548832930506661738655035513563521522347406731766673450325963036132300945036,
    "7": 0.00000788390144652608393648348128963465840996190708585988697604492445145384372091774990055211580828043096152982270486,
    "8": 0.000097194584994160152932039668349715323458103907991922310095405647088531579220836178997058616321820255504599577051,
    "9": 0.00010490448015409423002183387672911496786366877909139256236724551469364915488079718471296784768129968751672954122927223,
    "10": 0.00006083601321971881128918464156859568529669822004743657749461178527171097246462201708330719592031926372249934475395,
    "11": 0.000011410875794442777021535254860227309624381546575981349648227136390897296160840687671275807837392796934140276980130,
    "12": 0.00002462837396398541703981352811352024988153199231010987661663822454896213863995997970659199208314247610838228840546,
    "13": 0.0008332778978402258606756672280459391920554118805618320957950941594003290359451146529817023687894965878830243253875248
  },
  "setupType": "Multi Region Model Regional Bidder",
  "population": 0,
  "id": 4,
  "worldId": 36,
  "implementation": "org.spectrumauctions.sats.core.model.mrvm.MRVMRegionalBidder"
}