{
  "homeId": 4,
  "distanceDiscounts": {
    "0": 1,
    "1": 0.42045,
    "2": 0.17678,
    "3": 0.07433,
    "4": 0.03125,
    "5": 0.01314,
    "6": 0.00552,
    "7": 0.00232
  },
  "alpha": 754.3459399533147688998724333941936492919921875,
  "beta": {
    "0": 0.0667215419015719513051720923613174818456172943115234375,
    "1": 0.0730855096964163342132536627104855142533779144287109375,
    "2": 0.045721443741784946468431627408790518529713153839111328125,
    "3": 0.04712019601270585333896434576672618277370929718017578125,
    "4": 0.095567010861154655376736855032504536211490631103515625,
    "5": 0.079858894285219028663647122812108136713504791259765625,
    "6": 0.0845234217334827897527560480739339254796504974365234375,
    "7": 0.08912473812774134029890404917750856839120388031005859375,
    "8": 0.048060330095385329907120564030265086330473423004150390625,
    "9": 0.06743104532956685492894877143044141121208667755126953125,
    "10": 0.06788581436193492912867242239371989853680133819580078125,
    "11": 0.083129746307465446353290872139041312038898468017578125,
    "12": 0.0572385384158506094198770597358816303312778472900390625,
    "13": 0.08030081518543175089774877051240764558315277099609375
  },
  "zLow": {
    "0": 0.0000046665615762525962512040319579244068399778075007381500408572,
    "1": 0.0000020649599065130240631134586146036985892324444196888989202133,
    "2": 0.0000046758835401277867756703215805522506309847603108461730166648,
    "3": 0.0000020384130174622734059996322362256945640503517055538262242644,
    "4": 2.950741474345016960663036572557725666711846024890430298017E-7,
    "5": 8.548447934979212231998632437334725195166504154553568094124E-7,
    "6": 0.0000099649896923597230279444619239528336720520473642204824042407,
    "7": 1.781936053793820470802899076724349378118861828228529378292E-7,
    "8": 0.0000043132224297384413822377202851571904034090621167725463687862,
    "9": 0.0000019670198847307540801163418366457287612306069150354847652031,
    "10": 0.0000011464070273815409545146156863885873610079791962755041975481,
    "11": 2.641833049660055831817286899990104914340371991412503930559E-7,
    "12": 6.363624719426669026778664081357510973466080528615288907402E-7,
    "13": 0.0000190752878174285021376399393408817021609110794835451647569432
  },
  "zHigh": {
    "0": 0.000171132865662198212868015853639452342526025398018715938886850826647098188724163639844697677157439456329131308678605,
    "1": 0.000077040661922407580610707603668131932913397233470446872729290622777206210476320095973496250728120367154478696886136,
    "2": 0.00016165532082614268699873717518687242366640192429949655214439638860727898082066396054632571720558135739078328293417912,
    "3": 0.0000707574326176355544140291331575499741627509319773519987753718015366141507975702935384999596231130253874829443766355,
    "4": 0.00001167215984830694824974192489314950783060238147694582764996003947204949087410836397415549994798193564645417992709,
    "5": 0.00003247203980435967488034802916732914913397228173699786056320160062681047691736424033554949055048845168535163974342,
    "6": 0.000383177193404504670072715099472500602151715150839414011994041345674541274115887879924974460140993699280876114347865,
    "7": 0.0000069339540029290119655877736538496122170218139465781157422753220888726442864243789828780056291509389531192272501117,
    "8": 0.00015012616226695818656107104393437908676280723823185232761287194546300627166650340430029974031835903624466159495899726,
    "9": 0.0000722744172430665072288579167147448630310485264688847190698695992236446507287463683914498215611762927789019393243305,
    "10": 0.0000421746882858503228833896417229440290741995692910210257743472436851127005887919812079984509491539185087055971420323,
    "11": 0.00001012164826102934954994580565277083767363866690500631517926628408992302262703529205406507760621040903965212381707,
    "12": 0.000022733319937949606590292672881000595323972613710119165482036456302407072378872526300582691431666028542687095591123,
    "13": 0.0007254347506864794586037974944415934648613447175456694588373274185953941312110350469486482724892992015753334756337
  },
  "setupType": "Multi Region Model Regional Bidder",
  "population": 0,
  "id": 1,
  "worldId": 54,
  "implementation": "org.spectrumauctions.sats.core.model.mrvm.MRVMRegionalBidder"
}