{
  "regionsOfInterest": [
    2,
    3,
    7,
    8
  ],
  "alpha": 74.94179021185760802836739458143711090087890625,
  "beta": {
    "0": 0.050225842939381204477200526525848545134067535400390625,
    "1": 0.06982928222504349025090419900152483023703098297119140625,
    "2": 0.07219943671463512069319534703026874922215938568115234375,
    "3": 0.09561166304554503947432664290317916311323642730712890625,
    "4": 0.0919858416644530885175612411330803297460079193115234375,
    "5": 0.116435523164066356827106574201025068759918212890625,
    "6": 0.0719261851392089812673447113411384634673595428466796875,
    "7": 0.0957365626284784887456424939955468289554119110107421875,
    "8": 0.11575080716459178187260903314381721429526805877685546875,
    "9": 0.107042749631729827708426228127791546285152435302734375,
    "10": 0.1047196528801928872010051918550743721425533294677734375,
    "11": 0.07579359675979226163011759354048990644514560699462890625,
    "12": 0.0619590181857454791458650333879631944000720977783203125,
    "13": 0.11227537252286812208268429458257742226123809814453125
  },
  "zLow": {
    "0": 0.0000061992027514996902554026728753264065984637877350170783126419,
    "1": 0.0000021612515904687805030506579274636261786557857242917621011134,
    "2": 0.0000029610777583775124787155583579980945357788601410172142543917,
    "3": 0.0000010045889578546445594136272898146642232144742481726125043294,
    "4": 3.065618984667757010502520179598154041262011311362985059390E-7,
    "5": 5.863069803708197505307640125100124605424117220056011024526E-7,
    "6": 0.0000117102696981211373479979871112618808462367894822278134135309,
    "7": 1.658870757362171295712403264549162427094389498678908632502E-7,
    "8": 0.0000017908721228465095464440724487786379126771679660943300132599,
    "9": 0.0000012391143488724617314287922211653605150647262813023103295367,
    "10": 7.431725803472467927514459960710062548541237003671383184145E-7,
    "11": 2.897539114035312545861752864882022319703763155069343649092E-7,
    "12": 5.878798415994903637994106018022213637598669845373646252053E-7,
    "13": 0.0000136428953849541362913008532487255363358679542667087852939834
  },
  "zHigh": {
    "0": 0.00021711210091961103299397508116151233528060480504708378704039194908856528875499776204984038041701705497571157830755,
    "1": 0.0000799294124410802738088235830539297605960974726085327681562960365745011349981838364954369040500022378910772626967588,
    "2": 0.0001102111473736344580900942785102477408102249192046277892762032387686508584836436579912704649503853273388942223478642,
    "3": 0.0000397427108294066890164489847652190639376746082559155871773220049629182567649639922784021148671055765110571809093188,
    "4": 0.000012016792379275168399260375714270792954252877336363491934080258864723706737527653237671314497058368502520677362467,
    "5": 0.00002441590541054663070027505223062534736474512093350518935440852297714144711394298042938184607967445529271201160,
    "6": 0.000435535593577347099674320855091772017377257414379633942272749817705273820867604776812053556561770760330135414734608,
    "7": 0.000006564758113634064440316286217324051363948396957929253504905790260484877781879906585766362862777022348362808208507,
    "8": 0.0000744556530602002314872616088430225120408504137115058369470852117675457437492149949957526210888514065923515723204504,
    "9": 0.00005043725116731773676823142825033381564607210745688948599987835628393635051606826009538765069731046342893869774382,
    "10": 0.000030077654874821498030494551013416595889583904413770049400341829124616096207357912505381393347384272225851709891941,
    "11": 0.0000108887664541551196920792035474465898897288403959768343348652389551048204303777116276206179125807295080041295819557,
    "12": 0.000021278841027654310423938998690994703316370381660394237515989582906606216331475535527854048429326880774801819655219,
    "13": 0.0005624629777122484832136249116769084901100509610405780749485341290184256618432683379450375186718128481776638543069
  },
  "setupType": "Multi Region Model Local Bidder",
  "population": 0,
  "id": 0,
  "worldId": 54,
  "implementation": "org.spectrumauctions.sats.core.model.mrvm.MRVMLocalBidder"
}