{
  "regionsOfInterest": [
    1,
    2,
    4,
    12
  ],
  "alpha": 82.39742348739690669390256516635417938232421875,
  "beta": {
    "0": 0.06930848892522188664511162414783029817044734954833984375,
    "1": 0.0708933537433740212918564793653786182403564453125,
    "2": 0.095245494080889836485681598787778057157993316650390625,
    "3": 0.08403893273954292364447127283710869960486888885498046875,
    "4": 0.05148533053949151672146200553470407612621784210205078125,
    "5": 0.057396327608899622152449637724203057587146759033203125,
    "6": 0.08644911027866851449541485408190055750310420989990234375,
    "7": 0.07726848673596962979726043840855709277093410491943359375,
    "8": 0.072692137715622384686042778412229381501674652099609375,
    "9": 0.07087464046636555992098038814219762571156024932861328125,
    "10": 0.06449318719622697260174248867770074866712093353271484375,
    "11": 0.099312448428798549837637210657703690230846405029296875,
    "12": 0.071530290696446618969872588422731496393680572509765625,
    "13": 0.066345981900193418123734545588376931846141815185546875
  },
  "zLow": {
    "0": 0.00000449972578763100907643644424429990137366156834206607056231646,
    "1": 0.00000213229253338592410331919597656627659490606991188255147733570,
    "2": 0.00000224827062779001562653663716521574973422689687284475243155022,
    "3": 0.00000114479611876215544037148365601392218425284765413568176978032,
    "4": 5.4861169618176465875369064029834551602430939360207209245411E-7,
    "5": 0.00000119134037958605438135026802344797906507591073250524661704984,
    "6": 0.00000975894342460021605888512082048617677833487959110387774398894,
    "7": 2.0587204528527760543894047489818088689677027524005674954239E-7,
    "8": 0.00000285634438141048410923779016217942006769319765884305844730903,
    "9": 0.00000187450748086745003368063558686628756307690355511655441068601,
    "10": 0.00000120868584513378936812227501986239003402318180038050678716374,
    "11": 2.2149684235990504844504691730516262978000373463986120135202E-7,
    "12": 5.1004971588582543250674820896684077401622361026029384009839E-7,
    "13": 0.00002312521781421289514873221823016465286314565402377899466603400
  },
  "zHigh": {
    "0": 0.00016617869312078618465506427528208594806304741259023221741135137510077157668586002093651468791642376266201318751295136,
    "1": 0.0000790853128869460708797269562269085769085980609070330350442446102283496114835809067617513749089129067182668115,
    "2": 0.000088861883510841709803568774494510071363777105464628210526997191788602720787507744486444833582920612655372858070741,
    "3": 0.00004396462796537892059844620544613494539944525836546749948946253151843990359016759206132945994171555369022050125220403,
    "4": 0.00001928289633702786471286124653165181915848760248158150124696722454492551359332697808522943333204912345654653625374467,
    "5": 0.000042578067659624832330174753059558818872954661171468769784427674869772111498625821886904630588566593735561013284844,
    "6": 0.00037713350036966158689420013192196448533425633929870403354581410653114396170606444370959853079189204039037147093366048,
    "7": 0.00000776690349860156932478650339260698537859797352579736700862791369255917009176499623091642715734240786035881587406580,
    "8": 0.000106453709355988037458592381307209761553082209094251295085075381185769201111945928970959950955256107899838645800311,
    "9": 0.00006952072880182281498501083654170187927845273318563513104559912355895244012187188101928798737209499145260646539323514,
    "10": 0.00004405577560117800923907862787528746072293511222370237713650854203209476483379192248476087764426232390006306833433373,
    "11": 0.000008844644644198130673969329577882884835196126491353339073856975091142886650969019348117097325776748166555414912143,
    "12": 0.000018949891921270072996383482381260730983971138116478957970642447700061381555843433878049436275900083209960795020431,
    "13": 0.000847183062680366768514462877532249926016879648855170915249837313356929617537066185620277037039119723046174710154454
  },
  "setupType": "Multi Region Model Local Bidder",
  "population": 0,
  "id": 2,
  "worldId": 37,
  "implementation": "org.spectrumauctions.sats.core.model.mrvm.MRVMLocalBidder"
}