{
  "gammaValues": {
    "1": 0.96828,
    "2": 0.87312
  },
  "alpha": 710.08837680594342600670643150806427001953125,
  "beta": {
    "0": 0.192316753488175062880571886125835590064525604248046875,
    "1": 0.194983621121391614838813666210626251995563507080078125,
    "2": 0.20667157333333607827086098041036166250705718994140625,
    "3": 0.0917779079595304747574147086197626776993274688720703125,
    "4": 0.1135927965107280390721911089713103137910366058349609375,
    "5": 0.119611626122612613176698914685402996838092803955078125,
    "6": 0.209798876919510046690220406162552535533905029296875,
    "7": 0.0851938478613581129383902634799596853554248809814453125,
    "8": 0.08352930407752146013677929659024812281131744384765625,
    "9": 0.139573048550625855579454537291894666850566864013671875,
    "10": 0.130055830579254239065534193287021480500698089599609375,
    "11": 0.18980993743817087260339349086279980838298797607421875,
    "12": 0.21683074914466005100877055156161077320575714111328125,
    "13": 0.1715144088953992340673693206554162316024303436279296875
  },
  "zLow": {
    "0": 0.00000162164340475794769960645953049925129292431704748677774313387,
    "1": 7.7527213816370730447291508070616717456685914794387375754454E-7,
    "2": 0.00000103612530411250348689527561004959011809333631586732766665085,
    "3": 0.00000104826364169866789491023898105980072788740461738493305180694,
    "4": 2.4865533188173305854451248963826857330991983993998649537824E-7,
    "5": 5.7167154178087895302218482261271004065393305076416297694283E-7,
    "6": 0.00000402124162294834686724714847031992927828892518419782819357417,
    "7": 1.8672030668599060448415399929387345971168244474337144453975E-7,
    "8": 0.00000248575971546507102612215485592812169354345925372238686641056,
    "9": 9.5186746393809715337560985504280090193130355966452700518514E-7,
    "10": 5.9937337775979525180620198743983507219918935258166646743129E-7,
    "11": 1.1589168634110779392238689745191688900228745407034854045732E-7,
    "12": 1.6826028868540484665221184801843799121889432919723585367296E-7,
    "13": 0.00000894540168619591027174924709781386053957947860902207392049056
  },
  "zHigh": {
    "0": 0.000079836221634594343350164733868066445640929873752853432835873426498217795160926656222574896112284502022601316659334,
    "1": 0.000038374701030279566914338529351105294298421737988872703450509875375204025324847288313522436391218361230244429190043,
    "2": 0.00005249752380051634561432792783952528287977028875530546758001608056922705269675743755378665056201276095340544812930,
    "3": 0.0000410686536534742942346088651975113017084819672629450379502610805964293945492736533029276417945475746957803276398989,
    "4": 0.0000102842054080269167065859020118495108770559158717189333346912471071909155000102525278314405782436972040139110422888,
    "5": 0.000023988002525469569480332257034500748140295330719236260581217377751518470471910869415231040878530321079841288852929,
    "6": 0.000205002446320105511145060961416977060332877707091522547033370932853278859801585912048086346705921138666175090535,
    "7": 0.0000071923513406229592961429091244777625630453386108968078585486280439744429802439387713290752370622474958657437673275,
    "8": 0.00009533616937762564496512332211967081032859005694063114765812114415922904026585721577765183246439194940801878014228,
    "9": 0.000041841528293942228575860064586997279444084733322074308880572990406316360969193777957483813097525704556002570697517,
    "10": 0.000025776401579958185749596436902610811868215338789737167544534864134428427751019975267285994237847625148673894978296,
    "11": 0.00000567648996363421303828952898228551261186463807426795924701588395675783378012410203119942972890956103857196400449,
    "12": 0.00000869620910525745542074739155280864750005125968458721837787974746237836894502315925218413768794022435379494442303,
    "13": 0.0004217885788398572222049737435617261563098943864124632928835339314366152739425933379813302253375511449620024577847092
  },
  "setupType": "Multi Region Model National Bidder",
  "population": 0,
  "id": 8,
  "worldId": 37,
  "implementation": "org.spectrumauctions.sats.core.model.mrvm.MRVMNationalBidder"
}