{
  "regionsOfInterest": [
    3,
    5,
    10
  ],
  "alpha": 93.269208187869168114048079587519168853759765625,
  "beta": {
    "0": 0.08592565199549080656726829374747467227280139923095703125,
    "1": 0.08451920171439397666546256004949100315570831298828125,
    "2": 0.09925972897353829704769623276661150157451629638671875,
    "3": 0.117184334052229888190055362429120577871799468994140625,
    "4": 0.1050318808731154629487747342864167876541614532470703125,
    "5": 0.050350184601432819431199305881818872876465320587158203125,
    "6": 0.070776165571746874061176413306384347379207611083984375,
    "7": 0.114672811469339441803327872548834420740604400634765625,
    "8": 0.06375351101658595365240245200766366906464099884033203125,
    "9": 0.052839612668614095725150292537364293821156024932861328125,
    "10": 0.056780813003916054404474067496266798116266727447509765625,
    "11": 0.05373346036074193310394520040063071064651012420654296875,
    "12": 0.096682486328704964062552562609198503196239471435546875,
    "13": 0.10451834861120205821816142588431830517947673797607421875
  },
  "zLow": {
    "0": 0.0000039436061494469879310985162489135558991724695899314602571237,
    "1": 0.0000019433043097905360905933701366247937473826746113250947582319,
    "2": 0.0000023440336013683238800248156742215036866017055573639280351868,
    "3": 8.920372961695730752946455191915735787462479186024564679690E-7,
    "4": 2.921940157082642771718714583279360147394796088568266763536E-7,
    "5": 0.0000014755801114237949036115268576071125915263978440354616325280,
    "6": 0.0000129515035875655179487836826291892447047312021180151687664764,
    "7": 1.507242799740154424146062734630876353206402219932800051341E-7,
    "8": 0.0000035386514996022279479628089586348971665225275583195719780369,
    "9": 0.0000027318843708677053445176586424380656386290838673982628624372,
    "10": 0.0000014916590304734386208737642827880233107573421578088129112566,
    "11": 4.448056664339060678784034697321388825431115866766402805903E-7,
    "12": 4.100139016049873590097617204370683930682629758961685066227E-7,
    "13": 0.0000159496740014145827272298542232694991236283649303700843559008
  },
  "zHigh": {
    "0": 0.0001521938774438755773794959229906417960944826562289981275164749359862762099101883469347453268988484728933363832848255,
    "1": 0.0000747237821888798308659019366711139710023432505039749917252038752619742396524278198098125019540254909193907169116,
    "2": 0.0000935878220387183900653309011507227755002999405941681281999425486986570368647606439675654942388544958210895616854,
    "3": 0.00003721439853522551027214246470442767285543895713320656755930188142847864392145886862415058869371306370930785012850,
    "4": 0.000011834789176218692501574690107960971483862399793018460534343273281979189008865092208528225287495738750340695453952,
    "5": 0.00005169697644315293531687768914594648886093399481493215286294640010083660131506635945078377307529831123419860194209557,
    "6": 0.00048021088385862661218713769536478956211632749795341079455611713813485213257493765380361757899098129444936460910268,
    "7": 0.00000625012609335168398926863283163929666411590968878969887481937533850058593704371022361276802943842208548812509533,
    "8": 0.0001287196907244417429258204042706984798524330452055613879054396906121243958756267818948754748300910658162819562146177,
    "9": 0.00009639170232724016553433189269106012983963923674781200539113196479421210685941788299803788264592828128520470195202227,
    "10": 0.00005321953216169466239771994177616295569835760060502279040522430850042095546268447222275763466591273323265194136683257,
    "11": 0.0000157342647575731510670578424428047699997431780477672728170487062278931981725058289883446254650899666824517473596696,
    "12": 0.00001626453339179993803627811098451598251102712417870172661934542423782062355127588837856427834825856490043963452468,
    "13": 0.0006451935787939250245501646743310586549228861461637907027200344073587661675587401916636903678399517733575335213876256
  },
  "setupType": "Multi Region Model Local Bidder",
  "population": 0,
  "id": 2,
  "worldId": 163,
  "implementation": "org.spectrumauctions.sats.core.model.mrvm.MRVMLocalBidder"
}