{
  "homeId": 11,
  "distanceDiscounts": {
    "0": 1,
    "1": 0.42045,
    "2": 0.17678,
    "3": 0.07433,
    "4": 0.03125,
    "5": 0.01314,
    "6": 0.00552,
    "7": 0.00232
  },
  "alpha": 789.4434675847469407017342746257781982421875,
  "beta": {
    "0": 0.0720748798485686681392081709418562240898609161376953125,
    "1": 0.055289839724059604286754421309524332173168659210205078125,
    "2": 0.0545285150058978651532726189543609507381916046142578125,
    "3": 0.04686476613457078721491910755503340624272823333740234375,
    "4": 0.06538831890422315551436582836686284281313419342041015625,
    "5": 0.09538642404196384649850415371474809944629669189453125,
    "6": 0.050271725322525016854680046662906534038484096527099609375,
    "7": 0.08827832190338680273811178267351351678371429443359375,
    "8": 0.05885759219280552179132115497850463725626468658447265625,
    "9": 0.04753315329850293924351944951922632753849029541015625,
    "10": 0.05444662334882251208956205346112255938351154327392578125,
    "11": 0.06138457388789576862908603516189032234251499176025390625,
    "12": 0.041466025759177960186008249365841038525104522705078125,
    "13": 0.058013830174894538693752821245652739889919757843017578125
  },
  "zLow": {
    "0": 0.0000047014567393883590260140458698420883444526709105145075076482,
    "1": 0.0000029706457781639204061983696188953334504539862781190435236548,
    "2": 0.0000042669076895184306866163982941817637107306240775094943670209,
    "3": 0.0000022305199646408210507809250551418239456144695227333554132235,
    "4": 4.693450996141992039897691755601651528641766006722095377830E-7,
    "5": 7.788920881624157968095318621812530873843580371834683213349E-7,
    "6": 0.0000182340621181324003752872371448058274906050651171422156620479,
    "7": 1.957895955501744356334589205421783619228633476477760700939E-7,
    "8": 0.0000038330052072929601987181374443030862693096527176187975068128,
    "9": 0.0000030368637886398422801201132816167283394874767631973749718311,
    "10": 0.0000015556081766959887611929946552664711115399269205425661384833,
    "11": 3.893640719769277916546280020913678671190326277294774183288E-7,
    "12": 9.559913859776909481416241387709811740280420488077186261017E-7,
    "13": 0.0000287351064821829938622468011942419765555782709433581354713747
  },
  "zHigh": {
    "0": 0.000174929395142116710226961811618497769452888695846489545032209395494146193118451210258904375846325560024048485398766,
    "1": 0.00010554402624008136033405192113923016209448260050779345468788909625723802185239861882561532205672359855222376431528777,
    "2": 0.000151274044683221594263078379749530576224167496198535118154963760736248705222978914063262880382094411891708270503756,
    "3": 0.0000773688785893629495367308507829351838614856052571335359169351678009610670483707682704715620469800155637784588045937,
    "4": 0.0000171493216933967403061116216249278456276033095474799463772248755773911362396059616431057040919261223818569976038795,
    "5": 0.0000307963357453115621128178392831707037366728006093723535271541719406762886680913250950477305842191774284742413055,
    "6": 0.00063868763977563308498224433083328704569254338792722220142326053305501372747475214119224643221124062625582838981202598,
    "7": 0.0000076020855606364537858342122440120184621826034584245808236127255160706389788206305076924742158579317796542089178,
    "8": 0.0001375503019551637104484802588407441529360467999845381537687157712278184605464423579227906368997675400897282336084968,
    "9": 0.0001055410848604042736024055318664200108653910236217853686729467092018175666733750759402196164964975150531173926619,
    "10": 0.0000551380065483711666072968529505163897218351434870353872220269964583566388378491055274556100832760205370809124958597,
    "11": 0.0000140710169238638027803445784135816395370208092793523869492040214017249127270541738168109793557373390573573405842451,
    "12": 0.00003264385792298104571023398353453336593982049636604823020371710516972051261608490880143148037132134922231686542380,
    "13": 0.00102875655321697735860067308346023297788138332655343223618425096586429289060917677860278823053502878166970851992705605
  },
  "setupType": "Multi Region Model Regional Bidder",
  "population": 0,
  "id": 5,
  "worldId": 163,
  "implementation": "org.spectrumauctions.sats.core.model.mrvm.MRVMRegionalBidder"
}