{
  "gammaValues": {
    "1": 0.93977,
    "2": 0.75908
  },
  "alpha": 771.303458222204199046245776116847991943359375,
  "beta": {
    "0": 0.1497464254443514330983333593394490890204906463623046875,
    "1": 0.11474872152485322829296165991763700731098651885986328125,
    "2": 0.1613703725879844508295235527839395217597484588623046875,
    "3": 0.1521473618303250674443916068412363529205322265625,
    "4": 0.218882797648960458758438107906840741634368896484375,
    "5": 0.1422473158521428693301658086056704632937908172607421875,
    "6": 0.099429423591586407749076670370413921773433685302734375,
    "7": 0.1924348558543780285390312201343476772308349609375,
    "8": 0.135403668416687772424467084420030005276203155517578125,
    "9": 0.178710271422559852094735788341495208442211151123046875,
    "10": 0.1672573221326025538768789147070492617785930633544921875,
    "11": 0.219500066105079938427735442019184119999408721923828125,
    "12": 0.151572802095445435810461276560090482234954833984375,
    "13": 0.1246302873397326649307359502927283756434917449951171875
  },
  "zLow": {
    "0": 0.0000022628715750586310636171702888164568923848099163804175426855,
    "1": 0.0000014313582475606371630499628559520239926377867152033186762446,
    "2": 0.0000014418268746936702453524637096987413159158972014558466919266,
    "3": 6.870496815972286691398105655228443488750551769075333135685E-7,
    "4": 1.402105938856241431042100696536510968125370869427567060847E-7,
    "5": 5.222997042813561256232283743244810124529226047161989730667E-7,
    "6": 0.0000092191800898077132109588633569276551733969106099306397098825,
    "7": 8.98172883731187336065371936281259982523813045844832993802E-8,
    "8": 0.0000016661399207404699904328793380815257110278724050910448466652,
    "9": 8.077415520833209480663867942036369890912360150664069738652E-7,
    "10": 5.063910589682064264754207456351641511135091136873741173265E-7,
    "11": 1.088881113781429763576003687700475904579616232757835771801E-7,
    "12": 2.615321673049306099980854073178344710214654778279466707737E-7,
    "13": 0.0000133758304108749177171081527004406540236735025518462518272016
  },
  "zHigh": {
    "0": 0.000101771840212224871355055544187728825890852866022466846083327645062193297698537591942675441670233205979892143946611,
    "1": 0.0000593654003219828630395997182509308783599966136203217092655853949681755548356210160736148688673406928800181154582457,
    "2": 0.000066521620238478781025160342215039904379725689916925687902134468002155854813551908833917231333370967159162275161062,
    "3": 0.000031064770098055178087497416094365795959303174882358872927286826134166997164767951814048669724394469052705802,
    "4": 0.00000727528652153948847954484844773242394605412413559636142627738458527518170567046065976205910607295489402438732,
    "5": 0.000023098564228879771977228734647467541488729737635354273079108327193233714916980412143827381665383165457089644072552,
    "6": 0.00036824117892589247005239311719694187617629875271087492285829878983596152726732225118263899478266874875153388660318,
    "7": 0.000004422916345324782725026560436590447552068142166525797702203308018365029431684345302807269275879066477512318,
    "8": 0.00007254434335858900419992251565409733618759339060870557396428984455156610148117714022707723485381702491951541278344,
    "9": 0.00003866741776370863364079373724402727035350380117785632873397045857326352074771102566751819598038931753282865155182,
    "10": 0.000023661493016537696565769635661577180909042609281379626587322154601821511218033895853383059986074307350774439665763,
    "11": 0.00000565673810590025832143374941394203123718867914574157171474158850413349351884524577910490336074566834184657357256,
    "12": 0.00001181008136279823556592782159093896484962319923665507154387749504203976379901997135183644514036527133388511443,
    "13": 0.000567978271077735074246513628646193301924240274808075726859057979010536767123909360155420572905588565243819585133417
  },
  "setupType": "Multi Region Model National Bidder",
  "population": 0,
  "id": 7,
  "worldId": 163,
  "implementation": "org.spectrumauctions.sats.core.model.mrvm.MRVMNationalBidder"
}