{
  "homeId": 2,
  "distanceDiscounts": {
    "0": 1,
    "1": 0.42045,
    "2": 0.17678,
    "3": 0.07433,
    "4": 0.03125,
    "5": 0.01314,
    "6": 0.00552,
    "7": 0.00232
  },
  "alpha": 790.00742409393342313705943524837493896484375,
  "beta": {
    "0": 0.0962691965671265970083680940660997293889522552490234375,
    "1": 0.06449969958758321186831352633817004971206188201904296875,
    "2": 0.087326515769499291064192902922513894736766815185546875,
    "3": 0.09253101673961290629666365248340298421680927276611328125,
    "4": 0.06948877500534648976593388169931131415069103240966796875,
    "5": 0.0932738729682288381095389695474295876920223236083984375,
    "6": 0.04437348734854899834356700694115716032683849334716796875,
    "7": 0.09780770577227239359618948810748406685888767242431640625,
    "8": 0.08402460073994089118087913448107428848743438720703125,
    "9": 0.09467058274699337305779778262149193324148654937744140625,
    "10": 0.044851848940891038408640412171735079027712345123291015625,
    "11": 0.0962377536482580120402730017303838394582271575927734375,
    "12": 0.097299696577850536272080717026256024837493896484375,
    "13": 0.0825803286808608760782846047732164151966571807861328125
  },
  "zLow": {
    "0": 0.0000035198894525766733045111125309780847042873653346998891716452,
    "1": 0.0000025464696735309516992077119070037637131526085143984019127556,
    "2": 0.0000026643469961726242246357602464375641217162325500223282974514,
    "3": 0.0000011297054780619552285513268686436459285538411931668979512476,
    "4": 4.416495620673463735756345612751608103531518292359898521444E-7,
    "5": 7.965331409546772594905252897107402833774188748730345876972E-7,
    "6": 0.0000206577805146654810078000548607641868317028972697465021013139,
    "7": 1.767138571019632222487616862731428572128644550538033691082E-7,
    "8": 0.0000026849453062204190464781273621528375397560682959327471027247,
    "9": 0.0000015247789526961002410022696253523400294893218854824441484416,
    "10": 0.0000018883861975575540918313797150903109272611874603451387529520,
    "11": 2.483531331468512354949348346251013922536726114154626933421E-7,
    "12": 4.074130221442761684430495369312177811429143770591603796901E-7,
    "13": 0.0000201868122123523750014971821915592279450479565649366070407408
  },
  "zHigh": {
    "0": 0.000139482376537766138581873811452577660247929528572050994952118414012198743794611550719041760359957700019043569355418,
    "1": 0.0000928187431010922991243321897824830699754412675961742063609136296433981209644953515579783781344680156555662532056779,
    "2": 0.00010319722388284740040365923831720458855373575037392013606787884895606220106620496434397043606686313820692411996628,
    "3": 0.0000443444439919969748698429051879898433496667553701398120576586655876349352847658355212200055206193805939629135849881,
    "4": 0.0000163184555669911553936875831963777153522725664043933558080685057231593157370706015204633289665542357059116035879188,
    "5": 0.000031325567329079405993247642109055319616464625740059341518022711868278709766548245349294681122830476158410372494483,
    "6": 0.0007113991916716255039576288623120378259254783525053507946012433995147979246680238789071407738589481300844211981394724,
    "7": 0.0000070298134071901173842932952159409533208826366806053997940410728330589556250775383570772076285103250731502514921737,
    "8": 0.0001031085049229874758812799563762366910494392673339566416460735122178235118929786539034262650283263288523565868786,
    "9": 0.0000601785397820920124288702221784883615654463772903374439712639528452844190200556956091424396383117196202297258396876,
    "10": 0.00006512134717421812652644840474523158419347295968111256565608770411631754150578120357720461511369801785732256675015150,
    "11": 0.000009840688758961506095553783389593645291060008789931945199601595605458209760708288054155515921664638294879499066896,
    "12": 0.00001618650700797860231927674547934046415326666621359148281136680446430962403882700065288966439324662724897050582,
    "13": 0.000772307725122058792778184513379750519565473895200786383265234674371620830242337709131753820299568880479097528825943
  },
  "setupType": "Multi Region Model Regional Bidder",
  "population": 0,
  "id": 4,
  "worldId": 163,
  "implementation": "org.spectrumauctions.sats.core.model.mrvm.MRVMRegionalBidder"
}