{
  "gammaValues": {
    "1": 0.91756,
    "2": 0.67025
  },
  "alpha": 1184.293378799630090725258924067020416259765625,
  "beta": {
    "0": 0.18660982486656407797198653497616760432720184326171875,
    "1": 0.1819572617062390207376409989592502824962139129638671875,
    "2": 0.212020787911335439890336829193984158337116241455078125,
    "3": 0.176327384480899518326424413316999562084674835205078125,
    "4": 0.2028799777948274429828501297379261814057826995849609375,
    "5": 0.2002371485706550824357208284709486179053783416748046875,
    "6": 0.10373338576216262207907448100741021335124969482421875,
    "7": 0.10543634365603893332519191972096450626850128173828125,
    "8": 0.131415436580364086704975079555879347026348114013671875,
    "9": 0.13866497818258560759119291105889715254306793212890625,
    "10": 0.09662225925335272969096678252753918059170246124267578125,
    "11": 0.1974342258479677425508924670793930999934673309326171875,
    "12": 0.175967778586767542581270618029520846903324127197265625,
    "13": 0.180638087398813096395855382070294581353664398193359375
  },
  "zLow": {
    "0": 0.0000018158579262745681859448068116547741796004653794374163583909,
    "1": 9.026654248996413270155732385517502098432780965257531095170E-7,
    "2": 0.0000010973836210531666011829586729799189796168303317918181093416,
    "3": 5.928335908181442302850749955594428723195231023112598292160E-7,
    "4": 1.512701617147460837342839510494173976924045240868042522210E-7,
    "5": 3.710386985368756999321397770181907579345856896710090976968E-7,
    "6": 0.0000088366706203757901736411875278848192290287357213563233767787,
    "7": 1.639280758606072589093925395839959604029391812097263879758E-7,
    "8": 0.0000017167043935952506168151788538668983083046037532064398163406,
    "9": 0.0000010410105991003474521332463211816067282825792719029839910964,
    "10": 8.765848897491608335431804529110392033040376148012956527857E-7,
    "11": 1.210577727489071564513580864509443537713189032891885171113E-7,
    "12": 2.252751256785150788275760757211914657020704606883657877747E-7,
    "13": 0.0000092285830276446387230146777353054139059508051147424153910687
  },
  "zHigh": {
    "0": 0.0000883614307487029850248846398728783445073225299141768105544893192705754680470894025177547271370290898835424184420,
    "1": 0.000043504615642152987958568029728922664876161355059994742263756931969077561354813175359067653760322980509222167918895,
    "2": 0.00005618832262926367170007519111347523429075368382700483042458681037639174556980103485867288893754107451343310089096,
    "3": 0.00002823828737468264492185534899546375166263721264447066839671075357263316820864227843189957798210540567021487569675,
    "4": 0.000007607073556413146698447064889605412972450147249917787810364179513044150597068487564852280291447281284440153721110,
    "5": 0.000018560734056545359206496076728278833853179630183998576818010292906082011405505949826544915568959462772772262224458,
    "6": 0.0003567658948429347789328628423256567978452535060536454328651854953508012330560875009890567071279629434724160240787,
    "7": 0.0000066462399699494384841122208152665464165848784652830903600703936016878128844077031537974448876456517419574117880,
    "8": 0.00007406127754423242299139150112765851410589533105216742305455038363476556881962822975482859699762718426253339077444,
    "9": 0.0000456654891742194287627995230533663625292440988829536392509071635747917120556725418653867430167532142757389518863,
    "10": 0.0000347673079399663287778024268798534324747584643147972726510972573025168920193777462132990221336780551098494554886788,
    "11": 0.000006021827947023183724246480944368934136589397546143719912676920048530589514827154318767899022582761085023288056752,
    "12": 0.00001072237011400576963081254164303967469004134872246764505390601143864882097895542025807681703172289633771760039561,
    "13": 0.00044356084958082670442370937969213609839255935169496063377507207275632862615674155906465756198828118598579833100025
  },
  "setupType": "Multi Region Model National Bidder",
  "population": 0,
  "id": 9,
  "worldId": 163,
  "implementation": "org.spectrumauctions.sats.core.model.mrvm.MRVMNationalBidder"
}