{
  "homeId": 2,
  "distanceDiscounts": {
    "0": 1,
    "1": 0.42045,
    "2": 0.17678,
    "3": 0.07433,
    "4": 0.03125,
    "5": 0.01314,
    "6": 0.00552,
    "7": 0.00232
  },
  "alpha": 775.458527958392323853331618010997772216796875,
  "beta": {
    "0": 0.0934010302386846513744700359893613494932651519775390625,
    "1": 0.0775836553190190347795152092658099718391895294189453125,
    "2": 0.04671087669197303282597744100712588988244533538818359375,
    "3": 0.044396623504388922631935798790436820127069950103759765625,
    "4": 0.0735597224206629984877281458466313779354095458984375,
    "5": 0.0938280563729643468651175908235018141567707061767578125,
    "6": 0.049945868464804012154534262890592799521982669830322265625,
    "7": 0.04590755750337839613539614447290659882128238677978515625,
    "8": 0.072291651126503209123796978019527159631252288818359375,
    "9": 0.0696143950838755409815661323591484688222408294677734375,
    "10": 0.067465100115554788029470500987372361123561859130859375,
    "11": 0.07718808790408414333139575091990991495549678802490234375,
    "12": 0.08369476879983174522070754619562649168074131011962890625,
    "13": 0.05438573105795156681363522466199356131255626678466796875
  },
  "zLow": {
    "0": 0.00000372870527069725717493753564728786428475913617372255765537563,
    "1": 0.00000217580171576695990465358013242704044772814201750991427700609,
    "2": 0.00000511931969423733965951859321242634256446474631005790433714990,
    "3": 0.00000241989197261054968094312147534668533362602482709899043990926,
    "4": 4.2879106787220186596151039448456432513148481358466136358713E-7,
    "5": 8.1381275426993037811225861780313243254479436970937340143265E-7,
    "6": 0.00001886257602690281525434095609759750919655033496021512457139399,
    "7": 3.8694821115119210238327947135444245385171398575278776211558E-7,
    "8": 0.00000320735556885574466083272864695868439314677395013984085717873,
    "9": 0.00000213116088807791326986874910269358877015601304692717260284208,
    "10": 0.00000129028411617041641664586107957253804962416995995332032808654,
    "11": 3.1824250898959513617780186538029997337532281440876723974142E-7,
    "12": 4.8678975571492141467440492344945989564291901089367615137342E-7,
    "13": 0.00003150305934306609706130934151419094637744686829131115872053569
  },
  "zHigh": {
    "0": 0.0001466876494948714508409840461673697406079969453875509095408519611492089380470035216257980515762637844665198413616330,
    "1": 0.0000821547165088682012273138942923493329740826290948278690296479043082839655459088528236087637242472326812176343844533,
    "2": 0.00017749238192555113600884006235224598886100829254107793876097672162293337843678319088146927404675467063082191178595083,
    "3": 0.000083340262461244850924124353728473473913633788967484401205217971816690366568355227975814851278393593894756364066929379,
    "4": 0.0000160179072290799396912338475949233383529258664128345272660218842616936617349215801603491101476256882282804715159,
    "5": 0.0000320502295265655522434082781512266544296948581100123313536328281769631800952575019158530655851309324472559427255452,
    "6": 0.000660088054921789805269834939637132297155151268876692370459561130807638815934587034136732276434306563983803029978490990,
    "7": 0.00001338483105996103876898417694705892419404977366613731090176778175781037422261851229896240128739544332205755451566532,
    "8": 0.000119407170047909013287718466734964417871700611331013318753297364451743878275459169789580880546730776972186348046833,
    "9": 0.0000787707742473332898511299316928016156476518746848973578936302576784197262907515603971120492747208746430592499925877,
    "10": 0.000047413438192607219312627816640805393109658043050085771295709211859764802488375446949049289902732892391730406589320,
    "11": 0.00001200372834555836984309017073173462312595759821840383051851938842188640353016826261555007493531174793120517902139654,
    "12": 0.00001867786827731633462107550827749049242554584167837799606478149155928503481335792907086508703899713702382242487139798,
    "13": 0.00111642347158545102367426731419817789327707795874157490498524617813005968504396621380427502097802153519517807767217320
  },
  "setupType": "Multi Region Model Regional Bidder",
  "population": 0,
  "id": 5,
  "worldId": 85,
  "implementation": "org.spectrumauctions.sats.core.model.mrvm.MRVMRegionalBidder"
}