{
  "gammaValues": {
    "1": 0.96260,
    "2": 0.85040
  },
  "alpha": 931.224915496216226529213599860668182373046875,
  "beta": {
    "0": 0.1884626109494516310594036667680484242737293243408203125,
    "1": 0.1282505281670416052985927990448544733226299285888671875,
    "2": 0.0881062649557557142632191471420810557901859283447265625,
    "3": 0.1924040959482002932645627879537642002105712890625,
    "4": 0.167783641568213737205184088452369906008243560791015625,
    "5": 0.1534063178100829316630182574954233132302761077880859375,
    "6": 0.11506256879566389983438057242892682552337646484375,
    "7": 0.211052619208588365662393471211544238030910491943359375,
    "8": 0.104883658140623892141007900136173702776432037353515625,
    "9": 0.1608100691406489646251287695122300647199153900146484375,
    "10": 0.0903632667152727553361302170742419548332691192626953125,
    "11": 0.1534295834438872685456800581960123963654041290283203125,
    "12": 0.090582484388921080675771690948749892413616180419921875,
    "13": 0.167997640601523112735549148055724799633026123046875
  },
  "zLow": {
    "0": 0.00000184792576089772516770061189703242908745970087887048308388666,
    "1": 0.00000131622577131791282060641686526561611707636952098290249983156,
    "2": 0.00000271408521408088543940194703506486611095902550618694595522975,
    "3": 5.5838225428531231464302402920309799463741287132253393403899E-7,
    "4": 1.8799062670430414944141078382749607423696366922519804458326E-7,
    "5": 4.9775309175472301565917820056135517237918752590741175882744E-7,
    "6": 0.00000818778644530450061147603995035277622331041261992786035932427,
    "7": 8.416785975395226281214488264347968825954249923750853356492E-8,
    "8": 0.00000221068786055775441553399008543051183593434026379972198960802,
    "9": 9.2257578672016855089011407113883605665927289321229697321093E-7,
    "10": 9.6332448171923657352592695067511246302235706093492268251294E-7,
    "11": 1.6010296194077182048783234264758178103976503183848440221886E-7,
    "12": 4.4977521132849327202577501081535281777608173244913147822981E-7,
    "13": 0.00001019845818548446755272224840737614511313590192162849360849816
  },
  "zHigh": {
    "0": 0.0000902642642008854906238763336597066846890138865419886723961827478820482794706471654951865735963481377808140953797121,
    "1": 0.0000563674381753967887058989962775066030545294541990175157144118246324971005211548336806583630914745621764611274963192,
    "2": 0.0001053353475208575094053406770314016952558366684249491873033721602695152581552858448959476530089064367841569354365424,
    "3": 0.0000274949709114877299351214303441658537439754302941907060291096478920152114605431664952428748603242465365788449,
    "4": 0.000008793893994043008195630859275211290826090232082050627695905738546858374802205268750392591160338940169721527729931,
    "5": 0.0000225684396511093313698158656339733366247266527959534820754765043690377021093705038719493518570019971890907959826696,
    "6": 0.00033984436747384036598388745521979030795795359866807444409746960993231729504375671293254544882709518307177343423,
    "7": 0.000004301420518043843581850139285730041226284629070678934045247949641057352900518331967312965118813838358377782860158,
    "8": 0.000089507138798969305928756309889119241155327600740809752726176117711816333649799194091726205901671149875455463644958,
    "9": 0.0000425132212066009482817708807461590342427496700734510890046957352649848108448011265376631139334310438883160381947327,
    "10": 0.0000376046491590718240190297927738826255116036560795338419285011332554920321421674792510452613895827161238427219445047,
    "11": 0.0000072595419340936703723910850497530773558908647412953453928427289057125803172597659591844280573271966031372560074374,
    "12": 0.000017567431945723490341616610898467280089540723325041655870473125490689862029915870412805374733935624975226565200632,
    "13": 0.000477285436858002138416654520993733855347748967651094951624120493779520362182126304631935701647329773265886581767
  },
  "setupType": "Multi Region Model National Bidder",
  "population": 0,
  "id": 9,
  "worldId": 85,
  "implementation": "org.spectrumauctions.sats.core.model.mrvm.MRVMNationalBidder"
}