{
  "regionsOfInterest": [
    3,
    4,
    6,
    7,
    9,
    12,
    13
  ],
  "alpha": 95.1993729722015160632508923299610614776611328125,
  "beta": {
    "0": 0.054145730869275536523144154443798470310866832733154296875,
    "1": 0.11224090389348216623144338655038154684007167816162109375,
    "2": 0.0850001187191481155647210243841982446610927581787109375,
    "3": 0.0822565109423824825096716040206956677138805389404296875,
    "4": 0.09571713200121993725399960339927929453551769256591796875,
    "5": 0.0856620827760055936206384785691625438630580902099609375,
    "6": 0.06843760208796269284281521549928584136068820953369140625,
    "7": 0.0918174246981578179305216735883732326328754425048828125,
    "8": 0.051513163079783506892450617442591465078294277191162109375,
    "9": 0.092532864316114349367836666715447790920734405517578125,
    "10": 0.0869258891862495775004759934745379723608493804931640625,
    "11": 0.05575559619481558482068095372596872039139270782470703125,
    "12": 0.08924539208197923567666975941392593085765838623046875,
    "13": 0.0668436619446465540850255138138891197741031646728515625
  },
  "zLow": {
    "0": 0.00000643199210996626998333978343336490740942172070538951483822843,
    "1": 0.00000150396731051625689732487117244739144224068173203118597358486,
    "2": 0.00000281326561171544254779305126430064568217580203159457910596508,
    "3": 0.00000130609761584147067924056795716531250132733710396500579262693,
    "4": 3.2953089242933887856007920541860255153300185619842231226168E-7,
    "5": 8.9139169291906154216801500382941112281476179968633000473288E-7,
    "6": 0.00001376593732691225153703420875825239096505895735752537131243892,
    "7": 1.9346923868372407680213129706070616058710834631638780733304E-7,
    "8": 0.00000450108313992007318420846430003135545709362933625634130530302,
    "9": 0.00000160331658537152311999436225654723139316038411717808419207106,
    "10": 0.00000100141796523281568286890415408750338210395877464963622888666,
    "11": 4.4057516079416046364173436583221817125076984992884561599710E-7,
    "12": 4.5651383346786427544529794315210558835392273066448166381474E-7,
    "13": 0.00002563170333716133360156272728384127337645511962459930454126957
  },
  "zHigh": {
    "0": 0.000227786254672941835093051479749681034347874481337559625026435863732041893062323417256050138563580551252698105066347889,
    "1": 0.00006199968435134711100745262549295986280945882053046601992701100962006131211918236436313147005400532194862160895663580,
    "2": 0.0001083107594498942226570738039084750823923399641871781818254319482510133598755199994988460465288983187538648997036715,
    "3": 0.0000499264317581724808730477481830322889446731572734648617867480445252925508248683094148432581281083993973906261239913,
    "4": 0.00001304010196579405006919091192294448514497137769124735572625832966257292066077083567866356999721326729644710486495627,
    "5": 0.0000343775976860394871650809697320150151377938810093210294526396447261317245761891343908775631003539265094832366492582,
    "6": 0.00050718889392207289375063251945677875021040994079599977269090914907650527932193949215652304079894190306495799373905226,
    "7": 0.0000075804618859369980015497317182468353961116044830453122582914617257902606684010325415323895743663242192023529229857,
    "8": 0.000158218997179838868988990536327144549790106272914508332197026072520080660621754376842801697592209263668776489050269486,
    "9": 0.000062935445166141585354898326308410894337783006792424705570499649326250777508288129546400996527440638526363207489484,
    "10": 0.0000387474536644791972993191088762543530840517074909752483197127640346706087631026945317212395474232232277737792159888,
    "11": 0.00001567370789969532966700814574529216906222100928400618180618979801320896424804427747637133543865122348933998043448991,
    "12": 0.00001776959060990462044420229886856986320687595327150216143802104411552850998085631337293172296773228005263686762308,
    "13": 0.0009402827914083081198818688872876877032473254987402192796072628192251345016263449592144836591683216584164671652043508
  },
  "setupType": "Multi Region Model Local Bidder",
  "population": 0,
  "id": 1,
  "worldId": 85,
  "implementation": "org.spectrumauctions.sats.core.model.mrvm.MRVMLocalBidder"
}