{
  "regionsOfInterest": [
    1,
    6,
    7,
    8,
    9,
    11
  ],
  "alpha": 61.96749392901700304037149180658161640167236328125,
  "beta": {
    "0": 0.0856300814400985099705820857707294635474681854248046875,
    "1": 0.1186237810595837938176799752909573726356029510498046875,
    "2": 0.07650534959237824395028582102895597927272319793701171875,
    "3": 0.0689903077027951006083839047278161160647869110107421875,
    "4": 0.116010316979941519033303620744845829904079437255859375,
    "5": 0.054983260970265797340505997681248118169605731964111328125,
    "6": 0.097640907297278534127116245144861750304698944091796875,
    "7": 0.062223796708892165074900049148709513247013092041015625,
    "8": 0.055822852564173165712535507054781191982328891754150390625,
    "9": 0.08162214195394568161390225213835947215557098388671875,
    "10": 0.066749256659756894816126759906182996928691864013671875,
    "11": 0.0640289420937179276638318015102413482964038848876953125,
    "12": 0.058781803962689678499931034139081020839512348175048828125,
    "13": 0.0972764406897503042248587235008017159998416900634765625
  },
  "zLow": {
    "0": 0.00000406708609734491346055148058769720233675375956173316799501865,
    "1": 0.00000142304223361253158703181987167844648757838591198609009482992,
    "2": 0.00000312563647193806563458960906621013449607098647747282681090142,
    "3": 0.00000155724820495228693628859135970854782887599518947379780854838,
    "4": 2.7188747303045889295130529160029771507486813819017361582314E-7,
    "5": 0.00000138875846279779648897729509011887775951633047610357915445718,
    "6": 0.00000964869916948541179628652368979299041589895933428344626846389,
    "7": 2.8548317836275961969304157841767040443333787453504115456974E-7,
    "8": 0.00000415358619582935070150901358382266640139307067464751573578836,
    "9": 0.00000181763762256654547648239910387124196940755496032536406052264,
    "10": 0.00000130412159522113705667024487655293842321398613488627586311487,
    "11": 3.8364730004051179955370943814142718524997916275642882696374E-7,
    "12": 6.9310149250517662448705021634073055343750110500275921016219E-7,
    "13": 0.00001761286598056221475606445309096258783329584798488120787166037
  },
  "zHigh": {
    "0": 0.0001568390742943011394094023943796498821678356470278692197301423625042004937703674732457419623473058412735702325504659,
    "1": 0.0000595719320442353516986610864698915141695899459291131435643625651602732743524369060903976368194519143695901142836313,
    "2": 0.00011768188525657291526097053796575974680919549756352561297352223892902887281207886806382718929306821944172056580501174,
    "3": 0.0000574609494314969685844884502593293487711328998387286222643915506032183790276991241234280578347165001005680371250327,
    "4": 0.000011310799383827650500927694508395340051227366150999894833102134800415891084705923921863587807131380886925894902192,
    "5": 0.000049298600782401535569359372320699014238840941301838503944368792189100837596521146488449457889762578770738231374314903,
    "6": 0.000383671749199267701528201967402996733735610000098742021371658242337917451969863063101583727304464009270198424741561,
    "7": 0.000010340880076308064288277040158955762711498490329604912675392511123041111312131881964955906330826786346954616749360,
    "8": 0.000147794088857117194508007014840883878119089513066243565111586137386722813831932519081801073538224989335335494369926223,
    "9": 0.00006936507628199225604953943172813121162519813208684310162404720083904031910627414608759748778166794520144519601223,
    "10": 0.000047828562564128838513359330550217404317352528298074437346559034826438149687167224276566726075318815944124622306359,
    "11": 0.0000139658720770858697443673979145684394821972886688336781351892298906488189470917295068158103296146047951176595490886,
    "12": 0.000024867220381023990915454867064228612159383304501650487828444503718823608863723321455226364028386038792970141904221620,
    "13": 0.0006997176707103345545169206615013271369525473495486763795189867494519929548152106663424597849451019033539861723217856
  },
  "setupType": "Multi Region Model Local Bidder",
  "population": 0,
  "id": 0,
  "worldId": 85,
  "implementation": "org.spectrumauctions.sats.core.model.mrvm.MRVMLocalBidder"
}