{
  "gammaValues": {
    "1": 0.93655,
    "2": 0.74621
  },
  "alpha": 891.09421165601588654681108891963958740234375,
  "beta": {
    "0": 0.08249592437950541146118865754033322446048259735107421875,
    "1": 0.215044030517751838527118479760247282683849334716796875,
    "2": 0.20337446437172534974280324604478664696216583251953125,
    "3": 0.213201770525684175527914021586184389889240264892578125,
    "4": 0.202351437382024823552484349420410580933094024658203125,
    "5": 0.1657536965066161993576088207191787660121917724609375,
    "6": 0.193031646075727703060209705654415301978588104248046875,
    "7": 0.173717194678985109579372192456503398716449737548828125,
    "8": 0.194534702425075811671462133745080791413784027099609375,
    "9": 0.1891174297159163852910523928585462272167205810546875,
    "10": 0.1946345590783454537753272006739280186593532562255859375,
    "11": 0.1579241870248968837575631596337188966572284698486328125,
    "12": 0.15042600890946378200396793545223772525787353515625,
    "13": 0.1805512980006759582440878375564352609217166900634765625
  },
  "zLow": {
    "0": 0.00000422160144708988000092689912463050961392998261478974662775731,
    "1": 7.8498645115684384528940845859155071381785562416392891150870E-7,
    "2": 0.00000117580106097899489295001488852304320744385520396726901470429,
    "3": 5.0391247954641647022781431278827518954533729441396420047088E-7,
    "4": 1.5587609525891481233487946107463544647703438488700684881260E-7,
    "5": 4.6067430527335778576611542788770562229955785410662370480874E-7,
    "6": 0.00000488058699337546877573744252206887786145267560119911630807379,
    "7": 1.0225727675995957376970173373622879687921555140346724913483E-7,
    "8": 0.00000119189546611442518847481049727570641496615620932903927374124,
    "9": 7.8448335657278012484030803769125736832349874639403275831458E-7,
    "10": 4.4724404282133539629706999315423567874847341831409019386597E-7,
    "11": 1.5554634930514182859144759408712709868104337328056213380578E-7,
    "12": 2.7084249827573353538160648574014800510113221629568277413836E-7,
    "13": 0.00000948936358756206064384932405449115036825352388990477692936450
  },
  "zHigh": {
    "0": 0.00016147453478665013562066495048764910048312233861956657871230223556565083476806679759795199862012338625045621397054197,
    "1": 0.000040430258570564719446388744077284640956774037294448308064726155602383587425394674693356796869795734125190620027753,
    "2": 0.00005918682292780079301178271263514700815038155935835887908760840279885193255273895579608166411414937969010014099242,
    "3": 0.000025860877669320854602665138851721169591213162986933614022066444909209175538638595177849754019076005957111823577842,
    "4": 0.000007830458050681328082434919592625471993292353551904891822785840143627201278570666823339895860989865177349123261092,
    "5": 0.0000214560760566683744730239824537638501223377626419298404549156163494711050150315452335219755139172519188970236400,
    "6": 0.000240628383915969410911729532371273357102221488106212122559955135290144797439625846695694863033237121155642388916355,
    "7": 0.000004844103028224062910576844818512514484874820635657695512345176461435471458525496996092185109507268292424971244693,
    "8": 0.000058943366965669429116980922244475078526282079106689271250172664025861477183659658046395142756676998196467859947709,
    "9": 0.0000383704483021792955002766997427316735926764456689031625578053313322965734188013734315653231533280700965643459448,
    "10": 0.0000221222359921347887021640840482563219833871468009088672690922027103034393836866314753123993399761191718243390443056,
    "11": 0.0000071228435550247706154995425929394368851292149845576773404503966710555192034946081535044110521126201170836308734485,
    "12": 0.00001219945055414069824229155514621113570929223784043819474772964577762533764497204281154012268959495727360318155,
    "13": 0.0004560125989203299311504667904071840130012776266993834512501107104806689391925755320109872649364370888655540827611098
  },
  "setupType": "Multi Region Model National Bidder",
  "population": 0,
  "id": 7,
  "worldId": 85,
  "implementation": "org.spectrumauctions.sats.core.model.mrvm.MRVMNationalBidder"
}