{
  "homeId": 1,
  "distanceDiscounts": {
    "0": 1,
    "1": 0.42045,
    "2": 0.17678,
    "3": 0.07433,
    "4": 0.03125,
    "5": 0.01314,
    "6": 0.00552,
    "7": 0.00232
  },
  "alpha": 594.8883777999056974294944666326045989990234375,
  "beta": {
    "0": 0.06462799223033181827968718380361679010093212127685546875,
    "1": 0.09384609205747496130101126254885457456111907958984375,
    "2": 0.048171693443562958736325896325070061720907688140869140625,
    "3": 0.05604272519864295087899108693818561732769012451171875,
    "4": 0.071366614217930390839939036595751531422138214111328125,
    "5": 0.043333761439015967831256403997031156904995441436767578125,
    "6": 0.07452638213607377937197639994337805546820163726806640625,
    "7": 0.0506953080018271162732190759925288148224353790283203125,
    "8": 0.04746855384525712484578008343305555172264575958251953125,
    "9": 0.05490049408677886988439098558956175111234188079833984375,
    "10": 0.0754778839916878385718490562794613651931285858154296875,
    "11": 0.091954141495324825950063996060634963214397430419921875,
    "12": 0.084626087754215040259708757730550132691860198974609375,
    "13": 0.09526203025568624749297441667295061051845550537109375
  },
  "zLow": {
    "0": 0.0000043075021607939733202527085553502693792781504420376395357436,
    "1": 0.0000014378374947362349577438175332237318016882608388719503992806,
    "2": 0.0000039680286643611532579596530426611684265752712350550717946158,
    "3": 0.0000015323681618752302806999617590486247719406403234207762116703,
    "4": 3.532865983702895651737899170331727663748479612247826027362E-7,
    "5": 0.0000014085337860293802127595490139783458892691012844553532192507,
    "6": 0.0000101047826886258431851341489713313804169069845020282738897925,
    "7": 2.800952274788468298078906109938732498188354067938769610719E-7,
    "8": 0.0000039045024225381711201096243783905983647420257084405008636830,
    "9": 0.0000021601080864457850307036534778859715968454814910779264155305,
    "10": 9.218945523748947384527569105307587407988586012183656139878E-7,
    "11": 2.135372390677419679552665409114114284505163037774011527543E-7,
    "12": 3.848326619915649052110873949157403685698519975927999773750E-7,
    "13": 0.0000143765379043793186822877904820534617024449712053179896215133
  },
  "zHigh": {
    "0": 0.0001570635864418122422404675399976352662531978503499579171466387209257195282111558240036615226496287208911773293378698,
    "1": 0.0000566286678315576363268295761735045620684655443358808257556103100112886039635302584625340779352806636261508513823,
    "2": 0.00013815552597032220279708627078771577477900180818544624099961991951291916371939019095795055463544937289393541945312108,
    "3": 0.0000545588536361692232650840523171212470863612075559866136181281772520971324771108436438439796497502528060994782261,
    "4": 0.00001311988478853442404794724574645359707456974884887731302893849691190888577168473153662440245974901430451829633511,
    "5": 0.00004835972028714051882424283260314325337797737989392127832483633567983326097731898150830371784046034373531251785464665,
    "6": 0.0003784507702642265570001488484869573553157333562754743289231727819843249947913329211460545242492685326821904229381063,
    "7": 0.000009822808207053601901247937859878353639356868799300535193252075598052434301548360989116261585156332850050478473454,
    "8": 0.0001356691810244641397998878070035527240828998521353836927392750628221293095085698048032535215302073863589167898917115,
    "9": 0.0000766623427160455550184431361239912796808457685828294734300852310222441054302261595744872179989645351363417449711421,
    "10": 0.000034615101578918971477790151869825968857708093095916389680212167757282412007565420384936708152292121488765874855583,
    "11": 0.00000836968052160787396346425195480257021494662883328145610898669331383034409235803267745388040491887661701123959506,
    "12": 0.00001480166812218558181550854709478114189701247351516528667375784157904964228212487742713194258428286902760190170890,
    "13": 0.0005682499560132798421089255355630238793086718218114214090755075067880756421646254905189470811855252530999179512340
  },
  "setupType": "Multi Region Model Regional Bidder",
  "population": 0,
  "id": 4,
  "worldId": 78,
  "implementation": "org.spectrumauctions.sats.core.model.mrvm.MRVMRegionalBidder"
}