{
  "regionsOfInterest": [
    0,
    4,
    8,
    12
  ],
  "alpha": 70.3315227224709502706900821067392826080322265625,
  "beta": {
    "0": 0.11881209680245054249869696150199160911142826080322265625,
    "1": 0.08332022032180270987300474416770157404243946075439453125,
    "2": 0.1037368554641917295366937423750641755759716033935546875,
    "3": 0.1131400822141583606406101125685381703078746795654296875,
    "4": 0.05445929334129694099342344770775525830686092376708984375,
    "5": 0.09515276828347529747276212219730950891971588134765625,
    "6": 0.110681922850090319609961397873121313750743865966796875,
    "7": 0.09852039656055104621668050413063610903918743133544921875,
    "8": 0.0840083562610548228999363118418841622769832611083984375,
    "9": 0.10930194893789914323267709050924167968332767486572265625,
    "10": 0.06866550348449414198359619376788032241165637969970703125,
    "11": 0.062318360181682623533117038050477276556193828582763671875,
    "12": 0.08867733840099807640644513639927026815712451934814453125,
    "13": 0.08677748795820401650491504597084713168442249298095703125
  },
  "zLow": {
    "0": 0.0000023430713174164655470338934922210078928813942479795911343102,
    "1": 0.0000016194799938544668429543993310974583165250799454248655121038,
    "2": 0.0000018426108979258269494637844101166173806998930120879333996243,
    "3": 7.590421194547828989662703096659645767515373838217436236435E-7,
    "4": 4.629672334572553185401455009942823639436651785816794403131E-7,
    "5": 6.414639128601277358373531677686299872040132967548853697254E-7,
    "6": 0.0000068039375957941092588399134262415926733607062257606281554713,
    "7": 1.441276560245561913574664009962958568695389268980614512388E-7,
    "8": 0.0000022062219966219213879142115405048580338238508629249641236109,
    "9": 0.0000010849852393217485437072562397399350746791713618681564033945,
    "10": 0.0000010133567300272437209732850826793509901581586330414701038704,
    "11": 3.150858501172130550387525737072202648253586438853109104129E-7,
    "12": 3.672514670785360599775940375644315451453731586599121817627E-7,
    "13": 0.0000157821829260445367293449106733444109279496088221247402958257
  },
  "zHigh": {
    "0": 0.0000981306611404870090439030881037574216612951645282164651036369816421936012502795008833518486905931310534408287960089,
    "1": 0.0000620779428051045928831470301097163575135701175324682791403061506606987459607694048381540519903303878732550675578850,
    "2": 0.000074392992977262413542210211811379243402740461496432089149875498783023060995358152239536513052442471212829614980508,
    "3": 0.000031359072363555801813073308835641441230688119368015635977324267083157854426689267581363136608092990129049459916595,
    "4": 0.0000164103038411433966489379132652868850016342653695842181562451061427352813937086660843628982914800350892249306072363,
    "5": 0.0000253476240920629445165769572168517763160247402629072428390764449443158355777352366619794657913974755541373691686,
    "6": 0.00027942541747927453921132178213426372300934500798744495689353958238528378287460396410577378427827074958766559696453,
    "7": 0.0000057437810634248827477352115599510318508779744024260698982606045004836893599577496402896733861869050614422242881068,
    "8": 0.000084720768246976647834025421866980514155354606769917590537110633934800805342515094736118581430064462004468804900396,
    "9": 0.0000444086573023244604085512189796101840158564647065363730660049360454889097070149689530950589188624501505825963611787,
    "10": 0.0000373589669084894409534059970342837363384870940506095243766890864625155779035233685953795975717603070037743578017738,
    "11": 0.00001141613885309200657596883293867683530619189903651874883874454701399149214160516961170357432812737811756958182574736,
    "12": 0.0000142742322747947164585037463742418771942781083471786528053888139725410822704656705978335783740081381234076579646152,
    "13": 0.0006104193066632363835206391413017523560738109503156239293048786174845183373297046108311928065867001348820409546393043
  },
  "setupType": "Multi Region Model Local Bidder",
  "population": 0,
  "id": 0,
  "worldId": 78,
  "implementation": "org.spectrumauctions.sats.core.model.mrvm.MRVMLocalBidder"
}