{
  "homeId": 11,
  "distanceDiscounts": {
    "0": 1,
    "1": 0.42045,
    "2": 0.17678,
    "3": 0.07433,
    "4": 0.03125,
    "5": 0.01314,
    "6": 0.00552,
    "7": 0.00232
  },
  "alpha": 680.07645423899202796746976673603057861328125,
  "beta": {
    "0": 0.040368654181310630046919385449655237607657909393310546875,
    "1": 0.0567043355352518096967884275727556087076663970947265625,
    "2": 0.086318221898871672070896465811529196798801422119140625,
    "3": 0.0978973108445224671214646150474436581134796142578125,
    "4": 0.0824548395425602487218696978743537329137325286865234375,
    "5": 0.086450270026058484429398731663241051137447357177734375,
    "6": 0.042571829108166418798031571668616379611194133758544921875,
    "7": 0.05915312845822294496311855027670389972627162933349609375,
    "8": 0.083924523907010717405086097642197273671627044677734375,
    "9": 0.061673820963133695050029103867927915416657924652099609375,
    "10": 0.045003571337044016853479178053021314553916454315185546875,
    "11": 0.045707795558529225321553468575075385160744190216064453125,
    "12": 0.054292108056164793683517899580692755989730358123779296875,
    "13": 0.0887558186659485048863871270441450178623199462890625
  },
  "zLow": {
    "0": 0.0000068960737439895556328456788793721000388550021406741062959838,
    "1": 0.0000023796316211274454470717791009477939613463264356431813318803,
    "2": 0.0000022144415882294103057089783124771760009549742409708566408829,
    "3": 8.772262185578531026106924293382997463547601014814445989651E-7,
    "4": 3.057779084178968911996571973245873470512744701883219989297E-7,
    "5": 7.060367427908886455295495648603734141366644864346436830411E-7,
    "6": 0.0000176894653537461708937773326216924598923668637787258887242237,
    "7": 2.400467092270599796410321424670604234749501468118508106907E-7,
    "8": 0.0000022084257956416886244932806426209561370765104638103016775910,
    "9": 0.0000019228742337467514596685143795513729848660105941704631737318,
    "10": 0.0000015461584049763040745609394150722649759065694503089812975038,
    "11": 4.295904726057626577271098504565897671662385401753918275908E-7,
    "12": 5.998456090652464943274176947455343184136574946329174748845E-7,
    "13": 0.0000154304045571767247050664776194229719538591857319098767521527
  },
  "zHigh": {
    "0": 0.00023472073393767971161825664971829018604050340130905191995384592273456464253337635083759277447181419975531364800968525,
    "1": 0.000084882491623293951006668423205226426858207512239017753733600063043187842630938055718419501439963838182575633831879,
    "2": 0.00008554791368636991422956602888219600201039289836291978638763189918170056567758309144084054698357052066605800740959,
    "3": 0.000034904595336647907922405972425811496318784800897806665236973044042108424699961739319326051829136488466595289287,
    "4": 0.000011694624089962643828723264155196034494862544117783494914744362898290547940179055697091944666113195137829526458570,
    "5": 0.00002728480898998577180734284912960407912400427595329999223854779546305668837288208984807503197617186843443810637492,
    "6": 0.00060599125021783638825944435799778973957952973457640277395610924654271223476400932343042263157811323505727426675948852,
    "7": 0.0000086213526594999963962421838040739688490403109998397506818163821627793228626476858236226405662440436889722645880080,
    "8": 0.00008478688221756966493139749493046345725293439479647771715651245152529944569317802051616002441301748383056763876769,
    "9": 0.00006954532713507454788738896317395332132146164167560557617612243674610510031421463535409257565541377180078746279864906,
    "10": 0.00005334301715696125156103562700607115591093941856863486018568934317568870143843883431115640090656980034983585025057962,
    "11": 0.00001485127752774849465661955124115792037641829592522117635408131058354285871479300968943430747108414285740839428954147,
    "12": 0.00002125205653439602948899845608967496039232663842636881159904142180521443611582764168827843125726394768521377663216185,
    "13": 0.000599865955597202022792286149684109186851098257609178022994687482672391710683403605253320379500035375115187080691
  },
  "setupType": "Multi Region Model Regional Bidder",
  "population": 0,
  "id": 5,
  "worldId": 78,
  "implementation": "org.spectrumauctions.sats.core.model.mrvm.MRVMRegionalBidder"
}