{
  "gammaValues": {
    "1": 0.92464,
    "2": 0.69857
  },
  "alpha": 749.524449026542015417362563312053680419921875,
  "beta": {
    "0": 0.17111443222446143241910476717748679220676422119140625,
    "1": 0.159250546465727393918854204457602463662624359130859375,
    "2": 0.1528202247702582228239265305091976188123226165771484375,
    "3": 0.1412701762363555435531026205353555269539356231689453125,
    "4": 0.206428297153897044591275289349141530692577362060546875,
    "5": 0.188323397421263527551360539291636087000370025634765625,
    "6": 0.19547937679457338955302247995859943330287933349609375,
    "7": 0.18008106861880135429743177155614830553531646728515625,
    "8": 0.10726424871653598980270061247210833244025707244873046875,
    "9": 0.0802999679000964139419238563277758657932281494140625,
    "10": 0.1010606697281908050722876168947550468146800994873046875,
    "11": 0.21843389785276412506931364987394772469997406005859375,
    "12": 0.132291304470122994541014804781298153102397918701171875,
    "13": 0.09384420964982244373064901310499408282339572906494140625
  },
  "zLow": {
    "0": 0.0000016268950114900608830838292983629474475140161496501215282042,
    "1": 8.473153335379328233451979789099883780942168500617226669496E-7,
    "2": 0.0000012507942628813414416773892560243319483715057223174217773143,
    "3": 6.078996295399440931906872615482736422034501974785018657446E-7,
    "4": 1.221386249941334230466295053143506594863236727932511368093E-7,
    "5": 3.241077205401958778025342942297652104141958976463821990005E-7,
    "6": 0.0000038524416662424018667817151335712951006999741065543379676381,
    "7": 7.88506750642386547435101994921765796893049183547084214388E-8,
    "8": 0.0000017278924310837749833176791047515628529284192627404497907238,
    "9": 0.0000014768499207155679579150765175189695178434741595564317313508,
    "10": 6.885235400068921207441664640389578519931934698699007241178E-7,
    "11": 8.98927945194275363757637901351367033413202238236385062322E-8,
    "12": 2.461755347778079729207328290964310959548827051458567199238E-7,
    "13": 0.0000145937420532327326899466388827867652745541591865865283043274
  },
  "zHigh": {
    "0": 0.0000766453719626948691254011622880156083002738215783323769204583846564483864894364063528501947751694616193338603809,
    "1": 0.00003891300299560857229487098954409225936064422467157399378567840293764055225540813627777144424587776106910297274890,
    "2": 0.000056638493925927848308618357188610680432888842803316740480574616112289330483488369114417623113438855164992160505921,
    "3": 0.000026824797666110637639805817392110713194245503777718383240358990937234849553364162587368149999056478262020142904643,
    "4": 0.00000618544558724973978413243339488893386791402019593136905113021259376954419529893253250819203713641257112556250036,
    "5": 0.00001582693832246498877553239101068583301233021828965214771732994407302883799196514678326238486592733080796484505104,
    "6": 0.0001908805395927233174495758333541547958295230444112562512585421872680159276342219066519988948771806394395572575493,
    "7": 0.0000037854716346153566493165255148274535354709541461254790042583927148041455486338797576345791411029626729833027638,
    "8": 0.0000703708812808322556961294487943816587284916587643821605504979444244675463693728660343531683614085961254002594062973,
    "9": 0.000056164597744139042834785827312981217310785548637184632904694246585442805437315487940455947034733867795229343705,
    "10": 0.000027613971207878892946532438475071942193538139155462442984109941771581073785509523347338095177581102468895277270848,
    "11": 0.0000046603471851584410160791694315143284616707464346685767133258738709955466861851267310229534688089464304857945226,
    "12": 0.00001064195430577287384679791012020186371856339474175698895022074948234371467056212614354802744511437779593517971493,
    "13": 0.0005747660804788822623386909875850229864719474612494775695599283521584816570856945505917320467152180408539105389811898
  },
  "setupType": "Multi Region Model National Bidder",
  "population": 0,
  "id": 8,
  "worldId": 78,
  "implementation": "org.spectrumauctions.sats.core.model.mrvm.MRVMNationalBidder"
}