{
  "gammaValues": {
    "1": 0.94326,
    "2": 0.77304
  },
  "alpha": 861.878540290492992426152341067790985107421875,
  "beta": {
    "0": 0.09087577754481417080523186768914456479251384735107421875,
    "1": 0.19745937467037333323816028496366925537586212158203125,
    "2": 0.1407594299685618055573144147274433635175228118896484375,
    "3": 0.1480220847510712312011804669964476488530635833740234375,
    "4": 0.12438156279349533994693643990103737451136112213134765625,
    "5": 0.16947789937442536700729078802396543323993682861328125,
    "6": 0.193233340538318199008926967508159577846527099609375,
    "7": 0.1598560109673738960367472827783785760402679443359375,
    "8": 0.0987520473555967559509127795536187477409839630126953125,
    "9": 0.19132589666675337003454160367255099117755889892578125,
    "10": 0.166809272717757306470076628102106042206287384033203125,
    "11": 0.21136247252976947397229423586395569145679473876953125,
    "12": 0.1932912743670616995128597181974328123033046722412109375,
    "13": 0.10776821877204810495864961694678640924394130706787109375
  },
  "zLow": {
    "0": 0.0000030633599370596690726697384226753951987195483035462114934514,
    "1": 6.833579318275410991183749735843223684357878809503420370970E-7,
    "2": 0.0000013579669968652763163161939385722293674731721779151280643705,
    "3": 5.801707761618433184742342320698967915421611152729196003686E-7,
    "4": 2.027058336299976403405624036027748202840523823637549509920E-7,
    "5": 3.601476492680777725510425421182447646555406504790930602031E-7,
    "6": 0.0000038972202931262690233707506908013371688360825034716522726676,
    "7": 8.88268995388609173364176867612052462535052731593170143869E-8,
    "8": 0.0000018768328196355706919308439511893744208799490823052097247697,
    "9": 6.198376868620083419532311673470160878717142351690548866856E-7,
    "10": 4.171389812031356486589059502108217308085098142128945939746E-7,
    "11": 9.29002829155992045550463358002756065631305517800483889398E-8,
    "12": 1.684860464137743333975680783686988227194263501429092010194E-7,
    "13": 0.0000127081824718274048250463104241877480319678725068503269037018
  },
  "zHigh": {
    "0": 0.0001197393197297831148129784360173890408364397861952150758778718400350200090735004386773031487584928745071969191463560,
    "1": 0.0000339942809442968205680662993843222790708913555982325748901020070112045302656427750126418913856888628449214994417,
    "2": 0.000059853675945445894547782497665047603005938836471247929092260712971697345935978888896325022223475296562709473169964,
    "3": 0.000025992932064767614398312226507759407674406831311550915279077265291895865753112774812768453427414850511119659087669,
    "4": 0.0000086024618463256663029504203435416586918458814830464834766114770228368162342987972446794133478206252859251912799432,
    "5": 0.0000169081361843014456179876384473402196395705608746334735534093021417060899841373110113396907537267322850349304051,
    "6": 0.00019222389839923933214724690007105605787360629631877568040942799765034390773367942703046800841933188188174761261,
    "7": 0.000004084758368854024527103750132898313532396964790263736792701155141736946887236054101119582196576522065672818970,
    "8": 0.000074839092937386126954524394187516005767037553351324958571876194920099730675413669219369655964260773735178502748581,
    "9": 0.0000304542307285322543559304668078226144116327509055633275647379620580627624640503679012306609372686769819701212891,
    "10": 0.00001947243444376619878397462306022785855799762948575225907981596402448835451623623300273720065308458099531254178656,
    "11": 0.0000047505718370435910614576458014684955583250562733608731945532586080005461677435741492805863769373543173810959026,
    "12": 0.000008311269654851864661102967598369895521499704091668563383089821111535460024022227231385256158736870211006001312025,
    "13": 0.0005181992930367224263916811338270524691943588608573915275411625152598265725338189767085534851913677033332897445384116
  },
  "setupType": "Multi Region Model National Bidder",
  "population": 0,
  "id": 9,
  "worldId": 78,
  "implementation": "org.spectrumauctions.sats.core.model.mrvm.MRVMNationalBidder"
}