{
  "homeId": 13,
  "distanceDiscounts": {
    "0": 1,
    "1": 0.42045,
    "2": 0.17678,
    "3": 0.07433,
    "4": 0.03125,
    "5": 0.01314,
    "6": 0.00552,
    "7": 0.00232
  },
  "alpha": 712.400304505142003108630888164043426513671875,
  "beta": {
    "0": 0.06480735280353856764268272172557772137224674224853515625,
    "1": 0.09837424008440089073790346674286411143839359283447265625,
    "2": 0.09237016668771926009018358172397711314260959625244140625,
    "3": 0.09925679812130472345899079300579614937305450439453125,
    "4": 0.0783467257892746238301384664737270213663578033447265625,
    "5": 0.047151361128996309435290612555036204867064952850341796875,
    "6": 0.0716993368522043927892894998876727186143398284912109375,
    "7": 0.06459779595280566721893222847938886843621730804443359375,
    "8": 0.0733588120651522401782784754686872474849224090576171875,
    "9": 0.0755538234895516136457871425591292791068553924560546875,
    "10": 0.05125858017539096367354289895956753753125667572021484375,
    "11": 0.0663519387836632723587371174289728514850139617919921875,
    "12": 0.06963240598310287132743923166344757191836833953857421875,
    "13": 0.04977483719530449712831199349238886497914791107177734375
  },
  "zLow": {
    "0": 0.0000042955807348565273188255925490714832091946904411279275545925,
    "1": 0.0000013716541015100807690448335276826600317591129573905994215855,
    "2": 0.0000020693549362219485995125229985765208455732472909290439342370,
    "3": 8.652111434641378412116170152756243963818577385399574483413E-7,
    "4": 3.218113854824156428548378081262675022849077544905805734583E-7,
    "5": 0.0000012944921546507727289499972834272620820381129605592437351095,
    "6": 0.0000105032058749279690606528875539724885733127588004476071832773,
    "7": 2.198142152908120161956617440677911733005324065549767997129E-7,
    "8": 0.0000025265006107048582979612671805046994477794904781043800024751,
    "9": 0.0000015696227636066633482535143030859189964568602840690356218622,
    "10": 0.0000013574829782376149616034641254159158667710352783193270163866,
    "11": 2.959315711900599764696787520084466722409024172390859352731E-7,
    "12": 4.676972189111070882643212194178926335195788986426363332515E-7,
    "13": 0.0000275146693789326552631144025581118668841519328736708119326746
  },
  "zHigh": {
    "0": 0.0001567059436636888621976540598092716811506940503226665577121060013961930094866108155439060360414005232388148957843859,
    "1": 0.0000546431660347730106658600560072724089705911078914402964247576053519921002803970018387681338434058984459443419679424,
    "2": 0.0000811953141261460630436723694651763473489410898616654051882567271779569838344648909514810963785518795458234499250019,
    "3": 0.0000345441430838364500804337100039312358195977300095620507182585391728921380895494381033788103744411789679213935998,
    "4": 0.000012175628401898206378378682479246439151871542646851252150599893820633845681698454602218771254211730720170838725190,
    "5": 0.00004493847134578229430995628068661073916104773017703799380059909008047099666159332242386005759288574347090691732294853,
    "6": 0.000390403465853290333265711005966190600007906585228054327727718686230571034763526235753738998241151206814724769746928,
    "7": 0.0000080143778414125574928810718520958913438077787921335303524821784298340676613069404178051523020986258135546972007481,
    "8": 0.000094329126669464755135437091066975756574023795225300066903037618238134399215643841704826435030563248380564052713401,
    "9": 0.000058947783030871904544938960879989701669187132372562749620033655836913383060573918654013430772702387467212793533690,
    "10": 0.0000476827543548005781723113683163806826368733934089452317521753256018099552821621036680547424577780119966706274821702,
    "11": 0.000010841510485277414218896618287713627528658212237131999584550192876878445847958060899458464291615964404751914072902,
    "12": 0.0000172876048297718473071055618298457098455042805466603773500511797615284419507707192448777665904929634386457978586281,
    "13": 0.0009623939002498799395337238978447760347598806718620060784103443492659661174554656324297967225168804916648669996917201
  },
  "setupType": "Multi Region Model Regional Bidder",
  "population": 0,
  "id": 3,
  "worldId": 78,
  "implementation": "org.spectrumauctions.sats.core.model.mrvm.MRVMRegionalBidder"
}