{
  "regionsOfInterest": [
    3,
    9,
    10
  ],
  "alpha": 93.868403527493995852637453936040401458740234375,
  "beta": {
    "0": 0.113675294169206908545532996868132613599300384521484375,
    "1": 0.1075077998936825596221211753800162114202976226806640625,
    "2": 0.061432737367001326311832798410250688903033733367919921875,
    "3": 0.0877273594270128465044678023332380689680576324462890625,
    "4": 0.11562619046084054996725853925454430282115936279296875,
    "5": 0.09617993022906327904575363163530710153281688690185546875,
    "6": 0.11936349766560748475452413686070940457284450531005859375,
    "7": 0.0817706156780531878691675728987320326268672943115234375,
    "8": 0.11565800707855876383600701728937565349042415618896484375,
    "9": 0.09109246568794848730732383046415634453296661376953125,
    "10": 0.10089931362613703547115306946579948998987674713134765625,
    "11": 0.09367583125954447031968896908438182435929775238037109375,
    "12": 0.0652560385704694378983248270742478780448436737060546875,
    "13": 0.0876749158647729120996672236287849955260753631591796875
  },
  "zLow": {
    "0": 0.0000024489509194984005236951314637840875246663849358547404840852,
    "1": 0.0000012551222332532826375947279885701771588313477164012480514277,
    "2": 0.0000031114788073492346840193360954863320551008733729962198309568,
    "3": 9.789202406185695159645474287147619693376356581648846947728E-7,
    "4": 2.180549949260525417511868093361126833429144759204080833327E-7,
    "5": 6.346133431083232345457434249491107415151729966913771742508E-7,
    "6": 0.0000063090719590357435378436038690561329317639475973619300814317,
    "7": 1.736505676169568875340382370665647097950569260449328716776E-7,
    "8": 0.0000016024924530931977393874570435792980802738172222520475066751,
    "9": 0.0000013018749721077053217143156412042744268123797964072797347793,
    "10": 6.896246126563991836639604659254113366805687391047620101918E-7,
    "11": 2.096125887727898663924318810529267548783092267176005567758E-7,
    "12": 4.990631263835859205539623724302007089987187178965109917291E-7,
    "13": 0.0000156206387575134523849961236529079938851731721512326684418404
  },
  "zHigh": {
    "0": 0.00010130704920294505834374022725064981061484488516447094559688707913672253262713178690451579599263999518335664790907,
    "1": 0.000051147209987069066722356889833897922782758150661759755320022873728678661597231211175165195577099771141774871206680,
    "2": 0.00011245903025996464557887676237247068363476987232368068208985154873115416527172889947681493130888556014867707802051684,
    "3": 0.000037955415998469400323021622407105363008271067598309868111204659512180604127772133210988661911288255128465686689389,
    "4": 0.0000090629366852073133452691525155417945836117442897460774468323766886052738652509152360681387299090399937666719418,
    "5": 0.0000251421069995088094778286649322661989453595312610019969748402510684749068516774899123726232774102381500228097411456,
    "6": 0.0002645794483765235675814324954186999307614422491354840146723509737985516965464509886166731129643921493657378323325059,
    "7": 0.000006629468411196903633032366642059097438643514376832212511423206461245549053788846677006763195597012646938398817843,
    "8": 0.0000666088819411149383782227869592137155488535975497300920290361072293828654848124488256824542917127693764126220361551,
    "9": 0.0000509153492859031637487630010235403645798527177427100730075484838966724311644844511415623250922147194893838368749,
    "10": 0.0000276470033873641048341262585316655467341593972325082815663310673240579736957233219128799553426597787114499272830871,
    "11": 0.0000082519410127593109165792121590480300077804165214874382296338527684463613628104711104562368540041101394482798822349,
    "12": 0.000018228582053946212275794796420214952109878475124276617104380356961494081469892128718642844314150010267914769770507,
    "13": 0.000605572981607303853190175530688659844790517850188861773685319503723842842814807403212416771795098756647836094745334
  },
  "setupType": "Multi Region Model Local Bidder",
  "population": 0,
  "id": 2,
  "worldId": 78,
  "implementation": "org.spectrumauctions.sats.core.model.mrvm.MRVMLocalBidder"
}