{
  "gammaValues": {
    "1": 0.95434,
    "2": 0.81734
  },
  "alpha": 1082.731383665439125252305530011653900146484375,
  "beta": {
    "0": 0.096132167794280132255835269461385905742645263671875,
    "1": 0.186059613236349619125320487000863067805767059326171875,
    "2": 0.09068373559503239977885868938756175339221954345703125,
    "3": 0.12693312305771675685406307820812799036502838134765625,
    "4": 0.179175580192774741572492303021135739982128143310546875,
    "5": 0.09082561600500314857864481155047542415559291839599609375,
    "6": 0.193581228901384516660755252814851701259613037109375,
    "7": 0.09549564453562398025354696073918603360652923583984375,
    "8": 0.1256828833418401625277027733318391256034374237060546875,
    "9": 0.090047088197416969013175958025385625660419464111328125,
    "10": 0.20826642201978984303423203527927398681640625,
    "11": 0.183716484790367340362848835866316221654415130615234375,
    "12": 0.10403340897506517526149849572902894578874111175537109375,
    "13": 0.1361029521288452948102332129565184004604816436767578125
  },
  "zLow": {
    "0": 0.0000028958591340170980476024596843964618840028028142215825730194,
    "1": 7.252268643775948452072481959688905467835672632479837809853E-7,
    "2": 0.0000021078384027813136217863680019891171629097735660808715941882,
    "3": 6.765616864250177007673905574663887206488606126251833293925E-7,
    "4": 1.407159856668575212944112847121445403011367293400608040468E-7,
    "5": 6.720248069578618047227815298932519480206861036730145532268E-7,
    "6": 0.0000038902165273377213531327017824694418756207990004268091684012,
    "7": 1.486927900841063076160629385623776307912586423805634133120E-7,
    "8": 0.0000014746724339470140692939104086654783470062254439114539055510,
    "9": 0.0000013169887400103834084673988401303570073849385834706776523463,
    "10": 3.341040259966122960065857801327604381312583568284021608234E-7,
    "11": 1.068800849208589295199436771490261670902464733511126591297E-7,
    "12": 3.130425403265599752719562896752768206193857324333939238834E-7,
    "13": 0.0000100625164068630555744877539395372722427223153071179024002441
  },
  "zHigh": {
    "0": 0.00011471429563850598406096007386902104139493742151547620826491204712635555369876367340750899914955267774424083888,
    "1": 0.00003525034892079843295073249605585932442132473706716182720675151210638367640860289513769113605767098835858491928606,
    "2": 0.0000823498181229270137118877195675542368690368781162202349867924349751267798710660644952834252478294669446006158657,
    "3": 0.0000288846593726628458671069162696541655476078162321188271497956296492455785967687863354810736505104731513629116591,
    "4": 0.00000674276640743146273156588677682275029235841189233565906825615602661077482545469346960495524726021328073785155509,
    "5": 0.0000262644509149949665831398080805904351405249244704511183441188609998344074339401067544250455654149915491590529631305,
    "6": 0.00019201378542558290204010543282109919907714779122743038728143528975360541977184812884207123568305676856717047647,
    "7": 0.0000058807350852113862354931076869334850685295658669011287604540729056330624860965639202130636098934508626109613765,
    "8": 0.000062774281366729428275416387911799123550825844199512283995312294765879649970706338168148874363785084036155612444120,
    "9": 0.00005136876232298350635135549699132284199702948135461201053455759946957797034907508138102457612152279311192334044961,
    "10": 0.0000169813857875704982044050179578860197776800857642174860852772011114745026340255614761270264348273995788,
    "11": 0.00000516996589720138281040456604193101237413853392049280130024953576075038061337723299006795631719909555624153338998,
    "12": 0.0000126479644722354339173346139375672354584984855603831050690097685766747776323957423450755282942198527221020100389676,
    "13": 0.000438829311087791948874924439287538195516992144865418792437429749755536587285256142947849960865169144622617012941788
  },
  "setupType": "Multi Region Model National Bidder",
  "population": 0,
  "id": 7,
  "worldId": 78,
  "implementation": "org.spectrumauctions.sats.core.model.mrvm.MRVMNationalBidder"
}