{
  "regionsOfInterest": [
    3,
    10,
    12
  ],
  "alpha": 77.0108687894830126197120989672839641571044921875,
  "beta": {
    "0": 0.09851296590642265316173364908536314032971858978271484375,
    "1": 0.08486827073671376897578966236324049532413482666015625,
    "2": 0.11439880801647574204427115773796685971319675445556640625,
    "3": 0.058619652179134333624954678043650346808135509490966796875,
    "4": 0.07639673936614170546288704599646735005080699920654296875,
    "5": 0.0992216346530674642156810705273528583347797393798828125,
    "6": 0.104008213639193936028704001728328876197338104248046875,
    "7": 0.06586273791431955515474072626602719537913799285888671875,
    "8": 0.11539020955698096881913983224876574240624904632568359375,
    "9": 0.062429005451690444683521263868897221982479095458984375,
    "10": 0.082962453413573500338173971613286994397640228271484375,
    "11": 0.094234596534612691254295668841223232448101043701171875,
    "12": 0.0634340614149035975088963823509402573108673095703125,
    "13": 0.11276574700403670103998621243590605445206165313720703125
  },
  "zLow": {
    "0": 0.0000029517131396943813267794824988300353169058623603857956839092,
    "1": 0.0000016607414255558319864706380903424507321283154376176167111598,
    "2": 0.0000017452859411660584256002371365753015946392862540174882468706,
    "3": 0.0000015302433590677468361866702000937423819380777482110891409679,
    "4": 3.447218472799601122794771440596946447539313122127711932899E-7,
    "5": 6.425525540096357406323041501552424052761722701642823065240E-7,
    "6": 0.0000075629417377291215182697041616825468651198595143160852155372,
    "7": 2.251930948721313044523956828536907319462438396036110450293E-7,
    "8": 0.0000016777378811141538350803807834996681306857283752832770073063,
    "9": 0.0000019842057067360968128962913031952198065719919150277467584807,
    "10": 8.760739224678397011488827150413100954918317409405142159246E-7,
    "11": 2.176486194644429274947429634744946136343710340184172498379E-7,
    "12": 5.362595575776024824707002682689872629371610254595189260199E-7,
    "13": 0.0000126858134492130931475535978344261503045853020027729087059863
  },
  "zHigh": {
    "0": 0.0001176295957804566751829657540323471417485772690294573041334221699513298341784496271269748853013892248829831984189412,
    "1": 0.0000639166680594497919959080679669683523966152179812688723678477840343536006864790297022826874032942233784154784278,
    "2": 0.0000723244413667127622587239940890472406194880966378907100802884973334989889016962744698264385339439625001493841008801,
    "3": 0.00005487753411783055392279777513041654476917662129318290653294368991438033888998938737060129840989583850173425350318790,
    "4": 0.0000129752179304450051385470539068967573410286655525347034127926332376852252225232324123851261869816321135469288090630,
    "5": 0.000025652088096223019919241092342734080735611525848098387187025622606383667856147258827147180673473083812765141425402,
    "6": 0.00030554905813172435599508336081961642433030035458676348734891010080270540404939299034484487091749372179851960283228,
    "7": 0.0000082389762249317074397740189974927163837965721162188491416527390974743183770502404633178268028076032399325122089025,
    "8": 0.0000696915890017693584859723153514741397686776107399199559486134847571119456562773077023108804444227776117659169683039,
    "9": 0.00007191337009039321235008821778954429076116907923867402201793680241056036519591355707759025017840170129448738419291,
    "10": 0.00003355034187199366642327815431923977703617770222147752992521136628950088109503155981139598052777428509188548171163,
    "11": 0.00000858046156808801080856151978721719560656332220442809849435650907558409433174010069593300229702665054517660693786,
    "12": 0.000019489498898298741248548433747636812442544846429962818817859365055509432779777668949984063470256979385236232793,
    "13": 0.0005236269264718297791574051606488823866673459664451944296383717537266384873838142794901483927777314295976972524619533
  },
  "setupType": "Multi Region Model Local Bidder",
  "population": 0,
  "id": 0,
  "worldId": 111,
  "implementation": "org.spectrumauctions.sats.core.model.mrvm.MRVMLocalBidder"
}