{
  "regionsOfInterest": [
    4,
    8,
    12
  ],
  "alpha": 90.961270627040477165792253799736499786376953125,
  "beta": {
    "0": 0.058066251757629756824474753784670610912144184112548828125,
    "1": 0.06646550225287346791436249304751981981098651885986328125,
    "2": 0.06335166012567054749649031464286963455379009246826171875,
    "3": 0.1027919250950903029551142253694706596434116363525390625,
    "4": 0.07509270888224219009376980693559744395315647125244140625,
    "5": 0.050315866365950971672571512272043037228286266326904296875,
    "6": 0.05917680968168105570814674365465180017054080963134765625,
    "7": 0.112519663403302383475335091134184040129184722900390625,
    "8": 0.11474826653882751192892186509197927080094814300537109375,
    "9": 0.1127751226438258036477435553024406544864177703857421875,
    "10": 0.0593146692436694322747570140563766472041606903076171875,
    "11": 0.05046744640614624077823435754908132366836071014404296875,
    "12": 0.116752960620035539651695444263168610632419586181640625,
    "13": 0.1013192843912770479963825209779315628111362457275390625
  },
  "zLow": {
    "0": 0.00000571310349124662153316449782532654533668911915103446831547940,
    "1": 0.00000241924260418871569399361469107662933147018238777410131513753,
    "2": 0.00000359549285925853183965372443416065520946486207252666909874104,
    "3": 9.9557293569794245617184786086820905699867366626990061580776E-7,
    "4": 4.0010520500604164317819414218719212212561393398047194915123E-7,
    "5": 0.00000144556764020576905385022843768619943497413148647133863237588,
    "6": 0.00001516474755635928024430658338599968301370670620313553022073166,
    "7": 1.5038162261485824092342809134398516789778193908866831484425E-7,
    "8": 0.00000192475421748630622628493660900362483763352056758817227029141,
    "9": 0.00000125310696401646276511334944457549613598770723711724572172655,
    "10": 0.00000139794011630923930130579501414227220844749001333448419665551,
    "11": 4.6364256809856957848763331769472024234468277426689709066341E-7,
    "12": 3.3239769430219249961072665861716652995589210181902988890274E-7,
    "13": 0.00001610763385336413381712645215468349360600894627031482876640628
  },
  "zHigh": {
    "0": 0.000204566955301410629758231950489999369207555776520809622552969564018522789313439368908554167046310701220831274359283269,
    "1": 0.00008865689560155672665820223512302166082781622129737161747465515355260773493905689636252805347733805482872614404023624,
    "2": 0.00013064282993815814692437756900304940779959098654946440156474193094234394248672177968384933530502308720497457246442877,
    "3": 0.0000401008739342344792530116532900191006755560042255452805101643491928388337064461729622931391717647922294005189774453,
    "4": 0.00001500765451836010086329254976788036570775097288196770953894212072853483498963938227511010657218341951523899454763974,
    "5": 0.000050640528026926728684727084836883307168611275532511543935043104603245448504730642354269826616820764868567909387966210,
    "6": 0.00054468256469211950594533117546360134556207780454017369498696597570547500592814725248364690241075478660272120426079282,
    "7": 0.000006203537634312376716996604710810076189144398176233452893632287760059377225228871157828133779705675280048417767412,
    "8": 0.00007982884752157429121795264185481212400223928942923586612608548758711171475141282934025419975665788457954519549239719,
    "9": 0.0000517251380757727626042603365828256408254555147302908247282631163253161851807616646888755042473313901180418186005429,
    "10": 0.0000502300390514111095685663132376391254678624199308338152518948211837834811956741473319203085862571540617817880926056,
    "11": 0.00001624916268866934425238579512347088530341231199365327751957866808600407042580403732966096748267346713440396710656512,
    "12": 0.000013852772320371224246820840116782810272362061623111860414339165726282889041323911326957821638040033272333151213737,
    "13": 0.0006464304091268802599120288837660342802989058559073839310925467347611773474853530191603896938012940115579130474281070
  },
  "setupType": "Multi Region Model Local Bidder",
  "population": 0,
  "id": 1,
  "worldId": 81,
  "implementation": "org.spectrumauctions.sats.core.model.mrvm.MRVMLocalBidder"
}