{
  "regionsOfInterest": [
    10,
    11,
    13
  ],
  "alpha": 70.668336525908671319484710693359375,
  "beta": {
    "0": 0.118457570767853959115001316604320891201496124267578125,
    "1": 0.060984923093882224820472259807502268813550472259521484375,
    "2": 0.06283512180506979627470087734764092601835727691650390625,
    "3": 0.0744821254626393536302231268564355559647083282470703125,
    "4": 0.0904239510722357753280675751739181578159332275390625,
    "5": 0.09709124801739572874215156161881168372929096221923828125,
    "6": 0.093851377742821318062027557971305213868618011474609375,
    "7": 0.0916195927941067245203754509930149652063846588134765625,
    "8": 0.06434192855486033091327868760345154441893100738525390625,
    "9": 0.07459255526046011663954260484388214536011219024658203125,
    "10": 0.11766731185507793566724643596899113617837429046630859375,
    "11": 0.0881601818958040184259772331643034704029560089111328125,
    "12": 0.09677898415341941451561780240808730013668537139892578125,
    "13": 0.070222843940846269017441727555706165730953216552734375
  },
  "zLow": {
    "0": 0.00000280048378073057955824728980363445383456876564234974396215407,
    "1": 0.00000263665454675440950301142601509006456235737815774123905839579,
    "2": 0.00000362504973429754143818833623950688008907097651271530993905393,
    "3": 0.00000137397876332483006778216210653401528164878096544624853718082,
    "4": 3.3226798127618732823663083906919739843780765445111581842346E-7,
    "5": 7.4914052185738435851826104658110646865754836826167981415454E-7,
    "6": 0.00000956194146102509531480530038173919850626855398867600779577614,
    "7": 1.8468636502993388679838705708424004965760339865442529187527E-7,
    "8": 0.00000343263273157153933824471942939416936170253894791395794045041,
    "9": 0.00000189454954397706582520118416540618146956117930632793816774346,
    "10": 7.0468471076711320032554194381911406452749089606129365906059E-7,
    "11": 2.6541297844391399723989363575512336852065625003227577984182E-7,
    "12": 4.0100043674289079496214865404599172733384400165081840655021E-7,
    "13": 0.00002324049901246273478280066526624007833294104543957837336405109
  },
  "zHigh": {
    "0": 0.000117188363985929370510715709839236624143945171260267891953209788581886908907641106782011446047524356152738259125884,
    "1": 0.000095179253878527540928736574843424717754432094396385749772403075264380223468093183064253425093101744764260381404041064,
    "2": 0.00013152953618932843488041592316343615418777441975512362677412868022440993798872013189379258361755051847353006851769652,
    "3": 0.0000514530487630411076013210806599932874150592232008357181513561373296700775082634045009387695940144027299480657583333,
    "4": 0.0000129725378064644714150456506743405239971167844960870256171089530694515843290265909199053351808405376305437322375,
    "5": 0.00002974771447647518782476806310373051817911378198622177938840273355696165617088314912608148533362895462015410202528660,
    "6": 0.000376598381832093958060292685335786810338933238106388022238300447804521632012117671503018605873329353364378531068661,
    "7": 0.0000072326799067646460932453736830177226419390419632061622045630884205965578298174618090116758113652945477324417123363,
    "8": 0.00012506520294413128457674612646652845972430984083900943623085545066068010334312047855409198725269924049949442574694412,
    "9": 0.00007096841547459085440689537820774620083265967680661159810877046276966734460623663481439562795943248817730027834773581,
    "10": 0.00002943237688514732653915872112794438115026244641263809912404734398107858234089822557769375723538757464875555462365612,
    "11": 0.0000103022749990296768149536046652829790886915162666146381949311091319622254099377443328438230827854563275563565287366,
    "12": 0.00001591085459359217310736349997964756619370061861806551594376328258554096901293782410620925519593976897812354162938482,
    "13": 0.000860416363899838288882255277112731822106868830985290269021891026421593072435363722932201396531060675749522023712462
  },
  "setupType": "Multi Region Model Local Bidder",
  "population": 0,
  "id": 0,
  "worldId": 81,
  "implementation": "org.spectrumauctions.sats.core.model.mrvm.MRVMLocalBidder"
}