{
  "homeId": 11,
  "distanceDiscounts": {
    "0": 1,
    "1": 0.42045,
    "2": 0.17678,
    "3": 0.07433,
    "4": 0.03125,
    "5": 0.01314,
    "6": 0.00552,
    "7": 0.00232
  },
  "alpha": 500.40335315952137307249358855187892913818359375,
  "beta": {
    "0": 0.0416311232042899936889313039500848390161991119384765625,
    "1": 0.070885732191809103230895061642513610422611236572265625,
    "2": 0.05390250400982422862572462918251403607428073883056640625,
    "3": 0.074262223994060183596133128958172164857387542724609375,
    "4": 0.07046417728437426308829572008107788860797882080078125,
    "5": 0.0625567179352783664381121297992649488151073455810546875,
    "6": 0.058369155809264772205580129593727178871631622314453125,
    "7": 0.095761643015271291634604722275980748236179351806640625,
    "8": 0.0788853301751014368559111744616529904305934906005859375,
    "9": 0.09359069612633823254110865264010499231517314910888671875,
    "10": 0.06331548252061647286126344624790363013744354248046875,
    "11": 0.0406731752032095938975686522098840214312076568603515625,
    "12": 0.08860757882112235694904711635899730026721954345703125,
    "13": 0.04102555698359992841783849826242658309638500213623046875
  },
  "zLow": {
    "0": 0.00000796852162773102720754580671874978231582074000970877409325306,
    "1": 0.00000226838560859970450776413653006098210740511602970314491156209,
    "2": 0.00000422578590342494720670207417656187269695050967886109447399814,
    "3": 0.00000137804731839363447754623451130183891291414054857169881722721,
    "4": 4.2638663842671616793557739250888956395309638162854633917795E-7,
    "5": 0.00000116270467198724709971606816627543553550792167152158785682263,
    "6": 0.00001537458213282860234453994682785825074965008032325207933999841,
    "7": 1.7669798706323249279721927807520989109730463643502762915045E-7,
    "8": 0.00000279978811623915526814002672175822366361705180635456184033923,
    "9": 0.00000150997158266695287282782011850257156961466253106873320193565,
    "10": 0.00000130960631302683103271727708169109223048826399214702963077191,
    "11": 5.7528964336367136758217661910902988268884650016192996854614E-7,
    "12": 4.3798076224833384780360747437581155642071113738976356214752E-7,
    "13": 0.00003978042116312922231930220334478555920688819021681230788992389
  },
  "zHigh": {
    "0": 0.0002722294993959427999896712172926964785815044022810387958861793544795919254106750301360289856124599931844879018993714,
    "1": 0.000084131185733886391071317890292552244105864230555242925367392043217894197108562546537273400893307221475950174847737,
    "2": 0.00014955162126315060793582806127508593242416041473949716282245513873451705913283401478840442764254607132174492532400017,
    "3": 0.000051575105415105239894243252803027996353020010694599226552747862284982438048384130608851980391380980040434375918840,
    "4": 0.00001579609752098033660601404727753128896257544631140994123974369052674131006327845149418090177181468491398825991477,
    "5": 0.0000421546389803710700607022766945603901846249810840190206684455088972699220777029639770039024861102751086325690478375,
    "6": 0.000550977601986199168952332078719358377640379028143670168564968485553532349517617434398965765658057637946186447377929,
    "7": 0.000006993028567763604273210340312746817885130079096624232322818369739329586571611670746643969240878076086322251563838,
    "8": 0.0001060798644841597624736053452374500887817452265922275532275198610170657612624043816004703377707613709429214215873423,
    "9": 0.00005943107663528746583569445680063790383426417354883544913453605398851331216783090708187183441421731831432423180740629,
    "10": 0.00004758002495293886151091077526410372612908563929521017827538697103446358766927813442831689026150669806383743755204,
    "11": 0.0000195985749466223979252220941659001745137372237705042638560605608945918259142940374661329135386036681613677668276904,
    "12": 0.00001702026435875546469260726458954216106630663269023387061168262848805600245710473446573619548906032233145033464917,
    "13": 0.00135661402841983291497730141946909624832528317430230830479807505603160341263338889119660576229967924120602403053140385
  },
  "setupType": "Multi Region Model Regional Bidder",
  "population": 0,
  "id": 4,
  "worldId": 81,
  "implementation": "org.spectrumauctions.sats.core.model.mrvm.MRVMRegionalBidder"
}