{
  "homeId": 4,
  "distanceDiscounts": {
    "0": 1,
    "1": 0.42045,
    "2": 0.17678,
    "3": 0.07433,
    "4": 0.03125,
    "5": 0.01314,
    "6": 0.00552,
    "7": 0.00232
  },
  "alpha": 628.44686639288875085185281932353973388671875,
  "beta": {
    "0": 0.060907569044307587058373343325001769699156284332275390625,
    "1": 0.04647375002249477804472377329148002900183200836181640625,
    "2": 0.0650646752830288388480539651936851441860198974609375,
    "3": 0.05913020048455404353848763321366277523338794708251953125,
    "4": 0.098506256579231121772721735396771691739559173583984375,
    "5": 0.0861366158941958282024842219470883719623088836669921875,
    "6": 0.075973267738188188236136966224876232445240020751953125,
    "7": 0.07018238191521863900135258518275804817676544189453125,
    "8": 0.05627177787577229695070712978122173808515071868896484375,
    "9": 0.0885004652500389898950317046910640783607959747314453125,
    "10": 0.077954820624627052527699788697645999491214752197265625,
    "11": 0.0853248047952746835331794272860861383378505706787109375,
    "12": 0.0551626324933576217546260522794909775257110595703125,
    "13": 0.06211249615728901829481145568934152834117412567138671875
  },
  "zLow": {
    "0": 0.00000544658916527754726216773211785780544929418906229454388099014,
    "1": 0.00000345993544056853769276796312922103164600259669890994847923603,
    "2": 0.00000350083114398382445870684975079782746296379465138137027115364,
    "3": 0.00000173070373166913970071352435923793488960749140187415876624870,
    "4": 3.0500584150837729489319846299107231702953001658753033553525E-7,
    "5": 8.4441427669829894283592662497834061135258039422443065294798E-7,
    "6": 0.00001181206767498733666198395732759215900065704074236848617382549,
    "7": 2.4109882134104512299683934497497281246081584143601788318357E-7,
    "8": 0.00000392491970766295680633934502399660634601337029545063771941142,
    "9": 0.00000159681975855744483415388401760888522695899440181974451670506,
    "10": 0.00000106367194429980126783093204207248072799078963784983617662501,
    "11": 2.7423275697219532976687542026279855592323517706712375871012E-7,
    "12": 7.0352724587115356864074249048902867981346823308825041324768E-7,
    "13": 0.00002627513038804257664478606576172811435214971923171879160551519
  },
  "zHigh": {
    "0": 0.000196571525522338401628328979265937172585707873858611889518291755378272390952691627094597692121737834126701974589439436,
    "1": 0.00011987768069295138662143268826735373026378865063144703239761017812695957198050126561379119581082645760764643712171071,
    "2": 0.0001278029784799169254959713285021645754045589639151054367371199579381145926572892691948369149171064299479149908063,
    "3": 0.00006215479781337039658926194824111087565382053629367302502339265529528519655271743075133929264346441243957329743453983,
    "4": 0.000012154673613430170414742679391996771554868455360179461130462768377164106707805027459980650086076162558688949467959,
    "5": 0.0000326059271217026253542980304556475424599647427651043045522060290461049830370965889422872500329811004959541191606889,
    "6": 0.000444102168250961198475652393711375625170587840717162373579780772410350027580834725848344343416080738045541964591006,
    "7": 0.00000892505359609798317919894231973970552603541524665393994381197081613679079425753626193380783928262743587166013018,
    "8": 0.00013983381222687380861958489430460156925363478126510982959968573531440540065492184852875528906993838824512359216162077,
    "9": 0.0000620365219120022246754763737738273135545941296713657885776183619598014912419802501129912483481622232490276670199297,
    "10": 0.000040201993891127968564320424075545381054161408666294374650979972854721031772686669132722112800372904681952268080613,
    "11": 0.0000105668683548781167907630582005132347107688840776600775609798351081817676321315815533115472352543817977659133240618,
    "12": 0.0000249866588674400563177213150729386747680893455611884761446872425393803488320635662862918026804671997432390753794,
    "13": 0.00095145530516723354474181729197737290268312904474950281626581426247420147479822347844150554761459805603837957305882254
  },
  "setupType": "Multi Region Model Regional Bidder",
  "population": 0,
  "id": 6,
  "worldId": 81,
  "implementation": "org.spectrumauctions.sats.core.model.mrvm.MRVMRegionalBidder"
}