{
  "gammaValues": {
    "1": 0.91171,
    "2": 0.64683
  },
  "alpha": 937.8272056048291460683685727417469024658203125,
  "beta": {
    "0": 0.1140209465530217236572951833295519463717937469482421875,
    "1": 0.1587145713489303278098674354623653925955295562744140625,
    "2": 0.171690095452768198835968860294087789952754974365234375,
    "3": 0.20293842239292636531189373272354714572429656982421875,
    "4": 0.194947541779430244535120664295391179621219635009765625,
    "5": 0.1859240730306475075650496364687569439411163330078125,
    "6": 0.15533771334151691423386409951490350067615509033203125,
    "7": 0.084624891147178471495493567999801598489284515380859375,
    "8": 0.1389521658706055762255715535502531565725803375244140625,
    "9": 0.08788500150770506280650806729681789875030517578125,
    "10": 0.09714510542645481139256702363127260468900203704833984375,
    "11": 0.198682981018344084755966605371213518083095550537109375,
    "12": 0.187934788054506085597239462003926746547222137451171875,
    "13": 0.1298164754097204942606680333483382128179073333740234375
  },
  "zLow": {
    "0": 0.0000028413418937791942062175730725074883234126216610294253580193,
    "1": 9.893983123036383021282958142820199318648857243953184529572E-7,
    "2": 0.0000012956372967857903288985472775115964949416555196448303865466,
    "3": 4.924703117449029088348593094404081934406911632256947869831E-7,
    "4": 1.505103833893824445937130492515797054466431355044863089718E-7,
    "5": 3.820498211121486858617458727741973489243509462145993095637E-7,
    "6": 0.0000056418570496557080630891760521161035480228222212216904475164,
    "7": 1.952708067838175380225624376553140861233814198116191040041E-7,
    "8": 0.0000015522738655233398610805807196764386280447420776040245326747,
    "9": 0.0000015703589710889765497101773816646343924591462100844282634467,
    "10": 8.335698726981029310562323844570239626314834669514589525730E-7,
    "11": 1.150128111193373018671822130070170264106528345017478186396E-7,
    "12": 2.016652082134977373736187419722488528425576811719377592549E-7,
    "13": 0.0000122773970726297329488558944062518296827555163045276050867393
  },
  "zHigh": {
    "0": 0.000117637506034321729197337198775126824995071401598531256692676893850272084995920111948957535246314500614068727870879,
    "1": 0.000045385142272171854294658771129696353250303082660457467704921641026212116165143870224962266214131794278325145040741,
    "2": 0.00006111392801930560000986429242611888045978663678030106555645451429843426391747471369140018862428113826755778216270,
    "3": 0.0000247682241664334105130553910714022942220900807030009305616358654916237323510204424763094370142054642955883754320,
    "4": 0.00000744947442708544313904881399283558524160257527899416428832979614003497422511767859715880559432054121468216286351,
    "5": 0.000018564720517544555399829750655673967946502995988948047204354287147669919075088507755982146179735361924662036204,
    "6": 0.0002568950287989947156989675137325590483712845949235579404858422777789701268783818764059435008563993795181808452635,
    "7": 0.00000751060128034475399959505546925281935748227292015508027572429529894054751819135277379200471857320650510019557609,
    "8": 0.000068137397529580717320596281494060631971835933237957090468122735854094248446589775263296171968116712765731945386913,
    "9": 0.0000609118691868485840118800928819505794770097012200858148730672462112219291887475663208004177718549952289257207,
    "10": 0.0000331048194973004604699130760665509831633226745616185439320760082649474207468142325635446533643194199330484856999803,
    "11": 0.00000573549315042908771948183939383871521895563675841665745020926774575804824966517086697251508766999021106487708711,
    "12": 0.00000983994706276208583247463639359893437697935792775794686031562299362444367114873867782677793409342505462104899816,
    "13": 0.000527702753696333199310092882911973036691288466006347865863827557557867945026338757541052984814361706397136933700473
  },
  "setupType": "Multi Region Model National Bidder",
  "population": 0,
  "id": 8,
  "worldId": 172,
  "implementation": "org.spectrumauctions.sats.core.model.mrvm.MRVMNationalBidder"
}