{
  "homeId": 12,
  "distanceDiscounts": {
    "0": 1,
    "1": 0.42045,
    "2": 0.17678,
    "3": 0.07433,
    "4": 0.03125,
    "5": 0.01314,
    "6": 0.00552,
    "7": 0.00232
  },
  "alpha": 601.443017880106026495923288166522979736328125,
  "beta": {
    "0": 0.060784156103824336925267601827727048657834529876708984375,
    "1": 0.0952476810757822978104059075121767818927764892578125,
    "2": 0.04055009196001073401571801468890043906867504119873046875,
    "3": 0.08076787327554500739434928391347057186067104339599609375,
    "4": 0.06487543504061384080916496941426885314285755157470703125,
    "5": 0.099616953032838961856754167456529103219509124755859375,
    "6": 0.09354323664585938169491186044979258440434932708740234375,
    "7": 0.08702629474675897813806813019255059771239757537841796875,
    "8": 0.0919157594882346329345779167852015234529972076416015625,
    "9": 0.0543305499570592986824379977406351827085018157958984375,
    "10": 0.0745926004023012290122807144143735058605670928955078125,
    "11": 0.09727135446873418078705952893869834952056407928466796875,
    "12": 0.09327593199003376966960132676831563003361225128173828125,
    "13": 0.056922132694732598123810163315283716656267642974853515625
  },
  "zLow": {
    "0": 0.0000053298838542084449285800499375669544539093005886192420381502,
    "1": 0.0000016486693141189138594845347667778687071609399684597640427403,
    "2": 0.0000054857604608317642195075039072102452225593472119355804547552,
    "3": 0.0000012373873928796826698579690733275664119551753038671160588485,
    "4": 4.522764161145280281597977682859038282460966508860060461298E-7,
    "5": 7.130539198321494310772258369893670139501157842166420525759E-7,
    "6": 0.0000093688566326941136191058019887036068490923197562870530173758,
    "7": 1.898825040913015768276185229510948694245400835028920626882E-7,
    "8": 0.0000023466249622450665701944620794801126291166540646127891847963,
    "9": 0.0000025402098938971033708198995776335360694256731174044509965172,
    "10": 0.0000010855933795958067497750796242850090154475262987846740841389,
    "11": 2.349210442611312206395506227193071022670960500626473956567E-7,
    "12": 4.063203374651996957131903963529905225140830793768644142028E-7,
    "13": 0.0000279998014783078975409496996858368196323739195108385474771231
  },
  "zHigh": {
    "0": 0.00019229376484719925086821150472691080890997176942622575709660190203659383026351303724500309531500296826934680727290482,
    "1": 0.000065163272326630121015345939704571816509184709982390835398416679466201930740953234728635225301241019677811577921,
    "2": 0.0001868176229406848167281329913170783422883173875490235676027133851884846266563482233742508407554853496629996469824024,
    "3": 0.0000471157366004768033437486839880170407775246049222435687175985830185061643856672514168937116711822777215602999315506,
    "4": 0.0000165024554088398106460313555638653089255861807404397564030681635666086851284909873908341116890393554003989310745032,
    "5": 0.00002849484347914457775629414958212905789727594112900932949471882626230042627686812027607344688181029740593199602196,
    "6": 0.0003687050162901468823794662918301841474033695209755188175816257240164952972796019067494736623191715231769969896756503,
    "7": 0.0000073489521995692751637467380281262428565170328308932690362466826232238797432929401518802420253994876233176707836175,
    "8": 0.000091967930431232518594012722288170852003993292848220030031771502560303317257697792010739775713914892458772304727196,
    "9": 0.000090007396871092388645171758761017629786005508439686496865182413673580992618070304739144593866331575800858969252858,
    "10": 0.000040665524704231575031478493261390534747803959516614997879055240933702084739763780641024063832964013943500064795586,
    "11": 0.0000093327401446829052826528916852074174946489332252436447607209146660978265713385627900040867863852203001563970035465,
    "12": 0.0000159796009403131445826617860250211844671251198739057465087521144326180883816678440090889813077769760544174176161593,
    "13": 0.00099937488586667813707290704129952273517984056219567613757534283494906681817376971056038678148856849568730063287586482
  },
  "setupType": "Multi Region Model Regional Bidder",
  "population": 0,
  "id": 5,
  "worldId": 172,
  "implementation": "org.spectrumauctions.sats.core.model.mrvm.MRVMRegionalBidder"
}