{
  "regionsOfInterest": [
    0,
    2,
    7,
    10,
    11
  ],
  "alpha": 98.238704052878489392242045141756534576416015625,
  "beta": {
    "0": 0.1005424130230170021160773785595665685832500457763671875,
    "1": 0.06582367662708911437707826053156168200075626373291015625,
    "2": 0.06697427352913333520323391212514252401888370513916015625,
    "3": 0.0779337175298959738967141674947924911975860595703125,
    "4": 0.07061880716757178155784657747062738053500652313232421875,
    "5": 0.11807462403971136222224913581158034503459930419921875,
    "6": 0.09276336597275235129611559159457101486623287200927734375,
    "7": 0.07832411111678881654452055727233528159558773040771484375,
    "8": 0.09712039513538395230085598086589016020298004150390625,
    "9": 0.08442568086838619922929183303494937717914581298828125,
    "10": 0.055032116050063424605998108063431573100388050079345703125,
    "11": 0.07729130133996654772321477366858744062483310699462890625,
    "12": 0.06878790936613117523723559543213923461735248565673828125,
    "13": 0.08644023706813984408992013186434633098542690277099609375
  },
  "zLow": {
    "0": 0.0000032222470345454366934225428993261805511115912289849009215672,
    "1": 0.0000023856450608230236776587507572116225893955547641442228116803,
    "2": 0.0000033213961038421052136255211310783956450395259491749504216206,
    "3": 0.0000012823865113649305746364762765299747792218193563653176907832,
    "4": 4.154931303840175879617700601416648309624794826900880118304E-7,
    "5": 6.015878468341434256495294206056856866855786514547934036303E-7,
    "6": 0.0000094476215249742038302348377988150443150113002613359799134007,
    "7": 2.109793591358125842039737965140611090809675545824279947054E-7,
    "8": 0.0000022208704499001985713311766625878232979492956501161292060223,
    "9": 0.0000016347040275214657185061041282437351494417852120469904559915,
    "10": 0.0000014714541067239299620807109054935086719305602718294083221053,
    "11": 2.956488993241160605289294755299992401494442764370437362343E-7,
    "12": 5.509675830071405198352115458027994162068070088276033471627E-7,
    "13": 0.0000184382698293392147569552375963311269750232168827458961180470
  },
  "zHigh": {
    "0": 0.000129064660257309003813486293579687591826040488637195523599113903232684030340324670348693598393665741450458621029228,
    "1": 0.0000872725447277534155605724194175844329762231538529245984666162569829667334346637852665689795091377694339167153462926,
    "2": 0.0001218866922309950465516735080331228549627227496662046666086756756354316668018533518467613395086727252160277252877593,
    "3": 0.000048465710155034240487103900084089291795523926497189617675640727787610493591968918589248697411850238110295589509,
    "4": 0.0000153989568369244974400905243195381390070776656945622153740885259545921689471720947426610343698152903251368926304021,
    "5": 0.0000251508612892043975934632570906186180793398271461538700263524456651815165890115461927671371217843831072323976186,
    "6": 0.0003710679630585495887133373661335272713809389361269866244623724473284900163960437962151748092839628061259227794938587,
    "7": 0.0000079818578509046053850373962350152300462098569632793469967624801062864723051442979910521182705364260104678536710490,
    "8": 0.0000881952950608864786281141597814021720689725404133202306685528139728027774108414360317273871835647384335459427097,
    "9": 0.0000628422208798232590757578952793236021864888712789626806494122585258597319468169300019148704416941973377060196477,
    "10": 0.00005224134651807527140064743169764552444229497870795702501804464105508679616441823558839691854349769016139757162243517,
    "11": 0.0000111545757965724504793342572695281816311193800164755349780479993522757025132096981773914248371131994951630693129173,
    "12": 0.0000203190183065713693063224205085154512779068377574279144975500314071170855914556714128712502449001952920046175145601,
    "13": 0.0007125289363976176535530731786143519554593194833528965968030602138080081454094554398606019328421470081163306566577812
  },
  "setupType": "Multi Region Model Local Bidder",
  "population": 0,
  "id": 2,
  "worldId": 172,
  "implementation": "org.spectrumauctions.sats.core.model.mrvm.MRVMLocalBidder"
}