{
  "gammaValues": {
    "1": 0.97196,
    "2": 0.88782
  },
  "alpha": 936.0943456661269692631321959197521209716796875,
  "beta": {
    "0": 0.1505254730203775259678167230958933942019939422607421875,
    "1": 0.21567213166504206611762128886766731739044189453125,
    "2": 0.1254637002612925822386813479170086793601512908935546875,
    "3": 0.10629038032491532062007166814510128460824489593505859375,
    "4": 0.11629909862350183702428552123819827102124691009521484375,
    "5": 0.170176747265060102076716930241673253476619720458984375,
    "6": 0.146601258687532320923452289207489229738712310791015625,
    "7": 0.082802998494251267569410401847562752664089202880859375,
    "8": 0.08942164258617789351912819029166712425649166107177734375,
    "9": 0.15591917923964704328909647301770746707916259765625,
    "10": 0.2063905853657395095268611839856021106243133544921875,
    "11": 0.146590361310401540162473565942491404712200164794921875,
    "12": 0.138993121618628701074982245700084604322910308837890625,
    "13": 0.1608916834324849443049743058509193360805511474609375
  },
  "zLow": {
    "0": 0.0000021522768585859281939099723879137710536703467727232817140005,
    "1": 7.281048683402061173904275411095688982465178185468709476695E-7,
    "2": 0.0000017730075766460352548066847299680984936643964415662432267574,
    "3": 9.402652228297298037364371824475824650981787023848800446115E-7,
    "4": 2.522945543114494312583759667135752985043880991675654248029E-7,
    "5": 4.174028472360216577901889317600026214805928891422274455111E-7,
    "6": 0.0000059780740011324844525696807953314390428624083223672136077133,
    "7": 1.995672991171876172298515823958238373945346938168706038539E-7,
    "8": 0.0000024120761976714705185473752866354302922605472382509572418015,
    "9": 8.851444781508926373529457798356441037176564662420908657241E-7,
    "10": 3.923494524717589664863219777877665099862707876883431398164E-7,
    "11": 1.558839746639484762052405021676789796882395812936272615719E-7,
    "12": 2.726747030515786442974839527692169277128971021171728701356E-7,
    "13": 0.0000099060957109273004287239765533653702390430213952024063309081
  },
  "zHigh": {
    "0": 0.000096965554978523748828109178237315306902803154949346947372110979224618573163197668498747660464133981810784241610324,
    "1": 0.0000375463389532688887525227229345228222417520454850040425462905036913481420754986003457283771924585780834553713,
    "2": 0.000075435036415112947787108415999813940421468864437943450762779488475842560446260257054114903112607962864452728710571,
    "3": 0.0000382020714989782173601027272616175223718147068777764882904875161968301011072531362411044257463422984459302266610698,
    "4": 0.0000105029995547474527389887015166954530333349241888865377632614857469963190389748551089286467459345778041775793342198,
    "5": 0.00001962531130126074455768304242524812612319025427677689128277472107995337646957243278793407927826918588547128464404,
    "6": 0.00026698153734329800738338265602901911321647217795792363529174908438094513189117311813394883101997398151372268253527,
    "7": 0.00000763949605034585637581372981146811189561687114031262527121957380325365672213668995603486080175076101056478356603,
    "8": 0.0000939314674940246370446001185028303818983100880573650717419288466780374963372804348815683664425222179459948335242637,
    "9": 0.0000403554343987060666411631448270808708147650089048156929413896233357468509990470747263904357109016263938159998,
    "10": 0.000019868206890510141532815763866473259583966294183725069549380284632575154365289170887794710458010941694495847966,
    "11": 0.00000696162805676742294962358806865857381728323916217304073817715834727185821355095408643663971827391582365940327570,
    "12": 0.00001197023190790451304019059271750797662308954055611500018673815306948207798795749235474253842567763466470666458017,
    "13": 0.000456563712845260223706135347325379253379913618726591903188890707629122113386417854251271615722128093220873299580
  },
  "setupType": "Multi Region Model National Bidder",
  "population": 0,
  "id": 9,
  "worldId": 172,
  "implementation": "org.spectrumauctions.sats.core.model.mrvm.MRVMNationalBidder"
}