{
  "regionsOfInterest": [
    3,
    4,
    7,
    8,
    10,
    12
  ],
  "alpha": 67.3803153146300388698364258743822574615478515625,
  "beta": {
    "0": 0.06965487445253930320898660966122406534850597381591796875,
    "1": 0.054601594407837551747864068829585448838770389556884765625,
    "2": 0.0651944543582259894431985003393492661416530609130859375,
    "3": 0.08905098640556075029195426395745016634464263916015625,
    "4": 0.0934062715032539514492526677713613025844097137451171875,
    "5": 0.06282086917442357421048626520132529549300670623779296875,
    "6": 0.1082959706142147260354846594054833985865116119384765625,
    "7": 0.1183081321349774006623789546210900880396366119384765625,
    "8": 0.0687166220896731072542706897365860641002655029296875,
    "9": 0.10958199491023438987280513856603647582232952117919921875,
    "10": 0.05903392976530630331666316124028526246547698974609375,
    "11": 0.1008487011690941959063394506301847286522388458251953125,
    "12": 0.06841427021567102195742648973464383743703365325927734375,
    "13": 0.0514058219164138241463746226145303808152675628662109375
  },
  "zLow": {
    "0": 0.0000046511101305652909870144126510877621494065467544663508005799,
    "1": 0.0000028759586736186329639285116034838368529221268630223873556488,
    "2": 0.0000034120707558196051289178454670491326331692728502698960580111,
    "3": 0.0000011222913094494644559424810056046386594304799357693865925952,
    "4": 3.141291134077387633286342874004003890826763833218217330002E-7,
    "5": 0.0000011307111756855554414084608104898549796965520393300593557130,
    "6": 0.0000080925741569391411271971110088533521043399121778089624693763,
    "7": 1.396756965907399850388698069005223934675194705396786888311E-7,
    "8": 0.0000031388594066415828568223490752434250556183722303696669299829,
    "9": 0.0000012594313569017109003294811365547992712599653593895407034505,
    "10": 0.0000013717066352435730836933395492994989399012762327858058639861,
    "11": 2.265878281384606038051684773027869468213552584845770894159E-7,
    "12": 5.539766490835146975078224723775666080275132325624803561347E-7,
    "13": 0.0000310044340457381303003647638125383401033359943094217040397423
  },
  "zHigh": {
    "0": 0.0001719305531379046326212423861325350397748891544016390199694931975051209246791789811788879602962567626223067987244488,
    "1": 0.00010198195311162169414866524480575086088202031681926953478567086279672397974007314897276832946520271852792945389675216,
    "2": 0.000124606931790320044010443238112244964606615156699053035700388775731200159863374507634198690657841486127068124910550,
    "3": 0.0000436628540975702569262840419563292082017837438793116847299995490886392777710588620317273537998837130047403631228,
    "4": 0.000012358036327636132701096451137300205750683572713514227009180601267501425452911913103328218186681435101161998663156,
    "5": 0.0000410245611547467580662311987871436968696690287824118485888320239048969637039560057846003496313548467795934691653752,
    "6": 0.000330416542017497707622205562434676505060797293621176101141638955025694720341062332578262439332544500696589220730045,
    "7": 0.000005842747974552427410084276546609068577806414441996867820533942753814470962977743005261219500559194514629309430638,
    "8": 0.000115734963763128007192849332161070224799044837820926362387368866044772424419929134946066470737758132174770211366,
    "9": 0.0000515840407612306145304592055286555258410342756992391880731819547982260068992995858361509214764673043622166354803377,
    "10": 0.0000492489223736645650490262910118252324814164575366489512744684535181776806378255331202797883683571954339788233305,
    "11": 0.000009082743661002786777621427322711812831276709477901535573496933028766506009292720516652480244279181968851207041577,
    "12": 0.0000204092902888625946365007483057584670325280244694742247667119552568572367826189775893957238422798436956096177661527,
    "13": 0.001089513862889585119855358965100568349308702806153170834453917991896985749810692931861496549360985794223069968558951
  },
  "setupType": "Multi Region Model Local Bidder",
  "population": 0,
  "id": 0,
  "worldId": 172,
  "implementation": "org.spectrumauctions.sats.core.model.mrvm.MRVMLocalBidder"
}