{
  "homeId": 5,
  "distanceDiscounts": {
    "0": 1,
    "1": 0.42045,
    "2": 0.17678,
    "3": 0.07433,
    "4": 0.03125,
    "5": 0.01314,
    "6": 0.00552,
    "7": 0.00232
  },
  "alpha": 684.4984222151753101570648141205310821533203125,
  "beta": {
    "0": 0.089639534674120169288613624303252436220645904541015625,
    "1": 0.047459461418797033172012334034661762416362762451171875,
    "2": 0.049095765562508671131514148555652354843914508819580078125,
    "3": 0.0593966380295991303039926378914969973266124725341796875,
    "4": 0.08225795747138324454095226201388868503272533416748046875,
    "5": 0.06990582635192132965329392391140572726726531982421875,
    "6": 0.046394701276784168497702154354556114412844181060791015625,
    "7": 0.0637371981517129426730861041505704633891582489013671875,
    "8": 0.0965195406978492098648558794593554921448230743408203125,
    "9": 0.0458675701690910153640601265578879974782466888427734375,
    "10": 0.0859928946623148282579762735622352920472621917724609375,
    "11": 0.041458227485704358949991643612520419992506504058837890625,
    "12": 0.09523288707918442508315592931467108428478240966796875,
    "13": 0.0691543517072828184399924111858126707375049591064453125
  },
  "zLow": {
    "0": 0.0000036141697230719017855792045118184447967989045258375555755023,
    "1": 0.0000033087591880769257126802622575235073482611453352531169551071,
    "2": 0.0000045309017714388882004296356927399236770184186958335662747907,
    "3": 0.0000016826061449986370262906585751087714133063711248310452796648,
    "4": 3.567026237461265649310322812826374758251558200300430426975E-7,
    "5": 0.0000010161135709090814446093984024947631937770146491350908114315,
    "6": 0.0000188899410703131399843638609789858504933674497403930881237235,
    "7": 2.592641541752204235525140273754111544700086426651162453611E-7,
    "8": 0.0000022346958354683879742059491230974460634256748269154063600208,
    "9": 0.0000030089014969185127086818850083037721353995564886169988656664,
    "10": 9.416735357213280820146412458190202560180987217097558515384E-7,
    "11": 5.511834334058108767757711594687957737201120705867200462074E-7,
    "12": 3.979707990167141335601643123204153287563105897086687771982E-7,
    "13": 0.0000230471167153832799482481422012333662061430659390495524994057
  },
  "zHigh": {
    "0": 0.00014082234091310295657818614195445551919665988754277516321716601250859246618245793327665711333147493708867874060454,
    "1": 0.00011496596854537047661121776442694097574219087098619142276941887438801942333511555412473744889541860243821854077675,
    "2": 0.00015817186225889853615579694488296869592208953206596314220377839319482900234934069615487020889452712869248188053318883,
    "3": 0.000060472299164045434036729369041453190818060479551161445342087162517092559514606083956022998187038619280943196097478,
    "4": 0.0000136352416377877667491683909537673183529579558147608663000996949697684520567364605018545724930477854265525138797855,
    "5": 0.0000375866330114525381622593265472909432920829070765627922603888891305639682771043560598282748222628003072515852018,
    "6": 0.00065433754941871767333720806153865145673162342049869987077205600899772450381076420497035568120861808493387877898754715,
    "7": 0.000009430401702086840565493603160855731407881089605759994516434808474199927474723995474737149861541978347758549183885,
    "8": 0.000088610056627932160714357333596690855033263915717298545288505184205164078218673987686881340437673694182828201418164,
    "9": 0.000104068144961734668781031321681124711765222009576062932939658360609544888763806821953299094570162352303728068539209,
    "10": 0.000036347929387997214998665341907410871964921132204367450901038174506782305601426104331012433380520880966601947761482,
    "11": 0.00001882061181902329496673950778769207763823941384096582427724227901152979158244241995580521139522575755113399779193674,
    "12": 0.0000157291147868585777180710035040439286543919451838598773986159949759173282035712532458538239866070461362213752872,
    "13": 0.000850794342978939609291860316761419132392914955042006288243819729884766536278768075767999298809028239255246542445922
  },
  "setupType": "Multi Region Model Regional Bidder",
  "population": 0,
  "id": 4,
  "worldId": 172,
  "implementation": "org.spectrumauctions.sats.core.model.mrvm.MRVMRegionalBidder"
}