{
  "homeId": 13,
  "distanceDiscounts": {
    "0": 1,
    "1": 0.42045,
    "2": 0.17678,
    "3": 0.07433,
    "4": 0.03125,
    "5": 0.01314,
    "6": 0.00552,
    "7": 0.00232
  },
  "alpha": 741.358486325887270140810869634151458740234375,
  "beta": {
    "0": 0.06972949694183953883719340183233725838363170623779296875,
    "1": 0.0702872684521177182315199161166674457490444183349609375,
    "2": 0.080743533865254069059602670677122659981250762939453125,
    "3": 0.04932948095455798320774221110696089453995227813720703125,
    "4": 0.07660984762668736347546172282818588428199291229248046875,
    "5": 0.06467287143863252596442947606192319653928279876708984375,
    "6": 0.0732795089000128074818718459937372244894504547119140625,
    "7": 0.055682870819137732232295689982493058778345584869384765625,
    "8": 0.0637908714338443483260476796203874982893466949462890625,
    "9": 0.0844506260221928872766739004873670637607574462890625,
    "10": 0.083005689327905696206499897016328759491443634033203125,
    "11": 0.09116836912826876970772360664341249503195285797119140625,
    "12": 0.05441287782592167665551841082560713402926921844482421875,
    "13": 0.047908198148196225185646568434094660915434360504150390625
  },
  "zLow": {
    "0": 0.0000046461326471303851150507315765224312509693294724054780560162,
    "1": 0.0000022341447105403306268723539097938165387366263330753381905210,
    "2": 0.0000027549957316525601421833235908293044390730783957992297284917,
    "3": 0.0000020259922911600956879310775153550717976107846759290912146722,
    "4": 3.830007520314975503427899416404333266169695981379428562548E-7,
    "5": 0.0000010983316073912503581784325076727567806987991904248235740739,
    "6": 0.0000119595939744771074165850416549286512940436846361685740874814,
    "7": 2.967657831791038779378561245627029845385310287130521734623E-7,
    "8": 0.0000033812332515710010969375915324855446285657778086686601095697,
    "9": 0.0000016342211661702162998741718848611316078490312536456240736487,
    "10": 9.755624442040501937477713879041529422416671089764512314365E-7,
    "11": 2.506471091562413528796939095039516595541189758313607330323E-7,
    "12": 6.965246036943933068925381063339612598314835366709596865245E-7,
    "13": 0.0000332679682555420847466837319520928068689253368212892844016469
  },
  "zHigh": {
    "0": 0.0001717812286348574564623319538955751128217726359398128376325839689193329500399286659736560728243735293139605879694396,
    "1": 0.000082727534219272624036980513995050251456455300920858059831837345383146519360055746506660522211314677178168110799378,
    "2": 0.00010489468106530869440840758182565011878372932306493304581480744332695248669906368664739388735271157405644204598729,
    "3": 0.0000707738835488891938859419372488422023471928860841028233923091753389152254848285503814191867803719595894393571578083,
    "4": 0.0000144241854863488963115211207645011938767123691579978607068204177734229268380594372887252447586635245229216978341373,
    "5": 0.0000400531741059176055693303497026307508997364433152547751396600018709925119081363303250902129976161162672902742026709,
    "6": 0.000446427136543636696303843481816935480751910467371964449684794107603868542679005926280565113676117067799299870046527,
    "7": 0.00001055545057220334419705386607647448630993676118719807235947059764715085468362124833977068904011945906629671579674927,
    "8": 0.000123006179111010554396306605878333811987467005169896157774973294649897925999815374438696113737615829005173970962897,
    "9": 0.000062827735039285776516799927977845495938706252526921689179128358860954353515042524751458758848225192743853386791,
    "10": 0.00003736459664247887835065924616996485255162818382236831229798074961328747857152296731872516964634700321811390205358,
    "11": 0.0000098045220915362092498571902887467542132596209983050448819898353032419873502950563180048562971801296735041222402536,
    "12": 0.0000246857289271889529180422173244503065866471335927286046784060296916741503628794268701508356466235846528704276112519,
    "13": 0.00115741988918370375324492800928720235227638308150919824531105613323886463577123776586676104138410838098726527068738816
  },
  "setupType": "Multi Region Model Regional Bidder",
  "population": 0,
  "id": 3,
  "worldId": 172,
  "implementation": "org.spectrumauctions.sats.core.model.mrvm.MRVMRegionalBidder"
}