{
  "homeId": 9,
  "distanceDiscounts": {
    "0": 1,
    "1": 0.42045,
    "2": 0.17678,
    "3": 0.07433,
    "4": 0.03125,
    "5": 0.01314,
    "6": 0.00552,
    "7": 0.00232
  },
  "alpha": 784.24229859678962384350597858428955078125,
  "beta": {
    "0": 0.08382825400238179403000771117149270139634609222412109375,
    "1": 0.05245438447810830961959283058604341931641101837158203125,
    "2": 0.073099504994509845179351259503164328634738922119140625,
    "3": 0.0875472143738718344696536632909555919468402862548828125,
    "4": 0.0547876543842098218117797614468145184218883514404296875,
    "5": 0.06859895479664794570862085265616769902408123016357421875,
    "6": 0.053858325409329659005930324155997368507087230682373046875,
    "7": 0.07738436819884193795804350202161003835499286651611328125,
    "8": 0.0746449068842519325439610611283569596707820892333984375,
    "9": 0.0663543806991270523898407418528222478926181793212890625,
    "10": 0.050458577450766560479333833200143999420106410980224609375,
    "11": 0.0704719339805459643599760966026224195957183837890625,
    "12": 0.08508898130097060363841166008569416590034961700439453125,
    "13": 0.0757918815906571674556602147276862524449825286865234375
  },
  "zLow": {
    "0": 0.000003968864566205813024089015603513309226554006611855127898470,
    "1": 0.000003074360089959367609566120724303502498069867911035348879060,
    "2": 0.000003125092023953441712238556790140299521516953472902138213816,
    "3": 0.000001172331853803965574696906678641463283511135954384962861591,
    "4": 5.49984032499145290988191363067498398943643809648169652266E-7,
    "5": 0.000001063375597961498431921150970908205124460987101807115555133,
    "6": 0.000016710702324814514911661435032566361829295963850715659360075,
    "7": 2.19296028021113515622229323425172327431729194574642308887E-7,
    "8": 0.000002967440698576107639583969552633904318379681055480873489814,
    "9": 0.000002135957796402316095305450478044875059781879332670482535754,
    "10": 0.000001648073188879398646125827354586642379579326151111281828417,
    "11": 3.32996185768458219030330059635451020896795490653526456736E-7,
    "12": 4.57418153603694531942308964176072701069897707157148881416E-7,
    "13": 0.000021595436653309491896627098566692058010558427572754820355545
  },
  "zHigh": {
    "0": 0.000152336235681869763561624494948264252870244055065793726134644802174074931791069812438436399455415668441816329609112,
    "1": 0.000108357169317069060163159218405174266673738384926062644072143337538306736071129320181411165358321310519138644636532,
    "2": 0.0001165970287199320006842279063091422316902951287615940267676660253015635309549276290358952296803450737121217334412,
    "3": 0.00004543339442634840214145935133419983190425371497112782152903138231523882068685667633259955054470428303325700123861,
    "4": 0.00001951275448391407819206684570110591649713842701403013095452721687632482340396638313644593520047279495038825423196,
    "5": 0.000039195913396486883991148049618479536323991896259015742936222124679626389779319596260866451389958377864021656685753,
    "6": 0.0005913221141072656266693970876421572475494961347042817306001677084539507650146493224351725206204104594871230745243412,
    "7": 0.000008275889298326346194757276297985681102985906892608937373337715108741782035450732768195474738219885041948649411467,
    "8": 0.00011117365442025853529033431727284082558689278181541858411557056815326095513617868956386527206890389092074106816910,
    "9": 0.00007825174957004426218875000501036828169930474858431642094675101851913635982985807245195372309872939048345547043655,
    "10": 0.0000577581385309422556906358039238852722478060221264466246795668085301030625310008048500842519365699178542266508917828,
    "11": 0.00001233657409497858729364303751304602654114647646935423806716781034215801694438567645244174539600109218839785134,
    "12": 0.000017614669079981762294620735890367650660826161012656150789847982852638335137111417251551628790511599122918844422648,
    "13": 0.00081153897737190182785996818864059805763891300793421271102476670995704725655933943883648599006751437764380122395373
  },
  "setupType": "Multi Region Model Regional Bidder",
  "population": 0,
  "id": 4,
  "worldId": 160,
  "implementation": "org.spectrumauctions.sats.core.model.mrvm.MRVMRegionalBidder"
}