{
  "regionsOfInterest": [
    5,
    6,
    7,
    8,
    9,
    12,
    13
  ],
  "alpha": 67.5528128486157726229066611267626285552978515625,
  "beta": {
    "0": 0.11865805981780273847814299870151444338262081146240234375,
    "1": 0.07505793838225403857844497679252526722848415374755859375,
    "2": 0.075777141079659882105801216312102042138576507568359375,
    "3": 0.11942669786011939070391463246778585016727447509765625,
    "4": 0.05745754864088988000947466616707970388233661651611328125,
    "5": 0.0747965544932062964544883243434014730155467987060546875,
    "6": 0.0701308766083958701198497465156833641231060028076171875,
    "7": 0.0662290576745655779067334378851228393614292144775390625,
    "8": 0.08961423672645818516713234203052707016468048095703125,
    "9": 0.088719540082684844595206641315598972141742706298828125,
    "10": 0.08708799019903869231828963393127196468412876129150390625,
    "11": 0.07937449077408163800040341584463021717965602874755859375,
    "12": 0.1097238542222372659207252354462980292737483978271484375,
    "13": 0.09185818655012012445837399354786612093448638916015625
  },
  "zLow": {
    "0": 0.000002803880220760503131834481366348194324539150860515706640766,
    "1": 0.000002148522456899880897811148357601352192329517575454613258789,
    "2": 0.000003014664802056066623711987215108616553058865618903353223199,
    "3": 8.59392329866699251214814493759837873820167786589439019528E-7,
    "4": 5.24427787160300210468638989389256347572598879015496844786E-7,
    "5": 9.75264904522373032233750238102366588465718731998114289153E-7,
    "6": 0.000012833298072885561070632263422043584163697376995226634699138,
    "7": 2.56233218058401442171165908432272697523212257958707244653E-7,
    "8": 0.000002471753849847330563507655288491020144844652726469271977632,
    "9": 0.000001597507794197964840586130519486569349349942248803751924676,
    "10": 9.54889743758501685051761862970333629372464821682308839865E-7,
    "11": 2.95647694749194047165934055957767345219352557983183176555E-7,
    "12": 3.54719992244141024428069285017701197245756776987701424653E-7,
    "13": 0.000017818322342267383824061070785809162273710502409253512434902
  },
  "zHigh": {
    "0": 0.000117386705318510466793988467833310805809798382525611088403500128243162928828904550141955306053519886096145441566928,
    "1": 0.000080582040325284458810510047404109757501527874858640575464009623184135368148904771545276182019821567957079976305655,
    "2": 0.0001132842120630107480284308190581917426365524931416304770491732389759521935627098149700891073016259910856991560744,
    "3": 0.000036045208708230412436996585787751069613524669937262106267143907755418673457896386724837594035162093047758720011,
    "4": 0.000018746067123748725776480274490758654956007079095049946730113774993723267544622189778673785037650473251545929197499,
    "5": 0.00003655259259331312200052602763430438024413384516474570495680832739538811334699148461518052728410023639288998889069,
    "6": 0.00047499998654939701143852193932647391758153852903961099077207467335857559270716192172694217638176840450011331249967,
    "7": 0.00000938400499944498399122537384819869220573039879413088544629869251269589171917480579581554980501204378931545253373,
    "8": 0.000096303048958395223008044889348554300380841931945070538750099164284142666582605758745295189360061809921707969210,
    "9": 0.0000620982495039137245471704062536191103863466360683145026144226082092811384433752183537177616066507698648111453107,
    "10": 0.000036962635177315346858413839175396009741600182243577435022980462003733146998659521898093700366761747810521939131899,
    "11": 0.000011216119364400662137711157402715516270823188489243939661744003959024537731946030120186518078643890349960397534233,
    "12": 0.00001453372423919515706919354551561650554610193310757272708695633055498516535690533499515431938657445556809031905863,
    "13": 0.000698225548040638585682987355214111185533475253029173473405478634409277045423567344017990792865721491338461112451
  },
  "setupType": "Multi Region Model Local Bidder",
  "population": 0,
  "id": 0,
  "worldId": 160,
  "implementation": "org.spectrumauctions.sats.core.model.mrvm.MRVMLocalBidder"
}