{
  "gammaValues": {
    "1": 0.98046,
    "2": 0.92183
  },
  "alpha": 1175.992073752694295762921683490276336669921875,
  "beta": {
    "0": 0.192523053319313464104567401591339148581027984619140625,
    "1": 0.209633905551667110156444095991901122033596038818359375,
    "2": 0.0963567056194174209604597081124666146934032440185546875,
    "3": 0.205969260936748443935329078158247284591197967529296875,
    "4": 0.21294746030112798873545898459269665181636810302734375,
    "5": 0.17503797527613940143709214680711738765239715576171875,
    "6": 0.2045586319062900615417532890205620788037776947021484375,
    "7": 0.165702454020120182320852109114639461040496826171875,
    "8": 0.138902951065567048516413706238381564617156982421875,
    "9": 0.14402695620901473372299506081617437303066253662109375,
    "10": 0.218942477375170641007429139790474437177181243896484375,
    "11": 0.142015601641145738920357644019532017409801483154296875,
    "12": 0.1206435207071530346656373922087368555366992950439453125,
    "13": 0.106977591674713268243834818349569104611873626708984375
  },
  "zLow": {
    "0": 0.000001728120249605337731158928798328296156257677016165653970674,
    "1": 7.69263281903292633339556983994765833673796591797802808957E-7,
    "2": 0.000002370802099809985936098252368624955345065310197718625996384,
    "3": 4.98299540696087511528527835112466660179986008900942722435E-7,
    "4": 1.41501265367462956264350232027458064574423025804850659419E-7,
    "5": 4.16746448656865434212173269564549961855378836389155648106E-7,
    "6": 0.000004399767613036265052084215122155115468538454028430590795983,
    "7": 1.02412994890641988510802342343201409623768988646237544934E-7,
    "8": 0.000001594669752734016946716874066443851445641993788623322164281,
    "9": 9.84052989178402269318417145778323027734950113607233838086E-7,
    "10": 3.79823182977437749740460204225841632604977498869358452704E-7,
    "11": 1.65241599852853205819913599873864097956735509817499313977E-7,
    "12": 3.22613634703066128696593643369267142928859424582542786523E-7,
    "13": 0.000015300015191060410547764736125311374072244345463125549225040
  },
  "zHigh": {
    "0": 0.0000851139061838555047737218907927138607613541671951095083007581603770827432147262291075457453952358222057878629514,
    "1": 0.0000392042650753868108763623061959121667418562453489362619690485226004970898700050737123636914332837723598112634225,
    "2": 0.00009396833099562832740001877366368190639674583050608866024471856708038480901832363857058425856320269287682732724739,
    "3": 0.0000252124250331120602464079860283299332043192166066072173543581680958995501716964795399117943088046386072951827993,
    "4": 0.000007258271469963608150351611769904706466061803498730561169106292777323549409795303351486595514873071157035064737,
    "5": 0.000019797038917347894059878718578169881445823648296476945725394444845268780698836901810786336801381366601647320752,
    "6": 0.00022199407275391813088208049032981985672677084003572967367742219842728151272212980723406217525267706506954905554252,
    "7": 0.0000047693983044122003814144668655265535687471007147567944547495604872019233831648514263935494720914948639976017,
    "8": 0.0000699905260449958145043214526871392394047621638096920443495714728219638896640611531077374877297898808012934586,
    "9": 0.000043694605353326847409139005042371720737896872012418960016699326564181902925996228771630485394778780936423573387,
    "10": 0.0000197106383538834287990747894130612498385755625591889234081675515856474169910009063668330291328791933486998532150,
    "11": 0.0000073039365175104368973305437201984188529446770442734237844079444335865715582588914809596625883772654983195238250,
    "12": 0.00001357053351296291019724927626616348391659501253541796794306061772046553796650769076464156054085896858752634335437,
    "13": 0.0006226763335044293873940973153991775394894905446453345771096360828771494244777437152835004000242123698666452770846
  },
  "setupType": "Multi Region Model National Bidder",
  "population": 0,
  "id": 7,
  "worldId": 160,
  "implementation": "org.spectrumauctions.sats.core.model.mrvm.MRVMNationalBidder"
}