{
  "homeId": 0,
  "distanceDiscounts": {
    "0": 1,
    "1": 0.42045,
    "2": 0.17678,
    "3": 0.07433,
    "4": 0.03125,
    "5": 0.01314,
    "6": 0.00552,
    "7": 0.00232
  },
  "alpha": 763.1557989684006315656006336212158203125,
  "beta": {
    "0": 0.06544902645015442110842940337533946149051189422607421875,
    "1": 0.044360584740051535457272535722950124181807041168212890625,
    "2": 0.0894690458899283225235876670922152698040008544921875,
    "3": 0.0752216369237701798500239647182752378284931182861328125,
    "4": 0.083536491425686143497131297408486716449260711669921875,
    "5": 0.06589407993097852467290209688144386745989322662353515625,
    "6": 0.050782074607754974782114487652506795711815357208251953125,
    "7": 0.0502729845658539120645258435615687631070613861083984375,
    "8": 0.0694022317466742866276518952872720547020435333251953125,
    "9": 0.06486824964790487146881758917515981011092662811279296875,
    "10": 0.06100963331230004060845573121696361340582370758056640625,
    "11": 0.0917128923269797946549175549080246128141880035400390625,
    "12": 0.06408418078905754600160804557162919081747531890869140625,
    "13": 0.04466923779910224323597134343799552880227565765380859375
  },
  "zLow": {
    "0": 0.000005083390922710489691763403564375604453363915325434173005781,
    "1": 0.000003635291715108554548347885162293775338339765570252660659539,
    "2": 0.000002553315258266363841346980335503720499154917782997550284755,
    "3": 0.000001364426411330350720087511114437704578025434805176279796726,
    "4": 3.60708650496805285586767258866834624476825909139279032431E-7,
    "5": 0.000001107025921794915001207403510486814627102111760175487776033,
    "6": 0.000017722994788615044402819340754803486876959054948540764345968,
    "7": 3.37558725098165689002925812346793018535889938586677571023E-7,
    "8": 0.000003191602475238376121230019165125216340699608103221665295839,
    "9": 0.000002184892571466593041637790982714917924205772141613782710087,
    "10": 0.000001363054064264263373742303175507338224834526072327119548080,
    "11": 2.55873352413562435665853377416736137959111784970144786169E-7,
    "12": 6.07345591992885622796678544979013503434661576124659650001E-7,
    "13": 0.000036641744036184698077965499027634614998037177812885318020070
  },
  "zHigh": {
    "0": 0.000185772026377010063591856133774133109674541316473165079353974672540330256531578883319212608848724862525727551075710,
    "1": 0.0001251851180715446683266121515448824518818353147025819974865052891397163798979236998936189183952928688816311047969287,
    "2": 0.00009944372574931966455748061267004486101943405806445638889583328552143840123006033005353028529926160050408800911,
    "3": 0.00005119623115213995650317748440808707073968268049486732958307049956805271486944790877510826877174419879800921792202,
    "4": 0.0000138344930238438780300241225750860032631338899987634123594837175398771326758876730054164813635598964855885433897,
    "5": 0.000040505423111489381069735625805837821403225636010066909563216807695577696180613989695068524633099618007741673129145,
    "6": 0.0006216908880212815114041342593092709989793888676390348801769468868174178218165800957051902579843193401757234131529298,
    "7": 0.00001182377021063791139617817096563430183611072921296999523740105000390562703361847318549915807799588752941348938248,
    "8": 0.00011789850772012658973971580564758018625649059324764233829630741231823884014068307630390679215658068999583342443909,
    "9": 0.000079719792821972570578720220150469567632021532852615426176745778725113056696020149961335463436241462181096310635352,
    "10": 0.000049207564792488197519130078551506147605462019762921756269434121500210100701568111942335356913578435113842700409294,
    "11": 0.00001002288909433171379270873704648458005301596529885278795015618426235494524063118739716690572447271779321511685346,
    "12": 0.000022112492231657495020251823314455874731769077081681473847389587839686079990037425130415370153838068686948358998288,
    "13": 0.001262928198858158013300120202468874767263275515138127640960523175173546755286585517395960738650390775426779839656597
  },
  "setupType": "Multi Region Model Regional Bidder",
  "population": 0,
  "id": 3,
  "worldId": 160,
  "implementation": "org.spectrumauctions.sats.core.model.mrvm.MRVMRegionalBidder"
}