{
  "regionsOfInterest": [
    4,
    5,
    6,
    7,
    12
  ],
  "alpha": 90.1002610205292597811421728692948818206787109375,
  "beta": {
    "0": 0.0996812164402647582495120559542556293308734893798828125,
    "1": 0.11550405841320234012759016195559524931013584136962890625,
    "2": 0.0793451453116925942143922156901680864393711090087890625,
    "3": 0.05425065699772312066695434396024211309850215911865234375,
    "4": 0.11990466188527491853133000176967470906674861907958984375,
    "5": 0.08469993076014352417768549230459029786288738250732421875,
    "6": 0.05271933889846076859431178718295996077358722686767578125,
    "7": 0.0922394506604534425431296540409675799310207366943359375,
    "8": 0.090450043628261644901300542187527753412723541259765625,
    "9": 0.0694359072394348519896567495379713363945484161376953125,
    "10": 0.11235988974956956365502946937340311706066131591796875,
    "11": 0.0690874008999788902229965970036573708057403564453125,
    "12": 0.06233881845761431172991962057494674809277057647705078125,
    "13": 0.057364383865155389730094981359798111952841281890869140625
  },
  "zLow": {
    "0": 0.000003337669812209106030574545755347310673342117671861548944617,
    "1": 0.000001396173159612957511729591951136250907423154795686527719171,
    "2": 0.000002879100909272937389608585300941112548146456086795433059661,
    "3": 0.000001891855210649372873691903915040011823077113556306723985843,
    "4": 2.51302448258666443461245758313789336388037150514604420295E-7,
    "5": 8.61233933980322210631354211495020124435811141780582604888E-7,
    "6": 0.000017071732355402869814562110723156846092702857625953711339401,
    "7": 1.83978595442840460848695850139009103724722470295897926890E-7,
    "8": 0.000002448913518937681714527567190117420620085012326330790618841,
    "9": 0.000002041165189806215222164148285464756657718301231643461637910,
    "10": 7.40116680702968882963890057080322178353890957496749754096E-7,
    "11": 3.39669533280352099270154414584461369836368604567205724469E-7,
    "12": 6.24350054776427470415980595695858313670922926369238699985E-7,
    "13": 0.000028532665522454610023329110749084750476042391749124672911403
  },
  "zHigh": {
    "0": 0.00013340039306196855375619039950328429627388738686598635751903460757429568905518139295969649833344296377158189300782,
    "1": 0.000058011561406676757228063355210156718954336991465598009275485654541524646556708196572194947129369542613458534181604,
    "2": 0.00010921729527951687100532876163316662248918020717839287214301517867895504544757528700469562441022215640978009207480,
    "3": 0.000067019095131710621111309268426156288091233043028780655256586451638572046210251979842381554908555774461004912659436,
    "4": 0.000010552306956699712766258477558494644620470227240023173995408278427412612016627770763733978524382217823424957726919,
    "5": 0.000033131663477051597352454146836083986323236617458219754428881022359741044968416356002344478468838331508787968772129,
    "6": 0.000602153015024916273756417358359871775451702947961423289979938347143421786699092037131957028387570367399954598869417,
    "7": 0.00000721636632097815455155127209940078439177570516424660591342579788715240856384838689458207529029196423673759413332,
    "8": 0.0000956178390311057575386422463973463146380527199409160979863582256610074601873560677032029888772452940867395050340,
    "9": 0.00007540797137216123599451093923296472963739740555350579401142860906095114253961591965792688437702298021146624427556,
    "10": 0.000030519443285649362795777684998695666211042966318010662449935833878471530031268672088149136765152817564663907513,
    "11": 0.00001253677452033540370083776816151633700933366988676461609915721371706661965378828344202602284420157852332524834,
    "12": 0.000022622626115163750448830884835961219038856917589018845346931484043974777080576319725014737489588702025279668573717,
    "13": 0.0010196558434462553716610285541123788316034319332253082877005034350401472677133837328030093056504854803087542181247144
  },
  "setupType": "Multi Region Model Local Bidder",
  "population": 0,
  "id": 2,
  "worldId": 160,
  "implementation": "org.spectrumauctions.sats.core.model.mrvm.MRVMLocalBidder"
}