{
  "regionsOfInterest": [
    1,
    2,
    5,
    6,
    9,
    12
  ],
  "alpha": 91.41148746023378635072731412947177886962890625,
  "beta": {
    "0": 0.0957932526216696278442697121136006899178028106689453125,
    "1": 0.0842884347287329582787407389332656748592853546142578125,
    "2": 0.050693776290116794591700255523392115719616413116455078125,
    "3": 0.057533903877113497238315886761483852751553058624267578125,
    "4": 0.074676315605176568634959721748600713908672332763671875,
    "5": 0.07930487362317018007473734542145393788814544677734375,
    "6": 0.09828373589968193713151123347415705211460590362548828125,
    "7": 0.0973614738254922063021012945682741701602935791015625,
    "8": 0.1031749075340974985959263676704722456634044647216796875,
    "9": 0.05884480665269524457539063178046490065753459930419921875,
    "10": 0.087174081099640254866045552262221463024616241455078125,
    "11": 0.09916967665018609767724200310112792067229747772216796875,
    "12": 0.053341372759312777329654409186332486569881439208984375,
    "13": 0.10869770481881306511962037575358408503234386444091796875
  },
  "zLow": {
    "0": 0.0000035707413466130016091637393312223074216342038784300848526672,
    "1": 0.0000019670035886794542558677206482181355217048977955745207065749,
    "2": 0.0000046329670857201548348762958553315129657819797276280864585800,
    "3": 0.0000018340267526702387117104063181703451776262552754212351060625,
    "4": 4.148456286672843215767757710094296540279877110431706055407E-7,
    "5": 9.456728561724973353390694434958803132359463276286579371192E-7,
    "6": 0.0000094146137051986857209035527249686407156806533209588765451258,
    "7": 1.791981325901217604589642645765291325053487023645365462425E-7,
    "8": 0.0000022072155815222100748091316439248527879883192782559090420443,
    "9": 0.0000024762286244147218497666406090066400990616641621288436621665,
    "10": 9.807554516977082212068360504028913121483494140962047295993E-7,
    "11": 2.432837851650464069380426257977775476135578089287827941153E-7,
    "12": 7.501690542681191022089443725127671145754577496135334948437E-7,
    "13": 0.0000154810679551501894667568870451245818810796620525335103941186
  },
  "zHigh": {
    "0": 0.000141327533184664053644920058284109352583600602562799033609220464131169209041280111113269935432124150737518773514975,
    "1": 0.000075589673019942794808531972655028157108680381811092887653599173745880374136282513983032848109635782544180804029860,
    "2": 0.00016247527227190183387054069967293492733975120567604582958394223110689575681691714127305876321245371042908106556632791,
    "3": 0.00006557267446972557376027382528112852293207465569961175102497298504754154283866005224804272793719043409159810826120502,
    "4": 0.00001554328316939713047357411400223406310662567277847411508992150069695585537499127654761342012221837174790958197351,
    "5": 0.0000358698323199371491946430501623610686421633924322404588503775863381216556227692198858318309715657028054274597018,
    "6": 0.0003749687518558879361650662554360070838286074914860752464828005357972432113204772459118672953863227195631795450662690,
    "7": 0.000007120643407278674982236328991605834610432107205858894893276126601090110136652632464808633192414522837643380948,
    "8": 0.000088989393798803628629860008983830944365702953277288334261908490575871015561742418001434988121521347427804996301629,
    "9": 0.0000888581781955970373360421282171136792601395201486128182510685209005020388309156649734298119537243152044852442811117,
    "10": 0.00003797230907945227935203247339110726371059760427104723333981020618794369680431757043131824305839875510381558419378,
    "11": 0.0000097111509858564915687032649152008258437767098523409594919962544353226891861027722971849845646995780766808013989121,
    "12": 0.00002650657634366526074970023896949872009216202192886575959580480272798723565415319612860520125689938371433308723013,
    "13": 0.0006327076941413958113910184399997518575674414111251764587769622866812836552878090110023017237731557493291090532428001
  },
  "setupType": "Multi Region Model Local Bidder",
  "population": 0,
  "id": 0,
  "worldId": 134,
  "implementation": "org.spectrumauctions.sats.core.model.mrvm.MRVMLocalBidder"
}