{
  "gammaValues": {
    "1": 0.96859,
    "2": 0.87435
  },
  "alpha": 1045.55315882344848432694561779499053955078125,
  "beta": {
    "0": 0.1328183748621023507752170189633034169673919677734375,
    "1": 0.19665379546216976702766032758518122136592864990234375,
    "2": 0.09372884648562278264716240983034367673099040985107421875,
    "3": 0.169244603018401440497342491653398610651493072509765625,
    "4": 0.099298444877765124072510616315412335097789764404296875,
    "5": 0.1023840565716427619680217731001903302967548370361328125,
    "6": 0.19501721759074808204559303703717887401580810546875,
    "7": 0.103851847886648085417249376405379734933376312255859375,
    "8": 0.08159309058607668030393966773772262968122959136962890625,
    "9": 0.2009800291125593274532690202249796129763126373291015625,
    "10": 0.195459722518311063144125228063785471022129058837890625,
    "11": 0.1113390133825735428541037208560737781226634979248046875,
    "12": 0.135794203645631494925538618190330453217029571533203125,
    "13": 0.187769519029171882973372476044460199773311614990234375
  },
  "zLow": {
    "0": 0.000002495865842995285276109420934873523502541403077706471798192,
    "1": 8.17065542521704954245109111252767802985309428122107300409E-7,
    "2": 0.000002428436064678217533474801651716600670837133920671420984228,
    "3": 6.04227891474959897609602387740546937022893986718827801956E-7,
    "4": 3.02352135972921163530645082382726391161324184613454648271E-7,
    "5": 7.09895716330949149779885681012779892324896934685289548634E-7,
    "6": 0.000004598299903709830797681576391161711198824353585112866439770,
    "7": 1.62814274332786346667107915974926116804160784639696225242E-7,
    "8": 0.000002704902064491422421170907700747189019978370892828651308409,
    "9": 7.02638693800200407482916254934172636597503634266953170929E-7,
    "10": 4.23913179050958837596546546999078018959248410034423206575E-7,
    "11": 2.10005553811093952483251590606340384994396004877072202761E-7,
    "12": 2.85580262107687905921374942264804565096823444133351152096E-7,
    "13": 0.000008685249212243639595242201708542354836997218673407813639385
  },
  "zHigh": {
    "0": 0.00010802565980390504733376247691069863177688269984565372446204520563543714545826347463111700343791618574002969037,
    "1": 0.000040579870283476162682972007200368624818454120148847322976874153618326702134718363386006380361972353259798565301,
    "2": 0.000095614533050983983000176049355255400561698044169988351976664261803821294654819431047223632295869149024761131697467,
    "3": 0.0000283530677067813305186549712554070140636922830193181028551629130195681811875279085422690234818893427870826486746,
    "4": 0.0000120728737699458006878315873184053285122183460996501151999502470276795175594703903606716443683431233952244415531,
    "5": 0.00002856507180800795052108729793119360909056627411079300674785280977503803090345418356136761561579418514616712940711,
    "6": 0.000227623762398224526579624168341859334004439379433362447828858549311010227848217996287914192211166167734796256,
    "7": 0.0000065752845551619423373657647436581611007972620957898316633673236615900616684526918323043827320302427488320983023,
    "8": 0.000103217193852194118269429386345492538388178280355886205780964544089109430031202273694534871150084981151260707578108,
    "9": 0.00003520079532756350591633971850438723141231077803472738663925565632381645107657361708762071457645584647001638967543,
    "10": 0.0000210031906064443180023736490230097303319402319829238525805403232178044447228897478348440915105349066410235171104,
    "11": 0.00000863834773095163436052779455174851521642903671844144274274371638643247091373575769274207820362954212686685051462,
    "12": 0.0000124454222902130562679558266387792123244299022213096198518794777965366201137927717475791419898632208587985138692,
    "13": 0.0004236399830904574069794790356184404782761141968509799288948016689432827992306040558416367511510915866627840407088
  },
  "setupType": "Multi Region Model National Bidder",
  "population": 0,
  "id": 2,
  "worldId": 114,
  "implementation": "org.spectrumauctions.sats.core.model.mrvm.MRVMNationalBidder"
}