{
  "gammaValues": {
    "1": 0.97613,
    "2": 0.90450
  },
  "alpha": 721.6237781200389918012660928070545196533203125,
  "beta": {
    "0": 0.1236534651733573186849213243476697243750095367431640625,
    "1": 0.1636587182466323342477920732562779448926448822021484375,
    "2": 0.171348685238798037477891966773313470184803009033203125,
    "3": 0.125807844944311575385853529951418749988079071044921875,
    "4": 0.213013791732565460623760600356035865843296051025390625,
    "5": 0.08995527352457004244268290449326741509139537811279296875,
    "6": 0.08294285327799737206344588003048556856811046600341796875,
    "7": 0.1015890449825314345577709218559903092682361602783203125,
    "8": 0.10582642178363610430125163475167937576770782470703125,
    "9": 0.20529504821668653757882339050411246716976165771484375,
    "10": 0.097047092288086667100088789084111340343952178955078125,
    "11": 0.141191169107814207261952788030612282454967498779296875,
    "12": 0.20251644044372818509458511471166275441646575927734375,
    "13": 0.1898057242468262073575857584728510119020938873291015625
  },
  "zLow": {
    "0": 0.0000025278522430687503045812267583932202567685860817559158236082,
    "1": 9.257605283033602419991852957226265993986407843527895582715E-7,
    "2": 0.0000012525577157185596447365163563693561480652491416100947230664,
    "3": 7.664546279898123997852988053354463116365328698433546761064E-7,
    "4": 1.329004164401604495722323421578275198784148707388329534558E-7,
    "5": 7.618664281660811047307446294170006680605522203032044240785E-7,
    "6": 0.0000101945921108483523855835637667278942388333920820312951438278,
    "7": 1.569417191617079799835678258087459154571829705164405433413E-7,
    "8": 0.0000019664793664484010350263845493045642497254621132563948230844,
    "9": 6.486121351692020289441076588835769656729523476248610067286E-7,
    "10": 8.050637013003264732733429782230119920830234635630916480941E-7,
    "11": 1.561525897353996429772162392910299097466367413578123681550E-7,
    "12": 1.805625634737715250247355679234035997615071472712385868545E-7,
    "13": 0.0000081017091715742799487296953298620435436167322586934876558554
  },
  "zHigh": {
    "0": 0.000107093336222231998664570463863576615252072297673330423644638782006048093380336325185721169369685776185780478241658,
    "1": 0.000042923693995646120494743892843338464113949912941957168243577440260705082839571870054828441053100349025559125886169,
    "2": 0.00005903914324896552429820075139480162078670798628693759542820202386213702362446911706840197965170889400263330179847,
    "3": 0.00003263623933919360491358822021489178620373997441414045127555500250097021369289269509259723681351061423884555702805,
    "4": 0.00000681797465608036916698909879441670662163323134585214182055723250511822647832150051130536005059586339635140785558,
    "5": 0.0000297093831384691351094155504798075496707416755674926523367979748125169936763168786792388670255043516092147821567088,
    "6": 0.0003903946190933630128959305500484986908518532168913959392095354631296162660119095237951509808822555269258177804231392,
    "7": 0.000006302607511606696155868788571268079000628753607519314687473165395315315025389701027205066421727762371557413278259,
    "8": 0.0000798049284797106303129871710179640444974460395162185888304498466699320052357341315162310041146218710904746928475,
    "9": 0.0000327740500114249945138432440718766310124768271812119941592416986772117934286023979645160838813253905944168321917,
    "10": 0.00003196482017079793633746690213179705864750159773120992736408427598459935695692671563724988034867605258214832134177,
    "11": 0.00000688931436245738368415237315536532109569089164651218713165684478887690437301143529366791972059835925170881803949,
    "12": 0.0000090735656674234398715043494216953530265594160897879466746949495949774770747162836822385019565577225465314320761,
    "13": 0.000396826352842009455800007885888744455322226346121019683439103887175331550516007228366816101817841014933173945422852
  },
  "setupType": "Multi Region Model National Bidder",
  "population": 0,
  "id": 8,
  "worldId": 3,
  "implementation": "org.spectrumauctions.sats.core.model.mrvm.MRVMNationalBidder"
}