{
  "gammaValues": {
    "1": 0.97292,
    "2": 0.89167
  },
  "alpha": 1172.699760028938953837496228516101837158203125,
  "beta": {
    "0": 0.164826481675010516614321431916323490440845489501953125,
    "1": 0.10536807822639025766786602389402105472981929779052734375,
    "2": 0.208710833577746779354811224038712680339813232421875,
    "3": 0.20899504955719450105533496753196232020854949951171875,
    "4": 0.162955562124069752716337688980274833738803863525390625,
    "5": 0.11068350085836890783763664103389601223170757293701171875,
    "6": 0.14842183698283506476656157246907241642475128173828125,
    "7": 0.131126001769456379530964795776526443660259246826171875,
    "8": 0.188046298538335265870813373112468980252742767333984375,
    "9": 0.1230709438600829652710189066056045703589916229248046875,
    "10": 0.16451086868733799661868033581413328647613525390625,
    "11": 0.193456075537074945192017594308708794414997100830078125,
    "12": 0.153463308321835911751662706592469476163387298583984375,
    "13": 0.091425806438418966148873323618317954242229461669921875
  },
  "zLow": {
    "0": 0.0000018964045469222987436319020092089749975999128036191632339735,
    "1": 0.0000014379002067393365004084740308943482377654946849757270426767,
    "2": 0.0000010283324257537298146652247450793764072556257441985254049151,
    "3": 4.613793733358452882642359967926116531498945238731160427208E-7,
    "4": 1.737260223569503700892486261538230208860398071389801595589E-7,
    "5": 6.191880669058643333364762023730825783384027174348517194156E-7,
    "6": 0.0000056970630122096799739086450244137566528144931930545912181541,
    "7": 1.215896096304856177895697760821540080722063721879435873857E-7,
    "8": 0.0000011066714765468326798088392485855561645469447191942639839854,
    "9": 0.0000010819520464137567556836641384778703015522878671623752187987,
    "10": 4.749175050942687560437011884883129772018440273565498507859E-7,
    "11": 1.139657498103680389214360713184170845594306081356008540029E-7,
    "12": 2.382777227467077215442680541300351623060220720392989673347E-7,
    "13": 0.0000168196577842994744460961632917576079450845176638814899189836
  },
  "zHigh": {
    "0": 0.00008814990533783845183609072138804925747701209932922784595559771496496415977796371599030858018168420900707294895625,
    "1": 0.0000582878843487254082470225548984901132649555299606452927757340089671116267577746450620222137962271457579206620848362,
    "2": 0.00005231238455002062939606200305610222856241928436459051588366568288340681345168533931700520918249154670321404630,
    "3": 0.0000234839816995745915679563359586067464491408240350332922739849923017287054272964912759135350748454699001900622947,
    "4": 0.00000804274283358406678249958731429657165186197943785655800364773021996845138310887813631045952990270856534520180018,
    "5": 0.0000254290323006626319675874976684900069790771904814420711969086793817756175140432292650690302689303763549522647414524,
    "6": 0.0002554687461342028405456829877790745632712862502220948214393256832357127030544667113433458705065989102586660810702,
    "7": 0.00000524204422567002529004884707947032177907945565766440600880471918697362643398635417517015947419586497710432187676,
    "8": 0.00005401069178266357965646081199639380194209051769435466365747926326199666110930687419482694676602330900302933499957,
    "9": 0.000045774247348761636316029938459705431088856892767337420521344938356104723863031057250489641295310607773902603235820,
    "10": 0.0000220604342846162048205776484397560882010662146450136734448381013045761247398954711656766602383924222341783614,
    "11": 0.00000562370916470643556247896811618693634007470764984584170709392266102481665460048417258062323151209592824859150767,
    "12": 0.00001080502044561152576709032400789429990289486383282975808910175712991932743817783586168015417207492197737642985619,
    "13": 0.00065836481122376529072100192474561138736625990827665975133294898318752996835058290324843787526050395213866299818871
  },
  "setupType": "Multi Region Model National Bidder",
  "population": 0,
  "id": 7,
  "worldId": 3,
  "implementation": "org.spectrumauctions.sats.core.model.mrvm.MRVMNationalBidder"
}