{
  "homeId": 11,
  "distanceDiscounts": {
    "0": 1,
    "1": 0.42045,
    "2": 0.17678,
    "3": 0.07433,
    "4": 0.03125,
    "5": 0.01314,
    "6": 0.00552,
    "7": 0.00232
  },
  "alpha": 744.161852677507113185129128396511077880859375,
  "beta": {
    "0": 0.098434598300178810514893257277435623109340667724609375,
    "1": 0.0911248023856887912064195234052021987736225128173828125,
    "2": 0.091785480678743425198007344079087488353252410888671875,
    "3": 0.081277396030325466114163646125234663486480712890625,
    "4": 0.05505828744028444521330101224521058611571788787841796875,
    "5": 0.0708626850531620944284583174521685577929019927978515625,
    "6": 0.0685643827728910915109139523337944410741329193115234375,
    "7": 0.089168556272904930803946399464621208608150482177734375,
    "8": 0.092274434323216747433349382845335640013217926025390625,
    "9": 0.0544622521244506330173607011602143757045269012451171875,
    "10": 0.0646485442118176212300539873467641882598400115966796875,
    "11": 0.0739692465921464314959621333400718867778778076171875,
    "12": 0.0843464695758198990116483173551387153565883636474609375,
    "13": 0.05243967597766119315139121681568212807178497314453125
  },
  "zLow": {
    "0": 0.0000031754860049154798550517510635798053655313942848838316210477,
    "1": 0.0000016626514132144519621272398091076310050125349140843093417434,
    "2": 0.0000023383231877957805510917538506833219847877381200958638304985,
    "3": 0.0000011863815735314004768767189505460702846083800117773328553286,
    "4": 5.141754846526934046391599602801772271147739417426409031556E-7,
    "5": 9.671366937825176598210882923868308509778369078353976890493E-7,
    "6": 0.0000123324753098112094126780581334172016068101888984832542044674,
    "7": 1.788024841263380782519963678638222973220564137216313419336E-7,
    "8": 0.0000022552885464855732856969154186037629706971748477416440598918,
    "9": 0.0000024449385467794314972497636413399844368499710398703590936049,
    "10": 0.0000012085205053016427214807702113148204497731432604804548572119,
    "11": 2.980612581539364828094722691910384761995844583646246352826E-7,
    "12": 4.335319286746506225395206647020498884052583985925210603873E-7,
    "13": 0.0000293241853287361631569313064322916350659547726246856566603019
  },
  "zHigh": {
    "0": 0.00012652234907763388517868619301917416851495654376716789756782457092963291992152402687447072653058365358008345528305,
    "1": 0.000065030420542978872098585528244888596282366736833902761747734795461026361929324338165292920590042712349464441805082,
    "2": 0.00009161210741128215148885787622422059588838265564151066865116626162657236887575808654702916820344516623743131500941,
    "3": 0.00004523404770544124722633082457121050539289538867215979665222124492212463088786385026559479326433044041369835201,
    "4": 0.0000182562267024563578189969273380871978387240034759663803115508399503630366914849503332692402196410969195363581899002,
    "5": 0.000035867491106962231762125860368902455158260216193458450285919836718089077619044924826606722618687194389319609869772,
    "6": 0.000454531115062248723708765381049177911891157121384954711028725359230390582631802411747468592635375612468667948438959,
    "7": 0.00000695843046054559910392164483292037045657495690367503864524029301224687020723456065112086656059814087471819640942,
    "8": 0.00008846920388082579783310309709694000612659742155077606593467125804668217026824816977695371328686620588792088180067,
    "9": 0.000086663842359731878563012923545568855147787387948576936765531181396365563481228462726984697189116135485403121128911,
    "10": 0.000044068524290837423783689719124551312378205191638730823637616996118601187449624392668277274453949709510231721875533,
    "11": 0.000011146574415013488879120054052365578089279323156716555145486826149372330025937088051151094269315059069776323918,
    "12": 0.000016662646623449812796947902325054741685871953629426420880678761353090422517024374598605363197930053519307490745578,
    "13": 0.0010335006375568659520460562189616322009923675571007847535724990109914976323114917142742812771902673026098122633181
  },
  "setupType": "Multi Region Model Regional Bidder",
  "population": 0,
  "id": 5,
  "worldId": 3,
  "implementation": "org.spectrumauctions.sats.core.model.mrvm.MRVMRegionalBidder"
}