{
  "regionsOfInterest": [
    2,
    5,
    8
  ],
  "alpha": 86.403354690111058289403445087373256683349609375,
  "beta": {
    "0": 0.0923030169786369369955281172224204055964946746826171875,
    "1": 0.1078359743258656966435893309608218260109424591064453125,
    "2": 0.06812051118197413879240542655679746530950069427490234375,
    "3": 0.10877494629258603608956690322884242050349712371826171875,
    "4": 0.1047892278686870515258533487212844192981719970703125,
    "5": 0.07335892698846614712326896778904483653604984283447265625,
    "6": 0.0723341628722215801428063741695950739085674285888671875,
    "7": 0.11697349070249769831253416896288399584591388702392578125,
    "8": 0.054077600209169220113469833677299902774393558502197265625,
    "9": 0.0785694878076189373583559927283204160630702972412109375,
    "10": 0.08840180574077478869998714117173221893608570098876953125,
    "11": 0.0885700162489451991998379298820509575307369232177734375,
    "12": 0.06569440507573852394695990142281516455113887786865234375,
    "13": 0.06895205192904485524962865383713506162166595458984375
  },
  "zLow": {
    "0": 0.0000034061420054760753220009299559133938957428877086466741056507,
    "1": 0.0000014131713003669472551442648658239277193782520034266966412266,
    "2": 0.0000031689931098104985015277341676963719653780481068509705430497,
    "3": 8.916326571505288475820277858932967008815508556333497071810E-7,
    "4": 2.717303165939151884072729040756893538142521450515412452949E-7,
    "5": 9.396652470549986205042143316660196736771921738828591340477E-7,
    "6": 0.0000117577991169367067088043925587921759318414864435399275739407,
    "7": 1.370940174232427931718165265829069558833881111438393731518E-7,
    "8": 0.0000038706755155914870646433267638485796517859076099236452083645,
    "9": 0.0000017046306470325360889320693226631663666708937778175404245823,
    "10": 8.889397103820338760674329408282792410876776477653929608431E-7,
    "11": 2.503748323293697717025425366597879261981648659801935867714E-7,
    "12": 5.598610874816461704339715687652322604265339328374357718257E-7,
    "13": 0.0000224315575718344701448795245237852151164314730172766262014380
  },
  "zHigh": {
    "0": 0.000133623978500592924387504768864157138154062422181089773227708152492260051590828526742188907849382411365393043131240,
    "1": 0.000057634209417450454147919006649635449221675367920009440530704995130959851250060747192326016259488538122571733416968,
    "2": 0.0001166571363515594613543955927585289424501939719047469231090501539952591744099472745798143322863499804781467563194802,
    "3": 0.0000364477091539423208345466705485382664533583575382041311227948689588285256949044829684098228846805643803495844301222,
    "4": 0.000010999350504256480955109420651047183087848288386235898526016609509562485726375206901185992003174884901051192594,
    "5": 0.0000350832408368806234225024189916456317140175295710288605335318259633544754956843514973759950593247199337006704245413,
    "6": 0.000437783029142437482423868927095108562913352235149115297563148858203121359153260876073968509699888871656240946719328,
    "7": 0.0000057164570999398586278447025432400041671831435279119543731494757136411149585677114105093288026539266295242517618613,
    "8": 0.00013705194977490224991885280914837691677405998239171708354247783986231839107892255439468934009987984701616411353369238,
    "9": 0.000064532115094827725124090346963895128531143991956134228608317108699333393893709312315545926706545632135438447885638,
    "10": 0.0000345265788707063323161016166031180262366668025149284824921086385154504072568959750008848657553150485741302336679006,
    "11": 0.000009728815266655014196923428025891526328412066078901452729818238025063265084599692528821668957728276509680013216071,
    "12": 0.0000204738067311656597098579495395883226506272625791661614280003906225862625611975640791010422417602127051336556137348,
    "13": 0.0008276169194092830749800234640834013105755162251285138398065803413517408437264451871646001611128564285551645601223
  },
  "setupType": "Multi Region Model Local Bidder",
  "population": 0,
  "id": 0,
  "worldId": 44,
  "implementation": "org.spectrumauctions.sats.core.model.mrvm.MRVMLocalBidder"
}