{
  "homeId": 12,
  "distanceDiscounts": {
    "0": 1,
    "1": 0.42045,
    "2": 0.17678,
    "3": 0.07433,
    "4": 0.03125,
    "5": 0.01314,
    "6": 0.00552,
    "7": 0.00232
  },
  "alpha": 585.289211289841432517278008162975311279296875,
  "beta": {
    "0": 0.093789410560010055828428221502690576016902923583984375,
    "1": 0.0847916231616955562433446402792469598352909088134765625,
    "2": 0.094041273862698060437281810663989745080471038818359375,
    "3": 0.0667134363121446305466832882302696816623210906982421875,
    "4": 0.045907733480560090899569303246607887558639049530029296875,
    "5": 0.09880902588863695046317303649630048312246799468994140625,
    "6": 0.08668332502422292085153543439446366392076015472412109375,
    "7": 0.0738748854915848573998715664856717921793460845947265625,
    "8": 0.05998145174518310085431949119083583354949951171875,
    "9": 0.0969233588636025100715443159060669131577014923095703125,
    "10": 0.04149658504925624047388055259943939745426177978515625,
    "11": 0.057272018835627470922933213159922161139547824859619140625,
    "12": 0.05831573901178234431430524864481412805616855621337890625,
    "13": 0.09255711793857120117667847125630942173302173614501953125
  },
  "zLow": {
    "0": 0.0000033521607768495707936042378820624072512665259250799444907947,
    "1": 0.0000017972377268190162015932340690127501596442698968565474362206,
    "2": 0.0000022955179327709248978920149816082317285482334973994546383026,
    "3": 0.0000014537895176088960881011822222359206027013402756795078232969,
    "4": 6.202530141560553243904799823752059875510170262777791896948E-7,
    "5": 6.976370188083590051584908685606450516087006492502525433909E-7,
    "6": 0.0000098114666933426980384872781862095414986919166344809156886367,
    "7": 2.170746616487474970035778724540059109814507811578279023196E-7,
    "8": 0.0000034896928463954005295648658619743738737166098217407638292719,
    "9": 0.0000013818336302912805903862553141520619240215680942557493686007,
    "10": 0.0000018937431959563537598331289498214892286395672035078817706753,
    "11": 3.871996032021184462597774964907293806135255894027461562823E-7,
    "12": 6.307000766933883922096536541922877854978316767992801920880E-7,
    "13": 0.0000167107831033482810017066375397780194867084494899476269993846
  },
  "zHigh": {
    "0": 0.00013200454164179778853560400664862753881977156867408788478202802002097670701209742780336046526924096336044976462472,
    "1": 0.000069156202211012522541388082745300122429655904722904964380525442569857766888353219208703369340346672882759905161165,
    "2": 0.00009045288104037225324532401717588473534529953362120144596663735103366675466048562080184065346367500062044150771552,
    "3": 0.000053312414967693338050121303638816983507952040139588874606274396283518298036798822304672130080777463226625993163685,
    "4": 0.00002145503143112068503460563300003268209995123482302303685801581069206960187025690105801014210669904840626065275293245,
    "5": 0.0000278223939894814349621307150984843930519627838320506628138284737375991331257550020738685176676105697369295763897603,
    "6": 0.0003793930564346172223143554959176295299188651408773449410040295167589946943347422057947196990958242606666956708413802,
    "7": 0.000008115876426704999742797542919372972820125023628331610248182077188613868792982982827043725964109557321066596258488,
    "8": 0.0001256224696990196538664989820921507434319810487462306421696974617836280241616586215719705139509011344857367815,
    "9": 0.000054848204592590060167715926708561995251664221449280496928868454434423086123459326475804531925271317900716355985003,
    "10": 0.0000646706834379359288290724968729143258632234891872031467870739552848646485977597664221529695305801836248316408331,
    "11": 0.00001383355839283747443364047682081976996087288778157802981514801728972744017896991566242563234353202164191380297732625,
    "12": 0.0000225989764075179263631284121023999884027661948980214940358696167386441307901102904372861710407993133565792130927711,
    "13": 0.0006559936853546974006848368545631854416838255193086438637449784718230902642625518388747960315781853698744084598782253
  },
  "setupType": "Multi Region Model Regional Bidder",
  "population": 0,
  "id": 4,
  "worldId": 44,
  "implementation": "org.spectrumauctions.sats.core.model.mrvm.MRVMRegionalBidder"
}