{
  "homeId": 7,
  "distanceDiscounts": {
    "0": 1,
    "1": 0.42045,
    "2": 0.17678,
    "3": 0.07433,
    "4": 0.03125,
    "5": 0.01314,
    "6": 0.00552,
    "7": 0.00232
  },
  "alpha": 769.359174685068182952818460762500762939453125,
  "beta": {
    "0": 0.07208705730529685329344147248775698244571685791015625,
    "1": 0.0945338595291097816275538434638292528688907623291015625,
    "2": 0.0806435392832046959998848478790023364126682281494140625,
    "3": 0.0857602858453172800512476214862545020878314971923828125,
    "4": 0.0879754556281025779096438554915948770940303802490234375,
    "5": 0.093892681495966912041950536149670369923114776611328125,
    "6": 0.047141401561840157174998466871329583227634429931640625,
    "7": 0.0858143130476959614671983445077785290777683258056640625,
    "8": 0.05170803135136330108689861617676797322928905487060546875,
    "9": 0.07779717785748187230954187043607817031443119049072265625,
    "10": 0.0968074113258955704086616833592415787279605865478515625,
    "11": 0.09199962677078621364756827460951171815395355224609375,
    "12": 0.04174487136310749135770237217002431862056255340576171875,
    "13": 0.09313997133439184950010059083069791086018085479736328125
  },
  "zLow": {
    "0": 0.00000436564430643204353783452063606917044561028832985280826576045,
    "1": 0.00000161360817531248048882958461891718924254785490936481630456663,
    "2": 0.00000267951759114203810718992436907961143270552576037243765470898,
    "3": 0.00000113202397153823005139341884830236870728959606306911787066412,
    "4": 3.2398149828571880402548873558171989336010006399260300864097E-7,
    "5": 7.3488840000938356721521860326405709441333478685810127796480E-7,
    "6": 0.00001805901274269709853274414091218601379316798846202814074918861,
    "7": 1.8705668019389575039056483881996768595942049070543834937567E-7,
    "8": 0.00000405203484884362185029749295121511119877992464418853143005356,
    "9": 0.00000172324636247037220471465011309137052553143300003883242719222,
    "10": 8.1255325732523483072684076048610281915563831339548354691363E-7,
    "11": 2.4127833625892824280029312408928017973206012193900774164513E-7,
    "12": 8.8192679868185109111974139717539545059939164758041220036414E-7,
    "13": 0.00001662254527793686514901024018127234189273279741228825235314331
  },
  "zHigh": {
    "0": 0.00016243997432219227198408465805778226815408542159273414131101694729901192953196856608030709720031422469045697772227,
    "1": 0.0000636623061173757327392164583341841068337780975465172537570194896550030487009694274171809141973857120178874499001782,
    "2": 0.0001019941059463912401619358799822072857656613765173183769856011268249829509508334051454233389848140981129363374718982,
    "3": 0.0000436689890844338937594597481110396302763239126939246067496613667277713083956195046228404375561425610450621575437986,
    "4": 0.0000125696869412477087262133666099024702982529001777286373348090112018706641144862408449241653327220490309200556158934,
    "5": 0.000028946716247997684889584986088659827427724690999463025742865241854878267670845969878067696351471046244318239977717,
    "6": 0.000626903099432300186107408343706090556417625060659629737609336091052673468698338411668373202661282386269147660982715,
    "7": 0.0000072169144569990443941265350435684738175098176953855148399662440004400830578335601869608645568953773531821120847281,
    "8": 0.00014251331996539092084855552372890506994348573258013621819445223893134701094093689573985026710243704155132584808219461,
    "9": 0.00006510376124944778824221631081653828849958565253708395563641759326202679140619109670453360136490874930655247400846881,
    "10": 0.0000322427154603650725431164392878904304343917024586171261744307952692475529503636879198358695512698638594932638652142,
    "11": 0.00000945810177613761255787561809519996260374411397568196717283697426102292233558300629054554781915374372883171622815,
    "12": 0.00003013939603672063986064216342319805735996837109292065984440076831261405013581682197327573095931446620182221798814949,
    "13": 0.00065349869740727297634012684606158918482921878915012158493121686945259722232068167659173378145259435776390551284845892
  },
  "setupType": "Multi Region Model Regional Bidder",
  "population": 0,
  "id": 1,
  "worldId": 91,
  "implementation": "org.spectrumauctions.sats.core.model.mrvm.MRVMRegionalBidder"
}