{
  "regionsOfInterest": [
    1,
    2,
    4,
    8,
    10,
    11,
    12
  ],
  "alpha": 81.282457823644534755658241920173168182373046875,
  "beta": {
    "0": 0.057881534199434148124652210753993131220340728759765625,
    "1": 0.05261510969530942827265818095838767476379871368408203125,
    "2": 0.1034314334456998552003170743773807771503925323486328125,
    "3": 0.0869047936580266411343842491987743414938449859619140625,
    "4": 0.06445129381119496514429556555114686489105224609375,
    "5": 0.052724589218595040163162224189363769255578517913818359375,
    "6": 0.056374207734039505357515054129180498421192169189453125,
    "7": 0.09975571677617323107511992930085398256778717041015625,
    "8": 0.10518413579744477492905474491635686717927455902099609375,
    "9": 0.06754594787799465815947286273512872867286205291748046875,
    "10": 0.056169491637637174175079479709893348626792430877685546875,
    "11": 0.1111011364824457114952593883572262711822986602783203125,
    "12": 0.07028696136286642637269750366613152436912059783935546875,
    "13": 0.119299809714748794586824942598468624055385589599609375
  },
  "zLow": {
    "0": 0.0000058748376207727389036252781885592128118910485439770634712182,
    "1": 0.0000031326022102727811653734340501038712539460919474173414312692,
    "2": 0.0000022573760046287868578995518419415212078027550461789808707652,
    "3": 0.0000012070586318854066024467735767009213827532915576543172052880,
    "4": 4.778376323214250077994131670212060475458239349688329468607E-7,
    "5": 0.0000014140676444755153320907837856086651685876437651955148109556,
    "6": 0.0000163172248765517542584914217833072345239791946955453050387744,
    "7": 1.738703044645470281988352159929845835241098651762155862902E-7,
    "8": 0.0000021523415400018216774747324755601662293387741967615665399094,
    "9": 0.0000021445795891690992711616473449555295703739666697107911160590,
    "10": 0.0000015131786492810759829334595826305321349976210901243815324611,
    "11": 2.158818588927330596654629883609281835700117855379214912447E-7,
    "12": 5.659670577724946193402810373508414014205216876986970775841E-7,
    "13": 0.0000140224573913469540721786879639728221299223921120941852074530
  },
  "zHigh": {
    "0": 0.00021024959008947013004803625014193248229376738346421397053885731941150148645128779012711742019877665629705742225881,
    "1": 0.0001104602872007105502191733289665865023657880688064355715942581476419531830741121312743926488319128501635399165963629,
    "2": 0.000091069643737331827352970415806093261407362685611480001038614303584351936327530976175896919864302934320600091098850,
    "3": 0.000046701677090276317843232149572343251349443356689617437973630671321303616064440630391870777725837799400175972438086,
    "4": 0.0000174148543331221417190642292711514189576263862058173691814059914034694798861937573552171360426337320542909924,
    "5": 0.00004987764290249324396124736965325182759454417211010060953878560834723678585713260591966147879654500206160981065325686,
    "6": 0.00058150380877992919955201427920917378333340897832125079255892669974824848436029529063240507269903886707814029711609,
    "7": 0.0000069505648187316469877559878942722972521390238701535291764788700359802676199334061851285695883671616925510839101,
    "8": 0.0000872094646826579529749056230067664672570202840692511119436748269090299468415972220536689457077166030459090127811774,
    "9": 0.0000788231537900956958044423528681458141838351649977462190870204479351208085397350798006000128902087276272050978923535,
    "10": 0.00005389480702713673067233839384758024359531107284531696044319164276343543845271401800133007724735770968670478783025463,
    "11": 0.000008874927753674553998565140557727807208945998061993764335409551713655017611999855902683512115790105426470953697076,
    "12": 0.0000209570222054058905682939643419882796829814620923051508790050176595882182477438103988016941253874288826513050362631,
    "13": 0.00058796137159249506128066452895941577811769278220803164941355372379106308213665642455117876228385504715520610142535
  },
  "setupType": "Multi Region Model Local Bidder",
  "population": 0,
  "id": 0,
  "worldId": 118,
  "implementation": "org.spectrumauctions.sats.core.model.mrvm.MRVMLocalBidder"
}