{
  "homeId": 7,
  "distanceDiscounts": {
    "0": 1,
    "1": 0.42045,
    "2": 0.17678,
    "3": 0.07433,
    "4": 0.03125,
    "5": 0.01314,
    "6": 0.00552,
    "7": 0.00232
  },
  "alpha": 516.1916357931455650032148696482181549072265625,
  "beta": {
    "0": 0.0930637675869514513493641061359085142612457275390625,
    "1": 0.041852841105657324904942839793875464238226413726806640625,
    "2": 0.0940531343010996556674996327274129725992679595947265625,
    "3": 0.09046940818895021774181941509596072137355804443359375,
    "4": 0.06350466848675677400404282479939865879714488983154296875,
    "5": 0.0943989353135387954107926589131238870322704315185546875,
    "6": 0.084410457536499283737185805875924415886402130126953125,
    "7": 0.05465516885131867230729341144979116506874561309814453125,
    "8": 0.0895031247403694496522774670665967278182506561279296875,
    "9": 0.041462184839205391828631519501868751831352710723876953125,
    "10": 0.055344816045056997866335990465813665650784969329833984375,
    "11": 0.07675835574819368789523110763184376992285251617431640625,
    "12": 0.06727729542770287396447059791171341203153133392333984375,
    "13": 0.05717494788715270226386877538971020840108394622802734375
  },
  "zLow": {
    "0": 0.0000036538883335576193573018051096491398677234687329248403813008,
    "1": 0.0000039381366848950150204540707644766066676537130696452433189466,
    "2": 0.0000024824652332926278587259964318816779441471865660207808716158,
    "3": 0.0000011594989227524692520681168552404414612236515193590188893127,
    "4": 4.849604661933847572753188444917245132868099288579483149792E-7,
    "5": 7.897984806146952373565733446001667769808322864123242427993E-7,
    "6": 0.0000108975907924206128084119530421366525621560455731110256640069,
    "7": 3.173452248429726890882541828185041957563325463359382119647E-7,
    "8": 0.0000025294333073035292136415544214812351812152284004244770920212,
    "9": 0.0000034937295685695303740213211114369164998636710061379666376807,
    "10": 0.0000015357260455586175710717842787577772277402534749162657824328,
    "11": 3.124704748445584217338725188637822255496352173089974547636E-7,
    "12": 5.912857297460594088137232825944280316659260835108175268759E-7,
    "13": 0.0000292589072721614545504877002254260595006773899881602723177762
  },
  "zHigh": {
    "0": 0.000143621111473016543658332057774630293968739989132647277841335221131937976943939664903088359556796320773146585920,
    "1": 0.00013462632143937756587159243039776856477701670247327262822458060475641398362360189630401248806373601020590151788864160,
    "2": 0.000097822320597247057377763753504297963497695631206734001064132472873495190275590065439732407301762817775743235483632,
    "3": 0.0000452748858162881973318724479285288537035541555407584884943707691051524164470592763361438284215394908659963648946,
    "4": 0.0000176285393492809342033413995952669729298559660224908302249601596933801699049640628629503715817937456396040883552304,
    "5": 0.000031149567986668641119221056422996875846339827746604892494094599350623492308428796723315751389754752613078071347332,
    "6": 0.00041891478625599495604963021697405632447871450464822241131590048901605641207535023873242095952653321533612580468330,
    "7": 0.0000112548124300844168144385568990378856191057043049452079467142542997813301071475641017614342960681103176796126954963,
    "8": 0.000098522217701709179059910281384398535813313910179138428507030195396772930025424048858306081974029271840799034645323,
    "9": 0.00011929765317210862889023256586258742206852629509056148473567039919172541323712140618278901571857576110814883650909910,
    "10": 0.00005457122891546297831648813473139759637759004438907348794234256404592835550136613187638644705502008038439611123352140,
    "11": 0.0000117725862322293148606174264728134284683347010151260432409755352719488645346595836466057893937745551048807066310532,
    "12": 0.0000217165823646128342524972316992958785903435939666687643577586869099329725232622953380066230203816502245519403919212,
    "13": 0.0010450548680169300756299348968030128992403427184900142627232489258360042618667095655001348481884005971225760597815688
  },
  "setupType": "Multi Region Model Regional Bidder",
  "population": 0,
  "id": 1,
  "worldId": 118,
  "implementation": "org.spectrumauctions.sats.core.model.mrvm.MRVMRegionalBidder"
}