{
  "regionsOfInterest": [
    4,
    6,
    7,
    9,
    12
  ],
  "alpha": 83.530282816394219480571337044239044189453125,
  "beta": {
    "0": 0.07931223671312671863464771604412817396223545074462890625,
    "1": 0.1184615767072907110968316146681900136172771453857421875,
    "2": 0.100174497713023280542898874045931734144687652587890625,
    "3": 0.06911953604679661744558671898630564101040363311767578125,
    "4": 0.0844765977533425138634726181408041156828403472900390625,
    "5": 0.108429461926574488561669795672059990465641021728515625,
    "6": 0.0884793300803459192849231840227730572223663330078125,
    "7": 0.07560369187998150497520555290975607931613922119140625,
    "8": 0.104428616288506914688838378424406982958316802978515625,
    "9": 0.11514108001423528637729987167404033243656158447265625,
    "10": 0.07317898636540175194564739058478153310716152191162109375,
    "11": 0.1068667350401472926346713165912660770118236541748046875,
    "12": 0.05809792504839857152365567571905557997524738311767578125,
    "13": 0.06977022895699958038306931484839878976345062255859375
  },
  "zLow": {
    "0": 0.0000046480822556379338861497407151272091233534544819957157858,
    "1": 0.0000015083993027208956355055349966546905597887151539063107696,
    "2": 0.0000025268378628811264097464226515609247833004666091396755833,
    "3": 0.0000016453162460986252899788039059282131954836250045460706154,
    "4": 3.952334348267705633403482326104115021239607111026468260E-7,
    "5": 7.454425674712951236217917497058432403031333980151648328E-7,
    "6": 0.0000112710149570678049363326897016847255687076429578695503974,
    "7": 2.487128969867587871297308201712311232729944874201945642E-7,
    "8": 0.0000023502821852804153375317742600619110940027906776620091844,
    "9": 0.0000013639211740738471492405388242739417680336625993432673845,
    "10": 0.0000012591643233772412374656371465679084554989059869146199177,
    "11": 2.433157437195048591401358906999883492593652266957322532E-7,
    "12": 7.423067361776187024583413373083213577295218539874111491E-7,
    "13": 0.0000259939233135520169245115714927230111972444293642253873417
  },
  "zHigh": {
    "0": 0.0001763074476812619955682639157531945215919945707616869583807616829468357984215857582652244918224844778511268969304,
    "1": 0.000063120715052076389120459498006361949819770994324170912690412021975582375330540872879671354721490954604970068591,
    "2": 0.00010111760725807039542051990155646095559419480277837937322243871159965402409932052431459920680419912678597115651,
    "3": 0.0000607318369410181612220527727306813170576408734125886783506569937975434135551340787068665470314610431614899955733,
    "4": 0.000015195800634056418004816434587691350204801489416133637071068950562892284167197236456833265938357198803356574297,
    "5": 0.00003044607067294652660195900806102209845704110957701132532096280803102104609179627727993408632469438956920128594,
    "6": 0.000437855633984725968423694775406682625891138839928037728871007569389289456458650260513418239823320258785938321,
    "7": 0.0000093417482326392127969761455698167341896578362235147368462398573493857883934194514355018973411350512499000613,
    "8": 0.00009505213720804866087865417430391562944049406643445131373512190889878749732104998797515500187984245858035825732,
    "9": 0.0000566219709259300713799642750532307109868421831472156704040965327411242680419334997760667185043350975638697002,
    "10": 0.0000469893665865395830224311318638636278318600066078017155228181816588900825741678558460932305789059996494455345478,
    "11": 0.000009899708223102016622071164839458025780792069643718547899594518129600692575642968198157465337723650768805352122,
    "12": 0.0000265818501974654274454908314737590513422253684511782216091158252501757255771048282940225364393784207785572924980,
    "13": 0.0009611778975142818491615465478357144921938033250351845593194088495953659549014767509492225816017704801843158440
  },
  "setupType": "Multi Region Model Local Bidder",
  "population": 0,
  "id": 2,
  "worldId": 166,
  "implementation": "org.spectrumauctions.sats.core.model.mrvm.MRVMLocalBidder"
}