{
  "homeId": 12,
  "distanceDiscounts": {
    "0": 1,
    "1": 0.42045,
    "2": 0.17678,
    "3": 0.07433,
    "4": 0.03125,
    "5": 0.01314,
    "6": 0.00552,
    "7": 0.00232
  },
  "alpha": 828.3657207638052568654529750347137451171875,
  "beta": {
    "0": 0.06882767843821423203731768580837524496018886566162109375,
    "1": 0.06503382832573996463754184560457360930740833282470703125,
    "2": 0.0599580868972714731146567146424786187708377838134765625,
    "3": 0.08676449378855742577965060036149225197732448577880859375,
    "4": 0.08866931973263192379164365775068290531635284423828125,
    "5": 0.0899372809657273120098608387706917710602283477783203125,
    "6": 0.0960338939166224536680971368696191348135471343994140625,
    "7": 0.048543364738324712437389507613261230289936065673828125,
    "8": 0.0877027725744436714716556480198050849139690399169921875,
    "9": 0.0717867297773500390167811247010831721127033233642578125,
    "10": 0.0875062795629727163682076707118540070950984954833984375,
    "11": 0.0710552360862451160006258987777982838451862335205078125,
    "12": 0.06864182926161292719324791278268094174563884735107421875,
    "13": 0.05382162027023203176856469553968054242432117462158203125
  },
  "zLow": {
    "0": 0.0000053561271931054920262862825035389080613619617695832272957,
    "1": 0.0000027476063504902403270242402293248573646500793099155094625,
    "2": 0.0000042216943003877770103031886668082448218227468575536978633,
    "3": 0.0000013107146784920443484133272716615810872392901272747631554,
    "4": 3.765448521902399136739090351246332622463071941774583393E-7,
    "5": 8.987144776911600187155153691224002648991476107677203089E-7,
    "6": 0.0000103843738086132570204077247548157768570104748293520407213,
    "7": 3.873570225658285555637108904986167182670968275383504364E-7,
    "8": 0.0000027985057859833446221296810943575734484255286346944473409,
    "9": 0.0000021876377085879802505283810797682539739303905386887071727,
    "10": 0.0000010530029309029531312890194026562160544110950440757600470,
    "11": 3.659457141709821062315891910270466565563199410254583088E-7,
    "12": 6.282828063483238426445832403868253283937688509424773885E-7,
    "13": 0.0000336965325824702220212885757009423536062557112957371654813
  },
  "zHigh": {
    "0": 0.0001975487958052887397723601694055454897322497893893123036760916772099703272982629408538149027029883580955246502053,
    "1": 0.0001002969264851567298660206549864669539656119190044468734771166092712642309927595021347831731734102408806467959581,
    "2": 0.000151963300383269913437222882013880556749863210230800041623468511836828564552232008195867503988105824132541394680,
    "3": 0.0000506937899128207329750884737026823538103108270944494545494224527027641777879416516109565416931169972090017760534,
    "4": 0.0000146351431549604985148232586631180030084718839083779824717146216842769026349320129888011022442445128643467751,
    "5": 0.000035044227979542473454770716643518809194921535959587989605031897746038812350820773809105756209017745969408293453,
    "6": 0.000411256399531089530945945827000614164540223796072512438586284969640903877948939513452201416640679958345591289068,
    "7": 0.00001350107200001130584999554767963830203948090642705941301413108576132446262359347758194663290891339427468206612,
    "8": 0.000108498845229136539416591379332785500073176205145424458432875653163366641461102351459816294418861571686327820698,
    "9": 0.000081333466961354064418599542718060077163744021327578864052018022560890893634296224151144768337097902919319122340,
    "10": 0.000040804524812310939837132599546512855799225678322635919403671918117518993560373757410703024493899699468325166859,
    "11": 0.000013578607336646334034814763849269774999700711073610329565785646317953938721597927485112151886266395629041127957,
    "12": 0.0000231611323025865816510780885661141704621527783598302087910331188444218086896937101067487343816160638783405464567,
    "13": 0.0011922561755818280020648566740822947644641417829805379035062763465499571927900156658689347605307503301784803576315
  },
  "setupType": "Multi Region Model Regional Bidder",
  "population": 0,
  "id": 5,
  "worldId": 166,
  "implementation": "org.spectrumauctions.sats.core.model.mrvm.MRVMRegionalBidder"
}