{
  "homeId": 1,
  "distanceDiscounts": {
    "0": 1,
    "1": 0.42045,
    "2": 0.17678,
    "3": 0.07433,
    "4": 0.03125,
    "5": 0.01314,
    "6": 0.00552,
    "7": 0.00232
  },
  "alpha": 512.6681327450754679375677369534969329833984375,
  "beta": {
    "0": 0.079227613210563319068313603565911762416362762451171875,
    "1": 0.0892775694887596726889711362673551775515079498291015625,
    "2": 0.042419822093118807193601327298893011175096035003662109375,
    "3": 0.05630440136317903243590166084686643444001674652099609375,
    "4": 0.05812476510604756840816520480075269006192684173583984375,
    "5": 0.064956821749609983118745049068820662796497344970703125,
    "6": 0.04966303753080857086299459979272796772420406341552734375,
    "7": 0.066867135502440666616763564888969995081424713134765625,
    "8": 0.0887350316724306587001791513102944009006023406982421875,
    "9": 0.096784930055415940852725498189101926982402801513671875,
    "10": 0.047614877116343136409515324203312047757208347320556640625,
    "11": 0.0768297477202762590930973374270251952111721038818359375,
    "12": 0.0477262412948521730360340598053880967199802398681640625,
    "13": 0.046498865462664649983448583725476055406033992767333984375
  },
  "zLow": {
    "0": 0.00000439549260427306364052544595565454709883020513417585311028187,
    "1": 0.00000189069552750009215231407553470469472575569305650580264978427,
    "2": 0.00000563684158997874167521326346951146294285772372321706975342439,
    "3": 0.00000190799827881997797552959496603035724693714910882064218843462,
    "4": 5.4262400688709933131678528862957299177444698644134071183579E-7,
    "5": 0.00000117545727393516395833057854070247562746156597091983452398286,
    "6": 0.00001896888033096109996495476177863706032304746237142024820359530,
    "7": 2.6564320673127870049927768450817612881832266144826305771719E-7,
    "8": 0.00000261285041473875881121730684241693681145312960859381800280456,
    "9": 0.00000153278751193591021476109652262570784962279989102825230397624,
    "10": 0.00000182808445382349255516782350419845923994642929169491713691879,
    "11": 3.1970797404257170494805354890150855669269628468646848549462E-7,
    "12": 8.5360492972875441610692142696268051469325106133069369177217E-7,
    "13": 0.00003684425238109014452827392114795583155384414391142528524059861
  },
  "zHigh": {
    "0": 0.000166689216920315703628951673721584569276804968331462098939771590296893331153295767631168667233707051093757311197618,
    "1": 0.0000736005359588504247504247714884365263789931860923410090537502534788410118925378581553354680618601053528639990773375,
    "2": 0.000193016629440761367340861108301974497916777918403552248120905612849954497567113031853965564632902403366678110225344542,
    "3": 0.00006798281845369282081954703141888107137996815213524322729772162906822165232341121296288455334855238898155494050220753,
    "4": 0.00001943270950073447860497532456073722539091205914837977084956845626680201181747928968287592845718996717222537251564568,
    "5": 0.000042899115079783810561744874088372551584068141310883341727947488809615341054156069569919797730473519905768533172537,
    "6": 0.00066327163150822676019553050588883671513394401667372654728460150888737453858094280574435060817989556137072091944914769,
    "7": 0.000009745576231918688161097147816754115455673666567355233587586964078889420012813700654574785832687327186717555387814,
    "8": 0.0001015706488728794988847902794546146352675753326823053750817568914121276861851649312328486856883918481651500252213460,
    "9": 0.000060818698571330516115150332949345599867215438912535975851983032080347159991216712824275119365185805837095020039074,
    "10": 0.000063546935277415062325437959388909617137756059198443705775590006794944937901319230845535000179385019337161120600643130,
    "11": 0.0000120475475202622926350550282491795307259607075226770599248723710347126233860638681972296210291169328505935195614931,
    "12": 0.0000296820833765336191169804033140580966069977953994084613422252132639659320818305572364815882796878015443578875742139,
    "13": 0.001276649164886781567353178786500641852072468887095222714924051377644052759214842999683339355480657056487586925859640253
  },
  "setupType": "Multi Region Model Regional Bidder",
  "population": 0,
  "id": 4,
  "worldId": 84,
  "implementation": "org.spectrumauctions.sats.core.model.mrvm.MRVMRegionalBidder"
}