{
  "regionsOfInterest": [
    0,
    5,
    9
  ],
  "alpha": 67.6723354855326277856875094585120677947998046875,
  "beta": {
    "0": 0.1056403066081736119574685517363832332193851470947265625,
    "1": 0.089377020620721336907621434875181876122951507568359375,
    "2": 0.07990400315699335009878012670014868490397930145263671875,
    "3": 0.07862856642678217600206380666350014507770538330078125,
    "4": 0.1133248347673560807447046272500301711261272430419921875,
    "5": 0.11757359355558440194844394000028842128813266754150390625,
    "6": 0.05343091219035513150803495818763622082769870758056640625,
    "7": 0.05455603192664569556225018231998546980321407318115234375,
    "8": 0.1074318042070604717341808509445399977266788482666015625,
    "9": 0.1170418058007907935458291603936231695115566253662109375,
    "10": 0.05876428063004753010734049212260288186371326446533203125,
    "11": 0.05915138249734865072415601616739877499639987945556640625,
    "12": 0.11152608166991083427088682356043136678636074066162109375,
    "13": 0.076130889484102570730073011873173527419567108154296875
  },
  "zLow": {
    "0": 0.00000329651057538954119123086169604120126295500580371641350547695,
    "1": 0.00000188859172263952661277530085236718316141787002802814738808117,
    "2": 0.00000299251361592217642794185607096515352328862395383458121466427,
    "3": 0.00000136628080318583606526784726863245097028375895645403963502439,
    "4": 2.7831404304240157430530502688768333297552626360176850351793E-7,
    "5": 6.4941426308613774476360440878254387125180805610957475527850E-7,
    "6": 0.00001763122090144641811704110425223150778784876596820738983644843,
    "7": 3.2558820120360966672974123047226856605152605415413875580943E-7,
    "8": 0.00000215812594806938891777044707195143233309519588374604615905934,
    "9": 0.00000126750207857378909528165512088002227714997898928824678050513,
    "10": 0.00000148124023120594870790722837983334571310806650176833557634542,
    "11": 4.1525796951495442702283645451088504967318220266371873769442E-7,
    "12": 3.6528993251361699777448914589650644222576997452221646624248E-7,
    "13": 0.00002250355862318567874585730938544634847525479523859191190814329
  },
  "zHigh": {
    "0": 0.0001337197560538100301501141459331841942005489884176789107956238703580930132773768160711735504115405946411625253512925,
    "1": 0.000073537421813033458564261531018311179448858495238011351202657474130079889084514466743634998483775128233469440434038,
    "2": 0.00011368679021906440992271888634558521532970492532207759195810176101597121287227170915273737352251006167474439481104330,
    "3": 0.00005173129418466856351169460049694388308036644756424515069541465422800505800085096215227357696681506748196108929609,
    "4": 0.0000115034105853935458946309167084805356269444374631926046000328340139819752600613992737876705105694773213574335052412,
    "5": 0.00002711782475431302415473565013077459889777540386657554866681651282040209078374007691674476097441111973866785690244180,
    "6": 0.00062314184862278630475812078009667013907798312457734079627019555331938861780902361407698138022392395789180246313077346,
    "7": 0.00001154392606608861714801105419567688857266976834853150453035415603939397043741931527823504333377612632552569812781333,
    "8": 0.0000879289148727984020813844863406495009168373209368722197694000614800721646480783918072812323703500319670725117446830,
    "9": 0.0000528601355704668825307670908969750326930308118603358101478498916725212554270829301344916604919557226972198428366683,
    "10": 0.00005314160859888874690762010565795621133260517550064625895838898091496762076896702537310333546474793053863188385675047,
    "11": 0.00001491404738443377429729851541746082551537528506199456749086637557960826463138353711302928026946274879096330685681236,
    "12": 0.00001503263346007949656700743488207287443297336279515414457633452043350226777113145839675018112082598789938855660075193,
    "13": 0.000846428352149647593880680433625357359714788426910221514950391961848941248361510211861035752432297685292606744041937
  },
  "setupType": "Multi Region Model Local Bidder",
  "population": 0,
  "id": 1,
  "worldId": 84,
  "implementation": "org.spectrumauctions.sats.core.model.mrvm.MRVMLocalBidder"
}