{
  "regionsOfInterest": [
    1,
    2,
    6,
    10,
    12,
    13
  ],
  "alpha": 77.0521051302862787224512430839240550994873046875,
  "beta": {
    "0": 0.076405801518392879589924859828897751867771148681640625,
    "1": 0.1001654354722996409510216153648798353970050811767578125,
    "2": 0.0578684410343548727428952815898810513317584991455078125,
    "3": 0.10472987321710568175969768844879581592977046966552734375,
    "4": 0.0884888183722310761591955952098942361772060394287109375,
    "5": 0.057694948989609307066217525061802007257938385009765625,
    "6": 0.096750951930814788060075670728110708296298980712890625,
    "7": 0.107731522480705665945066584754385985434055328369140625,
    "8": 0.08084287349451428628110960517005878500640392303466796875,
    "9": 0.060531000572696502803893281452474184334278106689453125,
    "10": 0.0891055046669930461700204205044428817927837371826171875,
    "11": 0.08555344533767729464646123460624949075281620025634765625,
    "12": 0.055042764746804084818876390272635035216808319091796875,
    "13": 0.051264019053322805452577171081429696641862392425537109375
  },
  "zLow": {
    "0": 0.00000455782651317919084826576972715552166036404336654721777692475,
    "1": 0.00000168517912933305889489589018963799883241305499683831374201087,
    "2": 0.00000413202452217497952320484904900941368236834991684667245503885,
    "3": 0.00000102576941603122584843472086565107595663002849616418612558398,
    "4": 3.5642800436707615436660522236815645400497355570743621992233E-7,
    "5": 0.00000132340820044818908419837511551777330506781750109570959336063,
    "6": 0.00000973687800475168017841115453689362243429685997893180598797700,
    "7": 1.6488024944588085695213068395965480283405528960832458839381E-7,
    "8": 0.00000286792582060928308667290357375901119380578399516537412248292,
    "9": 0.00000245082240057085921135948253578416315534702122656058710518675,
    "10": 9.7686463874937440013594159382538903443471769156023335722224E-7,
    "11": 2.8710805149811962294484239670487820023746002390178561757828E-7,
    "12": 7.4014005354037546180844653695997942966670101134666076343238E-7,
    "13": 0.00003341946195749406317051247483609563660391282104946734946400546
  },
  "zHigh": {
    "0": 0.000171559234187499519861161386866613806122820115302603038939057985712906107715079091470152948407322020060034512554520,
    "1": 0.0000674350440138394270278792111364356495787140443023163418205483626994158612626972260731928514222266151382541173693751,
    "2": 0.0001478721174066485027806086756869130201020967042124403291693394000399008369121895181251340669118155107065999730591989,
    "3": 0.00004151595257003025700670080840750263267075453375554954541220242252465100642347207670324833210784753520880792606973095,
    "4": 0.0000138468294251337832964699225728947292578278562263626360921648448078218635135332170446781839232826964140423115667220,
    "5": 0.000047337642875174564337778771332831481912255687216159593809280593619399660892500767431995621544600733531490273349931,
    "6": 0.000386311561721944166599222288636533578471425944899073280816052624722166925277305651970157013877466589498552957524935,
    "7": 0.000006722687513356752854682737800298475676145645412157079507885548821400157300314518447280173091093378763204636800497,
    "8": 0.00010922291104899522714845818139487686673815496427945205867210766235897377531539017982469100012651617935333323398257641,
    "9": 0.000088359745230378986013101913344099259038942078978506019888298465572690851230120023763666770793271912555025042593031,
    "10": 0.0000380103408251915176744815020777175109724047111944031923846935909166503500931134714625783295320934265101765025890245,
    "11": 0.00001106954984392873017495869368328062003230361969913657388738212485588419375340608586163135326136645921570452060987550,
    "12": 0.000026278137090882250488026156613977064056201293899887473492031645755422511681729053595085211101879255133554145958436,
    "13": 0.001173905452178899126620335397144836003574529201236484641626257008422637714818050021950531837582622737732625791426822124
  },
  "setupType": "Multi Region Model Local Bidder",
  "population": 0,
  "id": 2,
  "worldId": 84,
  "implementation": "org.spectrumauctions.sats.core.model.mrvm.MRVMLocalBidder"
}