{
  "gammaValues": {
    "1": 0.98752,
    "2": 0.95010
  },
  "alpha": 915.353870684983803585055284202098846435546875,
  "beta": {
    "0": 0.131815832105926122874706152288126759231090545654296875,
    "1": 0.1524191938591240302880436274790554307401180267333984375,
    "2": 0.102238690382857544403094607332604937255382537841796875,
    "3": 0.214332802838867519934495931011042557656764984130859375,
    "4": 0.1125617125503152460286315772464149631559848785400390625,
    "5": 0.1257385229503546753004883385074208490550518035888671875,
    "6": 0.20555966851368889791729088756255805492401123046875,
    "7": 0.1261011353763432651930997963063418865203857421875,
    "8": 0.08047760041652472773332505084908916614949703216552734375,
    "9": 0.18567999719144101522516621116665191948413848876953125,
    "10": 0.1122214866189200355162114419727004133164882659912109375,
    "11": 0.198727113943980959742674485823954455554485321044921875,
    "12": 0.11831155800283033041608860003179870545864105224609375,
    "13": 0.21472150019497815431890330728492699563503265380859375
  },
  "zLow": {
    "0": 0.00000264190107028563614982143389991615989305883498684682921432204,
    "1": 0.00000110745042710624591438620061488933922184310349147068486514836,
    "2": 0.00000233878012833078704366372884448531296542373183663907237620475,
    "3": 5.0122379527551015481834228125781138372745697753421151640798E-7,
    "4": 2.8020089803730206692197664182075038943504133434645926773217E-7,
    "5": 6.0724403966026979368170572213533328691102593526130154718419E-7,
    "6": 0.00000458286502700408490367601006455013621406788876229251493973773,
    "7": 1.4086154138732358781187694478057480303464366701343983513602E-7,
    "8": 0.00000288094281026252554528007741177259932768098744174493070633236,
    "9": 7.9895914679263241553025350702958181364649173983476932058952E-7,
    "10": 7.7564483638223011075059788156961490477580224467185938908450E-7,
    "11": 1.2360207171717637029412884370550070906341086250697017976841E-7,
    "12": 3.4433960243964728693268340724186602398255401044229247442458E-7,
    "13": 0.00000797878150527583042889104739227880697939992455147605703586511
  },
  "zHigh": {
    "0": 0.000114081470900692878907831312049432953103663863911591382060976692139856843707557215303633769879096095898854463982552,
    "1": 0.0000501031829470350376125885238939758612616154991412874755146730447280080793197360904535680584985076180150702479404272,
    "2": 0.000094074785591322728394375069551189998593758161806212326804316392366007715813702621465032974581011848814068522329501,
    "3": 0.000025779583947358786198209450875704695483677388196650307136922309888650654107795103611193126371454349701485807389267,
    "4": 0.0000115600162352405606731310651564725473207298895855333275264599853970535510835452686162964166835806099928007135205984,
    "5": 0.0000258527180515369856222786895313582813675519402411273524239871209285895950401795127378792212101201404698214480114263,
    "6": 0.00023169117238951630835716795446622899186455680839989454936887462317456271308969742301777867769630467911387483477,
    "7": 0.0000060021262716000347804751256249260756821632967343105369101520703654567486101240947090931213038617011833140002,
    "8": 0.00010961342073859250090667339653528451075441106767683875618759090214648986362142162678003086848245792334711414525781522,
    "9": 0.00003880384761703218213822504248146181878792619437673148635038141224697825030161562840294367066329030677632924622700,
    "10": 0.0000319737467541771889929211907100442870826372477877519733405614303579182453052009075591884026811707485192475512269443,
    "11": 0.000006164370450500432595437287093299295297082144857292110753086115209460895046741995921843376326051078315622072150471,
    "12": 0.00001440412355786040524175326272243366188567688387275642482179750020699904586787773783487736791556756395612302542130,
    "13": 0.00041068503861235214437169257383033111483914230629674586878204655039889327809497330789298778742652268928472402743576
  },
  "setupType": "Multi Region Model National Bidder",
  "population": 0,
  "id": 8,
  "worldId": 84,
  "implementation": "org.spectrumauctions.sats.core.model.mrvm.MRVMNationalBidder"
}