{
  "homeId": 1,
  "distanceDiscounts": {
    "0": 1,
    "1": 0.42045,
    "2": 0.17678,
    "3": 0.07433,
    "4": 0.03125,
    "5": 0.01314,
    "6": 0.00552,
    "7": 0.00232
  },
  "alpha": 507.43619070839355345015064813196659088134765625,
  "beta": {
    "0": 0.06920110945254860645992067702536587603390216827392578125,
    "1": 0.059787999235896359395692201132987975142896175384521484375,
    "2": 0.0931136268095297536806498328587622381746768951416015625,
    "3": 0.09426703132067960899664882390425191260874271392822265625,
    "4": 0.04172931997606077469953334002639167010784149169921875,
    "5": 0.0496612015584130539469498444304917939007282257080078125,
    "6": 0.047804933591963895411769414067748584784567356109619140625,
    "7": 0.0867722120842195909773408857290633022785186767578125,
    "8": 0.078759291279705101462838001680211164057254791259765625,
    "9": 0.050597791771527768356353504941580467857420444488525390625,
    "10": 0.0903035456165086902746708119593677110970020294189453125,
    "11": 0.052971061862335848402505433796250144951045513153076171875,
    "12": 0.051155800700937191505257572998743853531777858734130859375,
    "13": 0.0931336617855528514642315940363914705812931060791015625
  },
  "zLow": {
    "0": 0.00000451606752507106046124695838917017014497967436212976259976667,
    "1": 0.00000253360724848024946388484487679693105563048185191836229456251,
    "2": 0.00000230452162563980452422404784528214396213823826719511613345699,
    "3": 0.00000102270375707969274950515985136357553268785624262322020315418,
    "4": 6.7827883445188947492401320769132527426621453154632369385489E-7,
    "5": 0.00000137976063369923496595719573498452570020212775922456221635907,
    "6": 0.00001768445230323324402449647618385113200184473529548985435321821,
    "7": 1.8370463838927228131501920505643607069340385183356424293857E-7,
    "8": 0.00000264178344438401495716269690771387479261724012653058688320622,
    "9": 0.00000263116139459453363975200416827886633302218297316063651727432,
    "10": 8.6501468149360119729053379955127129003896726622340408789441E-7,
    "11": 4.1613433867172887799942432854309656743596578405564275868870E-7,
    "12": 7.1467504603515232139739884707705216207858246293049348387704E-7,
    "13": 0.00001650801231820458140983097074212924123918378622871438020505563
  },
  "zHigh": {
    "0": 0.00016673371406188608912482398564604590574504698114083833864956265082117733792960434315234996340209498551770887610842755,
    "1": 0.000091156148278027347168697886554794936873886563657934026384666965742310202407130344806724202735992524598519533340185988,
    "2": 0.0000905938854316256950404841967630862565943927269159097456178810929794057254672853545161883993958310645771557771736084,
    "3": 0.00004032183742243159316793456861452106062971047618648278760812496763008066648273119465156004011184997682005590923640194,
    "4": 0.00002317877648513992931464583754014862958123261214336663478725595148169066281606665123954992167801138509129544156296,
    "5": 0.0000482448761042271920157555773824083034726630881690669642605379112377825915258669234335488504858323248969755083679497,
    "6": 0.000615073975893629139495823604709824791696316677129154612785109061047123516095058923457069316863186317741516453508096157,
    "7": 0.0000071051849359950486820281072688783598425008971570904453975303590636458752131318386065476194420413599365330549718,
    "8": 0.000100060002510934774326261500906286521033789303787376549924237530441880243444223234483486216116470105004137807374888,
    "9": 0.000092247937473933691372915383833088155652294205690285587221540056623951692929482425304506571794589963205220345996761106,
    "10": 0.0000337618297197287510474721339353820423141189305721686982994041495066088117410105897112159539323810999271822040903283,
    "11": 0.000014688337939834103075969721077537140588360672199324362514357733996546585283138419230307759356494122997042140615878012,
    "12": 0.000025096228803145306114893104472432845425282394785953893748674882467359528612746470069897871508302358440256130488795928,
    "13": 0.0006489855331456780185191659919643972928711874849909116928900200639680064724217564260304547423081649519068651447631623
  },
  "setupType": "Multi Region Model Regional Bidder",
  "population": 0,
  "id": 1,
  "worldId": 117,
  "implementation": "org.spectrumauctions.sats.core.model.mrvm.MRVMRegionalBidder"
}