{
  "regionsOfInterest": [
    0,
    4,
    9
  ],
  "alpha": 81.6475385588892521582238259725272655487060546875,
  "beta": {
    "0": 0.0921954273011485192501623942007427103817462921142578125,
    "1": 0.11270330632903420575718911322837811894714832305908203125,
    "2": 0.0799703123837936236117940325129893608391284942626953125,
    "3": 0.09017107120599950065287231382171739824116230010986328125,
    "4": 0.1076045779981173178274644897101097740232944488525390625,
    "5": 0.075244564507252587048924397095106542110443115234375,
    "6": 0.075225011818156606313579004563507623970508575439453125,
    "7": 0.098276407058396852978177093973499722778797149658203125,
    "8": 0.05825241077830202451881547176526510156691074371337890625,
    "9": 0.0753619873644564564063585976327885873615741729736328125,
    "10": 0.1175280941735176998275136384108918718993663787841796875,
    "11": 0.1189960447646164765078680147780687548220157623291015625,
    "12": 0.0503101151314882255594085336269927211105823516845703125,
    "13": 0.1081109969684188876204444795803283341228961944580078125
  },
  "zLow": {
    "0": 0.00000401430897042339355199688005628256591480769581151074614716991,
    "1": 0.00000159170781797249128099054739667974541242813049744374538408669,
    "2": 0.00000317769295780078308284938522393238631432983500099989690609716,
    "3": 0.00000126616162287671274562425077567287239752915849208877856376715,
    "4": 3.1150535525965927669259852083861380363129780355942972386045E-7,
    "5": 0.00000107843142171002197741361192052120424466587290577334333113427,
    "6": 0.00001330910225560502453045968579505076108103447413454986151449636,
    "7": 1.9208710613930894429165888865744210310623663560181184033230E-7,
    "8": 0.00000422991658914609531690607529787699576736196035892901747274863,
    "9": 0.00000209205646641737450315049650879561440288720933876950728737882,
    "10": 7.8710610437907647038760483333927765466235806335225677833680E-7,
    "11": 2.1937462944229067387152520570567284957076280800051719427934E-7,
    "12": 8.6058720943464177142789030144008292142021719209473984757271E-7,
    "13": 0.00001684140360399686469851274636649633913191102005491766039236787
  },
  "zHigh": {
    "0": 0.0001574393621974036407170111990582169480788033681740801727662303522759873125814809321171857149218754211891878980311273,
    "1": 0.00006569030791870196864050610770788480989642564848682469790079060849315501749041445593744123894226874592361469710266824,
    "2": 0.0001207428985835344676834644992890723027555153189799807657358142005032337438805985868522968539943533925451953735423875,
    "3": 0.00004940196367177337749779977443588684152288587542590045433681463737470264271584751769579912949502496971479183217207945,
    "4": 0.0000126971008874767034321075154535726357206135355842958436523091460706890900484751037006231332349196518700530660796236,
    "5": 0.000040467552919051445996224687176667357276681187126808967842269810836522697768063572799830890412652895791510607071,
    "6": 0.000499390805114845007562321182083866332098831433653798271973879967521449124320395599672188565870651742761555637972596,
    "7": 0.000007650376247540889029166578531930376432320106885489888398058074932208003679034782786129952045783938620547729400429,
    "8": 0.00015153778154527211342494438066763739173152573639636778975086872893988720511249781666694478927080581355388835520699488,
    "9": 0.0000785278472913087951178192589683046966978288679829323450096292386006298902564042879767990038260764201533191018677745,
    "10": 0.0000328638911673737692913236296426187884992657457423068964924549904943018349519443085789538176838545965946297006489621,
    "11": 0.0000091917102058023174849646723407804668779760802216611273400786864578515963538465819786917114438882643292177246154428,
    "12": 0.0000301472404417735529040392094628747753974709797268346337284241285686307870311589976483123089874022993977629195448005,
    "13": 0.0006873162015174683377136864995633607118334734247882108153552654531317470512758450406451494485149251160497480548527752
  },
  "setupType": "Multi Region Model Local Bidder",
  "population": 0,
  "id": 0,
  "worldId": 69,
  "implementation": "org.spectrumauctions.sats.core.model.mrvm.MRVMLocalBidder"
}