{
  "regionsOfInterest": [
    6,
    7,
    8,
    11
  ],
  "alpha": 74.893357536965822873753495514392852783203125,
  "beta": {
    "0": 0.057146127431365247029138032530681812204420566558837890625,
    "1": 0.1082575744667107209284750979350064881145954132080078125,
    "2": 0.076259737838083208050221628582221455872058868408203125,
    "3": 0.087623891795046204844510384646127931773662567138671875,
    "4": 0.07547127179327238477579697928376845084130764007568359375,
    "5": 0.1042864278448671633281463755338336341083049774169921875,
    "6": 0.11530593647302822546407696790993213653564453125,
    "7": 0.0688187392570620282139515211383695714175701141357421875,
    "8": 0.10719470410353389155933001575249363668262958526611328125,
    "9": 0.07703647067146542071203185741978813894093036651611328125,
    "10": 0.115582464603570855832259667295147664844989776611328125,
    "11": 0.077468905906225404844889226296800188720226287841796875,
    "12": 0.07960822194985429922642339306548819877207279205322265625,
    "13": 0.081114495138473408086809968153829686343669891357421875
  },
  "zLow": {
    "0": 0.00000647639564538339289628161258064066497129462373398281846014281,
    "1": 0.00000165707327804979666252233573729225591069346267845363913002617,
    "2": 0.00000333231015079892775633288960869490769550507338716911883660660,
    "3": 0.00000130296826032069245692252954647028766186361587024390720863932,
    "4": 4.4413458923395561405420907579568659139925677346772245625277E-7,
    "5": 7.7810798926028961648915848194775881745259490487028843163720E-7,
    "6": 0.00000868279123426687579089599707743512333172060885659007782604717,
    "7": 2.7430945171927173770148730402445202953836967825255706599349E-7,
    "8": 0.00000229864750100811527102236391995178283535673230821633494815151,
    "9": 0.00000204658302247839068979263043516365423599127189860447841359157,
    "10": 8.0035566534507689587262281053239550792072391886802537885436E-7,
    "11": 3.3697020656178128277497882081401642167572927239667143635549E-7,
    "12": 5.4386645659057128803857951946407200421674979527017715257321E-7,
    "13": 0.00002244655447669831476345114610215507661823421386943456927950573
  },
  "zHigh": {
    "0": 0.000231301962446203621045553174788959919773411205848242342155417287525410807153762923824554912394232112838054267736471060,
    "1": 0.0000676512717210211300864597579262601248443856139171215102789751810324431912180857754476961979693191531232147520137263,
    "2": 0.000125381414373478807887969630831947944190772470565057423651097318169489118876384676922269538800711871132993017499264,
    "3": 0.000050506162795092768836748137559809299452919596770554313682979481991628651773172391827788098858821108627502645625121,
    "4": 0.00001667597790670559355295583210228481935365230468154462562407865470621750000841102670838516347200652143521622079805275,
    "5": 0.0000314578499455594751684910840194639944602828470997173208573576105299612519486082249117002769430310983402058943115770,
    "6": 0.00036060147447470054537541052055539719961941547531500476132040409085627289884661510254728281407231381684514616,
    "7": 0.0000101170466149397728314614309929406742252840981650122451678937428779578429209196868322657332301293205283834532296993,
    "8": 0.00009359970890113271204843303932988100377136889487498731401295520454186107366896612104527621729572089785699511896211948,
    "9": 0.00007716364397313928071708327675934589169095074477798147879601194959104894693269891179507586224549826308759831427084768,
    "10": 0.000033261377996353782055874168958412324097016721407779954507981771809820405315707558637453890254649988076937311139956,
    "11": 0.000012719577519387035752068280794030774041125074153545754602363116805381971071881500620530292651018343773309643636590,
    "12": 0.00002064561785645143840235988600359444788136695782209775287843915505170840297661592312328403036847905390415610016993773,
    "13": 0.000855470727698511839661838491633122836423169239223718081969401145798072820975963474523873913107108108645404997362057
  },
  "setupType": "Multi Region Model Local Bidder",
  "population": 0,
  "id": 2,
  "worldId": 69,
  "implementation": "org.spectrumauctions.sats.core.model.mrvm.MRVMLocalBidder"
}