{
  "homeId": 6,
  "distanceDiscounts": {
    "0": 1,
    "1": 0.42045,
    "2": 0.17678,
    "3": 0.07433,
    "4": 0.03125,
    "5": 0.01314,
    "6": 0.00552,
    "7": 0.00232
  },
  "alpha": 775.6080129311031896577333100140094757080078125,
  "beta": {
    "0": 0.09794610447195732649827704108247417025268077850341796875,
    "1": 0.062391974490620193127821124789988971315324306488037109375,
    "2": 0.09096314898287538586174605370615608990192413330078125,
    "3": 0.0537382095551046934378547348387655802071094512939453125,
    "4": 0.09711716637613550251462157802961883135139942169189453125,
    "5": 0.0810618755395358381310444428891059942543506622314453125,
    "6": 0.05159588042592895551496923189915833063423633575439453125,
    "7": 0.0507543881733284740764844400473521091043949127197265625,
    "8": 0.042050088618636051462917890830794931389391422271728515625,
    "9": 0.051872890911133943958599701318235020153224468231201171875,
    "10": 0.05709723163074641172354262153021409176290035247802734375,
    "11": 0.0597543246135334438218222885552677325904369354248046875,
    "12": 0.06597650794785513139739663301952532492578029632568359375,
    "13": 0.0741307835589974095658050146084860898554325103759765625
  },
  "zLow": {
    "0": 0.00000377861817825517397102335010106150706016729333065134611042497,
    "1": 0.00000287522129664675578724021876207575254316456481883557719349577,
    "2": 0.00000279367085832692849560389320749694464124943695277175057747164,
    "3": 0.00000212458045774014105332063496030033925042500335791337358996687,
    "4": 3.4514394877470331765078232856061714207017238449745530323167E-7,
    "5": 0.00000100103904748578077241638155041858003872122618022296554887878,
    "6": 0.00001940421146421239825625083866503278804596017267139958073108520,
    "7": 3.7194085699837944679658240697537323153863802610787905585130E-7,
    "8": 0.00000585974600300104982670752896287085547743169603264909255285697,
    "9": 0.00000303938203980135780196358542278786519093600572709617945075614,
    "10": 0.00000162016752332700512337327406178355972943897598806684485962366,
    "11": 4.3686734632464832510408713985651782206493867618008953885804E-7,
    "12": 6.5623724161882593647383641926928381265784277714906429307185E-7,
    "13": 0.00002456119909384981537684549808143916753113904060412543561584503
  },
  "zHigh": {
    "0": 0.00015036863843235705328780530040158518243959129374829817166388220539355579710535316074927032085276552919409482482164624,
    "1": 0.000104195712278929903827996248669765023818518678128579652183063097933813444034095381359299199070499434852470638072083025,
    "2": 0.00010922223559931883006609973879600905256310337753313637587704839420884058433049149955191399935316253423232468982593,
    "3": 0.0000751545287176762267286912999747108471097612214006383051228062152327519486063711953208359521842951234301315675450838,
    "4": 0.00001370625869292802466085302968523273587377977301243661103344574728802273748852645045971660461731214251199408446748620,
    "5": 0.0000381457816923242098463077760735886310983417853602976343746050183077698162687001889268936199481327240608646639611280,
    "6": 0.00068224408137306621933605576818332714104660238975928984847154526717417458214151372966667020065297269662969143299988743,
    "7": 0.0000130459887733130041043142840814683102852921486006719048636281233761628959866509861855545507760781814961630999973872,
    "8": 0.000200432663960920748718987990617453183033617806607970042154118947026303364800450360826399310270388235578977541346390214,
    "9": 0.000106947614492828294082211926388072220339292759632732509910949037635342459314829570539175518368102231645403053772358721,
    "10": 0.00005785573373581162888089370649594725074256428348374453893106073769812441013204174682193669592176172125073159825739900,
    "11": 0.0000157164917122730470219415303653058160528013562670482976774394886222366410344065185884474154597573604333389215650688,
    "12": 0.00002401674140729907785541759299775080213459974727846436709339838205479827917060461646886637622399692255880084554699871,
    "13": 0.0009189100662130568580636690510116455638103140412644440720595802000076640237030864527229249408496587292486117837973132
  },
  "setupType": "Multi Region Model Regional Bidder",
  "population": 0,
  "id": 3,
  "worldId": 69,
  "implementation": "org.spectrumauctions.sats.core.model.mrvm.MRVMRegionalBidder"
}