{
  "gammaValues": {
    "1": 0.92905,
    "2": 0.71619
  },
  "alpha": 1086.00437460634975650464184582233428955078125,
  "beta": {
    "0": 0.14609446606805998047917682924889959394931793212890625,
    "1": 0.13553966875106848721799224222195334732532501220703125,
    "2": 0.08469122284459786043075979478089720942080020904541015625,
    "3": 0.1997578206736065620230391459699603728950023651123046875,
    "4": 0.1411717285461510928978867696059751324355602264404296875,
    "5": 0.12847180752621045751737938189762644469738006591796875,
    "6": 0.1410492501572529200348782296714489348232746124267578125,
    "7": 0.1423121926743302900764120977328275330364704132080078125,
    "8": 0.193265084266576236959878087873221375048160552978515625,
    "9": 0.18143131915291077493890270488918758928775787353515625,
    "10": 0.1547326672411186709865660304785706102848052978515625,
    "11": 0.2185435729635469837006667148671112954616546630859375,
    "12": 0.2184592635750493005986072603263892233371734619140625,
    "13": 0.144405289679550519199580094209522940218448638916015625
  },
  "zLow": {
    "0": 0.00000253329876762479200888130773590140880662808021357740081205447,
    "1": 0.00000132352938035240792103789996552536597192408339911999124777713,
    "2": 0.00000300056003396483247341836653325057321596120660126383534288423,
    "3": 5.7154783462155113316508413912311169142668198374937266977815E-7,
    "4": 2.3743707498708759387446341058532452168601404101526846280554E-7,
    "5": 6.3162575696580486476247695824218897315231131004640288423835E-7,
    "6": 0.00000709806945695032456939320947892455961175879476166601878811192,
    "7": 1.3264942573695078260406959994914978030381061361203418642098E-7,
    "8": 0.00000127494751389765690217189965536697621889212333936586452999955,
    "9": 8.6898741476380966634187253821894954177545782749258852775065E-7,
    "10": 5.9785100334282813352494649138777190841147476352157269062085E-7,
    "11": 1.1944855147806260439491729542376362846130811682915280151026E-7,
    "12": 1.9818908513563237104989125083475286240067955522613582340855E-7,
    "13": 0.00001260854736011420650018530200257266690504910951401314322473452
  },
  "zHigh": {
    "0": 0.00011300905611344559442354402944678223483341490023607981271276707329168446963522833290731299571815479324660466401896,
    "1": 0.00005764495479009946784192668477325342668130423553711207381150384269647788673689786507151234204026608044820897358514,
    "2": 0.00011542891086845594940053393856861790980445646698789891883942629323455845963479354800226139251548565084636037505905904,
    "3": 0.0000285635500241185291240247753393940203398115801757182775171443727545317570537841719097712967222179614578991466154598,
    "4": 0.0000104750524792995529475634621459739572622550227079710058206616003013803066276433549371655583459555077716661419558132,
    "5": 0.00002706338297672493261669063830829689913127433925500075443539205306914543678874788539234661928652577865831799672698,
    "6": 0.0003130598211552040087303268926000802880205610524672829901823467497092190640696319327519492175937991606589089469364449,
    "7": 0.0000058672458354701441785388998706816067482473262257965587807183131378698642365752698403088933982116634293158681950135,
    "8": 0.000062888709287818960982919111392336805277430625809473201468396558495168057490417619371895531814451964311034640447557,
    "9": 0.00004183577574170185001356053985100475086447632264462478222078421103725166924218685539261937331875047227244054485000,
    "10": 0.0000271862381362863191854438793840736161117392467473863738609766248708668932487590838259517701795717107566788409967,
    "11": 0.0000061939278668754754006664350323231902446924394865201955570061706392757857932681462298215615621219288095244406067,
    "12": 0.0000102752967128032708926992379447148736268848506207765130034994416302664255800450817882593761741080289296278891047,
    "13": 0.000560330514200988591763863168645650545027616108561075300326265064017820801835657778590500539809709208673257745592671
  },
  "setupType": "Multi Region Model National Bidder",
  "population": 0,
  "id": 8,
  "worldId": 69,
  "implementation": "org.spectrumauctions.sats.core.model.mrvm.MRVMNationalBidder"
}