{
  "gammaValues": {
    "1": 0.94309,
    "2": 0.77236
  },
  "alpha": 860.6636745231340910322614945471286773681640625,
  "beta": {
    "0": 0.1678237997789396029890696127040428109467029571533203125,
    "1": 0.21165159434401326077335170339210890233516693115234375,
    "2": 0.195858184792499334658799625685787759721279144287109375,
    "3": 0.1232297459477257051130294485119520686566829681396484375,
    "4": 0.152293073682420343484267277744947932660579681396484375,
    "5": 0.1822400924285130230373397353105247020721435546875,
    "6": 0.13018940409791512902160093290149234235286712646484375,
    "7": 0.166440447407815828029242766206152737140655517578125,
    "8": 0.10143980866497619153232534472408588044345378875732421875,
    "9": 0.179368302827463799165030877702520228922367095947265625,
    "10": 0.197564980620269114997000770017621107399463653564453125,
    "11": 0.1715039111355884660081727588476496748626232147216796875,
    "12": 0.162155435718230378494553178825299255549907684326171875,
    "13": 0.1469260397833271059031545746620395220816135406494140625
  },
  "zLow": {
    "0": 0.0000019345527715787458260392254795055093117005386177653335326966,
    "1": 7.435195900371790672832660043746642585707725424105083484282E-7,
    "2": 0.0000011381852481248944300399301176918395088233129493886977761284,
    "3": 8.127458778709798906921175710000620131089554665815834053597E-7,
    "4": 1.930767889695733943029713078842474973544504989657259669695E-7,
    "5": 3.906049051646911647586271358529364845003637755202457154079E-7,
    "6": 0.0000067460466632902619742875260632819851334576646390302954559780,
    "7": 9.94952994304116106456739996371023673537880064495554596112E-8,
    "8": 0.0000021308419545910195158922370406901767248575665249153613860381,
    "9": 7.710703433523343476601329399707308980943374134080065158406E-7,
    "10": 4.107513142763558038689740845902703782398093609383312852734E-7,
    "11": 1.335238516846435390792514093926560886119894265583578723461E-7,
    "12": 2.342246724794595709573396518760904439312157659259926886435E-7,
    "13": 0.0000108708458370172081387222155246991578701949439391070916418497
  },
  "zHigh": {
    "0": 0.000090502982847284786784801613277494227185817312563070470882562642030720917923754675800662065263910421670872114646725,
    "1": 0.0000380422983668529787656471934264838538038303396511571258648423864415251323099682121234303110943629506950174051595,
    "2": 0.00005643784710928106091287543956983019372761786455829170301743693105523400101983183131480418513559681840537010000485,
    "3": 0.000034397823141139612222073532738750490944348156040614427442359953653067888272719980706757050782085661747138621112905,
    "4": 0.00000873272943397803826557872491677344530149045108741364868752136421275269599312969357380127130822255112546956067497,
    "5": 0.000018836534556965123117012271542936913932289758495281205654051603206595388752568557241393636344875184027661810,
    "6": 0.0002902077794097566507144420628777970519356183341023076974480160050759866428505420422397654529433870959370456852302,
    "7": 0.00000464086319812957949857888961631417111173386974275457286019207687838046270748658370972524609323227464829913870,
    "8": 0.0000855404786546322760705264884820045901584092956605284075231126488634737710901049530444060367811125576262326027984080,
    "9": 0.00003696266818533982997079229908948969351903422600636299715665515155249426631998914140402839648776719848787971526306,
    "10": 0.00002043754697276650442150001552535191387559218957541699308490302770709029525769122209463951534804462860969917219713,
    "11": 0.000006295701829919766154217196994169416491445529231245952031171619386814922646211764265630681897301714142554254936103,
    "12": 0.00001082482055657044417483876744739823436239147423169721279550138924832328315478726825368660019364837290194334116918,
    "13": 0.000485846407903316861650772794039369240946931585002289810187390297485290380858047234054321263724634465224967310140244
  },
  "setupType": "Multi Region Model National Bidder",
  "population": 0,
  "id": 8,
  "worldId": 86,
  "implementation": "org.spectrumauctions.sats.core.model.mrvm.MRVMNationalBidder"
}