{
  "gammaValues": {
    "1": 0.93925,
    "2": 0.75699
  },
  "alpha": 1033.933121279094621058902703225612640380859375,
  "beta": {
    "0": 0.181797750871089736079966314719058573246002197265625,
    "1": 0.160797982739778466676483503761119209229946136474609375,
    "2": 0.1963825200742712329127215298285591416060924530029296875,
    "3": 0.135396289595904606439802364548086188733577728271484375,
    "4": 0.16700951415968712243653726545744575560092926025390625,
    "5": 0.191636709988105391477830607982468791306018829345703125,
    "6": 0.125614933335536027581014195675379596650600433349609375,
    "7": 0.16951181156311145858950339970760978758335113525390625,
    "8": 0.137148012459537838036993662171880714595317840576171875,
    "9": 0.09400627707166087088097583546186797320842742919921875,
    "10": 0.134602438411111913207918178159161470830440521240234375,
    "11": 0.181598705584443298466368332810816355049610137939453125,
    "12": 0.150734603992826787788317233207635581493377685546875,
    "13": 0.17295933142395181203454512797179631888866424560546875
  },
  "zLow": {
    "0": 0.0000017858526601324064662175673756089931349039832620484394257350,
    "1": 9.786634382848282866187121693505802305059030046111686299818E-7,
    "2": 0.0000011351463285583338209449528912291498799523690565095339412530,
    "3": 7.397135353488414431569380857398160717391263282726700494310E-7,
    "4": 1.760633685862549822692937628442266266242710060242749454980E-7,
    "5": 3.714521817070547706055156232327774899920823639448341090876E-7,
    "6": 0.0000069917148526004920707748775429851930342042172629904580209781,
    "7": 9.76925560494455106833034822706663862234898664829084894754E-8,
    "8": 0.0000015760505478180904624140595103560505527792845932867335613367,
    "9": 0.0000014712376998215536242090181879867046639434991459049468788360,
    "10": 6.028871126160748198209885771751742277713791592511852300159E-7,
    "11": 1.261014648761148585545204621597631066585347354322075650814E-7,
    "12": 2.519713643436116004848478012639682134270636473879617814014E-7,
    "13": 0.0000092346004969976471565665327144663747366195113434624897885347
  },
  "zHigh": {
    "0": 0.00008604197950389460599015187016059874188192065189156364767371184477813421604594738236886123128143537933275673556,
    "1": 0.00004509661381428245534571057837576133296188425351717693431145118610305760371611526173275215627532949888426743960382,
    "2": 0.000056346679522284242640026122775949504861489547771916787971176527506116482096472682174019293383831418154247767783687,
    "3": 0.00003220685286547545879601814818094311270325328189134702676449897577425784827730823449524664576927516837584846977391,
    "4": 0.0000082223268224784859045683985655728191795850662991701180433744791492224227935640052552767991503501786752192728527,
    "5": 0.00001826195285323603129241892616433214409704131614801885746444391253874989304852400750807670350599577713484595120489,
    "6": 0.00029757782508906355360906260726889328895801491282111257439802122243281230390359634668381398274043705741475121203696,
    "7": 0.0000045867808967005964997077740953210916778249255437551637561172413248889379210035423570571811339886381982950984196,
    "8": 0.00006889673645144440446618116257198080499606083771166957278207061946873565656790788456804956355782882418133570421900,
    "9": 0.0000579676888794164082672588565299689064945090779812712080465151641095536643847418664600073538923291701406745700838,
    "10": 0.00002620162092295807490006045030289902936153928352480261142717827760555303798461638531695529174730970492142335396487,
    "11": 0.00000607303022566390573847526857718262703284188849746144281323119722485550975432873523281214763544950608902156287288,
    "12": 0.00001135722131249500506066401192903456744726691067555628557823916091547202048660388776885959100473385816196603255,
    "13": 0.0004367590477027300321861023097323857469396686071329517545879418029913721017281651902351579663085098432244186981521
  },
  "setupType": "Multi Region Model National Bidder",
  "population": 0,
  "id": 9,
  "worldId": 86,
  "implementation": "org.spectrumauctions.sats.core.model.mrvm.MRVMNationalBidder"
}