m,spef,gwef,geef,owef,oeef
5,0.00299999999999999876,0.0189999999999999961,0.0229999999999999996,0.0299999999999999989,0.0309999999999999963
6,0.00166666666666666829,0.0183333333333333334,0.0224999999999999992,0.0291666666666666637,0.0158333333333333347
7,0.00535714285714285806,0.028928571428571425,0.0171428571428571402,0.02464285714285714,0.014285714285714287
8,0.00843750000000000056,0.0250000000000000014,0.0159375000000000037,0.0240625000000000006,0.0159375000000000003
9,0.00555555555555555663,0.0322222222222222215,0.018611111111111113,0.0280555555555555558,0.0141666666666666642
10,0.00299999999999999833,0.012499999999999999,0.00249999999999999875,0.00099999999999999937,0.00099999999999999937
