m,spefloss,gwefloss,geefloss,owefloss,oeefloss
7,0,0.0140128798221062726,0.00658817639853508455,0.00886622530975949771,0.00751687968747459176
8,0,0.0100837697152681705,0.0154152644379569517,0.0237082567131712586,0.0138559231831695585
9,0.00148538865729813696,0.0120159748226381351,0.00833131965368989064,0.0115124945318529348,0.00529025132514807702
10,0.000577075660658143996,0.014569961930823612,0.00966029356369869571,0.0102038247364509473,0.00606656469936063189
