m,sptime,gwtime,getime,owtime,oetime
5,0.000133468285000000003,0.00244310696000000008,0.00262382412999999978,0.106365980050000003,0.058498067925000001
6,0.000201071315000000002,0.00326971723000000006,0.0032138521549999995,0.122393247624999993,0.0652037023150000006
7,0.000410277557499999957,0.00381204754750000003,0.00377389590249999985,0.204714943667499982,0.0935520300525000126
8,0.000382443407499999995,0.00457960580750000051,0.00443251731250000024,0.226122696139999996,0.0981479764550000078
9,0.000497178322500000042,0.00517241500500000007,0.00484416692499999978,0.277245901442499998,0.111832463202499982
10,0.000838434839999999994,0.0071214963750000004,0.00611873249999999973,0.239639946910000012,0.165471214539999995
