m,sprevenue,gwrevenue,gerevenue,owrevenue,oerevenue
7,0.623934599309534654,0.618033425629582078,0.611561097180591151,0.62291954066313171,0.610008978629465792
8,0.627225176463376499,0.622644783485776454,0.60495978426431718,0.619943078924949487,0.611015229993052689
9,0.626096963075287727,0.622588653690466454,0.607960353533935072,0.625339382921748954,0.613767728523930689
10,0.610198161330256506,0.602592109184447056,0.599146659501335721,0.602792242782821397,0.600560162111306028
