m,spmcloss,gwmcloss,gemcloss,owmcloss,oemcloss
5,0.225999999999999979,0.14094835989979787,0.167277949458643382,0.15441269439771893,0.182669217801959854
6,0.172000000000000014,0.107000000000000012,0.12800000000000003,0.120999999999999996,0.157000000000000001
7,0.220500000000000002,0.158622448585687664,0.19138717239715472,0.161452808319881902,0.186108804989935567
8,0.185999999999999971,0.127305497986831606,0.149981109160054971,0.11669642033974191,0.145787078591643054
9,0.190000000000000002,0.128002507452568914,0.145358533897139958,0.118108609708766771,0.140865189187177664
10,0.258000000000000007,0.210102457521014058,0.222808575662196834,0.19899983838098817,0.197036619363849919
