m,spwelfare,gwwelfare,gewelfare,owwelfare,oewelfare
7,0.85366879493586989,0.864107613670611507,0.854875623712824106,0.854566391641141121,0.844394400811939505
8,0.833405349977573762,0.842072709101393535,0.830251681706919653,0.844322804731777121,0.830913578195021207
9,0.850644462541935598,0.856478613391632004,0.836714090307610237,0.86190131360290434,0.842444998479432661
10,0.854313640462667889,0.854727882726117327,0.837209800904822332,0.855926404179351064,0.846944519724105893
