m,spmc,gwmc,gemc,owmc,oemc
2,0.531349206349206349,0.107936507936507928,0.109920634920634933,0.168253968253968239,0.171428571428571402
3,0.498412698412698418,0.175396825396825357,0.180158730158730157,0.24563492063492065,0.277380952380952339
4,0.434920634920634763,0.194444444444444448,0.207539682539682496,0.264682539682539686,0.292857142857142871
5,0.413888888888888917,0.224206349206349187,0.241666666666666669,0.290873015873015894,0.315476190476190466
6,0.390873015873015983,0.237301587301587319,0.255555555555555591,0.276587301587301548,0.312698412698412698
7,0.390476190476190421,0.247222222222222232,0.273412698412698385,0.287698412698412731,0.309920634920634874
8,0.368452380952380976,0.204166666666666635,0.244047619047619013,0.281547619047618991,0.303571428571428548
9,0.374404761904761907,0.228571428571428537,0.249404761904761907,0.283928571428571419,0.30595238095238092
10,0.332738095238095222,0.230357142857142899,0.2476190476190476,0.2547619047619048,0.270833333333333315
