m,spefloss,gwefloss,geefloss,owefloss,oeefloss
2,0,0.0293384645958296546,0.029877713480209192,0.0221377917350064173,0.0192810999109638004
3,0,0.0506709547124589502,0.0468100351733426664,0.0671074953801475277,0.0296959463397063438
4,0.00574578212821623847,0.0516528484046241965,0.0414470942615834809,0.0281804267165596638,0.0227786770304453899
5,0.00469833550043403329,0.0412545754136214235,0.0409770832619107753,0.0327968134436519149,0.0351735126388162886
6,0.0107857502919120867,0.0397764633175997778,0.032387566045713613,0.0305064205733284431,0.026429815409138805
7,0.00605432600300864678,0.0475373725153224666,0.0200448301222535229,0.0197175808374985655,0.0145539957954100574
8,0.0152306118647391013,0.0474851102378760492,0.0335694694834699214,0.0277767658080597876,0.020578700638054663
9,0.0123252194376466777,0.04107075300002129,0.0200664006476698117,0.0397782975174306858,0.0173454593668344106
10,0.0157916207914091701,0.0493479382165290942,0.0232170219129595283,0.0170726430327969199,0.0140519934566833149
