m,spmcloss,gwmcloss,gemcloss,owmcloss,oemcloss
2,0.533000000000000029,0.157550317814628915,0.162283333622916137,0.277280627172812544,0.284864553050338698
3,0.479999999999999982,0.184035498073815557,0.194565854490561796,0.266124928582061104,0.278037289933557974
4,0.450000000000000067,0.211287281249366271,0.222252014324726077,0.284914257036503471,0.293571849296014098
5,0.428249999999999964,0.212543673867689242,0.222736575251566954,0.281092832172779972,0.278829011801261517
6,0.404999999999999971,0.199037471736985688,0.203881330601818123,0.264725629281451824,0.268021158344699584
7,0.37049999999999994,0.163080224197704904,0.164200521305231745,0.250320569938580317,0.247112330091162014
8,0.364999999999999991,0.17879310732551662,0.174507411024554804,0.242043331799624201,0.250737950770704821
9,0.325500000000000012,0.152699131570223801,0.14638887961817762,0.231915786094333193,0.236452448762679068
