m,spwelfare,gwwelfare,gewelfare,owwelfare,oewelfare
2,0.912420464655512742,0.954626584685430046,0.94391517847371309,0.968891374027231578,0.957628197966528982
3,0.869237152287625991,0.907085464312356149,0.875789644055169014,0.931165883454645349,0.899280149881582336
4,0.853223080357349839,0.887939285833174718,0.875027913058221696,0.913322386214783233,0.887932148998019422
5,0.850836506013389671,0.875713816346543439,0.850468660254440567,0.898475680851166913,0.870060386389291618
6,0.847664396277273191,0.852996753342599501,0.840312246304574351,0.882584775820123402,0.859021079271642285
7,0.821542865525042409,0.839836696550431139,0.833053491969759197,0.860829939413077949,0.84305014905260578
8,0.826918685456148106,0.848434386996319012,0.829003960885247526,0.864909323141945574,0.849371561053710145
9,0.818656008481781661,0.826313655747189069,0.819710257542572429,0.851168964074618506,0.832013336612780541
10,0.818428424777994712,0.818431871009092871,0.813302649256441468,0.849649518758685218,0.83693488032692942
