m,sprevenue,gwrevenue,gerevenue,owrevenue,oerevenue
2,0.857935119633817078,0.909778038893357732,0.893943791476752847,0.918483294343173218,0.907220118282470733
3,0.766089919841103417,0.82288195487353466,0.779141305005699003,0.837572102653306838,0.809799859306279735
4,0.700262858921655074,0.767043810996754893,0.744834331968178387,0.777003305060188665,0.757876115865089073
5,0.66187941709748499,0.723579551714352065,0.697817786927376282,0.740852250778450294,0.712603080042145898
6,0.643810575548633635,0.68407117257742367,0.669714802363320039,0.703109885459313855,0.68656190236116188
7,0.601873019959542455,0.649462114378842936,0.641360013094411707,0.670573254047206802,0.658225518185518998
8,0.582550127176090671,0.647175566973757777,0.641420705300271399,0.670605181049006349,0.665065779725076078
9,0.560739196228683179,0.612335348374932087,0.610126998723389935,0.634707156649691573,0.628060298944660311
10,0.5513916938395097,0.597474806495517097,0.595492919188460923,0.63381584956289716,0.624794398285897001
