{
  "regionsOfInterest": [
    4,
    5,
    6,
    8
  ],
  "alpha": 69.806308580014587050754926167428493499755859375,
  "beta": {
    "0": 0.08466214157870206868938822708514635451138019561767578125,
    "1": 0.103930116210651457553382215337478555738925933837890625,
    "2": 0.109444991169180383394632372073829174041748046875,
    "3": 0.0707547500098442416760491369132068939507007598876953125,
    "4": 0.0849826776130562233646514869178645312786102294921875,
    "5": 0.06690228631793994351628640515627921558916568756103515625,
    "6": 0.1020044988848813061199649609989137388765811920166015625,
    "7": 0.0950490297137734085897164959533256478607654571533203125,
    "8": 0.0797767622162592060508501390359015204012393951416015625,
    "9": 0.0947908430255641476502859177344362251460552215576171875,
    "10": 0.08149861858376113155078002137088333256542682647705078125,
    "11": 0.08357251930777660764437797524806228466331958770751953125,
    "12": 0.0997460292880831544959363554880837909877300262451171875,
    "13": 0.057460399971706564714590825815321295522153377532958984375
  },
  "zLow": {
    "0": 0.000003796740463789416234064960112463169740267135364124090492757,
    "1": 0.000001499127520496463317919997103604576604081548232037603570818,
    "2": 0.000002016623467942032474161733951838811720814789219621239587296,
    "3": 0.000001401460163853810578259764091743532995588540612368205340004,
    "4": 3.42567247913100489601122716997626116123030220548926357664E-7,
    "5": 0.000001053432444499013891830697742017932867851618508698247197324,
    "6": 0.000008524554334272713317674910739645983881264875130678435270480,
    "7": 1.72496298357615732200438530474512360139146101711856375539E-7,
    "8": 0.000002682559008917055511653935806704229440987867528617601797013,
    "9": 0.000001444572499017844205391911741244596036763009196305187267553,
    "10": 9.85836083857363566015820779102170521358535652640053892080E-7,
    "11": 2.71291018352156259811845242729401861272338965413769533767E-7,
    "12": 3.76994110364282849630300857232343358741172754759587808109E-7,
    "13": 0.000027520701184919039356577652226564451519756398175858646771742
  },
  "zHigh": {
    "0": 0.000146046231781975138240722715814007008784209465558632523393742182477680222768136494888331012029077234130349629981964,
    "1": 0.0000605542753568722202848137178411276406150070580497796397547349187235616447979443227017193770008944704552796145574,
    "2": 0.0000825696378023087406373905068965872331166739215451540801101839242024018442375472811267169759194548898348762,
    "3": 0.00005195980126983748900423866051856992731872023315017708376996729128921065626622991362586369004380270726920848500530,
    "4": 0.00001318824563641210731106785604904473931097579975980931072409980654976287304031338189160436291938828951190456223,
    "5": 0.000038650677236818457356067971669166553231751803624368379040525114591315802279366943510936516319399935686476394069486,
    "6": 0.00034269091933662450857716639680381074711866014576429702487758774731493776293821242606496441747623378931540417233669,
    "7": 0.00000681444952953936606087313713976379176482316748498363193040412530413218718674231132479631696815929386715136462880,
    "8": 0.00010187735748605765502431428486096365123607515036834699482906815446501417351629736170931905261633651679069689983106,
    "9": 0.00005703039946988006505457726598550357545072149411500654701247769080538898799622051305381380498734079130334477394109,
    "10": 0.000037609510414160909739475161067389667463970229755653924837978242458164528212413810466783767794925930962560477818796,
    "11": 0.000010405977937490883497046328767933065191007148908678323752989246080973922388897619945103306163056124086281447513338,
    "12": 0.00001507018986831154651126486631580648661430137942083553920723644342463700096616416324619587895952899302515834716124,
    "13": 0.0009837560853062978598033399777499796119520717580837791164139232940075737474396743047332915879105481012865361947697819
  },
  "setupType": "Multi Region Model Local Bidder",
  "population": 0,
  "id": 1,
  "worldId": 87,
  "implementation": "org.spectrumauctions.sats.core.model.mrvm.MRVMLocalBidder"
}