{
  "homeId": 3,
  "distanceDiscounts": {
    "0": 1,
    "1": 0.42045,
    "2": 0.17678,
    "3": 0.07433,
    "4": 0.03125,
    "5": 0.01314,
    "6": 0.00552,
    "7": 0.00232
  },
  "alpha": 766.885426640419382238178513944149017333984375,
  "beta": {
    "0": 0.0591812665443680885335453467632760293781757354736328125,
    "1": 0.0724820964680426838011584322885028086602687835693359375,
    "2": 0.050851440489741821238123264947716961614787578582763671875,
    "3": 0.0741088735008999799358520021996810100972652435302734375,
    "4": 0.055688443610128202099218697185278870165348052978515625,
    "5": 0.040270606942033319863849527564525487832725048065185546875,
    "6": 0.084925128464922783333435063468641601502895355224609375,
    "7": 0.044498619020172512639188511229804134927690029144287109375,
    "8": 0.0624530377905021250040107361201080493628978729248046875,
    "9": 0.05372965193922261961656516859875409863889217376708984375,
    "10": 0.082869179510488055750982994140940718352794647216796875,
    "11": 0.085180434346128597322689302018261514604091644287109375,
    "12": 0.0960112376898769881439221762775559909641742706298828125,
    "13": 0.040535991574611872356737052314201719127595424652099609375
  },
  "zLow": {
    "0": 0.000005431451495583376732331988578935094426668151865682701473991,
    "1": 0.000002149558373887230539948854528662993908176637249214218454697,
    "2": 0.000004340277001297554225248692740426424006614478918839871654694,
    "3": 0.000001338030911251505065594894679993019213026445546367080941675,
    "4": 5.22770616359912055008760056526701320190001920860787397712E-7,
    "5": 0.000001750086337658806606942514363588412489190666712493060478159,
    "6": 0.000010238935269242300190847945601480105620469738020031487359648,
    "7": 3.68452013773199074870739123291689603497496257521806097294E-7,
    "8": 0.000003426668737929765973249155840305361900347445095344098152608,
    "9": 0.000002548541448739349028003766617095003275938059121698561912849,
    "10": 9.69531488775408078987862477978277255742772411364494008939E-7,
    "11": 2.66169972521305981942887495405236328485576065812022555655E-7,
    "12": 3.91659002410666547927453667180361423470253601990689930969E-7,
    "13": 0.000039011022949237132296761098400292610953276742716228919859412
  },
  "zHigh": {
    "0": 0.00019508756273579395318873356980816474937623996060539085283076714246652146544538074534800590526134103151844751400592,
    "1": 0.00008006720095859523694567944059288015973785972856507808627108781001674485803653233454427333079608737068377391811713,
    "2": 0.0001522792438029743931699992705542156016906646125217130421321261382827429791606729563272369677155053455801568486192268,
    "3": 0.00005005692369176832362429257816605451384185738117014335182011903677897543208815875692163277906971558137586196915766,
    "4": 0.0000185943466898164542732969762349169954329849507691651419255551481294925395074377140341359229923528916254492661611,
    "5": 0.0000595502940316122388094224703162809418719232497382127774655683626900040229840523462281283920333546794009300034735530,
    "6": 0.0003941223473857121147723574426588343992948060324448885875526279734154387229892128837598233835764512775487227623372,
    "7": 0.0000126931209920068663409821549242791090655736721592821235830404147927172976466450836328275867912916893246604085381778,
    "8": 0.00012420064935643896887217088586899762501686247737014188549692495997126264097871887380503155076917972650774547328866,
    "9": 0.000090149467961525209732932912261015792625972991876807786371370870101958597699932040288376795512649190970827298043948,
    "10": 0.0000371203725617022451286364120336728694954973325173871283437298108332127314564037290904162401577176614964532102564,
    "11": 0.0000102523465625653751609775963482080992074042619206259144096416272799858502301890648576323618107326240142026002335,
    "12": 0.00001551013662970305746017945061424702855617380483776860289304436803007175391515008432040344907501049529275115410195,
    "13": 0.0013284657382358406480088433629618243949576820942948873090440183174788531307468905259580286691406752849156543249389784
  },
  "setupType": "Multi Region Model Regional Bidder",
  "population": 0,
  "id": 6,
  "worldId": 87,
  "implementation": "org.spectrumauctions.sats.core.model.mrvm.MRVMRegionalBidder"
}