{
  "regionsOfInterest": [
    0,
    3,
    4,
    6,
    13
  ],
  "alpha": 70.110615401864151863264851272106170654296875,
  "beta": {
    "0": 0.07421615191827303503746549040442914701998233795166015625,
    "1": 0.11205951758373433602145041732001118361949920654296875,
    "2": 0.11937344879142615383660341876748134382069110870361328125,
    "3": 0.06396449057113055836065740322737838141620159149169921875,
    "4": 0.11757053527157830530303073146569659002125263214111328125,
    "5": 0.09036184722938356284061001133522950112819671630859375,
    "6": 0.10187410927309847874511206100578419864177703857421875,
    "7": 0.0600932115580614933936232091582496650516986846923828125,
    "8": 0.0895617335845533546478947073410381563007831573486328125,
    "9": 0.0713266977521446465804189074333407916128635406494140625,
    "10": 0.082424508777712512941349132233881391584873199462890625,
    "11": 0.079519901551803051642508535223896615207195281982421875,
    "12": 0.069634418556787813781028262383188121020793914794921875,
    "13": 0.0668155498060848118679899698690860532224178314208984375
  },
  "zLow": {
    "0": 0.000004331135074705800385423167159298533521455445095393297842418,
    "1": 0.000001390372730307010915672997939383633381068148535199748877361,
    "2": 0.000001848898057943432992663897772215896123380198630591703880587,
    "3": 0.000001550234554466789149446124395954457060688127228867944477774,
    "4": 2.47615458439003783223781864747594571899298787878481609616E-7,
    "5": 7.79942433442893567876762480104771147618954799814322077729E-7,
    "6": 0.000008535464989965297132831904483546429568140508683091054482451,
    "7": 2.72836238287375629803648361308288307861104115232615887058E-7,
    "8": 0.000002389478894838736460231678303709487874855252000921064360546,
    "9": 0.000001919789494100476829583105234718286764650952762719210047054,
    "10": 9.74761999505237246124092105412353558861503712927796991741E-7,
    "11": 2.85116976087954882470138835929919214844871815062794029005E-7,
    "12": 5.40015503154726715949232850820940737460601269670632672360E-7,
    "13": 0.000023667402306450153623091537128349377446504760756295402246912
  },
  "zHigh": {
    "0": 0.000162078070109466662781468927219067922219858757496708743883592138204915409680404211142455871207045835568653025910509,
    "1": 0.000057291631651188648217403742914499343924605067144643998951009714473863447994522139348096249103016267035972610116,
    "2": 0.000077537875502350756192455421507899765193636203874268008908902929501102209623544393570061527450913370166751259152854,
    "3": 0.000056423032988226846139829469644897649271707831645169257903068979143756147803901954833888835439281330821384836998241,
    "4": 0.000010339691952189206119747630481543792984263856779695968282658628024830993863549535511719647139321675718289737887442,
    "5": 0.000030445976905134847637449913811771701624771892357850625452658063858316643441511370632390387789247866843302179823,
    "6": 0.000343018239007402023031876209120824117724929152336675601236734817307794906890826469009998140916887011338855607983,
    "7": 0.00000982464772743216298896943206477707019648190789060641727595419460177334756314697491030506402056300281864342964155,
    "8": 0.00009308495406370808348164655977112140425209668453745087173506925203317144995448545958773573783845006115900423891806,
    "9": 0.00007128690932235904378031307078971429728735980110742723039753285033437885583963464393547290449230374538067454707507,
    "10": 0.0000372772878835971201427233008566951585890592715642862178278113855762571595209074198420011060874983592808313582258,
    "11": 0.0000108207566695648421767951365639485857981831343981490586101362244160846052087578462788115785987712002982693336667,
    "12": 0.0000199608316520248625008328261234644079758842348681668851347768935624428872496020942418791500038343788999137137920,
    "13": 0.00086815711895223128779875652480352738975452263549688178066899703064245298851594287795180146716526910130651884953720
  },
  "setupType": "Multi Region Model Local Bidder",
  "population": 0,
  "id": 2,
  "worldId": 87,
  "implementation": "org.spectrumauctions.sats.core.model.mrvm.MRVMLocalBidder"
}