{
  "gammaValues": {
    "1": 0.93773,
    "2": 0.75093
  },
  "alpha": 766.4923810326145030558109283447265625,
  "beta": {
    "0": 0.219252229756347782885228525628917850553989410400390625,
    "1": 0.1849377850026936442873193300329148769378662109375,
    "2": 0.1691874577386708045079188877934939227998256683349609375,
    "3": 0.1127713729592442482019265526105300523340702056884765625,
    "4": 0.19494147049799581683515725671895779669284820556640625,
    "5": 0.08384950864842290185752204934033215977251529693603515625,
    "6": 0.19440128588827454425569385421113111078739166259765625,
    "7": 0.0862218823513385690393562299504992552101612091064453125,
    "8": 0.165942098925298375799997074864222668111324310302734375,
    "9": 0.205678903350143327255494796190760098397731781005859375,
    "10": 0.08098582102665007054209667103350511752068996429443359375,
    "11": 0.1964838205972661011600166602875106036663055419921875,
    "12": 0.1988959964391146806317323125767870806157588958740234375,
    "13": 0.1241544514758008144195144950572284869849681854248046875
  },
  "zLow": {
    "0": 0.000001466074844666979663317645241387791146937608339339879506820,
    "1": 8.42469792841489333980135374618975435214658620193012690955E-7,
    "2": 0.000001304525409805425647856321531585259575505725783125096130612,
    "3": 8.79300845065247929204274720786196617881333664003748739428E-7,
    "4": 1.49338577963021101218977353410177060520530883846415130071E-7,
    "5": 8.40518211191759747074675412813041774582710924070945133413E-7,
    "6": 0.000004472927682094505147782418734782677442175276843557043737533,
    "7": 1.90155971326395010590180984124285669066024132972698432132E-7,
    "8": 0.000001289641830321781310650191013424504922231332624205848669301,
    "9": 6.65757366278528282283672494351192135467549289791104862734E-7,
    "10": 9.92078341194578614124114480364556003778501002423285101422E-7,
    "11": 1.15391047468146720665545444249471517079967880833114651328E-7,
    "12": 1.89061953217050840063374683943411547582867442585744096121E-7,
    "13": 0.000012736961734275721010288421168890732378420194271933757179230
  },
  "zHigh": {
    "0": 0.0000761262632083020411183032696817456509843236548151061938156488799326047134119220592786219997578305365985008826844,
    "1": 0.00004085454352722300076661786597155960554900036969444191335885284172383787646531194242417682348752970409282075,
    "2": 0.00006120669605821053584822813428898066875740201845026977640964997849492328312803275582977776402660498392268264106321,
    "3": 0.00003629502170618060953257397938984983598750402469924338575268417676175886182138154506063816232259332100004648206727,
    "4": 0.000007391385537909725659603495141421267642900819658733973896325324422753926534216326724324818604497562761468823515,
    "5": 0.000032263250237600833013387301793019820433684576085549317123195201162606547730107501773037640551522244659034327099318,
    "6": 0.000221142119771278263480391636657911553945972197150655278889197513602146609495287595273079624364536094246771057123,
    "7": 0.00000734423971860274441256541074925699103262950842280889362818312330286184923053331498836675933866784008049658414672,
    "8": 0.0000600898421281994289942019410625719156733791032359944009977211027887238431713441686853699475843546780298300923363,
    "9": 0.0000336659454877005873613300885787014584118576969195840748679103868078319521878504348058919914857119269929482018536,
    "10": 0.000037796778134277361182723972105261231936569190249150861118230337707879160714787884000261607346036018784429034243887,
    "11": 0.00000572897881097059732265733481353515486523601637125867727982628402787612241194074644802259880626279666823431695,
    "12": 0.00000943222515389458622425708111713853227955222005562022784759911044753904248962498013375747560796549077780396244662,
    "13": 0.00054024390178699830941466304601976803771198564096603242863854568725325129984723321082285580256376274769803407905685
  },
  "setupType": "Multi Region Model National Bidder",
  "population": 0,
  "id": 7,
  "worldId": 87,
  "implementation": "org.spectrumauctions.sats.core.model.mrvm.MRVMNationalBidder"
}