{
  "gammaValues": {
    "1": 0.98366,
    "2": 0.93465
  },
  "alpha": 958.632605140718396796728484332561492919921875,
  "beta": {
    "0": 0.1828675224959848966133080239160335622727870941162109375,
    "1": 0.175436478895917902232071128310053609311580657958984375,
    "2": 0.1539137784071884784697914483331260271370410919189453125,
    "3": 0.215239783772229242853057940010330639779567718505859375,
    "4": 0.113205026592915591887589243924594484269618988037109375,
    "5": 0.1770392896124335646579339709205669350922107696533203125,
    "6": 0.21159642874262996059542274451814591884613037109375,
    "7": 0.1828078017874527894104375036476994864642620086669921875,
    "8": 0.21896797865522976689334200273151509463787078857421875,
    "9": 0.09779058721696572142878522981845890171825885772705078125,
    "10": 0.0822748133106647738799210856086574494838714599609375,
    "11": 0.192423763203056485959763222126639448106288909912109375,
    "12": 0.1324237626311680349200372575069195590913295745849609375,
    "13": 0.1418390368691878899998215501909726299345493316650390625
  },
  "zLow": {
    "0": 0.00000175915947086967288350096090929532771461820404681671470659565,
    "1": 8.8879523700280143775892031226947884451990280419174521460257E-7,
    "2": 0.00000143510883705452622788318982779102020648140207106881554939145,
    "3": 4.6105787296646131990236923205380228072556435581016650278546E-7,
    "4": 2.5736659054495766188972927624736043181646291192434567703556E-7,
    "5": 3.9840026842717936234866434516271617402428608645092894387594E-7,
    "6": 0.00000411267420648889175074913594518997897599155756506272404742853,
    "7": 8.975824911082197544286721059994941404791436992108625405294E-8,
    "8": 9.7810777696713994370881335058144849733437545105106992233230E-7,
    "9": 0.00000140136189899778299818146753122151571057759933170859205999503,
    "10": 9.7730401564890695029940101222222642834870347196763979849687E-7,
    "11": 1.1791847046108802509971126575849713005772195550674181975636E-7,
    "12": 2.8418810043076986525870722781726066471919244086287896053739E-7,
    "13": 0.00001115768244664470654211030713149584795625556352552283753287198
  },
  "zHigh": {
    "0": 0.0000849440975374186658492320032399800155775865257271531938318718317177321903565371867448762574471128985924904775524754,
    "1": 0.000042256567794007475595084363207545831668010329769707913693939292584768727460895182451072509977370021065440900674994,
    "2": 0.0000651415674652966175897332034242142641110076231531596119748778993049574773049208544695052889129711947716285652014508,
    "3": 0.000023755535877372346889672210013811804296772100304894077429185874850480961559503136223860287509132560837587472589542,
    "4": 0.000010634516889025724921509919640732841895319884304361407458397698569234168060659832492800629998484511791528968256460,
    "5": 0.0000190052581031904487843815411288626516331121958275961530558115765411676577642521999475167863061034793579856320092271,
    "6": 0.00021040294366216465252685814582853617099093563934166474800073697042060403585699745403301006472203524864941952133,
    "7": 0.0000043335982945486546900960405426574876184601007566536707948373150066484707360036088590848379731395707896685814040082,
    "8": 0.00005076066159195969197283407406993332833730710940649381853805404896844307618593498340249938759991651744891020226482,
    "9": 0.00005574485727058103059440923512886277274210377239647942170882688040341797632853078317661781809930674518425536327220120,
    "10": 0.0000373598710129948909113610351791634572145346035866437436594583754943626613382203763519420105178942544738190402777,
    "11": 0.000005806585697559742063541694650861014876359081300638062075744332326547531379058634636603088256834971788019766926666,
    "12": 0.0000122889687683277770587950492207540579335753335585184755231233405056539579731602250232567109347705167337015681265715,
    "13": 0.0004929899665917741036156070481348312914799213913027594987460160948786875885265751582216703249834629914818451172313834
  },
  "setupType": "Multi Region Model National Bidder",
  "population": 0,
  "id": 9,
  "worldId": 157,
  "implementation": "org.spectrumauctions.sats.core.model.mrvm.MRVMNationalBidder"
}