{
  "regionsOfInterest": [
    7,
    10,
    12
  ],
  "alpha": 66.3016026650220311466910061426460742950439453125,
  "beta": {
    "0": 0.11696042660570422910826238194204051978886127471923828125,
    "1": 0.11260329288375754697160147088652593083679676055908203125,
    "2": 0.0667914049211401350536476684283115901052951812744140625,
    "3": 0.07624817639573298888588936961241415701806545257568359375,
    "4": 0.07692272109222382525661743102318723686039447784423828125,
    "5": 0.05405025205917195207927505862244288437068462371826171875,
    "6": 0.10784556473911925678077494694662163965404033660888671875,
    "7": 0.05058902006606837142843602350694709457457065582275390625,
    "8": 0.053632274968128113012966196038178168237209320068359375,
    "9": 0.1107655749261764466240265392116270959377288818359375,
    "10": 0.08072710154114293157334714123862795531749725341796875,
    "11": 0.07073726414157432973439654233516193926334381103515625,
    "12": 0.0700179783444150605209443938292679376900196075439453125,
    "13": 0.0942690255499113172188430098685785196721553802490234375
  },
  "zLow": {
    "0": 0.00000275044426092744457575530265960457250781373516025396291178931,
    "1": 0.00000138474730930116536361693705350231991023127114708059115984420,
    "2": 0.00000330705760415434326566111470746172342783062776753570107835939,
    "3": 0.00000130151305348908834481199912160225192054079432753597213862742,
    "4": 3.7875924451293557683549712646769989217211985483223461744290E-7,
    "5": 0.00000130494304497478849526519590137159370919911612753857992565361,
    "6": 0.00000806919762328731156621822043084689216491471159191721196034494,
    "7": 3.2434920049470677268110135292742765207515120578480914273234E-7,
    "8": 0.00000399338426268010500266185531216392112605473841793377038474829,
    "9": 0.00000123720752677725423607333627590770220755217344566709025130328,
    "10": 9.9604103083394832462729709380485816559118232618506323736980E-7,
    "11": 3.2076892020955699144950546064174087294073965704480234480213E-7,
    "12": 5.3747992221270130183791254233708174430339807330604807593231E-7,
    "13": 0.00001678806928036414699310549163038672350904572102679984061961565
  },
  "zHigh": {
    "0": 0.00011468264123915181661686225574925735937345245913027063998768178983955273985055920335544190833933641045570740868749068,
    "1": 0.00005713512996295839337082486544453106363935138005637329205118827919734964521230396529232287417113057080624090859230097,
    "2": 0.0001213000304782911287230709498143353607514843940471661778439162632457181106731844770847699311071210434301895385069153,
    "3": 0.00004896919129305115763696110670026529349122899945666824650444479075402526079397273599730002978411789242028115787860182,
    "4": 0.00001427629650806506236988295514734302570598959259159807567061809239373273311356785473354653244155075911500773031334776,
    "5": 0.00004620154139961872277187748781512897768835709706022568250914173340032289121023025422737347615726509938291931225068699,
    "6": 0.00032909864616611724699093068039824356665863026014729938538822924786036487603036835274635969946591034999452038343368764,
    "7": 0.00001137132683606519860724306481248183475927720583256535745521932364544912048772107262479959579193625926924772574695757,
    "8": 0.000141218956163348643741425332917407507198917998412974832410533847241839747461519269944638374418991586105353823584904,
    "9": 0.0000508202261039651677311652974694483676513409958152343674480744127156561100791486687365361103743427163230483851314,
    "10": 0.00003792198146854613214119791762664240933180896921316644682564637011803251925792291418663393600507144108575967399806,
    "11": 0.00001189209919001381105403552049735832716284961234677987782711724372727297497715942293406294276107625333817460958484,
    "12": 0.0000198877234217857201561712086563486903211015025318135489849710760930800852175523342106440266653450043337219619189686,
    "13": 0.0006619015716033573171454625831015575580636261163410695913483261956694849385984403176297763244443584606429961328636446
  },
  "setupType": "Multi Region Model Local Bidder",
  "population": 0,
  "id": 0,
  "worldId": 157,
  "implementation": "org.spectrumauctions.sats.core.model.mrvm.MRVMLocalBidder"
}