{
  "gammaValues": {
    "1": 0.97415,
    "2": 0.89661
  },
  "alpha": 736.12281427390416865819133818149566650390625,
  "beta": {
    "0": 0.15238917432708543042707560744020156562328338623046875,
    "1": 0.133118933483221069113966450458974577486515045166015625,
    "2": 0.2184373287481324865666465484537184238433837890625,
    "3": 0.1456297305371462014189631872795871458947658538818359375,
    "4": 0.2014509951533400566869858039353857748210430145263671875,
    "5": 0.170500479066707566477845148256164975464344024658203125,
    "6": 0.1925948154507291787407297078971168957650661468505859375,
    "7": 0.19439956166637528678364787992904894053936004638671875,
    "8": 0.170049243592885923614943521897657774388790130615234375,
    "9": 0.149933841579115434416991092803073115646839141845703125,
    "10": 0.20739102148303356631942051535588689148426055908203125,
    "11": 0.199628842524924132728614267762168310582637786865234375,
    "12": 0.0948905313209177092570456579778692685067653656005859375,
    "13": 0.134065069646094769950650515966117382049560546875
  },
  "zLow": {
    "0": 0.000002188031895819763409533177465367306175711806063031590798959,
    "1": 0.000001214081283551033304224147313879380192156993727120904075368,
    "2": 0.000001048096942885917895871791399123899664177875311140667952454,
    "3": 7.06307659970470189999605568889470779426712283108952182803E-7,
    "4": 1.49904419146862244861256234831826403458940822016763182537E-7,
    "5": 4.28775191665504965941185631979150220907191451299471733840E-7,
    "6": 0.000004683322033398756597590724776055270271693693987566414561550,
    "7": 8.7486247727978292483726677950748335321766645661462333397E-8,
    "8": 0.000001305445031197389900356555965350305221378038136514986551180,
    "9": 9.47356989469613375336779330069249128310851245180044019036E-7,
    "10": 4.01857992874773122681998158363480342425709473149764870314E-7,
    "11": 1.17810290015102075289701301517762616747283084931494185978E-7,
    "12": 4.11069170847902020189959137886970301785539110298530511646E-7,
    "13": 0.000012235454466930224151827861839623568867243158066373778824895
  },
  "zHigh": {
    "0": 0.000098984194275123017614651544746411598485765034800092370187708344697082115258495059124615682431814762340860944337,
    "1": 0.0000525841590693563651601814041199035023820962177950931265929026548755444750292840699119348873573493577580130993817,
    "2": 0.00005433725793388592548072960484968279460048980253089189896211843679890627023541607972795112392720682530922348,
    "3": 0.00003147516921889629153288276729339626455717231666703305750807214561586720214116136594494932468498020877708765054442,
    "4": 0.00000751697201590774759432201126587579464303976029778827551424891101035273995950403941352128043845094541486541624850,
    "5": 0.0000201738933090539443854283993142926063010904560108990924894649325919209788409363877686076822194080316975446074376,
    "6": 0.00023069801527383942213124183860185989611641054061294799497150100262671344629193239350907119605579030523262013616703,
    "7": 0.000004325316252854838864084086663345113559617832002313425929974560010176019591357412516405106579562362242472942718,
    "8": 0.0000613623449466424489288447832992140584372219369922898017341897624823232355200032270298259439751695285569779459192,
    "9": 0.0000426247969618888753254919798531391425544747275595379955886323913663262806490880405750745051199534191474037063976,
    "10": 0.000020389913749585275931324324396614938775410414843991573763777658409269752615546921232913170074660591769380628360,
    "11": 0.0000058861418837771076701474257760259970102262154848331816410456056166330454835399913185405710857142904697383396052,
    "12": 0.00001623273232857771256434875340993374830416992154591613290448781665509953631595298479047376338832176510093197867781,
    "13": 0.0005310983395339689103701569740099267974199482618164821819511616894943602294173043128839078719185811973423970
  },
  "setupType": "Multi Region Model National Bidder",
  "population": 0,
  "id": 2,
  "worldId": 123,
  "implementation": "org.spectrumauctions.sats.core.model.mrvm.MRVMNationalBidder"
}