{
  "regionsOfInterest": [
    1,
    2,
    4,
    7,
    10,
    13
  ],
  "alpha": 78.0857334793061426125859725289046764373779296875,
  "beta": {
    "0": 0.09834225669443963369076300296001136302947998046875,
    "1": 0.10584697242855951870854624985440750606358051300048828125,
    "2": 0.0590598953364524226206100365743623115122318267822265625,
    "3": 0.0998337510985119191975201147215557284653186798095703125,
    "4": 0.06446294023720866572801924121449701488018035888671875,
    "5": 0.10142425293856426049554642077055177651345729827880859375,
    "6": 0.057794578336655876016347832546671270392835140228271484375,
    "7": 0.05939564988631911013339248484044219367206096649169921875,
    "8": 0.1052401090665954497271883383291424252092838287353515625,
    "9": 0.1105104548755467541720776125657721422612667083740234375,
    "10": 0.11307031930564830080054861127791809849441051483154296875,
    "11": 0.1114207870379488041212567850379855372011661529541015625,
    "12": 0.114966528730383210632481905122403986752033233642578125,
    "13": 0.09625721692648221694543764215268311090767383575439453125
  },
  "zLow": {
    "0": 0.00000341752457328786880976189724471353792765881160815523820207740,
    "1": 0.00000153905168472405588512729295956750449381167040369427115094062,
    "2": 0.00000390732638099189810830501756411958649924653412435349979792888,
    "3": 0.00000103850985990926360032181162862991158693700922656565755241655,
    "4": 4.7219109672704546777455446298182744104917051514047115794665E-7,
    "5": 7.2653658333327275923384308602256883306827399949702827472292E-7,
    "6": 0.00001573097227064372513887380885014481540035192292980476888975462,
    "7": 2.8861871199905279688722160005312768277673887256097134441660E-7,
    "8": 0.00000212616055091172904594098470911738290428010277381969248093618,
    "9": 0.00000129554951794701796102364663404275750300645566955390705243801,
    "10": 7.4294727523571154882280967477725321360259312710774622862828E-7,
    "11": 2.1275723782153340709734302074384202342270014281043991826200E-7,
    "12": 3.4198764630002378642112765381759725492996183431651747168589E-7,
    "13": 0.00001717696749848720471886750918507773611530962609101049668715452
  },
  "zHigh": {
    "0": 0.00013613444508321915119157977278365332048498802139570695848132994388028300694645606070359348013054572681374934342,
    "1": 0.00006246194666563319858106103348759438769282532826230190795321164333837089527589847120823799880987474297299673114839150,
    "2": 0.0001402964201404310357472843083677728582786192146295635370988952270847602459943207426032337061865404218100394706113268,
    "3": 0.0000415231292840310984369644060403811736173094348638667792616118979916189482874147620718996891215253423069652095438680,
    "4": 0.00001720961554669711887220619055210453871938394311744425435388579558476026325095885290680971077182954847669085785602,
    "5": 0.00002916494051970959551465756379701204896331571351062439884495343785747083936644098077729603481023599887856194480344747,
    "6": 0.000562845659040059767477378550379782598309062620496851834712988543524590786286572042828544723560300761968977951222353801,
    "7": 0.00001037283095682519473093945497030068786344989438845142523956171510175099869567176305011150849289880502952217316336516,
    "8": 0.0000861605533544561746035763764309317315866555719240658256501718614739692615268252069677063260125389409248251748777620,
    "9": 0.0000531836621926225666433682872239476385078742651534202735146377792072109424650374373865656998477628351054458261937035,
    "10": 0.00003068894682088767419244148104672470892276899760765151461810820269081260201269388987875078411446115013118189084134238,
    "11": 0.0000087532750232555322638249268100579332582022929989232569366074335472902882881123500826321750486562173882693950255501,
    "12": 0.000014191342645379495206984588261225780310369767270208464837720815928153886294325384965438066082782261443232429553545,
    "13": 0.00068064973361871788819186555892183736070328239832171275007700121222488617346658677104434911687570130698893139705349355
  },
  "setupType": "Multi Region Model Local Bidder",
  "population": 0,
  "id": 1,
  "worldId": 70,
  "implementation": "org.spectrumauctions.sats.core.model.mrvm.MRVMLocalBidder"
}