{
  "regionsOfInterest": [
    0,
    2,
    4,
    5,
    6,
    10,
    11
  ],
  "alpha": 78.403935351732712888406240381300449371337890625,
  "beta": {
    "0": 0.09078072869423248203446519255521707236766815185546875,
    "1": 0.08331814266975061389342016582304495386779308319091796875,
    "2": 0.117493841114140906700669120255042798817157745361328125,
    "3": 0.1168953808435697905299122112410259433090686798095703125,
    "4": 0.05166420479766752060779566591008915565907955169677734375,
    "5": 0.09635605067250484212504346714922576211392879486083984375,
    "6": 0.114669089558829540020923332122038118541240692138671875,
    "7": 0.09254878901239550759161289761323132552206516265869140625,
    "8": 0.0576615148709397618009830921437242068350315093994140625,
    "9": 0.1106308962883949809086203686092630960047245025634765625,
    "10": 0.06271559937328106959508744466802454553544521331787109375,
    "11": 0.08341804436006572398554226310807280242443084716796875,
    "12": 0.060284817748810469451026250453651300631463527679443359375,
    "13": 0.108877429069966169539185329995234496891498565673828125
  },
  "zLow": {
    "0": 0.00000370218529505131951191504173905310573410778631658459357125645,
    "1": 0.00000195520394501375436111649654218688069086521433829094099258973,
    "2": 0.00000196407134977024064004985172956337095031424201158200610202741,
    "3": 8.8693269245835274825982768469386930072753751070092267407827E-7,
    "4": 5.8916664967679455038550714724359378939116129665818728301860E-7,
    "5": 7.6475145756613174928833635039543936425684843404130413299847E-7,
    "6": 0.00000792859621285337287776968162883729895041067617258278738372602,
    "7": 1.8522874422743774570591022454601976153511246631194655511133E-7,
    "8": 0.00000388053225399758312443515247675386349791835341441423694245972,
    "9": 0.00000129413908180674106025349646039899086471684696139083404639690,
    "10": 0.00000133946396873554112660055032916817827611671235058113372648807,
    "11": 2.8417807043968230465063081911008670114388444334729377329804E-7,
    "12": 6.5218962305917588386273508709621091966250105261911695024871E-7,
    "13": 0.00001518594901408367002242127214738495225454714473449671856171332
  },
  "zHigh": {
    "0": 0.00014467426673612267225617410761384035467845726264858761955670156102946578061710899537897375300671498148581568132104,
    "1": 0.00007494651447432415286073714096617567360443164630020200320268488962085186324169952917303114406221085796011706475842060,
    "2": 0.000081998769203781311699629333331086391810650451246418726221851142636779772186559548694218968619728660583563111939921,
    "3": 0.0000369758142605037728751048877222999050310252833879247329114636785458818391048586383624802685542987097268275875086245,
    "4": 0.00002071888213518959135053477107995752916964366656297573810604421983476516815581940338117066793368425722573303550924996,
    "5": 0.00003031138674669536521629236172819816489897294654695267459321988233775729402733988157045754480135979167477348703119061,
    "6": 0.000328774377306349199644254733740557104810825217780192389532130671212146777662159830115421100894171618668956938588244,
    "7": 0.00000727113192367674319550011370508745022620110220098068156040366942208119610773707547476556657969504127471262970835762,
    "8": 0.0001387917044470317969584014094600261493958030911419021594958782667873056055105265456819223072011414675521772100403259,
    "9": 0.0000531413491084142596202637820146346393591860039085280833334042885448826674115966628733993529535127266534291127649212,
    "10": 0.00004858444762588256152577370067845246079819257431185313955390181244299582660065883290825961039657706628017879834328499,
    "11": 0.00001089590000179999919042356076104527358983782201502887258768841305681836729941544138097172349235201599245644293905,
    "12": 0.000023497401948154058130232811259584190252345943819286449194605255778100343896471565142265600277973628592312929932709943,
    "13": 0.000620919179086611847298478447791053844880407957626299406313765106690605242988339738366052796706671282753663030100397
  },
  "setupType": "Multi Region Model Local Bidder",
  "population": 0,
  "id": 2,
  "worldId": 70,
  "implementation": "org.spectrumauctions.sats.core.model.mrvm.MRVMLocalBidder"
}