{
  "homeId": 10,
  "distanceDiscounts": {
    "0": 1,
    "1": 0.42045,
    "2": 0.17678,
    "3": 0.07433,
    "4": 0.03125,
    "5": 0.01314,
    "6": 0.00552,
    "7": 0.00232
  },
  "alpha": 524.1212815119728247736929915845394134521484375,
  "beta": {
    "0": 0.068164763535679739892003681234200485050678253173828125,
    "1": 0.07263415748219237411120730030233971774578094482421875,
    "2": 0.08504383558596152747899310497814440168440341949462890625,
    "3": 0.05778291927502705871422250538671505637466907501220703125,
    "4": 0.0626226422877796673471806343513890169560909271240234375,
    "5": 0.048144682603665313325169705649386742152273654937744140625,
    "6": 0.09959349693230633293605791322988807223737239837646484375,
    "7": 0.0853143160985078419233929025722318328917026519775390625,
    "8": 0.0531594630898448716749271625303663313388824462890625,
    "9": 0.052374786073059530211448731051859795115888118743896484375,
    "10": 0.09370283980141340396396998357886332087218761444091796875,
    "11": 0.0428033685713501144132209219606011174619197845458984375,
    "12": 0.045031440707954839552940029534511268138885498046875,
    "13": 0.062308027761975949554429377030828618444502353668212890625
  },
  "zLow": {
    "0": 0.00000493051044869995828039229803919342323566157666479512093962455,
    "1": 0.00000224280100280717349097663448512571793405619574413271084043501,
    "2": 0.00000271349810973053399805257687973967295755431527103933860037082,
    "3": 0.00000179427305107341954299996611487090218485776681575775624013689,
    "4": 4.8606742444653208138634119243046511204957888440065174641807E-7,
    "5": 0.00000153056217659027909835188349690328328721368741791479663766430,
    "6": 0.00000912875777246218417722666707978275937474828799875601762419239,
    "7": 2.0093574856466482468032029725839549972560147788353809561188E-7,
    "8": 0.00000420917284083306933539250805709534846085153822671744875428775,
    "9": 0.00000273360098010528720316949438232908774097182148248560877965423,
    "10": 8.9650736110237024235482720627464007011358118814827466073035E-7,
    "11": 5.5382507679459428327098126270905418033086214642067332097504E-7,
    "12": 8.7310403455162858326282181879307114459211965298695204604267E-7,
    "13": 0.00002653602025339701795212742698279244804228940508366746998864330
  },
  "zHigh": {
    "0": 0.000181524021345581835310491796618049879725070973094903440607744451559803242360389936903082675337455728744520046223046,
    "1": 0.00008357442620812672675654127925434079090016108847545509863804310313226905879221948287101054855877154813588303117823,
    "2": 0.00010448157200259011243971108783637545202785264903013870117215358881502220978640851920198276268951661703993220426660690,
    "3": 0.00006419602501895577671730904062761089155493216253962973989322233565551913104274644766605582503538210555778593089419487,
    "4": 0.0000176259053782817172805597924355636688493961941952496720080285487786603494151082813589660713600940548365454857857416,
    "5": 0.000053285708317419785688198776123433482587678116063157449733194569434417236590321767198905652811107068491667003680591582,
    "6": 0.00036477922409461353862796429726892091754095357256538929674612171214674615780021459503345078372632348803195522474723666,
    "7": 0.0000077423420537935555647324158864587223719157725481284277754200614545368920487992294915414712405136050958876746728281,
    "8": 0.0001486509220520963832871220768702706982837986355109985138507190156740462315289721503341541219140257240260533129284,
    "9": 0.000096325206057370643907743719672537545646835239541371325331124241300765857708389841012685194847263217598506608112145515,
    "10": 0.00003529574939688743499840200699164631461809863943886736758117027318898917569133881165714854560942484622656457593486479,
    "11": 0.0000189853101924473585490340740690142979654471531072302590179985085127629055174977794247827794873194122857337819738514,
    "12": 0.000030124834292927639112235413210489997000234501830321502068424237818828429495321381210184123466268598696771298404,
    "13": 0.000961421316266012285189663092853278718512675768101421949121664677934965615316276208007522846551973714284459866662099696
  },
  "setupType": "Multi Region Model Regional Bidder",
  "population": 0,
  "id": 6,
  "worldId": 70,
  "implementation": "org.spectrumauctions.sats.core.model.mrvm.MRVMRegionalBidder"
}