{
  "homeId": 11,
  "distanceDiscounts": {
    "0": 1,
    "1": 0.42045,
    "2": 0.17678,
    "3": 0.07433,
    "4": 0.03125,
    "5": 0.01314,
    "6": 0.00552,
    "7": 0.00232
  },
  "alpha": 809.343180966425506994710303843021392822265625,
  "beta": {
    "0": 0.0806801234261377564482842217330471612513065338134765625,
    "1": 0.08324751862420580461598973442960414104163646697998046875,
    "2": 0.093166609837078251388220451190136373043060302734375,
    "3": 0.09509550139150461933734703734444337897002696990966796875,
    "4": 0.043163317150633533081371950856919283978641033172607421875,
    "5": 0.044239516066144866923703915517762652598321437835693359375,
    "6": 0.054644250957047217631679103533315355889499187469482421875,
    "7": 0.0948636031210532693069836795984883792698383331298828125,
    "8": 0.08309886687759478196557694218427059240639209747314453125,
    "9": 0.04870217551126197752520141648346907459199428558349609375,
    "10": 0.07934500927613509502211996959886164404451847076416015625,
    "11": 0.095475070535973649565875120970304124057292938232421875,
    "12": 0.07820242196091208020103380249565816484391689300537109375,
    "13": 0.049854300383638645854933457712832023389637470245361328125
  },
  "zLow": {
    "0": 0.00000416567383109567109247949959611174023513010413137883700961514,
    "1": 0.00000195686266607528389341180148817658952301915628303986927565545,
    "2": 0.00000247692051380086864019376439253928844508590405028147237204872,
    "3": 0.00000109025488430511639885616293413675014318494678298160395326384,
    "4": 7.0520127873005191517339804013332612295430027596091753502491E-7,
    "5": 0.00000166566989763040386017876246441457287257878972571351339383826,
    "6": 0.00001663788766950294004850340766424155210281633869496033562628902,
    "7": 1.8070888522609358294971105881605893458974064301664154015827E-7,
    "8": 0.00000269266449325523555747065402416781542987870611598898101243214,
    "9": 0.00000293974067973643158222935758575832861048739518548964249422218,
    "10": 0.00000105873433508350312312785507266179882217590004847160690790406,
    "11": 2.4829077111981158807671530044682091437459560433710443509126E-7,
    "12": 5.0276106005309784570235309544175424708245738880495616010371E-7,
    "13": 0.00003316478365793371431665645704504070789131219425010933473191926
  },
  "zHigh": {
    "0": 0.0001585789228174532196731078433255993897091267970924149227074621801781954340972204878194684703520628076085295067364047,
    "1": 0.00007499627610617003882959628934586693856904990464266985169465654082554286461512210627389446643103219428232742635491568,
    "2": 0.000097384244124700151703946713220363916653800312407402714322490593065447159630418363652638257741849375520112967877,
    "3": 0.00004307548001590668239299494520558633030474756155634517128703060533977085413291362037046993420482944985314889193521841,
    "4": 0.000024199921006787312294171497866649499176537835942057645666233755933065724823705229181896233887146859343187464858178276,
    "5": 0.000057338939948623528543005145148772170148631185297118952418413465196436201690348619725693506431327973696719088460909945,
    "6": 0.000590053121005836214766266514802684699382995093451518836809020511168438538786872374987146888571456614898632450336331972,
    "7": 0.0000071355361536364183128141387331886254178399475021215311118115909787661128351031382484773572171807397389668555773129,
    "8": 0.00010315567162476136994946645588244470735461367218914448159505071867685661246194888377211978898722261396967510765210787,
    "9": 0.00010250939704630497527953961577541477173230245063149233676816281682674523308174743283221824803136024588338624685175723,
    "10": 0.00004016255861632142142159284298326107717996820524856733499638159419745024034171717938109159057197985992016777777787319,
    "11": 0.000009819281022203877693206095201147299986759156844723192441485027466997176723587069294076171380067092110278843035274,
    "12": 0.00001901454505797171698542135150995049007494463390486162549025528621693540280899981004784823018938052700930793796172642,
    "13": 0.001160284218402113176125533994720726513983359443094677891419943530761209523845803030758647113247030313794588145934794991
  },
  "setupType": "Multi Region Model Regional Bidder",
  "population": 0,
  "id": 4,
  "worldId": 70,
  "implementation": "org.spectrumauctions.sats.core.model.mrvm.MRVMRegionalBidder"
}