{
  "gammaValues": {
    "1": 0.95443,
    "2": 0.81774
  },
  "alpha": 1126.7823664726902279653586447238922119140625,
  "beta": {
    "0": 0.11521361264073226582382858396158553659915924072265625,
    "1": 0.08218005928760048484083000630562310107052326202392578125,
    "2": 0.1786215989849016250179403186848503537476062774658203125,
    "3": 0.09082644227017770688359377118104021064937114715576171875,
    "4": 0.219440568515669898186359887404250912368297576904296875,
    "5": 0.18219792605150930686619403786608017981052398681640625,
    "6": 0.1637004931824888043223609201959334313869476318359375,
    "7": 0.214531198846855064576999438941129483282566070556640625,
    "8": 0.091935392129294191132515834397054277360439300537109375,
    "9": 0.09165628054807284375016251942724920809268951416015625,
    "10": 0.09543440891682673787865809345021261833608150482177734375,
    "11": 0.2160935065747935368563048541545867919921875,
    "12": 0.1339755282456221718856426150523475371301174163818359375,
    "13": 0.1664386120285506753813109526163316331803798675537109375
  },
  "zLow": {
    "0": 0.00000291707786209119943939440572890191033414313804975851244894563,
    "1": 0.00000198228089212019517542499298227639074667825962696004052607985,
    "2": 0.00000129192823498487963890106057278246881430218744423404410339732,
    "3": 0.00000114149946068705628230832501727070854576026935176040393369488,
    "4": 1.3871102620062689425545415697818189008114304327941079023277E-7,
    "5": 4.0444165196634355879450500712241738801812058749391470180592E-7,
    "6": 0.00000555383121658630627941117264353800378466677605759917047819944,
    "7": 7.990770601516830529027683890468375193094724969016199575546E-8,
    "8": 0.00000243385450465430965628513760419852721551622780018016839780273,
    "9": 0.00000156205080203999827366226147661459807206873297492541091391470,
    "10": 8.8024106390574282296622309539315619435376180891789213781605E-7,
    "11": 1.0970056093698682038577832768683690219996151958245351971207E-7,
    "12": 2.9346503110408564936750542028799651483650947593133343890026E-7,
    "13": 0.00000993403553712280442720588570770193714303308407694658431504274
  },
  "zHigh": {
    "0": 0.00012112104374731907008055502730930449267951781464380518588737680979312997546268882198639382792306961687510035053613,
    "1": 0.00007575882288751737728999203416886097527882300496027498920738831854745907648649428897607334403466915964612636928344217,
    "2": 0.0000618344757602204816651655986276593277302888142259798662629484617335220258392885597482434604141410864937089455021908,
    "3": 0.00004461281730736487889655980769960508238200723861970917069996205218488216349452695228779863364794423076936398415413022,
    "4": 0.000007205213430904561666633181371995172190343118961612443322469507364641008968418614330493606291033583141682351015025,
    "5": 0.00001950209257870171950147742143000750561181111115053099165744329195981657283633789671422486049983426371998491069685,
    "6": 0.0002575314274183372016934994641815782498385082143306838823663330832256661126063846087081131516108845521528691587978,
    "7": 0.000004111500777308659983031112135847369938076145702327144779727433633029747633202610170653694021874841627527784460328,
    "8": 0.000095391371966733592913900963283366060923739322714880103156168301358384335837844999960981663377787269219247367080965,
    "9": 0.00006117870071541197602252673250110285557974258431456538935893831946254115932786159992299214680093859967943671341805,
    "10": 0.00003480776048098861241674388366520179834530405806195589189374105587465254349310769825660308692684991447648454939979645,
    "11": 0.0000056615747167191346624779860183477796215201343020836649801094902122117051274692671982193896065999007427,
    "12": 0.0000127356641895013510953759212553377581075661965186529438541519817674083404525525129182961784116602426854464155372989,
    "13": 0.0004633617747777858794420168546005633915349861378997953789136479059387208897983580267983462871663310744438535652280222
  },
  "setupType": "Multi Region Model National Bidder",
  "population": 0,
  "id": 7,
  "worldId": 70,
  "implementation": "org.spectrumauctions.sats.core.model.mrvm.MRVMNationalBidder"
}