{
  "gammaValues": {
    "1": 0.95552,
    "2": 0.82206
  },
  "alpha": 851.0938596585327786669950000941753387451171875,
  "beta": {
    "0": 0.179923832766917091152691909883287735283374786376953125,
    "1": 0.11960552216928953261909640559679246507585048675537109375,
    "2": 0.161540471676157093572356870936346240341663360595703125,
    "3": 0.173326681262264303828857237022020854055881500244140625,
    "4": 0.2112868553353595135746445521363057196140289306640625,
    "5": 0.1951024953282278762145551809226162731647491455078125,
    "6": 0.2026195610033534044713832145134801976382732391357421875,
    "7": 0.1178947964764064659792808242855244316160678863525390625,
    "8": 0.1615628196928587112513042711725574918091297149658203125,
    "9": 0.1972787093179234341189243195913149975240230560302734375,
    "10": 0.146602866959601285667957881742040626704692840576171875,
    "11": 0.1515145673298954054342146946510183624923229217529296875,
    "12": 0.08852215825634017487555382786013069562613964080810546875,
    "13": 0.176939452341609182450810067166457884013652801513671875
  },
  "zLow": {
    "0": 0.000001947485505151958203711361309535773304666378471743641516237,
    "1": 0.000001420010401005123049832230094762823002180167771893212284853,
    "2": 0.000001489368375043713099445532115140929283719666208338892638592,
    "3": 6.23639628227595622323395757262549733997445706643896613683E-7,
    "4": 1.50198825619165136602355655504113284642524682958960675339E-7,
    "5": 3.93774503595879362010287288291510593118899260770833907534E-7,
    "6": 0.000004678131300064390932838361052609244983201862803324029249448,
    "7": 1.51598742100143735434986915729441228245922214495054763614E-7,
    "8": 0.000001443932970882780210591553593134936055235886030449890788770,
    "9": 7.56638224553222039593279255282509509885235464232175709147E-7,
    "10": 5.97413815086431145102971925752727968476106293192236225748E-7,
    "11": 1.63120027931881203733803043483794451179964552556304353333E-7,
    "12": 4.63063931648911846061255863039997289989399054945177602552E-7,
    "13": 0.000009742406084271500290207988208424145176450420129102010400499
  },
  "zHigh": {
    "0": 0.0000934644707890543442102163721404520979173688585878990716225527877066486421080901309423170989127358728034606810107,
    "1": 0.000059584420579957687909949786721790629766509424046283961539289232782314313333958340908137584190483392792321127208015,
    "2": 0.0000687403782317226981235101751326451861030096100951486900649658042997793190262979260263898275474723500118958299180,
    "3": 0.0000295185275532600161461660132839226131970993040622569183325345787375474930523194712645086689815464663494828329056,
    "4": 0.00000767946852258869755181898892510302196993332612525853358173945250886990977245834637094125559094852928888977618,
    "5": 0.00001949587393269541128730176573065101775071507255890421695544050761403674397725725605252733237539260298400929134,
    "6": 0.00023513203003544111088149512151741792987142970714972258557348660278797279175646068004750843112901412950467801804415,
    "7": 0.00000633523254760187988611157225263787795428014805945512797861178373245760049340535294592837983900216845500413803187,
    "8": 0.00006664657734881424898971612857134352621382800463598021230109743781318133490350453831484888677844028210921774895540,
    "9": 0.00003762600797264313803748989457671196037090221571681961055599182546542586425191798485413677390507986214497727160607,
    "10": 0.0000266806722578873252147388106512104536595190577564492751246846643939501641753595457612347536623129153862904489023,
    "11": 0.00000736510688345037949483352396794254735593835389953721350469569226007359973063148664632262604054360323062218157451,
    "12": 0.000017991059813490161800092649552762241886414736551696925033687757585959400827071013949434584879044548078265404132850,
    "13": 0.0004646537822322010545181423883412330039778877788842610288608378330280503544282445588753522751744691590975068662145
  },
  "setupType": "Multi Region Model National Bidder",
  "population": 0,
  "id": 7,
  "worldId": 149,
  "implementation": "org.spectrumauctions.sats.core.model.mrvm.MRVMNationalBidder"
}