{
  "regionsOfInterest": [
    1,
    2,
    9,
    12
  ],
  "alpha": 88.294927811389214866721886210143566131591796875,
  "beta": {
    "0": 0.0651350861769407207813031845944351516664028167724609375,
    "1": 0.09026476799687876972910771655733697116374969482421875,
    "2": 0.052403054296983310467172856306206085719168186187744140625,
    "3": 0.0880575086638628878876744465742376632988452911376953125,
    "4": 0.0880363898074882633704163481525029055774211883544921875,
    "5": 0.09212035614553155948858176316207391209900379180908203125,
    "6": 0.11350179526202279489677238188960473053157329559326171875,
    "7": 0.0695217739336777829084468294240650720894336700439453125,
    "8": 0.06301589631670247160233344629887142218649387359619140625,
    "9": 0.114910140646908132122661072571645490825176239013671875,
    "10": 0.088964099255580464387094252742826938629150390625,
    "11": 0.076997409567477081981934361465391702950000762939453125,
    "12": 0.11252445914914684099716879472907749004662036895751953125,
    "13": 0.055498297756116456158625993566602119244635105133056640625
  },
  "zLow": {
    "0": 0.000005379574618095847306719949616724579012609989576456218570314,
    "1": 0.000001881587791860417044700374588193658113918749019206748889876,
    "2": 0.000004591207001801864390694885396176397517084635413651929160258,
    "3": 0.000001227531742658544312990898658001527526947402038757317872119,
    "4": 3.60476362212641443395777843003320215694201492667047415118E-7,
    "5": 8.33978411099715306384403847620478555871570540213205607579E-7,
    "6": 0.000008351241565359192540963170370315660952086202028488557590010,
    "7": 2.57080650200695927627908995680942503823238534718210968011E-7,
    "8": 0.000003702016409492466471016057890106770540917820957427131739842,
    "9": 0.000001299002955876036637753054590730504660135120963006262100201,
    "10": 9.84471025793588340264449555994209108966815747626155736621E-7,
    "11": 3.20985609694833454465696857639343918323631893824884227160E-7,
    "12": 3.64288963930015571123575416937118515692463325470405626868E-7,
    "13": 0.000031060700359058833405689914329266636527433939066761656375496
  },
  "zHigh": {
    "0": 0.00019642714417737101730047402135611626915567719172927638324487731191738945370693332228413999817877705635194290364746,
    "1": 0.000073431742305616507755994121524715683118666861465690059689984548425755043279103748062045446089466827119539384339,
    "2": 0.0001617955370344672368609907735637092331039586862545397857149675315332147715592787601905028212152641273980271934171110,
    "3": 0.00004763529098618847686619110030609194698559799402565955608560183894075683249868657926874293807290382562228717831267,
    "4": 0.00001398779462039298675562165455007922990148363041650113577509367544712367941609044380587390491459732916755152850032,
    "5": 0.000032701991157810489618525262510520056633295210942175367956796258844612651289928463187340754173203699866510310626770,
    "6": 0.000345325337994285159125239401048610408937959883904658435790331423753996493782888817335319688713299334363910955484515,
    "7": 0.00000949968979061844565189923465118291622159963766614981411049402421614066164509572986858680984672515864379343029848,
    "8": 0.000134389080507104836802451257480498560784286052445297440833268137918101485516292757674887322221713597569181920463123,
    "9": 0.0000538969499123275759822831546401518148783987806800422022876204537049920866480599472356479720817336398850383182226,
    "10": 0.0000382923885791020410695831395584548878742403413894668604508836956617964326201463701836111505186840180672841,
    "11": 0.0000121010743363389470167903383926090313702483741375946097195113363889245768980833413634844764168736843175196654148,
    "12": 0.000015027810781923273551962236169675878657506664667453765763185642958977140182851849686479498820218701146165834313832,
    "13": 0.0011042026104758210479826001719665077445073933470140504081107635787882517480706906228861842775004163568856314643475985
  },
  "setupType": "Multi Region Model Local Bidder",
  "population": 0,
  "id": 2,
  "worldId": 149,
  "implementation": "org.spectrumauctions.sats.core.model.mrvm.MRVMLocalBidder"
}