{
  "regionsOfInterest": [
    0,
    4,
    6,
    7,
    8,
    11
  ],
  "alpha": 96.6902330723488745434224256314337253570556640625,
  "beta": {
    "0": 0.063482390512309361252363260064157657325267791748046875,
    "1": 0.069667741503256330748428126753424294292926788330078125,
    "2": 0.058670263687324288037761021996630006469786167144775390625,
    "3": 0.1073886677960297630907149368795217014849185943603515625,
    "4": 0.1065920451815564884423537250768276862800121307373046875,
    "5": 0.11004603324662691476998332973380456678569316864013671875,
    "6": 0.072270606680662208276544333784841001033782958984375,
    "7": 0.05900227105877826894175797178831999190151691436767578125,
    "8": 0.074620700317576282856180114322341978549957275390625,
    "9": 0.070021430907750481509310702676884829998016357421875,
    "10": 0.0827215997860164808930250046614673919975757598876953125,
    "11": 0.050204769681115098134416285802217316813766956329345703125,
    "12": 0.0940240045561655524153366059181280434131622314453125,
    "13": 0.1099988008487330082285637899985886178910732269287109375
  },
  "zLow": {
    "0": 0.00000497506561546168284710895136068502708155893491347241272623432,
    "1": 0.00000219735477838806494451888914192196046387449437169026665297756,
    "2": 0.00000369619258779840819980143131421581403627610269418454398458398,
    "3": 9.0725595627044745796056634126011642283253176102206718883253E-7,
    "4": 2.6835109927452414402133858674210082461530157289729331502956E-7,
    "5": 6.2925283605401354054180577466712395231741367521959461543074E-7,
    "6": 0.00001182173538294593608238795043095187484300350428314160968389184,
    "7": 2.7303018525135543750830304504965291272274109096492285130602E-7,
    "8": 0.00000281785274560796267142217169475155658961495298416672647747323,
    "9": 0.00000192143930969751366821541733865843719336753596257421994277767,
    "10": 9.5430666576743332376263643637628321185095478107889474256645E-7,
    "11": 4.4371678279907922429879226738605456902214443688031678940059E-7,
    "12": 3.9295549111252981416178011342061540672779882540354574626813E-7,
    "13": 0.00001412511893493996386463367207118378759100451242538273085073279
  },
  "zHigh": {
    "0": 0.000180834874286360612233493646811359849310240302647891672806650306252834620205552413524680066873194570558729061581828,
    "1": 0.000081229117820810429252569108130561450862307595035019139998028198690260135287353178738904175561780145834948256884914,
    "2": 0.000132571437010478859886312633031973865706490723825751094164231802916451253787620100366505582367477559039230892610768516,
    "3": 0.0000369605795375030625324697981001971759923187389245221442592136597365367538704805645964464741752979636330266775058433,
    "4": 0.0000109109422280747671373438639473148439522536127436536744589590247422160705041579156321201011780546899543293571194851,
    "5": 0.00002580226293331383115937156193260946928773090793193615816221784006660200811046020072658719797148724690883418870832475,
    "6": 0.000440088460302753420204476856815093395843971287650136471059244548629004485991150178831994798937669606796389227636,
    "7": 0.00000980184565728355495516015452974667672902283699428888657435589626478836737144894113727275386758094789118912293999749,
    "8": 0.000105562596895146010212830205647120610348368429506103948756200973745827536040354509570348866725424317875506789153,
    "9": 0.000071097372277667433352644987349683792714747516331758058167973447835322940805259052047610414752369700545666910069,
    "10": 0.0000365233773808971410915595067809632272150631278503436959633878157047782044626402488946974819949009798855618558892787,
    "11": 0.000015539173372379691321834005503891676832132915498292740071377088891742805257355673708611658581530452516129743459398120,
    "12": 0.0000154833896220493719734640542222878134965014938841356441398601008877721300865142253699319480205068389912005475260,
    "13": 0.0005791281825171117941781010536971414430040629041234890939807651673412977512604056620630492305478526091130667721892300
  },
  "setupType": "Multi Region Model Local Bidder",
  "population": 0,
  "id": 1,
  "worldId": 162,
  "implementation": "org.spectrumauctions.sats.core.model.mrvm.MRVMLocalBidder"
}