{
  "regionsOfInterest": [
    2,
    5,
    9,
    12
  ],
  "alpha": 94.144761694163690890491125173866748809814453125,
  "beta": {
    "0": 0.08839500775162900669812415799242444336414337158203125,
    "1": 0.1156946265513083826892426486665499396622180938720703125,
    "2": 0.068326373568977583072836523570003919303417205810546875,
    "3": 0.050157527972244951575131466370294219814240932464599609375,
    "4": 0.06353734006166326941933419902852619998157024383544921875,
    "5": 0.09346498051741668200431689683682634495198726654052734375,
    "6": 0.059465038604894437934689221947337500751018524169921875,
    "7": 0.09611138522463325006839340858277864754199981689453125,
    "8": 0.05528148605654191471980851702028303407132625579833984375,
    "9": 0.10500728553280729016261574315649340860545635223388671875,
    "10": 0.08210968257452229412951538733977940864861011505126953125,
    "11": 0.06128077517623682635150572650672984309494495391845703125,
    "12": 0.11268874492033158218884381085445056669414043426513671875,
    "13": 0.09505924392770088993120936038394575007259845733642578125
  },
  "zLow": {
    "0": 0.00000357292867842167187833276999399481913461115435220612477789645,
    "1": 0.00000132317938399493960049644681081347507041286068862599063146146,
    "2": 0.00000317383438397096714115691530987196893713221954508634041124663,
    "3": 0.00000194246033312904632273566238902555852384287982701581275437302,
    "4": 4.5019342123277477374326125802899250090286066636284960874790E-7,
    "5": 7.4088474778027151439074412541079976485321194236478914881293E-7,
    "6": 0.00001436750077336084561990966878026341795654994718363128635930215,
    "7": 1.6761178667623755404479033192583320232399178855771324089250E-7,
    "8": 0.00000380362686079037302131980125646987513855449518277303434961037,
    "9": 0.00000128126281128736988670515771453429191063695777856450055808432,
    "10": 9.6141857578239077834418653429792036901306873425936229411021E-7,
    "11": 3.6351855569724419041268632354587509342844684377154439903561E-7,
    "12": 3.2786991205604120116427096937759270544041279180302034302544E-7,
    "13": 0.00001634502948362244357955293853551815133197485619486518904828943
  },
  "zHigh": {
    "0": 0.00013877076617516028317020820581065361090180688580990303435651413766224211629281332815957829113660939439028500638408,
    "1": 0.0000550038559890166689318958381973068890584585845430908593525450437214168642692008362662636870228318374979724549850311,
    "2": 0.000116900690895655628126977152901658512732174229352804986964111311460695976298086382205786475329121117550487778582944,
    "3": 0.000068016710843261028475722679533160439022629180904334511225428334865905898884476414880725269478444415906699373454206038,
    "4": 0.00001636621188682228602900154408592159424088038554762036327050909362537934401763915567911021088518053751396395474381754,
    "5": 0.00002915122028510157037483971245491974366380485594629199416368366500255538268493051333872384204219864329429908632355519,
    "6": 0.000516461422015200706330128407294439689250364574664826771321554046449200905706622491500041074197397385687183744508748,
    "7": 0.00000663929370003001845125477313603208541706035792207259826195021072400342756155706154664463657946355760463561022300,
    "8": 0.00013513582035061832070975909249867016681655469546429318492031501535077383505976306697402827834515473726122308251352848,
    "9": 0.00005189207732536311990733719862595943423283017081146647662717305490581765288458527636889884734018671165932354969051897,
    "10": 0.00003673673468134586472900600971861234192992654644575772250970053265174829757438118850615669995210580854652790841301123,
    "11": 0.00001313322655932464030525082718868629256432198770502956836042760215370520495249614356532634310476880961511328035824716,
    "12": 0.00001353082225035471358353877990099713245787991287611988204257952101202449143494815424721391930626355762184416912055733,
    "13": 0.00064572549897758618562567904762717235523317321720796283990746441041726700562628130483400591278128947390359853570046478
  },
  "setupType": "Multi Region Model Local Bidder",
  "population": 0,
  "id": 2,
  "worldId": 162,
  "implementation": "org.spectrumauctions.sats.core.model.mrvm.MRVMLocalBidder"
}