{
  "gammaValues": {
    "1": 0.98887,
    "2": 0.95550
  },
  "alpha": 753.0889350796056760373176075518131256103515625,
  "beta": {
    "0": 0.20519363593087203145870489606750197708606719970703125,
    "1": 0.097979467151892596366025145471212454140186309814453125,
    "2": 0.171890795397872275795947416554554365575313568115234375,
    "3": 0.1279933641396126808853495049334014765918254852294921875,
    "4": 0.1333401941871907026015975361588061787188053131103515625,
    "5": 0.206455972059470138635361990964156575500965118408203125,
    "6": 0.1601200550631959040881469036321504972875118255615234375,
    "7": 0.209222084723762968838656206571613438427448272705078125,
    "8": 0.190225110014935860913709575470420531928539276123046875,
    "9": 0.11469515954769937682300451342598535120487213134765625,
    "10": 0.120024962635466525551208860633778385818004608154296875,
    "11": 0.210898202489389896552296477238996885716915130615234375,
    "12": 0.08398454181582881705736554067698307335376739501953125,
    "13": 0.191620192187701710029301693793968297541141510009765625
  },
  "zLow": {
    "0": 0.00000153917570002756497561787170230425454037403860428116525065142,
    "1": 0.00000156241658728726598524583882293502748958002327860084437714780,
    "2": 0.00000126159514977699885295075434118696723899204947837055889865637,
    "3": 7.6120359167700845649266637437207884139641934073034894360470E-7,
    "4": 2.1451965532789267701497642156219555211475725277981966726339E-7,
    "5": 3.3540700143557750199896874165963731911534408432411333840598E-7,
    "6": 0.00000533577126117371423880012251647583044159337667809018216047902,
    "7": 7.699665653699152319526327475982683120681852285064567202974E-8,
    "8": 0.00000110537533794861029859099772190395077253389054053074194938914,
    "9": 0.00000117303930172804711414612456341443792230348204665777151876071,
    "10": 6.5771129892786718683851659379785792327391872823606912730364E-7,
    "11": 1.0562773234254505841889817456400412307210284935652446163977E-7,
    "12": 4.3992915943694792299478214685464660618303596052432339536528E-7,
    "13": 0.00000810846772957599126000294344041969245573656303599282913766718
  },
  "zHigh": {
    "0": 0.00007775817682333707608876125705993667307469341337215424853916346326493270739895753731139005200429921125449500699308,
    "1": 0.000062180972087786460474377598560953461633473462242336471723135527144209478437419168056238703915416660593263923199879,
    "2": 0.000059533513869836579480792323841108461787969127351331541586403517199802886224297480661960993890230851780812627956610,
    "3": 0.0000325790085996998924884327990935560485492353663157705969023785896125050425344301479163866972924504232063282450221162,
    "4": 0.0000092959989096758231271529989919176857772372831401294650259739716122917212091537298488469228896235533047837820298904,
    "5": 0.000016986887894760750003086450942384870291668820205071719851475319149976424004898205106748468959229667209788978720220,
    "6": 0.0002455095366495867648968420193808120638016674594985936453568599259832944437654029221341054945865532648110042239160748,
    "7": 0.000003920839795852637525768961421051894283545159950860571196067501435171154121984687946170229942052227653780404140848,
    "8": 0.000054188274665365439027894986461692435835936556197024412913678292538166426908066265570493315325489041276283465979287,
    "9": 0.00004864537203858343673056620409236381458282589885426460544746462569049385983336994239820369845457354569467149056208,
    "10": 0.000027625516375710156983835911503610468557752046265058927505503426560691323395729300191954060169612712808220193304406,
    "11": 0.000005396501858683666345437182719230163453631667872578970238552316320214106146880999391435208493119534817136924951998,
    "12": 0.00001689259967178191523845411522530874948015860793775897361277467544427473564232249215298104598363931057845077179236,
    "13": 0.000398628646356192616039179194774218588946024422441792042588796696056813850936115118088654576793461585528511469724532
  },
  "setupType": "Multi Region Model National Bidder",
  "population": 0,
  "id": 7,
  "worldId": 162,
  "implementation": "org.spectrumauctions.sats.core.model.mrvm.MRVMNationalBidder"
}