{
  "regionsOfInterest": [
    2,
    3,
    5,
    6,
    9,
    10
  ],
  "alpha": 80.814552389801434628679999150335788726806640625,
  "beta": {
    "0": 0.07234795907613973675598373347384040243923664093017578125,
    "1": 0.062766753462595026302750511604244820773601531982421875,
    "2": 0.063661992418719559605477797958883456885814666748046875,
    "3": 0.0919206213546734096642154554501757957041263580322265625,
    "4": 0.0560886871653096807932570300181396305561065673828125,
    "5": 0.07695635696849982554379465682359295897185802459716796875,
    "6": 0.0986716769527935522177131133503280580043792724609375,
    "7": 0.10229335657576765772347471283865161240100860595703125,
    "8": 0.07508532414519956954546131555616739206016063690185546875,
    "9": 0.05760685554503590377617427975565078668296337127685546875,
    "10": 0.0824129222449949405682190217703464441001415252685546875,
    "11": 0.103798062896455045578392173410975374281406402587890625,
    "12": 0.0968987969989877073739847901379107497632503509521484375,
    "13": 0.0921918462401503935321755989207304082810878753662109375
  },
  "zLow": {
    "0": 0.00000436541766012665978221009270840118153734801973765797995732076,
    "1": 0.00000243894635689439527087635108062092128525245659431242001758352,
    "2": 0.00000340637459693297796656493971103115090582036205258542888289106,
    "3": 0.00000105992547763541550479302265088795495797432022018247281411115,
    "4": 5.0997971148951739322526178079964168526504822744210051494764E-7,
    "5": 8.9981882257340611018285938246884533103944314724806028834545E-7,
    "6": 0.00000865865478857218280043993261647977364388334524732059564019397,
    "7": 1.5748237751389893460147147213812476416762664581402587967813E-7,
    "8": 0.00000280041602886939795001222605369326914458845771426109346162727,
    "9": 0.00000233551942029257273350290801329890772971043579004758380140920,
    "10": 9.5788102069800910650238103651195800807022491523925204660055E-7,
    "11": 2.1461574775528830194242626923926776737163315353539921145684E-7,
    "12": 3.8129729192737821010351823011300752431270390233829447248461E-7,
    "13": 0.00001685340090317508039851908042504048748933803038511893352677047
  },
  "zHigh": {
    "0": 0.00016254543562630992028652788724284448298391284737345868973924355853599564261880489471556881626296093638003096671175742,
    "1": 0.000088476865176000339043292966291530275503646461713683740936207004099452807911199688779745710977497179897115791894603,
    "2": 0.000123876897284515952889217884936433971792818504577777641113444080571432112683185822505317310724678769563595063327490,
    "3": 0.0000415406651784521039374434873890323320465723926993343130175722782560122035729799809908144608509882304910204693748949,
    "4": 0.0000181598005945245646134615597690410697717460123799978904565012132457580761465133955916817689603376517492353229845,
    "5": 0.00003391924252889560824860317016666111064939179209279012834965916520328601623584092640246009849030426427800291299594539,
    "6": 0.0003451960424715408217460363223809303598703665165755060497483085226978861794359006125938766572535024595604387948118,
    "7": 0.00000633541142515985986795520734240083227236940363976197742551911484503637457391431039952177520383664676594907495239,
    "8": 0.00010503949539298906857053183641537198699757357140893495828082198648810444126222254301733649849618486820095247819196446,
    "9": 0.00008351977559551920531126970758889790880503451115595897392691946105823216670345394691723597525322239129830685591649083,
    "10": 0.0000366306080288144145737518447850334711016412318751544150844109007526813873267307505397210766148050702824731165471988,
    "11": 0.000008666142321065963651143025559488072782617576997945212733064474889341166296817078126021368822887018900617845748657,
    "12": 0.0000151336436464948238517161977230595770240486461921781059263546135259203506527405785952616918220320857833534194431519,
    "13": 0.0006609766415641652901946633043128424399540684429155751742618953137384318054898315630492175914839049994504637825661785
  },
  "setupType": "Multi Region Model Local Bidder",
  "population": 0,
  "id": 0,
  "worldId": 162,
  "implementation": "org.spectrumauctions.sats.core.model.mrvm.MRVMLocalBidder"
}