{
  "regionsOfInterest": [
    0,
    4,
    8,
    11
  ],
  "alpha": 81.05347162022144402726553380489349365234375,
  "beta": {
    "0": 0.11187796269590173647845432469694060273468494415283203125,
    "1": 0.090065650146214870641614425039733760058879852294921875,
    "2": 0.0963570246615035042037078483190271072089672088623046875,
    "3": 0.1046449517060264733370189560446306131780147552490234375,
    "4": 0.11524984631195310524898189896703115664422512054443359375,
    "5": 0.11254149091608901811500942358179599978029727935791015625,
    "6": 0.05893664890123422039902578717374126426875591278076171875,
    "7": 0.068475148007772379532553941317019052803516387939453125,
    "8": 0.06907038488044682511546312753125675953924655914306640625,
    "9": 0.088369700779368731691221228174981661140918731689453125,
    "10": 0.11330597559506554172781278566617402248084545135498046875,
    "11": 0.062473840168639403758188421988961636088788509368896484375,
    "12": 0.092067418544473145214368514643865637481212615966796875,
    "13": 0.119731329611582004712744264907087199389934539794921875
  },
  "zLow": {
    "0": 0.00000262227763136871638020431895075537992640029692804376534872800,
    "1": 0.00000157886086537382355741802433065166686043922352322823223125286,
    "2": 0.00000209054916155966912500657079775026745730764699057540243424869,
    "3": 8.6485068809757807655758109209355219419672804872245876545278E-7,
    "4": 2.3054672280059199655986929819779538219636461280489820686401E-7,
    "5": 5.7155502073287177656621894684651451421595713637827949217798E-7,
    "6": 0.00001346569055735627709840329007293498301744425214064295955222442,
    "7": 2.1853326119504826376642944475878230020665120025810253397134E-7,
    "8": 0.00000282785328120550878313630812742565197200440989309482046837650,
    "9": 0.00000141424744474238327388407315064565339419822222766374735098780,
    "10": 6.4718017027347346961218473645956011179023637356761900021832E-7,
    "11": 3.3122550173597432559017956190561767157781684835129956065918E-7,
    "12": 3.7277542513012761069617354747275034142509679215159901910989E-7,
    "13": 0.00001205433878247662071956766248500618564146695213657906628746431
  },
  "zHigh": {
    "0": 0.00010800583684311817304326698913953379805320112756453051604157323429891264881062897053522361412098572588476994019894732,
    "1": 0.000061585938994245591610131500145683361129909456997305608287995545522848319504415848672292144130361120775450524043783,
    "2": 0.0000828603845584391248894132884620528882856027848751174633369896060232015612620275959460187729909874696272478268964430,
    "3": 0.0000349957464918168245287943854959921080906123297829226369548953489679464952352472835183546623325005260869577139466337,
    "4": 0.00000957344912106702813629391858652802908010024755600902693190096947236239459627818833422108017865112444663337796227235,
    "5": 0.00002357901603937150924254554075925238708634902543044190638953080424726282383242999176456279808688951141520950563408946,
    "6": 0.00048333298437984549750535505183214139108010452237874046995516265711672596440417950326862940472501560139920510217262196,
    "7": 0.000008052407576346658930497278467661931951398819987346479953024004855843333361324735720567293082660055206766459576972,
    "8": 0.00010436768988799515528372251296007968821241828755987858522464298770314550466593609622857570471329606795390234354501736,
    "9": 0.000054925085694258620666979705407512242490475129499532964612702558780347861711752261132126935013881805005708035437111,
    "10": 0.00002674834316606585876139794950811038653107985476244153204414778785521789363625571825193965723157142544935146461062287,
    "11": 0.000012006057957602295106034416646800290589813220112118097576815549841200314688024287176512284796197074878017540243905175,
    "12": 0.000014615309862758765451538187386550390185350020819953160405573242322449191578715701477491351882256608919554024518339,
    "13": 0.000505958364475737060412670389753349344735893951012134533426796820233298728724213745815616588502091144757546180144680
  },
  "setupType": "Multi Region Model Local Bidder",
  "population": 0,
  "id": 0,
  "worldId": 73,
  "implementation": "org.spectrumauctions.sats.core.model.mrvm.MRVMLocalBidder"
}