{
  "gammaValues": {
    "1": 0.98957,
    "2": 0.95829
  },
  "alpha": 960.352024776848566034459508955478668212890625,
  "beta": {
    "0": 0.1053766939390811951948734304096433334052562713623046875,
    "1": 0.0995859720639783174700454537742189131677150726318359375,
    "2": 0.1343637254038714534676302037041750736534595489501953125,
    "3": 0.1677951774855983291256933398472028784453868865966796875,
    "4": 0.184808920685653632620670805408735759556293487548828125,
    "5": 0.1124673053169752134916592467561713419854640960693359375,
    "6": 0.1297577105177542822200820182843017391860485076904296875,
    "7": 0.143988690383761441804466585381305776536464691162109375,
    "8": 0.21567165880669580957373909768648445606231689453125,
    "9": 0.10423052800459077504857674512095400132238864898681640625,
    "10": 0.10813014374155406616129226904376992024481296539306640625,
    "11": 0.20562192741332641077178777777589857578277587890625,
    "12": 0.132162953168250718594123327420675195753574371337890625,
    "13": 0.137235435846568110118681715903221629559993743896484375
  },
  "zLow": {
    "0": 0.00000278406038426455519173976282418608189581727703414742238794657,
    "1": 0.00000142792330468946688962988226221305763440932485204895633073358,
    "2": 0.00000149920744241798463516340943709018268802360486811535396697826,
    "3": 5.3936149921032461802765001433459032450021234829547916720106E-7,
    "4": 1.4377268300639611994931148655938178077904758768280104763899E-7,
    "5": 5.7193202942459839618287029004935565873467875851763843505781E-7,
    "6": 0.00000611618896036997586065457674726216345161541905341708355996912,
    "7": 1.0392550529537777184188598777149698861726640868634236070626E-7,
    "8": 9.0564015503475565550705734991948619320520625765331242377627E-7,
    "9": 0.00000119904049142269239329113456921250305434341723747674882753253,
    "10": 6.7815854156158216431213913094156945928551597267917019302035E-7,
    "11": 1.0063580920353506642352739954865725162848729301223170256706E-7,
    "12": 2.5968299183552232919259390828015137985328027679712493426079E-7,
    "13": 0.00001051683190359086105711423611149648585702829249423008144304882
  },
  "zHigh": {
    "0": 0.0001128593194299933373893303053424548571357105307476402272181302499685838617821912956070128271390124278912626065803524,
    "1": 0.0000570578121737148915764872380925250843490124968619273312724170451325467938571708746444661119351378243171127736179799,
    "2": 0.0000651201329841885901941184476422503452070815212013160093188768187808692784032436884998223042004286812394869353537629,
    "3": 0.0000252310708251992207728964531632232519997168587701132490073439156742121528195252555875476186021343557148863480040828,
    "4": 0.000006970227927241151837977184237375621037580736802346112155150324395466036387374244903194627641776283827567614081288,
    "5": 0.0000235903263001233078310450810553376214219106740946226746759254573119173936136425520631521855247169021832417369575514,
    "6": 0.0002628479364702564603728936520619568041052395297619641901875037238450811501741354439191649017457343738160872955536373,
    "7": 0.000004614174899356544172760974758043372603717276240193674755071737681077227211367194162822021826982241557663211776545,
    "8": 0.00004670129610287256145484498963489471484844217849663334388663620527718822303967310953764183718840833647811674205,
    "9": 0.00004846887709466789424919154796451773229483097979392300890904450962407653068553822952249054954624846995231191824297190,
    "10": 0.00002767769430470911960239658134257066695593824273578806782820867836317057971340225377443858602033428297834101049035446,
    "11": 0.00000508836718162911733103485177609147799133333345194606183405175248210699776758512457498955646295364636912725648,
    "12": 0.000011222536863920607006430798210772421338195525359318937860100315165925637130952042397683888023438219827801407559727,
    "13": 0.000459833158109164270539067598548058351202734161741664988094331986647707873976633700207364607870409525986785422775436
  },
  "setupType": "Multi Region Model National Bidder",
  "population": 0,
  "id": 8,
  "worldId": 73,
  "implementation": "org.spectrumauctions.sats.core.model.mrvm.MRVMNationalBidder"
}