{
  "regionsOfInterest": [
    0,
    3,
    4,
    5,
    9,
    11,
    13
  ],
  "alpha": 85.4417442998698248857181170023977756500244140625,
  "beta": {
    "0": 0.06569011853604068973400131881135166622698307037353515625,
    "1": 0.08300755335649999400171594743369496427476406097412109375,
    "2": 0.0924969315350903098504886656883172690868377685546875,
    "3": 0.052599520092004435622978775199953815899789333343505859375,
    "4": 0.10083096145478516458826589996533584780991077423095703125,
    "5": 0.0807968909082503738972036444465629756450653076171875,
    "6": 0.0808446706105605261694080354573088698089122772216796875,
    "7": 0.05140062345094943696555134238224127329885959625244140625,
    "8": 0.0939970529711342539513907468062825500965118408203125,
    "9": 0.065194409201995096037052235260489396750926971435546875,
    "10": 0.107212793094436487084664122448884882032871246337890625,
    "11": 0.105062886584652848132037661343929357826709747314453125,
    "12": 0.0633633839297622625252870420808903872966766357421875,
    "13": 0.1094487483606590705331740309702581726014614105224609375
  },
  "zLow": {
    "0": 0.00000446604581569764476509477684323974897065561284041670272011143,
    "1": 0.00000171311073005109407198664726261466537120200844434817247693982,
    "2": 0.00000217779221184295295124045681847550639611909354340405359172575,
    "3": 0.00000172059095464355611231218222683048586327171980809098073428195,
    "4": 2.6351503533373993806565797309421430920984878846588034009771E-7,
    "5": 7.9611546249838815548573063970726818555125624230547382624395E-7,
    "6": 0.00000981663566191712589808416531866466206385260597768390652673726,
    "7": 2.9112676851540608423016931353082868934569695606967666992841E-7,
    "8": 0.00000207794721583750518786065299023145667539861314211610170331496,
    "9": 0.00000191698375749751648653483480844047235435316883996185294729009,
    "10": 6.8396110633948005202217968303729782834470101134838148939685E-7,
    "11": 1.9695755302285203784867503259262844003849223706105396487742E-7,
    "12": 5.4164517360047094098265037667574542519497938006729204467709E-7,
    "13": 0.00001318682974115368254859070757184256004997887396002488317333998
  },
  "zHigh": {
    "0": 0.00016331888237298602458998072591406486938086060493571863718307585761915604357510891341601857739348052067529993337424408,
    "1": 0.00006561343493456370704719018810457331645279300463090381565860431076858228549675609949579516999173413679480367110275241,
    "2": 0.0000854776760669376396764298690838100564499461814599769980613014212156323179729142935401689798208424695287560145776,
    "3": 0.000060667954488196165601432419538100118162862082563978296019770548038437983953959921997826331129451030543572715881034994,
    "4": 0.00001056249849706146638146757883342059689050477282583849092891180716863717969575283458992829689341130556708324993656415,
    "5": 0.0000303158292923370006101308915450749972264079986082577364115097025573817600711107196103452908879942817167058296497,
    "6": 0.0003738613375166709614957813092040317624723551374899688791905478897634189274001630983789183218270028034383916727213132,
    "7": 0.00001023021279595739354440947453082332362557019266169370403173615752183022785116240153232238376997776472139773771295000,
    "8": 0.0000818705079269550474254528588442538293142443850305170222727968566540277233979699962226236966502835485599547467807,
    "9": 0.000070007175076912617046502555141356811295123527868476132501771447468477325755887793119256124301831648614664600120610,
    "10": 0.000027851771248046056233697797905442518027713793895864406719503565944602624435079376693892819243290675685027040470539,
    "11": 0.000007978019496208626473789280767410613643633481773410729703362620988753793150134525234749875074219935290946347919434,
    "12": 0.0000196814023168690653601324922626402426984464984574239511725894533911938184051933902861986402397107547854692148339,
    "13": 0.0005399330932360489152833617423584405769912516057155090400030668023245038649046010613596838731699264896375178220446571
  },
  "setupType": "Multi Region Model Local Bidder",
  "population": 0,
  "id": 2,
  "worldId": 73,
  "implementation": "org.spectrumauctions.sats.core.model.mrvm.MRVMLocalBidder"
}