{
  "gammaValues": {
    "1": 0.93604,
    "2": 0.74417
  },
  "alpha": 1157.782061242892041263985447585582733154296875,
  "beta": {
    "0": 0.143849808465428885551062876402284018695354461669921875,
    "1": 0.1485749071812505206491294984516571275889873504638671875,
    "2": 0.133950351743455320363551663831458427011966705322265625,
    "3": 0.1188188252991914384271154858652153052389621734619140625,
    "4": 0.1908120575305793931164544119383208453655242919921875,
    "5": 0.0833463381687044868595393154464545659720897674560546875,
    "6": 0.1928446114580159853613139375738683156669139862060546875,
    "7": 0.175543568599911548044900655440869741141796112060546875,
    "8": 0.10547352625222604360910594323286204598844051361083984375,
    "9": 0.21458435790359453587683447040035389363765716552734375,
    "10": 0.1212117083404125050805077989934943616390228271484375,
    "11": 0.135369604905997420463137359547545202076435089111328125,
    "12": 0.19006579006473944826183242184924893081188201904296875,
    "13": 0.1988245579258098028052614836269640363752841949462890625
  },
  "zLow": {
    "0": 0.0000023203678377267325103407005153469815778865704922710399958578,
    "1": 0.0000010889313130335941437843474944013683177909267270332037288646,
    "2": 0.0000017109716492278193695115660505577329276837690463935894649892,
    "3": 8.665967746092367603244169433574502496000205484998342005976E-7,
    "4": 1.584296267457187368694736842938292454628337535198375809161E-7,
    "5": 8.780658566908179479612973732937778852745457654926842177471E-7,
    "6": 0.0000046821946676961726067790510064537781180027409533028164830952,
    "7": 9.69858796557890934979612975416335576366478946396397700627E-8,
    "8": 0.0000021069206938603669265865060428095907728441373294456357427687,
    "9": 6.626338716100463091027158173798762413508027003230281043742E-7,
    "10": 6.882977499595831691467685046242710094805845729468317548507E-7,
    "11": 1.739176717940646679170120064360815749623030837858927827705E-7,
    "12": 2.054433985153392302356033303576612900388161770052143522785E-7,
    "13": 0.0000082589355752693842642936256906033195007345808863869647770094
  },
  "zHigh": {
    "0": 0.00010298948203443515979637605602724234555445686174757998278497748953993476466297368515500154847117027168342199980068,
    "1": 0.000048846726267080174836228745846444597772368736199864237395647889339646049693016342548163170766598932003214819251150,
    "2": 0.00007424767490054920699737655783068597253297391934809912978311494594274995006487753276815041072122383546607508060097,
    "3": 0.000036294704314990870963751525986743515755654040257119002046754535187886747459326834092313692832144501560091179581960,
    "4": 0.000007775917107686792439675796126883533558725073056037122213100750770845647767537416188472988246509844111763785873,
    "5": 0.000033660333083339150835754414198850450848422766059360192576589559561261341612471633266270048853926551287101188109160,
    "6": 0.000230759441177151445895522972532146950209584192784583401315230435411745464748712644636804579820560001114368538929373,
    "7": 0.00000461210113153155065803069879657909918975270002724742319598912675064251574163168919159910013534651801084272072870,
    "8": 0.0000854300563273349800187366410169952604307824388515015130672241569789494453457678981825082141452786630279692073426933,
    "9": 0.0000340981025347628580383593981724818859310407263046241580081593062490789566904603143304183847112148432172486088154,
    "10": 0.000028991907110733811894938195677990583313199310062550787678505103701798886255453382859936128766995697488894138046,
    "11": 0.00000757184680551528660397981538446516274645887359106212848955605027457645653778362212130314076951439746989190277236,
    "12": 0.0000100680781407004839252321656102767795029983866370422953964543637009755062313966214254167431237897433071568843171,
    "13": 0.000411975988727149427762054620994755526475923287786725430765479200600813764084886737313636837852117643748722085616677
  },
  "setupType": "Multi Region Model National Bidder",
  "population": 0,
  "id": 9,
  "worldId": 154,
  "implementation": "org.spectrumauctions.sats.core.model.mrvm.MRVMNationalBidder"
}