{
  "gammaValues": {
    "1": 0.97434,
    "2": 0.89737
  },
  "alpha": 1171.8075227855342745897360146045684814453125,
  "beta": {
    "0": 0.12242504327331349411878136379527859389781951904296875,
    "1": 0.09618101802261745658650937684797099791467189788818359375,
    "2": 0.144946472677132509598862952771014533936977386474609375,
    "3": 0.1518622739118935527358189574442803859710693359375,
    "4": 0.1115119231689415124630926356985582970082759857177734375,
    "5": 0.0907595903290236150073866383536369539797306060791015625,
    "6": 0.183180649379395266151959731359966099262237548828125,
    "7": 0.11436827986455477823568571693613193929195404052734375,
    "8": 0.124038578627778395269132261091726832091808319091796875,
    "9": 0.1012979638826014550101461964004556648433208465576171875,
    "10": 0.169021725792801225107808704706258140504360198974609375,
    "11": 0.185337551033391445542974906857125461101531982421875,
    "12": 0.093535708293336405905193942089681513607501983642578125,
    "13": 0.1081941103805212078814435017193318344652652740478515625
  },
  "zLow": {
    "0": 0.0000027264394612559715351895200029285542996387821678746971244955,
    "1": 0.0000016821184895618204344224554796376890036880692500416568133934,
    "2": 0.0000015811716560199100780662255184952169512637490202803648137311,
    "3": 6.780354864624046086089384365768935010664756993933214933967E-7,
    "4": 2.710946255258567039415319262585504613158802503412388101101E-7,
    "5": 8.063453521643218226927370250355240329478673416141754610316E-7,
    "6": 0.0000049292106700230300136617989381223127040925785965275190713641,
    "7": 1.488633687482369283126968577148859601245104160656971633469E-7,
    "8": 0.0000017915745050747675808609088774874350156667796771965645771344,
    "9": 0.0000014036892590398535974715546993580615857612975287253584918569,
    "10": 4.936036815866928628594731622149493796417508481424030888409E-7,
    "11": 1.270285831752022969549140418577959607347860369385097521199E-7,
    "12": 4.174636891607830883932954929964521238272417731485067709332E-7,
    "13": 0.0000151771589868935391069904235795681803366296471603553743709913
  },
  "zHigh": {
    "0": 0.0001151716307403123305418406406546895272070232120156896966441106267138461301132173280861516405813069946801397817343,
    "1": 0.0000666423415629269635553719854035342183492830118901178299315125871163260997012779434891958321606416306179477982274569,
    "2": 0.00007035367510431192825401634186881049324037331856470239024537197263046730626510513454439950982475579954819311246078,
    "3": 0.000030637865670585906412287170783326813299647694783923620830728083350310228355785334970089048176253913072420602,
    "4": 0.000011155867071090931451837543385825170034316467960679159088919289862845189438179695138496867207332873442011839088731,
    "5": 0.000031508717947544267077697603751102835278622413343004929875124720975058000862554064996656940054227594197751124661134,
    "6": 0.00023816992124695716810200541048220298779227932208132447896329831735092408136581556394044181554724708148662440007,
    "7": 0.0000061684258043049857024727656017766712643885756700291449945158094607600206847480138240295352858769388344489904832,
    "8": 0.00007596967066376699964696872605733058771546170928402937809819432230105393834167498842887381281814385846506377501144,
    "9": 0.000056329764157657076689424564631827446263355571156694069632641530042695915246251816252027302375754221590058067340916,
    "10": 0.00002315108505954710270631933540571093441803429831841792769820987647577721253078354946021372835247311716507572635176,
    "11": 0.00000616517414694941547511687644711659431963336218564063757003760195774809758350570734890452996764661500419649621,
    "12": 0.00001642868686006379966996293048944050451665115452134106795609576489413524614241692064316792280370646237916592326684,
    "13": 0.000619522691075874073042958557663701351552775276005777718584936622785029535251735273054741771299404744132730429643879
  },
  "setupType": "Multi Region Model National Bidder",
  "population": 0,
  "id": 8,
  "worldId": 154,
  "implementation": "org.spectrumauctions.sats.core.model.mrvm.MRVMNationalBidder"
}