{
  "homeId": 1,
  "distanceDiscounts": {
    "0": 1,
    "1": 0.42045,
    "2": 0.17678,
    "3": 0.07433,
    "4": 0.03125,
    "5": 0.01314,
    "6": 0.00552,
    "7": 0.00232
  },
  "alpha": 741.3369039541399843074032105505466461181640625,
  "beta": {
    "0": 0.045722086441001209833334684162764460779726505279541015625,
    "1": 0.08439218562137783263832346847266308031976222991943359375,
    "2": 0.04897446005112758571353737124809413217008113861083984375,
    "3": 0.074959468631202674782088024585391394793987274169921875,
    "4": 0.08403328106579928402641854745525051839649677276611328125,
    "5": 0.07412915955214581520404948378200060687959194183349609375,
    "6": 0.041536310661178403591531349547949503175914287567138671875,
    "7": 0.05336143365673758076628274693575804121792316436767578125,
    "8": 0.071626560254100690716683175196521915495395660400390625,
    "9": 0.06589061883360090854377943969666375778615474700927734375,
    "10": 0.07381242359645535933143634110820130445063114166259765625,
    "11": 0.0754354477040199977722068069851957261562347412109375,
    "12": 0.0515431788700546622550291431252844631671905517578125,
    "13": 0.08446581368925322463869775901912362314760684967041015625
  },
  "zLow": {
    "0": 0.0000073002895319976286540593863685728902099618384081738180991793,
    "1": 0.0000019170953752350758071077119931761466280905209624312324353918,
    "2": 0.0000046796892502313460090498840524100095119838243330409092468136,
    "3": 0.0000013736491553019914775998320096195050809752384940283412900311,
    "4": 3.597417912253307238938790941906029029634077964296837523984E-7,
    "5": 9.872440786903226210257689444118028708553181373184311193301E-7,
    "6": 0.0000217384740505271919358752729582241326248817076796247854510995,
    "7": 3.190552849104180277196376312608986613686046020291114858760E-7,
    "8": 0.0000031025412127412213720286771796159898369016326971312030059902,
    "9": 0.0000021579834334793723877646707224388546372466877383601793343630,
    "10": 0.0000011302940894555541271005317977919566580184245166375152518239,
    "11": 3.120968620655357623665082724761856279208411201166014347857E-7,
    "12": 7.575737994516452587863375263725646530801817509074334068269E-7,
    "13": 0.0000194407552945838066121347013716704434375065321530472126939797
  },
  "zHigh": {
    "0": 0.00025238713286256204410793663162401960451671489922466332588462207918540589090332574919516504560796841551989695718683281,
    "1": 0.0000736916481331246247359296808096879470813565632618050985914650469752289512361322527079163732427253483603852073953375,
    "2": 0.0001633092029306550061835260978862542700619755779475187232378480385046590496589715917474951096826852467200219546791264,
    "3": 0.00005150627573577351248201397797460516069691057862297421472975889912587616770517200698322883919854302544093644092253,
    "4": 0.0000138152820420751520504079584237867432837422943433325073575678640026820466311648240198725615219899230331642662188218,
    "5": 0.0000369356797433242910276885613323912004158459372141325996240776521398518692712077796761172012392430293086851939330045,
    "6": 0.00074244782266208202576840963108525758541595319457424247035536062099561124507588645882901885872900458172649299211394236,
    "7": 0.0000112741832891704186846809888081570523017114012489315746703869363028493088463499456113486524175720602069412022361644,
    "8": 0.00011529867189376061338200177512118723235250729988206853096387102085890485459908464185380985436540604298584399826365,
    "9": 0.0000789585893908426403982180453242512378079172774457386949078226126053113163911890217226073122449510257881845740390928,
    "10": 0.0000422517972956129406335510944730211527693345083732712925877009905601632864884027686247908976226932594565259740357967,
    "11": 0.000011717222513659419437464703365668284335215014680983388050011930071750188070980047103373110325825552440764056393,
    "12": 0.000026631990168789664781754191490723880394239353854108867032908166833126727905156417596438703901896926223590610013,
    "13": 0.0007474305803065820981972868914267692445790818257865328682745891659881279305982864259362951458600465264954291358970279
  },
  "setupType": "Multi Region Model Regional Bidder",
  "population": 0,
  "id": 3,
  "worldId": 154,
  "implementation": "org.spectrumauctions.sats.core.model.mrvm.MRVMRegionalBidder"
}