{
  "regionsOfInterest": [
    1,
    4,
    5,
    6,
    7,
    11,
    12
  ],
  "alpha": 92.608732050145391667683725245296955108642578125,
  "beta": {
    "0": 0.0801890803200343837975339056356460787355899810791015625,
    "1": 0.0990044361502478154068995763736893422901630401611328125,
    "2": 0.0780102467891825857027043866764870472252368927001953125,
    "3": 0.07433652755910781506631934689721674658358097076416015625,
    "4": 0.051306725238232396557602754683102830313146114349365234375,
    "5": 0.064301676404168117695547834955505095422267913818359375,
    "6": 0.1032586740969464178530046183368540368974208831787109375,
    "7": 0.111961995849966522431628845879458822309970855712890625,
    "8": 0.06258040369613381004310070920837461017072200775146484375,
    "9": 0.103918666354109234806202266554464586079120635986328125,
    "10": 0.07797687585813188604344503573884139768779277801513671875,
    "11": 0.0849108159134619178143310591622139327228069305419921875,
    "12": 0.0729361613385689222521790497921756468713283538818359375,
    "13": 0.0704989914002323303510166851992835290729999542236328125
  },
  "zLow": {
    "0": 0.0000041624678534059626363057097129371789067065505472727671830890,
    "1": 0.0000016341476710719950729898935805794866175515889590399682812507,
    "2": 0.0000029378865427320580533207325754898974393070524451578824299781,
    "3": 0.0000013851603531690914610972906299596721468937524729359404376560,
    "4": 5.892070272032389745536787753459742135010334981162738854147E-7,
    "5": 0.0000011381285515194168439091989662778284780085686659122272859507,
    "6": 0.0000087444083449582512713061882353224059844670117794164898128119,
    "7": 1.520627360143997399235378629651849580096240980192175705254E-7,
    "8": 0.0000035510214378653592103820788881635694162355423049908708066424,
    "9": 0.0000013682899218518701003415037824948026920306315523345316708206,
    "10": 0.0000010699293245763272633518388906331443235670224988691376697603,
    "11": 2.772693474165626112814160376064431620029134156443910019428E-7,
    "12": 5.353690286926913404444227279604595859816323365600504877697E-7,
    "13": 0.0000232922369820636541012762891482879056745497308135671613940737
  },
  "zHigh": {
    "0": 0.000158252482504812063575326331954948265419056263397631798401915051517221308127724338168226657656612904077590524617286,
    "1": 0.000065203217008232202712395128431788146765188603160067173967232316917910197356742729462352605610305869558369534309183,
    "2": 0.000111055121705676367511651553578650907881672421311027918732782613827271425461665031451414380683164391909090888462264,
    "3": 0.0000518516116717865119869377365848101726744659979902021891585065795970292150213200897479138996792238785814105846829349,
    "4": 0.00002069923912141239957020194885844788259987106539393021134805875412512665041544702928417025488431516894318606967047152,
    "5": 0.00004146221392819711771419146198837196863044345307194648462269651132757486574149536202251617729445494861976329592771,
    "6": 0.000352625851495013805831337089398205786203512317567993601206732552927617733667061469844784274353458711934352807856925,
    "7": 0.00000626440682228987005079799575928564120094198612863475720987149039194071449928195328786539267458052993267251327955,
    "8": 0.0001287530786474847485326038263776146197325245881178585649834359639436322468001712316582830378934331151032388862581921,
    "9": 0.00005526778404201757177552303712592967945143559186496926500155301083543032219666852876289392272828929423576770012147,
    "10": 0.0000404408543492361347210903072582567827357924478402199651257925290172947543777330412246363270796320023534695972495126,
    "11": 0.000010672397074190224904911936319576010357677183546817075064726706851389708218561456707872032940849923604435759395264,
    "12": 0.000019965847046021047231496747538360728381282871423687379461191496821399204550166979200274924713909658553652183661997,
    "13": 0.000862975030930977522871534524725293111690377785602131329277408337647770869955490187851671124628532619972773227219285
  },
  "setupType": "Multi Region Model Local Bidder",
  "population": 0,
  "id": 2,
  "worldId": 154,
  "implementation": "org.spectrumauctions.sats.core.model.mrvm.MRVMLocalBidder"
}