{
  "homeId": 0,
  "distanceDiscounts": {
    "0": 1,
    "1": 0.42045,
    "2": 0.17678,
    "3": 0.07433,
    "4": 0.03125,
    "5": 0.01314,
    "6": 0.00552,
    "7": 0.00232
  },
  "alpha": 609.399558101093361983657814562320709228515625,
  "beta": {
    "0": 0.07470296198425467604220528983205440454185009002685546875,
    "1": 0.0793662674751839658515706332764239050447940826416015625,
    "2": 0.040871242059961197801154497710740542970597743988037109375,
    "3": 0.05590697925315647742738889292013482190668582916259765625,
    "4": 0.07934350558945500730967381741720600984990596771240234375,
    "5": 0.09009448900549610339538730841013602912425994873046875,
    "6": 0.06999672380532506732464526066905818879604339599609375,
    "7": 0.045257275380365273587113250641777995042502880096435546875,
    "8": 0.08614320503693355390861796649915049783885478973388671875,
    "9": 0.069314287390724704795985644523170776665210723876953125,
    "10": 0.0936603388152574545255646398800308816134929656982421875,
    "11": 0.0979068694539908523921667438116855919361114501953125,
    "12": 0.0677525201631861140327828252338804304599761962890625,
    "13": 0.09545073338012721730905241201980970799922943115234375
  },
  "zLow": {
    "0": 0.00000386918246077534380044866703979505301168216374834706338207792,
    "1": 0.00000176522839619345776929395383566668688788513905524751716091257,
    "2": 0.00000485578828594873715503259187101049379814839835080988705687691,
    "3": 0.00000159487702838773117176541614233397305746192115910187584252968,
    "4": 3.2992994615596381022851083738886250354960757187573702261916E-7,
    "5": 7.0340636651075754158113461743204625083557127420666706385387E-7,
    "6": 0.00001117043711839636969041223187881298438197832273893871161763113,
    "7": 3.2575863361667918113928555733757199420744963658107872563135E-7,
    "8": 0.00000223388872342386845223327182336212028845060968137666060262170,
    "9": 0.00000177639620770491147687059527915140122307673764774943107438906,
    "10": 7.7135820731972837515281047078245474453719254108050500137955E-7,
    "11": 2.0822967308760660568773660009999784684793701457895159632016E-7,
    "12": 4.9907015480280969338547783974825066537745006350652601175857E-7,
    "13": 0.00001489723750060117213694174401482117522472546197295066895873387
  },
  "zHigh": {
    "0": 0.00014497941285100486072997273565836474861511266063667413162644907689399191366638357059511479469555872212124085852879435,
    "1": 0.0000669668107905117313696209325404347644702062171576602061824952151579896832833320341140105366419664117336174883950487,
    "2": 0.000165519858421155606426180732722353788473722139828385758850938645089544328902404302909966273005315466088290829425643065,
    "3": 0.00005676278654537280924436590968695198433541571741277378194653674674525629443463203508408770677688933603659603855093581,
    "4": 0.00001251567823737434472482820887419402241052614626606839338526084134551389189287105254524262476247714321096512844273314,
    "5": 0.00002743949471072266703053057846571633445862489238273524206561025669785938912144318612884612951052460430750764790473,
    "6": 0.00041330251372800528249673231378540498943011299931422784710202189464743636443083356306870522499235629874634430415549,
    "7": 0.000011247053827412532042835349136799965487436486078091869158908570645781315789543814196096241260510066780826614801106447,
    "8": 0.00008626009513587565872361742057176070943627857510765676196977043374571119229578851225040351376123723109186145642021881,
    "9": 0.000065604849957212517233479082325034220203168733626057637818994955735160451601197532090864107782106327115793150889151,
    "10": 0.0000303653133241413874857730689125296628851487761997329372870218186264503232729712951857092744896048193266157199559614,
    "11": 0.0000082856017345717473951309608659237276853607325532977751000053756022603014899639404628532801314108972049799148065,
    "12": 0.0000183534307166964687014946686781029142807433641756144054395507869751985240010298375305877798226843119807479177078,
    "13": 0.00058911234949506668989083756223057582738506237404347078560789413563843254024937452524933728953605725568486776358101
  },
  "setupType": "Multi Region Model Regional Bidder",
  "population": 0,
  "id": 5,
  "worldId": 25,
  "implementation": "org.spectrumauctions.sats.core.model.mrvm.MRVMRegionalBidder"
}