{
  "gammaValues": {
    "1": 0.91673,
    "2": 0.66691
  },
  "alpha": 1174.10208551167079349397681653499603271484375,
  "beta": {
    "0": 0.088179287429608177451001438384992070496082305908203125,
    "1": 0.11637363237660547365948104925337247550487518310546875,
    "2": 0.1721367351140385693053502791372011415660381317138671875,
    "3": 0.101080070130575017106622226492618210613727569580078125,
    "4": 0.1754531170747220258920862079321523196995258331298828125,
    "5": 0.164565108762822820409610358183272182941436767578125,
    "6": 0.1716721962885399965781374476136988960206508636474609375,
    "7": 0.1449958259861537646084883590447134338319301605224609375,
    "8": 0.2005626416200418093982449363466002978384494781494140625,
    "9": 0.1628265185885187094072534819133579730987548828125,
    "10": 0.187460964820293340959977967941085807979106903076171875,
    "11": 0.16371480289745743430529500983539037406444549560546875,
    "12": 0.15896365271148715780924476348445750772953033447265625,
    "13": 0.205113244985388354368893715218291617929935455322265625
  },
  "zLow": {
    "0": 0.00000327786035363667495633504342121976783562690942193042730331217,
    "1": 0.00000120387742640612226065427314579346065767103818470625171754974,
    "2": 0.00000115293286058583662473728274653997009119274708230947597697944,
    "3": 8.8212005415336475086398463129716541001254006208324868678540E-7,
    "4": 1.4920110262735141676668003234007164855091809656460328890484E-7,
    "5": 3.8509400704942211231488299560687165974860253223232707295771E-7,
    "6": 0.00000455457563114626133644753470982672704320018546336586422294202,
    "7": 1.0167843169864372224140427304613097102477635381620386175147E-7,
    "8": 9.5947247591680347653042643433157608942353773640185637890586E-7,
    "9": 7.5620137510778847425323059326254625004165644977102998594319E-7,
    "10": 3.8539047910455703531453022495537846011703080391391703586857E-7,
    "11": 1.2452823482434228592822725514407305672783327063373214924189E-7,
    "12": 2.1271064264918176656547295280674527411942846546358557919061E-7,
    "13": 0.00000693252278696878314278831483297052024910815323675371268219715
  },
  "zHigh": {
    "0": 0.000127239749636844795406564027101106193333455030844175049263476747273662342645879245126527329043425025619350122793639,
    "1": 0.00005012628169689166611043051184423797756378319104142224288161025014292196356787073053860469452816013766942544813676,
    "2": 0.0000544341956602685905173214589882380772650526017733734264540146922223661756665329321116584026786778973674522824790821,
    "3": 0.000035380077318341816617322964355847754911934284502214967274208190359067592630953352445907335882680987670288809216409,
    "4": 0.0000070938129315159729209732847227302967605654620067343813738310104101107994224328898602863807305050886758897443505043,
    "5": 0.000017890123926882604152543029810961096726015830123505042338725648861991103370123637423860029066208975672826812108,
    "6": 0.0002148266691105020318777913987158172692667688810470424252613483966041880774635082965636110720134943592985348819483829,
    "7": 0.0000045246477698714682758989106080567347919562875951456232425121552646798358971353040852690621872271738009695612177691,
    "8": 0.0000480276077106637094525320589008443834654664167584126352582951689834861932618486702894202837059310294443311775396152,
    "9": 0.0000349990049792988271549581417483685710121162976867056051656188326379117486507686338218281608608402593833482895,
    "10": 0.000018786281477686247290624661537717374352543924084735298321692523294149729330348754920823256011028327900247813630234,
    "11": 0.00000577455858667381780234568051724598398175762023494119168765756292561974161030110371956032312729959597691314088804,
    "12": 0.00000976264535208763089689452206985775254300271623432619246251176944705192268168834842134439737121181168174590279739,
    "13": 0.000350170908086095020066234686775056178116543111957562097311792562188014772880923013481522972398448579093643565439314
  },
  "setupType": "Multi Region Model National Bidder",
  "population": 0,
  "id": 7,
  "worldId": 25,
  "implementation": "org.spectrumauctions.sats.core.model.mrvm.MRVMNationalBidder"
}