{
  "homeId": 12,
  "distanceDiscounts": {
    "0": 1,
    "1": 0.42045,
    "2": 0.17678,
    "3": 0.07433,
    "4": 0.03125,
    "5": 0.01314,
    "6": 0.00552,
    "7": 0.00232
  },
  "alpha": 725.7150097784351601148955523967742919921875,
  "beta": {
    "0": 0.05479362370967007234145995653307181783020496368408203125,
    "1": 0.09526418238897738088866162797785364091396331787109375,
    "2": 0.0897909667818343748546539018207113258540630340576171875,
    "3": 0.08355835494538388363849890083656646311283111572265625,
    "4": 0.040609106154777925568044594228922505863010883331298828125,
    "5": 0.095987091126820078823556059433030895888805389404296875,
    "6": 0.06898069958605124174511047385749407112598419189453125,
    "7": 0.0485022916873839304852111808941117487847805023193359375,
    "8": 0.044027354600301361886582895976971485652029514312744140625,
    "9": 0.07084550479310473825034222272734041325747966766357421875,
    "10": 0.0845768899908119209385404246859252452850341796875,
    "11": 0.0870708926416227935174418917085858993232250213623046875,
    "12": 0.0819704598306498499749039865491795353591442108154296875,
    "13": 0.09220313438890744006659616616161656565964221954345703125
  },
  "zLow": {
    "0": 0.00000527505521096673337320969374535337051428331090322455588368353,
    "1": 0.00000147064285373313946515889354720692056865614386446981304858919,
    "2": 0.00000221026797616668291935393763455656425252940903415782798018287,
    "3": 0.00000106709564825312036130771271096099883745952360991844203908264,
    "4": 6.4462877924916640533977551710209300053810992001215422089702E-7,
    "5": 6.6022458238962231130709145153099862043692049492170708191069E-7,
    "6": 0.00001133496770043269671512537547503698474225465088728721549407860,
    "7": 3.0396395049012491127179186441460344260759253372736992191443E-7,
    "8": 0.00000437079029795441904556634199781108772566250401241986804459302,
    "9": 0.00000173800211629850238270797910585752423439211033880376262459574,
    "10": 8.5420108321958669086666015457756939091177305912013383922379E-7,
    "11": 2.3414386600292840522658380635637103287652962977542178598592E-7,
    "12": 4.1250544154540107998888235679527953201466545943015725079376E-7,
    "13": 0.00001542195126222720012533695969544044593822978054422971988150807
  },
  "zHigh": {
    "0": 0.00018715559535674654791280353682511427369314707528299890667461732462980580120343593743610153079753510378811746016885127,
    "1": 0.00005812924451670218224556912388664177489333636143432908281279390955176154180095079812441540357854789998961871495474,
    "2": 0.0000861542491276939793558211056287359021051524603288239865501174980582783257087705181787616875345100578983351895222554,
    "3": 0.00004092934514133448493063480674576275773534379093727076784312542087050789851675602467431991671259709132661103309653,
    "4": 0.000021956643230170422578166149265590937320181216710160909333596665057193367825918517022565265066061481926649911209621041,
    "5": 0.000026144041187088610122309283488684905546665369004186442607315043743466614207231558853622377176774331436965273881634,
    "6": 0.00041823843118909509323812662167212500023840284376468296339544589314745511595146164641095754968873574637035055380381,
    "7": 0.0000105932133336159039468105383491109089394407729924806050474009866356509988230276718836953723456383157531036591701509,
    "8": 0.000150367142371792176523609525805229732552635405038952985228910003805950436710641310885416804804068432903547518889619172,
    "9": 0.00006445302721502024440860059712621791054262991435768758432519537019292774600927459577635957583175639866492113035399994,
    "10": 0.0000328505996011371369571885594263831022763861917409218024223489398636432179117391229503645847025824259524270409,
    "11": 0.0000090630275220314013812963770536149232662185110091918807899784176683376192273874788584031273577512583833602980622811,
    "12": 0.0000157564893189742102995968041895137802798598260533233426106065187006761979413624483157378103116450762224290375885371,
    "13": 0.00060485376234384752954269403264915394879019193118184231329112011434376537374813759772551905648660183561732179507258769
  },
  "setupType": "Multi Region Model Regional Bidder",
  "population": 0,
  "id": 6,
  "worldId": 25,
  "implementation": "org.spectrumauctions.sats.core.model.mrvm.MRVMRegionalBidder"
}