{
  "gammaValues": {
    "1": 0.98630,
    "2": 0.94521
  },
  "alpha": 1129.931934551262429522466845810413360595703125,
  "beta": {
    "0": 0.18743506680583388313010573256178759038448333740234375,
    "1": 0.18549645746942988733252377642202191054821014404296875,
    "2": 0.11419736913060536676045586546024424023926258087158203125,
    "3": 0.1987948854830509370916757916347705759108066558837890625,
    "4": 0.1244451332068865212487907001559506170451641082763671875,
    "5": 0.10427101678162629949664363948613754473626613616943359375,
    "6": 0.08694477308256021164112326005124486982822418212890625,
    "7": 0.0809574489588750501045666396748856641352176666259765625,
    "8": 0.1844795050383236656443841638974845409393310546875,
    "9": 0.1566550644551133741888548911447287537157535552978515625,
    "10": 0.1621788751149805529738756604274385608732700347900390625,
    "11": 0.1892746001348491746707480842815130017697811126708984375,
    "12": 0.195027177082870373237000194421852938830852508544921875,
    "13": 0.12059507877038555534454644657671451568603515625
  },
  "zLow": {
    "0": 0.0000019834026458850482576484543758351160441219175896420229914960,
    "1": 9.714175435886929908447562618594023676184970652490840624221E-7,
    "2": 0.0000022352504006915245158461439200900697049071093480884232476880,
    "3": 5.768896194540367971574814570394801425161709408524618243508E-7,
    "4": 2.705577042394695428553630797178211475090624486746865064799E-7,
    "5": 7.817099030745504496135873420806368299633500892390917432595E-7,
    "6": 0.0000115666902164535226231789922129836358428804563664520610933971,
    "7": 2.342244488863036986980401518134929682222710619698445616137E-7,
    "8": 0.0000013416497013341752282222596501014660486861740774958699754781,
    "9": 0.0000010109341361373211751331250344390589119644480420392642910397,
    "10": 5.729572862521173559334864900756348262465746910595192578153E-7,
    "11": 1.385377549388529648766002695389563685634339545254601674534E-7,
    "12": 2.229957673263229359731486928081471592285130391905328140657E-7,
    "13": 0.0000151656184982467270752561675724214817380213124885960866718257
  },
  "zHigh": {
    "0": 0.0000966780001199846181824133826794279017322425443581262035963429557927756778855776962638017311396284002969836645338,
    "1": 0.0000471619776135965940355539757407966320069174720051685737607874067138578913625207383127053511119900438997847756554,
    "2": 0.0000925834835314560933446244110964942537448432924815688426129520365574900119701977035758385784415853536138803854793424,
    "3": 0.000028774959167193711829966700610237066002950691697191805601484207578400066586100440599884343083270794963267231822178,
    "4": 0.000011483690081607105619385682741125090929749637640884180583214336525641226431707641009215262647533011342970252350476,
    "5": 0.0000316022657344215052828582602493233416041902604144316025658939119998425755948107044378280342503805231812354875798256,
    "6": 0.0004475670321121877568734072319260173308951149776565238054619619905169233330161628589705049504080274747324182619047,
    "7": 0.000008922954853152467937053526579041183226153329131989119157379010232795301483691415102897754266502676634924569333890,
    "8": 0.000065000178323719598871820119079785224945191695082290932844301234080986279984269878690841847128457237552060061,
    "9": 0.000046164819309766275979912384469295627430394635658914526529831649540599137299830912520212992410565701870764762874491,
    "10": 0.000026480875404893551153699298111036207510353971788291854540361261421988573301238056169552420983121536448611399173241,
    "11": 0.000006778300465128701076305532278552296252181409386073772337726903570882106229573972766859206171789536792150503122903,
    "12": 0.00001103889652009782232537431798361960579166700271637481759753357210602069527068942198622182729939896500710288493345,
    "13": 0.0006378584506871698466377410998617432555138599482745940696888198759393030244013516865973538940786383165679734
  },
  "setupType": "Multi Region Model National Bidder",
  "population": 0,
  "id": 9,
  "worldId": 159,
  "implementation": "org.spectrumauctions.sats.core.model.mrvm.MRVMNationalBidder"
}