{
  "gammaValues": {
    "1": 0.94145,
    "2": 0.76580
  },
  "alpha": 926.25503022281418452621437609195709228515625,
  "beta": {
    "0": 0.1349969591346470154658021556315361522138118743896484375,
    "1": 0.126358490889931507350496531216776929795742034912109375,
    "2": 0.21282088429151457820154291766812093555927276611328125,
    "3": 0.1657018747545555836797603888044250197708606719970703125,
    "4": 0.1171638610130056878944060372305102646350860595703125,
    "5": 0.1478055483251775881203826656928868032991886138916015625,
    "6": 0.195577076425207441179310308143612928688526153564453125,
    "7": 0.104443953014233315013115088731865398585796356201171875,
    "8": 0.1626729765891552492718119538039900362491607666015625,
    "9": 0.1472050205506766074048385917194536887109279632568359375,
    "10": 0.14055646985836067752728695268160663545131683349609375,
    "11": 0.14339902403597903912668698467314243316650390625,
    "12": 0.205491517781814569953979798810905776917934417724609375,
    "13": 0.08740521938366684062682310241143568418920040130615234375
  },
  "zLow": {
    "0": 0.0000027538339368336155175651834417805997607371905306484231078765,
    "1": 0.0000014260578121047842911604201367910696140929932137182864581694,
    "2": 0.0000011994110256466079685147348522092437650414402911957577527938,
    "3": 6.921026452211165923283209913919247500120903207801576420733E-7,
    "4": 2.873717992316139650500901434025335869910550957193313688392E-7,
    "5": 5.514656746343895016424953948399804246544726290157623200840E-7,
    "6": 0.0000051420303164742642355789876767864155273546225795742318360789,
    "7": 1.815539657240803110457920500563382700957839178625216793992E-7,
    "8": 0.0000015214996247474069052901351768609254828691231462468501156428,
    "9": 0.0000010758325474500162419305153772910349795014216364361057896099,
    "10": 6.610977656662674039419285845481813171436366921819027736625E-7,
    "11": 1.828581355131961099526934594623191311655089401752946953105E-7,
    "12": 2.116400495384832267641993575253900340882365188956918951377E-7,
    "13": 0.0000209243677928396273523223955075523316695676317482449170749555
  },
  "zHigh": {
    "0": 0.000119790938848441635979915254657792413230700732588318207087757859945138047097706208629311685375690573402464163999413,
    "1": 0.00006080118566907933304502389198874664940115235645924464563320594453608543045839785838849117742506353340482629671389,
    "2": 0.0000615083022801085969246821390600694755488732207747888777661270874039912563292717258449812026428109055379255528872,
    "3": 0.000032231349940206105685091886640810404227828273095022680133157925098982264233359081100746346302458639756238446506158,
    "4": 0.000011988112931371438285227494651666464114209417052223526453995329317066410088281492377886380224605739386574918343,
    "5": 0.000024694938881216676843725501832103649444923936607731719870629270415770014940066960232151952360734384591567979310192,
    "6": 0.00025482723511281000524540709584010072142933996405018892774241529821440985174169094438498184764485033657666893303179,
    "7": 0.00000734284035828576630748608352632654228235871480876943269094259100193419033929060508139854349239139186770199774926,
    "8": 0.000070395676026116549183856384882569007970680167144820337049242078232538044765096968839034189421290321770004673564,
    "9": 0.000048111771649147127983834094754854909456503843490819771486937769464905282057762810481706654893645513182178575073378,
    "10": 0.0000291250897873180525939525609452126022372658318219633600157766537100359767405880340832074143028177215263812939377,
    "11": 0.0000081079118823589954285883279762531791302436589555688081734419588695390426982261114036745862233364898161318,
    "12": 0.00001069822498646263104910583792513689203745870710752959002969291196670037477809254565640433744871036458114600803604,
    "13": 0.0008106209295249568549497279379156687534602495260640589817827149899407535607524968162351420128064785660790804014483973
  },
  "setupType": "Multi Region Model National Bidder",
  "population": 0,
  "id": 8,
  "worldId": 159,
  "implementation": "org.spectrumauctions.sats.core.model.mrvm.MRVMNationalBidder"
}