{
  "homeId": 7,
  "distanceDiscounts": {
    "0": 1,
    "1": 0.42045,
    "2": 0.17678,
    "3": 0.07433,
    "4": 0.03125,
    "5": 0.01314,
    "6": 0.00552,
    "7": 0.00232
  },
  "alpha": 731.64051195979072872432880103588104248046875,
  "beta": {
    "0": 0.081260788436285480429432936944067478179931640625,
    "1": 0.042097592296653808807693764038049266673624515533447265625,
    "2": 0.0801772341511865771490619181349757127463817596435546875,
    "3": 0.09180619377514225021297278317433665506541728973388671875,
    "4": 0.0832830708108448225512887574950582347810268402099609375,
    "5": 0.09775294950689439321678264604997821152210235595703125,
    "6": 0.0627954227346801119313823846823652274906635284423828125,
    "7": 0.042603435845426189387818993736800621263682842254638671875,
    "8": 0.05510044239775226115884976252345950342714786529541015625,
    "9": 0.06668932927508165742214174542823457159101963043212890625,
    "10": 0.06998857835441150976318880339022143743932247161865234375,
    "11": 0.089732114920134831148601506356499157845973968505859375,
    "12": 0.045621015864508000781096797027203137986361980438232421875,
    "13": 0.051743632778449212550331282045590342022478580474853515625
  },
  "zLow": {
    "0": 0.0000045748904802445850444380327126705724218927185644941787484865,
    "1": 0.0000042803995009871640144101099729388163590351416429612867281639,
    "2": 0.0000031836931993160539960141375679041754907239407827223612293382,
    "3": 0.0000012491826653506024044098819504255775833204887145075805915994,
    "4": 4.042789154677262481269235884201782113436881135939910902474E-7,
    "5": 8.338335245434322342260188748751305164764433570150516164421E-7,
    "6": 0.0000160149133868386523808432940286857015025081227336955094403765,
    "7": 4.450864933624669402762008112372104491720382618961346126902E-7,
    "8": 0.0000044919216991085372324708435546140617315905980071123302786520,
    "9": 0.0000023747120263157346681350078810955136776069552810493613099879,
    "10": 0.0000013276676046019912641499719468411988857585486277651139723841,
    "11": 2.922217780442315769068152453677034588755961132389017442927E-7,
    "12": 9.532938751790410685492495810621023736529019283296887453753E-7,
    "13": 0.0000353453914847548423970309822768066296929394176903999600571679
  },
  "zHigh": {
    "0": 0.00017442263515077072178610073278449159306536657360369087630605791209576026704195066719206739565622178427636238,
    "1": 0.00014643143633555072474251458707317905174941680933653465373304095583015190626337487131587750519258792446519669280809768,
    "2": 0.000121036767490191977749664220530917427319348235520586982062457556498894344317605427421690418227419020106053991680901,
    "3": 0.0000489437505440906800475387154118199892270802249068453686189409578310392452106767031653020861038717352095237618080141,
    "4": 0.000015495326418454806777532498002195802844788407588463318096241823535265617362964388150767569653147393968510490387472,
    "5": 0.0000331659743784879588212312062331581521995830584477103987613724217476376869543340336464448536186806289999805089773,
    "6": 0.000581013727223741649603336286397079300683944968673827255871342826323740298457689566543566326923371030395098670768102,
    "7": 0.00001524881618743736518439834636175270765464634512977782068967359159491917506358361569215617027281504311451456815810118,
    "8": 0.0001595083382569504589992776362151630954323244129707847419395169297948170452707423889335302758418045969746841026033628,
    "9": 0.0000870781560151186807699688698689892703996698528292174370982754434465222241320846835051950866559551815329863992831778,
    "10": 0.0000491221849553897684001938618140031292957131898894596959774256238461032980509344148200752724967146624975385343112400,
    "11": 0.00001138882115829005943721198155341470896154627414747701964290715462527872546421076354893763351476679206974445684751,
    "12": 0.00003294783975567936630265734463123826222439866939054949553681958023169788643647789664296106231444891496654604593827462,
    "13": 0.00124325164028241330629098554099329769416140310432871027124908772330599216076136867062287857268958976043449395538832635
  },
  "setupType": "Multi Region Model Regional Bidder",
  "population": 0,
  "id": 5,
  "worldId": 159,
  "implementation": "org.spectrumauctions.sats.core.model.mrvm.MRVMRegionalBidder"
}