{
  "homeId": 11,
  "distanceDiscounts": {
    "0": 1,
    "1": 0.42045,
    "2": 0.17678,
    "3": 0.07433,
    "4": 0.03125,
    "5": 0.01314,
    "6": 0.00552,
    "7": 0.00232
  },
  "alpha": 673.0257955030292578157968819141387939453125,
  "beta": {
    "0": 0.043484286659029668109521793439853354357182979583740234375,
    "1": 0.0729013327870880745162907032863586209714412689208984375,
    "2": 0.0932541935587624382097970965332933701574802398681640625,
    "3": 0.0779272195472044681974210789121570996940135955810546875,
    "4": 0.068578770861974280848016860545612871646881103515625,
    "5": 0.07781685329972011511134866168504231609404087066650390625,
    "6": 0.07117622118440924960935944909579120576381683349609375,
    "7": 0.0830424069054415403545732488055364228785037994384765625,
    "8": 0.0554653213003065415076520139336935244500637054443359375,
    "9": 0.0689907139245125866633401301442063413560390472412109375,
    "10": 0.0724413414137321243213563093377160839736461639404296875,
    "11": 0.0732911603058144789368810734231374226510524749755859375,
    "12": 0.08931031175219029949463589446168043650686740875244140625,
    "13": 0.0872765957007991810545632915818714536726474761962890625
  },
  "zLow": {
    "0": 0.0000085492768997081977323602031073499879870343753012344607764561,
    "1": 0.0000024717588303306466974914159549442750696753690606410855654980,
    "2": 0.0000027372465019093892035961600123347715640277335629765922619515,
    "3": 0.0000014716642849839772509093049752561148694866127942364253886391,
    "4": 4.909622776995466249055918586084886658784181806273825213239E-7,
    "5": 0.0000010474554414055584138364463140078524854172154288376766673298,
    "6": 0.0000141292026951004481566724631359748902537781301243672661873700,
    "7": 2.283437411348806663625682984210363429530478106922179097616E-7,
    "8": 0.0000044623715690181266135215373986244100730554351253819386255625,
    "9": 0.0000022954966436460928815871419283220066673792339963032054235771,
    "10": 0.0000012827146262049463932355982379928434086197060704041354717777,
    "11": 3.577740898113582108305809172923002977420300240920570732910E-7,
    "12": 4.869564796028691718301468519651122312005518521284810944730E-7,
    "13": 0.0000209552050319136512899593536830083138928150751779101357132089
  },
  "zHigh": {
    "0": 0.00029365422773467910242376584462487406001961627570589933714514418026848858348634489267911574412048686679426080477109704,
    "1": 0.000092172216215855205234953766533342813068623631866928618853066357511329934321993606870645992620873624298895473889070,
    "2": 0.000107643366567992033977124893863835309518462018928213913040855585629802527153134853239400078593863995157519377830352,
    "3": 0.000055618199133091925442521406156736107812063947298710712530133672030034808777276921338592678619297712299223284980499,
    "4": 0.00001809582728540941808089254610784511648083030959946506102853602406156585017099554266377527192366362256513195153,
    "5": 0.0000395746318843517442095440294071398112678062206023891502880014213448185310527699213846903311650932162822746990697961,
    "6": 0.0005244424064715955228782113596157549632220451903939799582811480322667982654954493918615321372723953749152318741824,
    "7": 0.000008746533620609776966989370977267484468076631593660319601816572987113848013126437851889008381809636642405033682011,
    "8": 0.000158621834354238140430798451535473545676269526518872992346832884388576709300784651461088710570040773370494363304766,
    "9": 0.000084701694535029427173532891285784060092838214286832760505953066090272202590988890710898364994230632657371180879989,
    "10": 0.000047773595603478422272762650548552464981547913168630340959232977653203177096967435113127048664946261223219569275156,
    "11": 0.000013355390511303858454924951711152614127539291473071679512856637052505503259844753640405562583667272960058829120708,
    "12": 0.0000189577178883942094010842627583285579508281671045132660097499473919154465703728776167855597684045479350333753705428,
    "13": 0.000811546046697177573078836683179348220157672828954015540930318112405664502516045437113622788761180174117645406951943
  },
  "setupType": "Multi Region Model Regional Bidder",
  "population": 0,
  "id": 6,
  "worldId": 159,
  "implementation": "org.spectrumauctions.sats.core.model.mrvm.MRVMRegionalBidder"
}