{
  "regionsOfInterest": [
    0,
    5,
    9,
    10,
    12
  ],
  "alpha": 96.987935109432470426327199675142765045166015625,
  "beta": {
    "0": 0.11492307508501746482476590927035431377589702606201171875,
    "1": 0.076004802891994571734102237314800731837749481201171875,
    "2": 0.06946352949858615455358545887065702117979526519775390625,
    "3": 0.1071781158102768360951273507453151978552341461181640625,
    "4": 0.09764519242703129098259751117439009249210357666015625,
    "5": 0.105729395578958607071484721018350683152675628662109375,
    "6": 0.101722651241759276530274291872046887874603271484375,
    "7": 0.079118919088535466510592186750727705657482147216796875,
    "8": 0.06234253548809205736080940596366417594254016876220703125,
    "9": 0.11632106379485447622545990498110768385231494903564453125,
    "10": 0.090949063687662368149489111601724289357662200927734375,
    "11": 0.1069789417704168077438708905901876278221607208251953125,
    "12": 0.1066543660686071481880077271853224374353885650634765625,
    "13": 0.06825689879130227011305720452583045698702335357666015625
  },
  "zLow": {
    "0": 0.0000032348525930002546311164713764450517706814003528184554726488,
    "1": 0.0000023708306081053932641129890416241268101378640584351940917810,
    "2": 0.0000036747299906823634545741034316584220064185773161960635752071,
    "3": 0.0000010700197980596488622840885096134046662577089884544896405361,
    "4": 3.448156402517302165739060091664948128364927529035657315464E-7,
    "5": 7.709273847212960325082938063837905735600472946268356301416E-7,
    "6": 0.0000098863256502793054914205512453476432521847772155464709633585,
    "7": 2.396672513234731867088348233979767995430789218422068936375E-7,
    "8": 0.0000039701123943574494321725402171686397655388566904398852910871,
    "9": 0.0000013614726953990589052861583010794118084167140011575495485712,
    "10": 0.0000010216880131104144102231507528372192625292720539728790123912,
    "11": 2.451106520188282217872283892083433747228852881694318755428E-7,
    "12": 4.077679761849181541556009662297990738656740723779443547647E-7,
    "13": 0.0000267943459164413477144243811401552987902670543348584610858549
  },
  "zHigh": {
    "0": 0.0001342214985334408093864538926977259735290270272534191780309277561207060585276989639919808417434036960366703257087553,
    "1": 0.00008914436954909760223360095913373836528249848180075187464155367132807669895680330297487869141177357233759686137677,
    "2": 0.0001357678712311812615064631964435448227901873315247980524385252372797940867545871668771474917302256649110433742855264,
    "3": 0.000043568864525362073783764912187454801715196833125252640087044034110310333921305094969293934372796999590094332865502,
    "4": 0.0000137114281619749258309419706245853008895725467677505573352117899138926814085628609587327863588433231602961672285,
    "5": 0.00003127879018382387276969945417841795391209117657606391917235758954665658795979440937508636755225863007692555030635,
    "6": 0.00039715609512696124292065400289693755317424460312935610156080347812527944663301875608620120227527814483858813540,
    "7": 0.00000908623892626755257737736672657569816577756492815998911809398210070793791105522773502533895586213246833801569782,
    "8": 0.0001438540591144178249903285360918004364507721734706113923125709403891532123190024847271644250846063665885776912302275,
    "9": 0.0000566809760876184078845033824685062143239626144324630842557760634964664441017952176110216204285042792534800105128461,
    "10": 0.00003994279721064246278238922599388374059883489267569264717763700111884784837271742418231064542855878141776951392599,
    "11": 0.000009975487377527958783624375868633906436964949395392923580409200820742631954184433949932982078328168693835160949068,
    "12": 0.000016582062785855678870847886186269163230781833711997163818502045133155317477037027855477332333266768086589328442765,
    "13": 0.0009867202732330084658127875068937577670812322036624653021096979919146863407322289089327947770208812186672323920458507
  },
  "setupType": "Multi Region Model Local Bidder",
  "population": 0,
  "id": 1,
  "worldId": 159,
  "implementation": "org.spectrumauctions.sats.core.model.mrvm.MRVMLocalBidder"
}