{
  "gammaValues": {
    "1": 0.97559,
    "2": 0.90235
  },
  "alpha": 874.4938947583226536153233610093593597412109375,
  "beta": {
    "0": 0.140709498509342390004661638158722780644893646240234375,
    "1": 0.09745019639421252655164806810716981999576091766357421875,
    "2": 0.14715336323718897215684364709886722266674041748046875,
    "3": 0.1514693136778706428202667666482739150524139404296875,
    "4": 0.081014480100441932375332498850184492766857147216796875,
    "5": 0.190322942957939000852007893627160228788852691650390625,
    "6": 0.1977577828127830839033407528404495678842067718505859375,
    "7": 0.17225153232840029193795317041804082691669464111328125,
    "8": 0.1725220448642301729336168136796914041042327880859375,
    "9": 0.16103719474930777710852680684183724224567413330078125,
    "10": 0.14176681977347171947911874667624942958354949951171875,
    "11": 0.20007675757809995076286213588900864124298095703125,
    "12": 0.0970715030555541480428161094096140004694461822509765625,
    "13": 0.0825992246235301708079390436978428624570369720458984375
  },
  "zLow": {
    "0": 0.00000244522670407560924816091760226387309603303201939434037193,
    "1": 0.00000171135321666400128390035218238695755920484407128475531033,
    "2": 0.00000160543563797479470185696149307866109841316850418285248039,
    "3": 7.0073544414459099640289640669307583169211365791149246136E-7,
    "4": 3.8464136252640690176204618934974226256811246619491185495E-7,
    "5": 3.9636827757811482695061286730817577851109716877431947602E-7,
    "6": 0.00000470651893237083984613998816906408404819967046345659096548,
    "7": 1.0188418085527868600148754042957668510721106741287641013E-7,
    "8": 0.00000132777191309907297739565456479934722509258427485713929445,
    "9": 9.1016874170609444781049707719523802295607888280632807256E-7,
    "10": 6.0662840930759329484169208194552407191967133347069157348E-7,
    "11": 1.2129549015045529362849300234032648554617328807055096754E-7,
    "12": 4.1464918086866143707672428642934655640766674679172385026E-7,
    "13": 0.00002049248158368488459557034607535930918702803829245465275260
  },
  "zHigh": {
    "0": 0.000107763463449481391935824773698790684854098142482207315979918824608926984433473369306235172055220184193651431028,
    "1": 0.00006801776720629746517938525545740121254502183659670726991367165482952646613380488065642781731724243659250060588239,
    "2": 0.00007178759449812715890051307744785871790919329998073281202307715729398921491259103664492359672344439205622938174,
    "3": 0.0000316360550037716355781240148543268428259198197328407390886539769451534908092893485803947754933175578503270032,
    "4": 0.000014655392876812453366691022656036372493739423661162547443572254834132402706475390277951483728396943746432114353,
    "5": 0.000019434846035727052855685603029579868414181338999921616334407005263146801225796783698210788216001966997148141717,
    "6": 0.0002342706428543296215593691837610188137762452274161352522864719803172285882535119438695955306599327159091210036382,
    "7": 0.00000481149605289292244878821850644193643463098934510410795136063681618949944135730837273434956213957047594370567,
    "8": 0.0000627401499490864887858171566773061279610625335013136842040404180325577459918287350255902424401838593274604726,
    "9": 0.00004196216434246850735589895414808353750952201737115225816094958889621014146213441350037895587593071696716626199,
    "10": 0.00002679883031640554012399702482982998514969695312382512472473021954968510073484366941365732800896383890155591653,
    "11": 0.00000606570554232860421949549778212915378484720449344225831216664367251529647746920412677759604058158756975207,
    "12": 0.0000164645373488273724398004889461035601365121855239411329934375638694610396602860547179015799716945148339566694168,
    "13": 0.0007840407564529808448948349537868298432377942737736395825778874507509368666539728775235935089223179224153107692895
  },
  "setupType": "Multi Region Model National Bidder",
  "population": 0,
  "id": 2,
  "worldId": 51,
  "implementation": "org.spectrumauctions.sats.core.model.mrvm.MRVMNationalBidder"
}