{
  "homeId": 2,
  "distanceDiscounts": {
    "0": 1,
    "1": 0.42045,
    "2": 0.17678,
    "3": 0.07433,
    "4": 0.03125,
    "5": 0.01314,
    "6": 0.00552,
    "7": 0.00232
  },
  "alpha": 653.1023946544088403243222273886203765869140625,
  "beta": {
    "0": 0.087887889571542865407849376424564979970455169677734375,
    "1": 0.0797823208053650978488491318785236217081546783447265625,
    "2": 0.05757614960612843224563306421259767375886440277099609375,
    "3": 0.05742412316684809836520031467443914152681827545166015625,
    "4": 0.098230582308275582459344832386705093085765838623046875,
    "5": 0.042248031265182527105306320436284295283257961273193359375,
    "6": 0.055023949720645511096694946218121913261711597442626953125,
    "7": 0.04825204058318045829967246618252829648554325103759765625,
    "8": 0.052586226666065459534049608691930188797414302825927734375,
    "9": 0.0761664978519198399009582090002368204295635223388671875,
    "10": 0.08626136155497567126193558806335204280912876129150390625,
    "11": 0.04932853048617098778994005670028855092823505401611328125,
    "12": 0.07060464558255392930607996504477341659367084503173828125,
    "13": 0.09139711221238011606970985667430795729160308837890625
  },
  "zLow": {
    "0": 0.0000035277722264571369272211246281208468046039375691019832551562,
    "1": 0.0000018836609575169423162772949850841983975359395990510717966960,
    "2": 0.0000036974941983775411194788319704952266204385053937619267757929,
    "3": 0.0000016656026298731006332427564123817933896037895330193700371816,
    "4": 2.858636553316221683275970971396562479730763144038183409410E-7,
    "5": 0.0000016090538753969642330468635033134452300201424998738847597453,
    "6": 0.0000152429371945118418053577705994053261419971022564610013635518,
    "7": 3.277488641278238756466617533549784931021997567776161162337E-7,
    "8": 0.0000039253925436139680965227756399901165331511339806140656451726,
    "9": 0.0000017340880813659019803070128294975275446202163334859632329676,
    "10": 8.983965197739516624016208806599678236676739987006341259506E-7,
    "11": 4.433330861651152261040455175749013039718135984112272850749E-7,
    "12": 5.137198135921331067788348825614077151032258111092667705529E-7,
    "13": 0.0000166887987510970135512293297128214208457396606626277090791178
  },
  "zHigh": {
    "0": 0.00013683801238095618384992892100174058935882606458101299000281892180540492696740453454104883253109542418917854389677,
    "1": 0.000071538113005624058354665394899343566673357407505062853590115560428195962113124815107534770816408248834697343817526,
    "2": 0.0001322135738646839563292292395648771756561965349066079283366505613023508138072943686493978814986108235233340488220446,
    "3": 0.0000595326559526789226553940283369568062359815983376034936299402697733026817321171003081703541621567473470977298943469,
    "4": 0.00001138396499234840839485141784444826253352606082639383520637812247091389761695739861353473262210121749247447605356,
    "5": 0.00005506955210542233250640678111845705576876154290490807134375516104148162610510279619626691898714643180070321725367821,
    "6": 0.00054116077681393294701552127016397217343186151607879806020534268587188081538336159100063298714022556480361363311048473,
    "7": 0.0000114139210731334218243917683540510713744642327490974053380189110755475721758769237576366996116464157315272858779703,
    "8": 0.00013840393451359578004511387168499088954072677385075739899983179245519244872548904927489408807358252623682443154144397,
    "9": 0.000065230584053416636382885100779515473622855569644899467266941114716936837306012211152813510936012918132554347453252,
    "10": 0.0000347015862944138193088398222853701680072998073165275637892389842785994757998944239604599823928327347466920238255102,
    "11": 0.0000154868895505958723636400525373646442828065710581164640724911657655106880969856897584276658510028403846706330869346,
    "12": 0.0000190386949445048160801001282597361608659084337642428413310079909078184758804832900238015085904745207947146103380508,
    "13": 0.0006531947637472946951598036333563092929959489904657488350975472656840900435972342322217442038060994611117177192292
  },
  "setupType": "Multi Region Model Regional Bidder",
  "population": 0,
  "id": 6,
  "worldId": 74,
  "implementation": "org.spectrumauctions.sats.core.model.mrvm.MRVMRegionalBidder"
}