{
  "gammaValues": {
    "1": 0.97415,
    "2": 0.89659
  },
  "alpha": 796.9375338723120876238681375980377197265625,
  "beta": {
    "0": 0.215085444076157428217044298435212112963199615478515625,
    "1": 0.1250697812569375455549192110993317328393459320068359375,
    "2": 0.1958490127588117246659749071113765239715576171875,
    "3": 0.1256900371395104076821525040941196493804454803466796875,
    "4": 0.16245350137679093194265078636817634105682373046875,
    "5": 0.1212192843760153682097779892501421272754669189453125,
    "6": 0.1205003611257515483412561252407613210380077362060546875,
    "7": 0.11867356186568329967645496481054578907787799835205078125,
    "8": 0.1000225976711402176011489473239635117352008819580078125,
    "9": 0.161708014727252713527150262962095439434051513671875,
    "10": 0.1758418869088510250175971805219887755811214447021484375,
    "11": 0.184447383345317128533480399710242636501789093017578125,
    "12": 0.203247208318800554049943229983909986913204193115234375,
    "13": 0.08021360811345416841344757585829938761889934539794921875
  },
  "zLow": {
    "0": 0.0000014415129633906738956244187713570391425548135239540449268609,
    "1": 0.0000012015919536344578818610672942871413892014504499750539846588,
    "2": 0.0000010869979691740820410737909836614208368709841981259979649611,
    "3": 7.609654093641204202104646457198155425087352488564979723712E-7,
    "4": 1.728528661187058131570192462349535951555014353503317507596E-7,
    "5": 5.607965661987075242914536047265222038652793818760156967395E-7,
    "6": 0.0000069603659437211157741112727514931683042937585731550774536809,
    "7": 1.332609491479342848195069847931412555521809385577355408414E-7,
    "8": 0.0000020637494612012734385353888831376221197950369136278144805060,
    "9": 8.167771792088940614286899487918143326202050461612401860765E-7,
    "10": 4.407192641883091458957963061201617112974451623767028075923E-7,
    "11": 1.185648137684972996854204293983555542789832465174987225004E-7,
    "12": 1.784575821111198374538683750209643615888592528203144874971E-7,
    "13": 0.0000190155766336610423053783967455033272568910286577052644914388
  },
  "zHigh": {
    "0": 0.00007425023448896229290202774529882635949735234322657484015395984287671381720367160915705083730292656116276074272461,
    "1": 0.000051076042889149525322178564175431856423322733032782319228998799521309290619089329137953427854073720436488387972935,
    "2": 0.000053898686988580183977078009959863002149170899037530064011697564218747406918011021714634488218804090650000033,
    "3": 0.000032393539337409516264425275337097470823129969812717331685627420181622105108306052635310590869659594808383232119734,
    "4": 0.0000079936413159609177397340823173071829489988144547892375009332695098149260856306022528174356645809743442003108,
    "5": 0.000023621832829474631243744484160849364984115649364971999453580944272312039108858829325518523688598047127207573267,
    "6": 0.000292683639290211166078126334726607438300761205579620342909217100471170481671449538846525749630413716046911168305564,
    "7": 0.0000055792836237367340995771252971959542479636682025009880762503927833390248745201827401244091488462465766698840060853,
    "8": 0.000082554642041214940305492268979416057140043861841169864059834699065109396162104076410369926584944794083818440791590,
    "9": 0.00003771125698870639881653541435834407726285523102515777586020961043306004062416844873801324385042710066723553470,
    "10": 0.000020971268626844543813665085049175984636192942226809624238491444026794223706769912883357218530511022794209735782541,
    "11": 0.00000574384137869733457108129989206827179202166050130460719525702137369994832247993098894388767440950575162130405527,
    "12": 0.00000898082800007441800035113303352286026047743701557427283933412383521750556630474833033485737699022250529302856140,
    "13": 0.0007229981002242155577842756443367664853304900303180754974671781306098804574602315269645779321367964488510804258714231
  },
  "setupType": "Multi Region Model National Bidder",
  "population": 0,
  "id": 8,
  "worldId": 74,
  "implementation": "org.spectrumauctions.sats.core.model.mrvm.MRVMNationalBidder"
}