{
  "regionsOfInterest": [
    0,
    1,
    3,
    4,
    8,
    9,
    11
  ],
  "alpha": 97.5312344952510983375759678892791271209716796875,
  "beta": {
    "0": 0.11674744724130814432783154188655316829681396484375,
    "1": 0.08376725533915062305023724320562905631959438323974609375,
    "2": 0.1012567891582688284213276119771762751042842864990234375,
    "3": 0.1183311115516631206734388115364708937704563140869140625,
    "4": 0.09443238318516626594867346966566401533782482147216796875,
    "5": 0.07483624330565487314803618801306583918631076812744140625,
    "6": 0.058732529905679294046638716508823563344776630401611328125,
    "7": 0.11332903012356398964044501553871668875217437744140625,
    "8": 0.0863011770650801979254396201213239692151546478271484375,
    "9": 0.06529982189299578243524280196652398444712162017822265625,
    "10": 0.0696573695603021347810823726831586100161075592041015625,
    "11": 0.0918108221126348322815857727619004435837268829345703125,
    "12": 0.11836784710650771756945687229745090007781982421875,
    "13": 0.06322681906843052868083532302989624440670013427734375
  },
  "zLow": {
    "0": 0.0000024275381117438171837990260058946337378417247858234208796044,
    "1": 0.0000016399061449453921454153522200023410778576063280730493328646,
    "2": 0.0000019218073274543808052898723288189726686396040560532408340923,
    "3": 7.388405171941877308661100996924257028283682857514716848295E-7,
    "4": 2.718119764850888466553240862699107392093244724046418782608E-7,
    "5": 8.303266183904082222145475438312418154357727225132212905129E-7,
    "6": 0.0000130534584381555297589884760032775396727333291063467966217295,
    "7": 1.275556161625160034856604329467891215457328005947719569357E-7,
    "8": 0.0000021863629564868034146522702232600699824347817162975930434875,
    "9": 0.0000018488727478479772082508078941314976493421322046766924393356,
    "10": 0.0000010169536904706931440112753247465094293709803193463290740600,
    "11": 2.177300253348279168671263875991100605859742572209443846330E-7,
    "12": 2.800978158737386816260557027172463862455490850441721940346E-7,
    "13": 0.0000220515994791899300667305667464964971304335850737574659270194
  },
  "zHigh": {
    "0": 0.0001011670311150221246412962539302392784450634491684271873553544997616675189154822535726305616782559843506250681,
    "1": 0.0000629342280259500459346752967263405068178729236192435211385882428049782931667208285413310616852782311969423959932769,
    "2": 0.000077113823759517858008157595035737093093592739466605906053100617949774053514288222146113646968535481309486937509297,
    "3": 0.000030907997481725022159111195954221707660723502458091660469942517473674989340174761200778398110261974570141598359483,
    "4": 0.0000107211445663283966478853599741853692096452550900866403320286504400417146305819025251544945344761319547234022988702,
    "5": 0.0000311236510354148702466768218246019459433145445216297264457763334613240582489934797152771028863235522842133559500092,
    "6": 0.00046827001695381703089125358803850837492160545048726764825114124244413291349108231776519292770643783994832354004172140,
    "7": 0.0000052722439115266342914290353901555640078349933293516855752089111164559699197881596314510118995985587585552822202,
    "8": 0.000084459458358234087799280153099174236304038366529920416488300176389801566146751529327211156555822306184941903172730,
    "9": 0.0000675392885491679775473801626284630266607298890867793356169081267177098628736727371705192356366533427179559855680270,
    "10": 0.000037592442618403812296577557739084561915315429330245917972481761140662628637170962200211727400465881996481770697189,
    "11": 0.000008530898022504373622251021830571234663893610788965021048677411884668203242373146777533632713667423897540074372895,
    "12": 0.0000117183920206331055137413276847273985018977967345222762611594478793352983881887246493706915365594053735661516,
    "13": 0.0008009732334197217605590001270886717786450457151551522932227672397140730619501115988528017776024920999848261266014
  },
  "setupType": "Multi Region Model Local Bidder",
  "population": 0,
  "id": 2,
  "worldId": 72,
  "implementation": "org.spectrumauctions.sats.core.model.mrvm.MRVMLocalBidder"
}