{
  "gammaValues": {
    "1": 0.93507,
    "2": 0.74027
  },
  "alpha": 718.108601035292622327688150107860565185546875,
  "beta": {
    "0": 0.141374160363202883150535171807860024273395538330078125,
    "1": 0.150052685388715190129005350172519683837890625,
    "2": 0.1508793243176645149095094211588730104267597198486328125,
    "3": 0.1042080418035689903799578814869164489209651947021484375,
    "4": 0.11282250458456512254290515784305171109735965728759765625,
    "5": 0.150822314047895644772978585024247877299785614013671875,
    "6": 0.08639613257830479342569418577113538049161434173583984375,
    "7": 0.13099403815561228014985317713581025600433349609375,
    "8": 0.158832414897952578503037557311472482979297637939453125,
    "9": 0.1430117283853375997892953819246031343936920166015625,
    "10": 0.12026484923077773725452743747155182063579559326171875,
    "11": 0.201758179808348481198976287487312220036983489990234375,
    "12": 0.11122534267170747224184879087260924279689788818359375,
    "13": 0.217674850305707601183513588694040663540363311767578125
  },
  "zLow": {
    "0": 0.0000020046724019366289788569750275990847169709342528252585685733,
    "1": 9.154813618964652586723260183023160785386505867200849382574E-7,
    "2": 0.0000012897462275822347186108410712396958488829022089840080897568,
    "3": 8.389738272195381835962678269932725587562858635430748280119E-7,
    "4": 2.275064962639452640974553807805257342348219314875604739885E-7,
    "5": 4.119982194232434030803200848322425056899957456304412099581E-7,
    "6": 0.0000088738073709103787503156283802074666812867815402671499728938,
    "7": 1.103542914627844280191352131514254189821828562985773629162E-7,
    "8": 0.0000011879545919989163204883960566689500242473091847109784336200,
    "9": 8.442039160031903276713499226881311287164315743247140190539E-7,
    "10": 5.890193144207717350657816602262466006642109090807339932657E-7,
    "11": 9.90788707728429014728324877177201267495138189653587586319E-8,
    "12": 2.980847228501550928025631428389596729344840366419169385310E-7,
    "13": 0.0000064052070713824683774667516702375238975386801180493899239911
  },
  "zHigh": {
    "0": 0.00008848105982080647849303472458137280781893973317848231802442153810522270726443383760769135685167592554024717316179,
    "1": 0.00004120148453448223933238451067533975683830425137865458930037329053295802845507333992207788578363403437758,
    "2": 0.000058151990763353475407786657308358788500891684054528923723033947514069391526102025973129139208972846987790897153438,
    "3": 0.000033911996782485535741015927773247113338561029791839754765415724981071349459266139730168586152592621298300156853135,
    "4": 0.0000093919801596940891711492988095038190604101788625741982038584380433179975498793805361354010696379555531319077749672,
    "5": 0.00001857379906639992567264999805463196665094123521514632402913257534703361539266594593306105536742237434229923612683,
    "6": 0.0003428804849364625006310681593464061851782090235048782487860699324608171588949207922222321586371925005958794262561829,
    "7": 0.0000047562041705346870274332787962946529309284950004658477546236413845715383746357515713450910002686533710309368,
    "8": 0.00005450720742359747497436392810144063755841419058232197819227447694249314698113830077262325482716350357236176420847,
    "9": 0.000037399223593824371129996423485162031041958870176219983008458595744000374880750758652684239964692685357076692840,
    "10": 0.0000247544113369061700282127478034766770541123470222780655486542641648130941257823721039022447225353256246560178389,
    "11": 0.00000497136338564482316042220483412953664879979764129745226864568753287076877505949633768241835302724648745202585115,
    "12": 0.0000122579992299255978490365508883787971025658452824546185960508771796617345554488452638491897528832441359870819080,
    "13": 0.00033158146118549790988108567480090258165819856648391001313192075009656431780620865869106515635686444073491261298418
  },
  "setupType": "Multi Region Model National Bidder",
  "population": 0,
  "id": 7,
  "worldId": 72,
  "implementation": "org.spectrumauctions.sats.core.model.mrvm.MRVMNationalBidder"
}