{
  "regionsOfInterest": [
    0,
    5,
    11
  ],
  "alpha": 95.343719857123488736760918982326984405517578125,
  "beta": {
    "0": 0.05702181655137512905628938142399420030415058135986328125,
    "1": 0.10272186686539218347657964613972580991685390472412109375,
    "2": 0.077237135548830326836622361952322535216808319091796875,
    "3": 0.06422442856111619524650535595355904661118984222412109375,
    "4": 0.07636068784379919371918532533527468331158161163330078125,
    "5": 0.092152826926860609280112157648545689880847930908203125,
    "6": 0.0744620029509004688339501853988622315227985382080078125,
    "7": 0.052608201409394823866438883896989864297211170196533203125,
    "8": 0.0830109962959635350188136726501397788524627685546875,
    "9": 0.0659165414864013310403123568903538398444652557373046875,
    "10": 0.089631234809470161639666230257716961205005645751953125,
    "11": 0.0910904934981577596442292588108102791011333465576171875,
    "12": 0.089117332890494671548964333851472474634647369384765625,
    "13": 0.0921030906427082463050481919708545319736003875732421875
  },
  "zLow": {
    "0": 0.00000571830476908860200639635884821594329039985137160612697499768,
    "1": 0.00000153859838463694109821736135278248609148082972695860671800529,
    "2": 0.00000289869642225991705875917288800222220391525900565183662460309,
    "3": 0.00000156618945521732521652371805909778714154371998538629693548255,
    "4": 3.8673600224513140400893297703042082173389682713895464201394E-7,
    "5": 7.7579535186198225818385665274017667659923058595894005561525E-7,
    "6": 0.00001184580234278118077303139559878519127545495296234201544336636,
    "7": 3.1614200224379080960426798868695586084380086878389534981087E-7,
    "8": 0.00000261515991038716851636785187675612754767140038673585433342007,
    "9": 0.00000210726668778509277065278040529102012322215748996121176796438,
    "10": 9.0929282500481555438295515916494473925985382195882178824701E-7,
    "11": 2.5248410416902339935322786729871349119762068846884790142738E-7,
    "12": 4.2803194957240556761708817258966721275024255925891319356295E-7,
    "13": 0.00001741654963573199209058080055027092358164766876286798857353654
  },
  "zHigh": {
    "0": 0.00020415595562544043832642946337300490175174687913733573139653291465034548250019537077030707068358900826076060623159920,
    "1": 0.00006196272138170656671806858307190139730059162212963057652838727779793302067304314839341986228103013934595694523248356,
    "2": 0.000109349593515897384141299521870523088048473028409676299661757127338523711706234148480920754033249170665872906788636,
    "3": 0.00005704444593449761608250698712305590006474143306977011410293955369485596711749671995535486186792957523484941791866634,
    "4": 0.00001455522278189387244946994938473473603140248794960347557500335883367030584684686112539791544368795989813742900166745,
    "5": 0.000030423034034939485701213688362221808691043345356309770431886372305094127930459183305084340969410918454799985604234,
    "6": 0.0004435802871838310201658174283403889623345445789461752112131792506745445102771147801747893248230816585360899704603696,
    "7": 0.000011147426280114794012027452233683162598209543914020388622483347676714961543390117114770030724602122918952018971635776,
    "8": 0.0001001635002750652130791563624923561530216399872013926365114287941611756392056466781290769957754074616500957097418,
    "9": 0.0000771083738383825419796951170321804808144483767383797061280610310738336353628349658090593564315749193077175937920025,
    "10": 0.000035428888621001775043106171338499907786791447568513443011294548178129280806246545882626361565828687298754154015526,
    "11": 0.0000098744132899903632260210668893879839447958288687461214618880033617142779393884396660563498822816282472851446904697,
    "12": 0.000016655465060953316564004910800475670377898765929612619629307832270995091213307172346825108531419668299203663266093,
    "13": 0.0006829082940502648583638426329808678209709923178703586536218669047905016111961318602546568549693288875303496076475900
  },
  "setupType": "Multi Region Model Local Bidder",
  "population": 0,
  "id": 0,
  "worldId": 99,
  "implementation": "org.spectrumauctions.sats.core.model.mrvm.MRVMLocalBidder"
}