{
  "regionsOfInterest": [
    0,
    3,
    4,
    7,
    8,
    10,
    11
  ],
  "alpha": 81.8716215305439618532545864582061767578125,
  "beta": {
    "0": 0.10863622561851836445523389329537167213857173919677734375,
    "1": 0.0994966923936962677199602467226213775575160980224609375,
    "2": 0.079785727673950590510543179334490559995174407958984375,
    "3": 0.1075170605588450511991283065071911551058292388916015625,
    "4": 0.118763497835847220418514780249097384512424468994140625,
    "5": 0.102871059689399746428506432494032196700572967529296875,
    "6": 0.11211304119038496829308115820822422392666339874267578125,
    "7": 0.1106793416238494309755679978479747660458087921142578125,
    "8": 0.067370477627141323040405040956102311611175537109375,
    "9": 0.093563927490583898016751618342823348939418792724609375,
    "10": 0.0831515751971349803550737078694510273635387420654296875,
    "11": 0.109461469103003861125245066432398743927478790283203125,
    "12": 0.06877009748764477403693007317997398786246776580810546875,
    "13": 0.059483179694660749670109822773156338371336460113525390625
  },
  "zLow": {
    "0": 0.0000028536481692133100219424375288644109670686512816099779777678,
    "1": 0.0000015102410857824057097097058502267240239093887051308174594941,
    "2": 0.0000026679054357349295587402715090136845740586141932306154873087,
    "3": 8.894753369660599274012554731670077136264656119243873431876E-7,
    "4": 2.364112852721042211989872212933390253378324918331269984034E-7,
    "5": 6.607381313750015369439374277180323791235280745962094109474E-7,
    "6": 0.0000074801414626015666262392389111565799015805448883402121230191,
    "7": 1.428682862966481048148180586423151494539908566770423765389E-7,
    "8": 0.0000030635925076327304528304062062744728555283229903364970635405,
    "9": 0.0000014114718447816751431096481606881276840568940929005437107957,
    "10": 9.318787570071839437133945361518887558376281157240132061207E-7,
    "11": 1.997618595867721753642980759408573879791476106420534215164E-7,
    "12": 5.273579244874338562553667423843659996517377715937984273961E-7,
    "13": 0.0000256394614386817131264325517235162454195823162214773121083953
  },
  "zHigh": {
    "0": 0.0001166104017110522025473713887056306697097431778606801462324393065578713414593928913388874764144878204465336877118123,
    "1": 0.000060333631848713559166081321438136095553749731335284291653736443918237397729576140908319927668870988196149269494741,
    "2": 0.00010132324072758784455998070022734752106409709967110047010735179483626998672737696012185099096737574921284000227190,
    "3": 0.000036247637475999695162553273366150350125228237454830540945504399253133362298288345858359075720534693117887889086822,
    "4": 0.00000990004167484146758880062955906114198932718596645995130350829055245003002943596350372185967990211268624064745820,
    "5": 0.00002661922711642406955408029249415348099598767224559895776619528566751933450383201804433251150888399419889056085511,
    "6": 0.0003082663846687025888888724123509319921188956773184949494445766321957142746764057866356877102138392151656616100582167,
    "7": 0.000005867305375523507330486686647582208280560027098787438779316890900746415647420456416880011817828384317546845555610,
    "8": 0.00011254734427839677857621950831369721863275381092222929162744182003832383342261785244298148905248397762378809534,
    "9": 0.00005555044027746558865144097100306090098529801082924417047257445212275848498850487363253188930279555861311140898850,
    "10": 0.000035705081364005071480442017725856774482373742447261922750602046938375404667245784932846571414251615417178803722885,
    "11": 0.00000817947844971477107359876862931135975786270031276087094071517951790468651462262446937475995273047594799874068228,
    "12": 0.0000194473833224112994375634765776613590947273497143631379562232878734682190324422812104454955018483494603058969767858,
    "13": 0.00092169551236359433079885139963364958613676882930224947077874095887521991455938367770972291333611071592573117400677403
  },
  "setupType": "Multi Region Model Local Bidder",
  "population": 0,
  "id": 1,
  "worldId": 1,
  "implementation": "org.spectrumauctions.sats.core.model.mrvm.MRVMLocalBidder"
}