{
  "regionsOfInterest": [
    0,
    1,
    7,
    8,
    11
  ],
  "alpha": 83.5852940890985252053724252618849277496337890625,
  "beta": {
    "0": 0.1059268301832681224983190304556046612560749053955078125,
    "1": 0.05848556680289677955908445028399000875651836395263671875,
    "2": 0.08954442431973515248433415081308339722454547882080078125,
    "3": 0.0910535630925233541166363693264429457485675811767578125,
    "4": 0.0836345247938506120011226130372961051762104034423828125,
    "5": 0.105089543125758855257600998811540193855762481689453125,
    "6": 0.051146077415639000507407985196550725959241390228271484375,
    "7": 0.07967428106203490456582727574641467072069644927978515625,
    "8": 0.0964312124885395582918334866917575709521770477294921875,
    "9": 0.1106690539336085687960320456113549880683422088623046875,
    "10": 0.05206009316748168302968480247727711685001850128173828125,
    "11": 0.07354473164756035463707206645267433486878871917724609375,
    "12": 0.061665044371570117143210865151559119112789630889892578125,
    "13": 0.089569600744240196465995040853158570826053619384765625
  },
  "zLow": {
    "0": 0.0000029266387544134892844315594942184072107451099670333939306879,
    "1": 0.0000025692491492614094034927929395646932185152422289803625750598,
    "2": 0.0000023771527727437307956322445833256094824732903431413500920883,
    "3": 0.0000010503023761190045328588935431844259145110599701729575646586,
    "4": 3.357110145121291681212729100345104406182339798943146883982E-7,
    "5": 6.467896779263823135016146709580849490998403868885731388258E-7,
    "6": 0.0000163965928626645682297813735972648123792177323142898556900549,
    "7": 1.984651465374237319484494885934431993766238258017602227919E-7,
    "8": 0.0000021403411319615825082725167286346233996696692829830646343581,
    "9": 0.0000011933132582788601289870883605136444816590025982973775897379,
    "10": 0.0000014884181303443456808352999686353657924190665093298658985028,
    "11": 2.973187355676674143012869336412451965275600237575704757323E-7,
    "12": 5.881201618757453583681851195132501350125176354939978616740E-7,
    "13": 0.0000170271685857604151021417781690129502578718655357456266997462
  },
  "zHigh": {
    "0": 0.000118800119267057580422045047666250557020036938423382624820044039300852220120499556377350833360137987409130503878470,
    "1": 0.0000921038737530836699795739341182751713919253370507706451207090578844834332229116815314153169969080208398706430293501,
    "2": 0.0000926006608378518816667398924567052683165373841684225082507399844674249901860353695925559561986862573457418692268505,
    "3": 0.000041072448650588033326282415466672896151766068202287647589632857346870138642133689715716193055564023155614434361411,
    "4": 0.000012879033552042215996469200221296284447739230608295582003353540472807107434505335625140518411409826856583032025919,
    "5": 0.00002620077351296549285081060979135505809527704161436986960254794340297775641297255616572171316449036391495692568844,
    "6": 0.00057575992667059263699513645293417896644801130009698425645565026028332141192484692303755500162247720611604227167692643,
    "7": 0.0000075352111827467761444956295461160497782390161725289741669063643888929804388352073588331964648585408090409892847159,
    "8": 0.000084849803008262340239482823984501734956994199701626318751970246701989409270780532257192226927492853058992251299155,
    "9": 0.000049005682682381138227764176997826404913361265991149186840840879433978026476218398178925388434611276450263727968850,
    "10": 0.0000524012625641199235940991807003610855798168942554375035220643518622218724012668443271821743089493402048192489377600,
    "11": 0.0000111061847291416282417084343603229940143150727062263825671917728304309411308804405802889878087274470722347522567936,
    "12": 0.00002127025044406064450094802789152788315555074563136912098456061494806064677582425113054907638585793323175019613126440,
    "13": 0.00066332672677595539007012819299855073128545530873029890851926764482999565333559283798110262331141772931720297953313
  },
  "setupType": "Multi Region Model Local Bidder",
  "population": 0,
  "id": 0,
  "worldId": 1,
  "implementation": "org.spectrumauctions.sats.core.model.mrvm.MRVMLocalBidder"
}