{
  "homeId": 13,
  "distanceDiscounts": {
    "0": 1,
    "1": 0.42045,
    "2": 0.17678,
    "3": 0.07433,
    "4": 0.03125,
    "5": 0.01314,
    "6": 0.00552,
    "7": 0.00232
  },
  "alpha": 657.900921806025735349976457655429840087890625,
  "beta": {
    "0": 0.05950006040898404846561930980897159315645694732666015625,
    "1": 0.06207597346063446763775317549516330473124980926513671875,
    "2": 0.041570028874603315305336082019493915140628814697265625,
    "3": 0.09013722673316160172163336028461344540119171142578125,
    "4": 0.096976549500516096014024469695868901908397674560546875,
    "5": 0.095925796604522772792478235714952461421489715576171875,
    "6": 0.04332243229642453175021188371829339303076267242431640625,
    "7": 0.068318187694698995215958348126150667667388916015625,
    "8": 0.07347642637470534754395856680275755934417247772216796875,
    "9": 0.0757290226237659902519538945853128097951412200927734375,
    "10": 0.0910096642666080868355749089460005052387714385986328125,
    "11": 0.08912258536533278208136010789530701003968715667724609375,
    "12": 0.0886482699750124059079325888887979090213775634765625,
    "13": 0.0912200783514514335070799688764964230358600616455078125
  },
  "zLow": {
    "0": 0.0000052102395227101311396562815867040671733616916980800482741329,
    "1": 0.0000024206465783046305341262901755704282398080129280569135127145,
    "2": 0.0000051205347294200265511213581199597159390685661940594167158235,
    "3": 0.0000010609797653669677967953799246241731633535809282245249321729,
    "4": 2.895239242001901437529048027121732296764893093713100010150E-7,
    "5": 7.085771935985726367691533855214317652122685958307233362720E-7,
    "6": 0.0000193576713830023952841795895376065402729766192974774456511190,
    "7": 2.314547326241147422204082051305342108652969360787444618257E-7,
    "8": 0.0000028090055637926543117275928840914534580842513253734263765787,
    "9": 0.0000017438868846394981054550505177619625357877483406133342843531,
    "10": 8.514171232507884147496713528167058195363372109172683960243E-7,
    "11": 2.453500033855801961553643110525428346124783348736441580216E-7,
    "12": 4.091050607993296281956653085628544802554513464152671909774E-7,
    "13": 0.0000167190899152210903878040112705420074014175041511137226024933
  },
  "zHigh": {
    "0": 0.0001873081423159568360787867104408203558985343903547822551233930114299679146149100237267698459239746806467973716356192,
    "1": 0.0000876457966243803038985788511984472220307084580230671732503485462231118537849360249098987025206905355353651346053237,
    "2": 0.00017490211953814075433141329855572846201439565969596450696279783529050938358435167258555588614556103550288823190248,
    "3": 0.0000413927703280269312443770069098653136170416969438346686150628610229721157827730593164136854220636926793228949200,
    "4": 0.00001149342084268404526541815700162616811948689049260544138185781985252389510629086306184143467223329687753168452355,
    "5": 0.00002805439898313120254883677122825546257864988788263437552593492106818050883519130752619893567702213288649131628694,
    "6": 0.0006645922822807274486270829311444308032607779095926119552875744677512900203809871433365379328576604214622812654978927,
    "7": 0.00000852489876534750645265439104222878012289920948083850133792011006255210855806836111279097830350861069836452281,
    "8": 0.0001049097359631944943431351086482066367094316609733371710185899212841966441374411067490291355983600048493125569025114,
    "9": 0.000065522891473200277521803041715275946537223638260627887679297009316343572217550755906533302497438405090866175996367,
    "10": 0.000033291232351313205611530322225801286393335015303059578447709351282010916994050699829439763567470934804801916495595,
    "11": 0.0000095471227636790116973307556826619231568626220397085930358721056719681826701987796435883573844678802899200300774053,
    "12": 0.000015899797411768172595772433563016013512838756959007200863664349581734933558429705123933809838613709001225194461,
    "13": 0.000654084366659775648639995186044422445591824467191341785601681082436549468711674897609148040846005346638404636319908
  },
  "setupType": "Multi Region Model Regional Bidder",
  "population": 0,
  "id": 5,
  "worldId": 1,
  "implementation": "org.spectrumauctions.sats.core.model.mrvm.MRVMRegionalBidder"
}