{
  "homeId": 6,
  "distanceDiscounts": {
    "0": 1,
    "1": 0.42045,
    "2": 0.17678,
    "3": 0.07433,
    "4": 0.03125,
    "5": 0.01314,
    "6": 0.00552,
    "7": 0.00232
  },
  "alpha": 742.1535095057475928115309216082096099853515625,
  "beta": {
    "0": 0.0692948835873756496805953020157176069915294647216796875,
    "1": 0.0958800088813681894439611141933710314333438873291015625,
    "2": 0.0899307764395556874514880973947583697736263275146484375,
    "3": 0.054666871918457433932037048407437396235764026641845703125,
    "4": 0.053542947907033421051092858533593243919312953948974609375,
    "5": 0.0557356297549558010739900737462448887526988983154296875,
    "6": 0.06904070803348545670719005329374340362846851348876953125,
    "7": 0.042218530526556059812026688859987189061939716339111328125,
    "8": 0.0481675899782253169600920728044002316892147064208984375,
    "9": 0.08383004236981063395095503665288561023771762847900390625,
    "10": 0.051591927161230566323268931228085421025753021240234375,
    "11": 0.054414973324394801112990904812249937094748020172119140625,
    "12": 0.07860270756759224486387438446399755775928497314453125,
    "13": 0.045628253742652662150458553469434264115989208221435546875
  },
  "zLow": {
    "0": 0.000004484215652448100524785675073037223697150923018237027847780,
    "1": 0.000001570867024571643587838857855135490486543819066834676725739,
    "2": 0.000002372465268724428904253751929904232957199697329227325886365,
    "3": 0.000001753475222484782719883871768953541095411510259550386620827,
    "4": 5.25607398619230571508960792222033957139526554945895533964E-7,
    "5": 0.000001222368742679681244021518967061619456188537210238626083994,
    "6": 0.000012175120614140123160091256508369998803906839703022554296080,
    "7": 3.75415200920786466134722859954900131480605411403732559001E-7,
    "8": 0.000004294951578280932373874054834591237758409688816391775382975,
    "9": 0.000001579041491114455387302272562534753330394049797102229315007,
    "10": 0.000001505430483739252677977950685773695111332466548536187183835,
    "11": 4.02780084230363658169315466259156266799601966366069131285E-7,
    "12": 4.62466388805258062783764755816877906892011895938971189325E-7,
    "13": 0.000033502852900308090143196773030479276843170483938841818941345
  },
  "zHigh": {
    "0": 0.00016559978973515090290375620670180476170958483563071114706457851148223294047178153050115947775366008609166280592054,
    "1": 0.00006218748516388706854307276346473498233600254469844363541939920115220594840891437760574011257211390153371737846291,
    "2": 0.00009250972243095956949414409819425068597818092499022344750284893495935371833848025156055012565772778908741380642161,
    "3": 0.0000621899572145199085682863572947577777868852898321794543806372546843617964365939968309497465750123152856571020140376,
    "4": 0.0000185824789149589984023138401515052703581794392685620211280842330728970377741514695265713649288013116014687547535656,
    "5": 0.00004348401144699299261990423327040120492782229176926703467654216085661903121891349896523805187198964827096323159055,
    "6": 0.000449311513183535533643688091434179662614478334150444013297252394942255913082089968326957000659761288493283616010456,
    "7": 0.0000128474038396443339874909294431011469308754279873573403572588417202099393194998620259348426564239427453096971072151,
    "8": 0.00014953629400832473582758890330072730912283674652356916206667139944137275719738134218067669967215559216753987411024,
    "9": 0.000060608356243815037297925562566084964642366055526507938566144280518379726356578592681946276824663375135293729831716,
    "10": 0.0000529297204985147424043770554326113516348732306440634598543411820218813724237654332683840761032793911247180126503,
    "11": 0.0000142751292808101827006441713609731426348351068891243016154278020837749897083220746086879010412360784960984678870071,
    "12": 0.000017509102696067753419957506202242397625977721784824089706111884908645709123044383014649850875885434307109038308,
    "13": 0.0011579532543330451254008635047222708483084923743480502671650667491595752514337948662545954780642192393554688210271932
  },
  "setupType": "Multi Region Model Regional Bidder",
  "population": 0,
  "id": 1,
  "worldId": 120,
  "implementation": "org.spectrumauctions.sats.core.model.mrvm.MRVMRegionalBidder"
}