{
  "homeId": 6,
  "distanceDiscounts": {
    "0": 1,
    "1": 0.42045,
    "2": 0.17678,
    "3": 0.07433,
    "4": 0.03125,
    "5": 0.01314,
    "6": 0.00552,
    "7": 0.00232
  },
  "alpha": 517.0582865422480836059548892080783843994140625,
  "beta": {
    "0": 0.05224462768906427967419148217231850139796733856201171875,
    "1": 0.078144487830227371549796089311712421476840972900390625,
    "2": 0.08075037323655986920556415498140268027782440185546875,
    "3": 0.07103848451184180401440926289069466292858123779296875,
    "4": 0.0914293338684311063246923367842100560665130615234375,
    "5": 0.06854179804068157022545193512996775098145008087158203125,
    "6": 0.05698408334735739766419015950305038131773471832275390625,
    "7": 0.05848528189383518649524518195903510786592960357666015625,
    "8": 0.09892120133067648646285618951878859661519527435302734375,
    "9": 0.0751127941511025298826353946424205787479877471923828125,
    "10": 0.051581286483190651181995889373865793459117412567138671875,
    "11": 0.0654871071637009583010780033873743377625942230224609375,
    "12": 0.090643568843114918909265043112100102007389068603515625,
    "13": 0.0938654375360583603793429574579931795597076416015625
  },
  "zLow": {
    "0": 0.0000055487982997214888746934656520306658450570189187396499203641,
    "1": 0.0000017981340160804334403722432015025776780850047433198214397652,
    "2": 0.0000024649980794187508477885273325139441424744997100783246219175,
    "3": 0.0000012588763846954241098318517049456018815232698180582610591053,
    "4": 2.871647377426218499587336087491417824690617935948039739099E-7,
    "5": 9.273262909183409004137433148093832908010770663832595260165E-7,
    "6": 0.0000137618829440502880604978342047522054523813064568279273737823,
    "7": 2.528257454177018462145674271512588076625180696190788014648E-7,
    "8": 0.0000019510874010599229968463436420025928553303783195862882809564,
    "9": 0.0000016441151333121703636170693730007341715310951094662394997478,
    "10": 0.0000014047634671178218219656373726464798645870269243206934792942,
    "11": 3.122363920409671835116430411144909559428964022932203276051E-7,
    "12": 3.741395344236627312649630294938592403425396144183092931348E-7,
    "13": 0.0000151936755062019837205877925372518990674248049091736145547803
  },
  "zHigh": {
    "0": 0.0001954534391207108756006015730148499317925221144769114240900539507111973653153424251051884057983047948475514345401127,
    "1": 0.00006799544665608453319119440243115487230469964048588660806723771905884515932992496652037779556315485701859398017304,
    "2": 0.0000938548938766092631748814550898368277214431907893231072708132649212893910791265629382522484737724965753119503367,
    "3": 0.0000467091585965136523222703099211224171242499902063812024453301277151737129697275330932577946906604715679534876957,
    "4": 0.000011240470200509718729583840023646534475289414514128430213690650397881672190341767608938409900360945270786788105,
    "5": 0.0000341758498625441516241322261558810268330983160075993984789789480665887987921404165624877659640358641820928358652494,
    "6": 0.0004912773167915424235567179792535275912698617180202796778285066973926738209608809439268243321245423487404066051927604,
    "7": 0.0000090634308616083856020678900112825752786426967414376953847524603301463492489829302811091605534495931444556928196753,
    "8": 0.0000778330129931971881433903510026838798071496928428601739931709650672270082273940316062193112952934102259586616606229,
    "9": 0.000061672862156284065536219013654808573832016440185094351703380798943248998580932969733770440350072008803748309145703,
    "10": 0.00004938885469738710841188804317003162943722161328777768373478488840385182271329135492236414246647176436234430485432771,
    "11": 0.000011411837567828431797718592860160698464218064285204095937478437311921246814276794215026277152583877377921791431893,
    "12": 0.00001461552029725610561963268920573585021569496315643441404435492268595031989064518334326827634547625240780820742268,
    "13": 0.000598426365103113730836661582773478040692818719547833884672082805033191684973760708774390309741360025718082735428
  },
  "setupType": "Multi Region Model Regional Bidder",
  "population": 0,
  "id": 1,
  "worldId": 55,
  "implementation": "org.spectrumauctions.sats.core.model.mrvm.MRVMRegionalBidder"
}