{
  "gammaValues": {
    "1": 0.98463,
    "2": 0.93850
  },
  "alpha": 1112.697543858494327650987543165683746337890625,
  "beta": {
    "0": 0.206257116252256123001274090711376629769802093505859375,
    "1": 0.099893312368976250326113586197607219219207763671875,
    "2": 0.2065252224603995045981719158589839935302734375,
    "3": 0.1297188836891028651532309368121786974370479583740234375,
    "4": 0.144657505176464251661627713474445044994354248046875,
    "5": 0.1974575909803981677015372042660601437091827392578125,
    "6": 0.1907795883535846337419883411712362430989742279052734375,
    "7": 0.1585596031819827000930445137782953679561614990234375,
    "8": 0.131588617601728852246623091559740714728832244873046875,
    "9": 0.161638065567312472214922536295489408075809478759765625,
    "10": 0.1118131569125527524644070354042924009263515472412109375,
    "11": 0.1221369617007238284056569455060525797307491302490234375,
    "12": 0.09484748424028836832899713726874324493110179901123046875,
    "13": 0.09383394750091884894960259089202736504375934600830078125
  },
  "zLow": {
    "0": 0.0000014055025424485983376760632751150317465356850788618453545398,
    "1": 0.0000014066433318148197717281380021075825295112317975769756746655,
    "2": 9.638024478033642201487720368809325762921666863698245588949E-7,
    "3": 6.894036397263709624345098308017187515483361039153856078916E-7,
    "4": 1.814996093723753880826600950799765730547235786722746247454E-7,
    "5": 3.218950005130416988373442988651670989290517525114927022061E-7,
    "6": 0.0000041105460571961812565846589531983301146415505206824243482814,
    "7": 9.32556886750175587422013403395479747645220791386553969592E-8,
    "8": 0.0000014667219181384517933917061292724924981608872840568084766153,
    "9": 7.640160820766673613804767844191262383885642101738875549252E-7,
    "10": 6.480409715575237427755139628622053773141048172251060614787E-7,
    "11": 1.674141699717177735555051629346730560421099441952384768879E-7,
    "12": 3.575565858926268218924159102985347343534588482975678542875E-7,
    "13": 0.0000151987744004543431821108649956365774743526056852144259077853
  },
  "zHigh": {
    "0": 0.00007115456640252415949007950170738090883688209928057728711532607597080559363240678933155491614912346120707990540846,
    "1": 0.00005625072612811612313187124644930501784748645211360123511424834563324687734001186423728555167967588823991010744,
    "2": 0.000048819024928147664345688796220846480735973200078068105380135490061295213593995741052544916508966018515869,
    "3": 0.000029624976247442057900350053696805923225001978782094938908920446751252765086862731969199540315079019101048214876043,
    "4": 0.00000807051634940232487330163461357157819285926806645254973875549498681177687451581841227163727257428708851614895,
    "5": 0.000016012911150385175576840255677554541076937556591446393764664792701511480538017073470256623066808774910273748522,
    "6": 0.000201737210185919219439322721706911331137669039935914587063481323756570477366210996391322207545928977896809955007802,
    "7": 0.000004276329159327856977896907406931250291702817027024993249584690488529971305996767146385332124991479404583545109,
    "8": 0.00006330204850555305203975122562078086909206496177697577986293632851740171289575443703595450101564708297280395340702,
    "9": 0.00003526989061921897546912123599736033583774051320632379335870234280771072789387403943690571759807571632637458243802,
    "10": 0.000026687179830578166036184340876503394819033950074910061200319944686403805175860018108635327093326864567460337216424,
    "11": 0.000007067170905750949499034456514766161467194470542264640415961888106848794693204309948608285102378908262574992465500,
    "12": 0.0000141180318413250283384562756298761150360225401728121708789380321077987586145647354709385513153899069911425108358115,
    "13": 0.0005985793319306845146823537565250183929006527428290582252622319961654158206837386800795568117059038257388357949151703
  },
  "setupType": "Multi Region Model National Bidder",
  "population": 0,
  "id": 2,
  "worldId": 55,
  "implementation": "org.spectrumauctions.sats.core.model.mrvm.MRVMNationalBidder"
}