{
  "regionsOfInterest": [
    0,
    1,
    3,
    4,
    9,
    13
  ],
  "alpha": 72.078358025745416171048418618738651275634765625,
  "beta": {
    "0": 0.071504627818140098494126277728355489671230316162109375,
    "1": 0.054280492621849731060823529560366296209394931793212890625,
    "2": 0.06448807274250255294756328794392175041139125823974609375,
    "3": 0.05405886149676596141855355881489231251180171966552734375,
    "4": 0.054182418219357549038495136528581497259438037872314453125,
    "5": 0.05927301819863715903746737012625089846551418304443359375,
    "6": 0.054354966231582375890685199237850611098110675811767578125,
    "7": 0.056844289413974020963582489684995380230247974395751953125,
    "8": 0.1112071573375287558693713663160451687872409820556640625,
    "9": 0.10600446457209171391422586339103872887790203094482421875,
    "10": 0.054459439653565651362487898268227581866085529327392578125,
    "11": 0.11833475834039354490645479245358728803694248199462890625,
    "12": 0.060175958386662432852975967989550554193556308746337890625,
    "13": 0.0709560413292269764884423466355656273663043975830078125
  },
  "zLow": {
    "0": 0.0000041392924025468401910281748570402550263289828805855038818412,
    "1": 0.0000026429947797682828165898770583091757901431761282842031382948,
    "2": 0.0000031513845783349244206943852938272784418226939605330297228859,
    "3": 0.0000016889996493591731036313538013782398413530048893075783260727,
    "4": 4.947410667678187414384682696325632033694602726041011080041E-7,
    "5": 0.0000010948401195551659489754352372071882155305113018665388867944,
    "6": 0.0000147303096250048856878902732915678800411360297210697141604982,
    "7": 2.655832748512620048813767817768166837796865325511061699423E-7,
    "8": 0.0000017719564618669635754037126211087782060757111210230432311695,
    "9": 0.0000011894376125576212385209167570687158981924057608570602179696,
    "10": 0.0000013584444546177024140502721520447663963700903197475097177235,
    "11": 1.764195369453646143158061152440403943391356553254502909991E-7,
    "12": 5.753965610340264603656426749812396344473265352372689944038E-7,
    "13": 0.0000205210159335415856080998479764881457481526993023454040813163
  },
  "zHigh": {
    "0": 0.00015377662834386188091121912775333797722974022265315108120050018349196496660803939594744613276798398954015804418105,
    "1": 0.00009363614925732844752506745893807548318936196293182460389552320469776942259032455524279334096747557807453408208447387,
    "2": 0.0001148642091427740667097875022687771331376250541430215290869765126811753597324825220215853546044146152004773590835620,
    "3": 0.0000598005292920545743623061565871169041847654717120439852232710896934836091336167923211258654974197864273400766982936,
    "4": 0.00001752285874202506742432726860644675775509792866470633280390270130158084577630700689446018947981060584865816705694968,
    "5": 0.0000393346514197541218927917913401434004586602646375604349322555025102916784457947824490086757283551438597727682038526,
    "6": 0.00052197583697493591183303039813520875777917870747662205481111060953548260079547896414443479515437219065853488638656968,
    "7": 0.00000947718749945347470754626544681329394877734794509091995129995069985403597082787781884068369845240778158801959006351,
    "8": 0.000072864117961017926409296519571334993013994240922019096946469019143410420122399970553603638730781377937989181936104,
    "9": 0.0000482916981028364082422835434583182149403745504060320602442307635784293589392075653017061254161830573833589815272927,
    "10": 0.00004815134601842843919751834944426478783418110836642176378759552958375306431736380515514214531613286007818897722974036,
    "11": 0.0000073802424354563236723154016981254584246453588659641619952306774329637318107275997534581899378482108675705450804080,
    "12": 0.00002072440078228201851041969252902388491021258721912517866989201960352817990753019542708182902172765959304650839345725,
    "13": 0.000761239483476057773631434351598462221450003263596571799858842579280979522183198097682521998650184486873873578427989
  },
  "setupType": "Multi Region Model Local Bidder",
  "population": 0,
  "id": 0,
  "worldId": 23,
  "implementation": "org.spectrumauctions.sats.core.model.mrvm.MRVMLocalBidder"
}