{
  "gammaValues": {
    "1": 0.96803,
    "2": 0.87214
  },
  "alpha": 1139.9036761994220796623267233371734619140625,
  "beta": {
    "0": 0.1637087222175036826943284040680737234652042388916015625,
    "1": 0.134874768382791554444111170596443116664886474609375,
    "2": 0.1369182981545859212335614074618206359446048736572265625,
    "3": 0.179851974008204018584677896797074936330318450927734375,
    "4": 0.174426000832989258615413064035237766802310943603515625,
    "5": 0.1189265583166246587065728590459912084043025970458984375,
    "6": 0.1478664347193458239448915492175729013979434967041015625,
    "7": 0.1769586607970388969501840392695157788693904876708984375,
    "8": 0.09564922808205968129957597057000384666025638580322265625,
    "9": 0.0934488353786012415636008654473698697984218597412109375,
    "10": 0.1853077183800182492490193908452056348323822021484375,
    "11": 0.09338281787453850402158650467754341661930084228515625,
    "12": 0.2129607059206222174907452426850795745849609375,
    "13": 0.120061928097603354270717090912512503564357757568359375
  },
  "zLow": {
    "0": 0.0000018079584194746150263746647697673684985310731674425837987786,
    "1": 0.0000010636760334270486234550941013770481685633657659692123059685,
    "2": 0.0000014842918781959494816328016675777942221400531384897735663258,
    "3": 5.076697023554986439050872933055167699453943630236802980890E-7,
    "4": 1.536827494862518905163277833677970066471448976788613318991E-7,
    "5": 5.456685138253082820947889013278466083851913751245039013034E-7,
    "6": 0.0000054147885811108953814130306975602776463870126567873510581954,
    "7": 8.53131034737620850142365085007159714092417794768204507060E-8,
    "8": 0.0000020601759679757457960739241770615021383540532684140962384372,
    "9": 0.0000013492484604034985409932493980678373403859977730165804944021,
    "10": 3.992285072943348715125256879096204823653345289548384158436E-7,
    "11": 2.235589345676191823490049550346069832867805598388371669836E-7,
    "12": 1.625888652224800127050699946717381727256834601697791825223E-7,
    "13": 0.0000121278250130581415667555430434610257108717514460193697614014
  },
  "zHigh": {
    "0": 0.000083836608851695125971613825135151381395802931258863478708623168636906879090052043838269012271554252131989070548573,
    "1": 0.00004625658686709142173102397023011165454196765206237487892573640746944064608131879590131116192290098239909397510,
    "2": 0.000064851428138604818537939993481292606547145829481723844390173992568339920532498451101363359142935861311687649160120,
    "3": 0.00002436063088194434057051816134493521204253715592352704438375897177188400819409463362619777610290291442558658771058,
    "4": 0.00000729110922357806189666305401850377185342846741694913952075075505915618394755580522047510814809795700143652481889,
    "5": 0.000022859503247858391886372401263763152244300666835299385367525950606906254701860849288901548951116919463162143920277,
    "6": 0.000242510205658116202638713120314980685936708195548151161742026109854682278654650331371996518119823843468675705675002,
    "7": 0.000004069082358128477111532057248530272577664005352862348374209624748176543271374304904775362375860337336334395540118,
    "8": 0.0000815107031442813930294028662499167109823445053437506871644973958000487094514981674886366747125860701621803365272526,
    "9": 0.000053086023538212727316453522688291858206182310770817668537206890315778504714423566113890394836285831087685616570874,
    "10": 0.000019374867598727412921385955520210410414038434642641624731199526691562897067113083566072725109455902240437053205,
    "11": 0.0000087944243641239607133113668918424560930747060013657682747644247008717251997869177779947529717589737636454754216,
    "12": 0.000008340169907935625080602512119738841058563294967100484313447706139560358359346561078788581562748251624634,
    "13": 0.00050944375586155445239110520360764862033157482790679077026139668768929075841609202081157809081154633076373522981797
  },
  "setupType": "Multi Region Model National Bidder",
  "population": 0,
  "id": 8,
  "worldId": 23,
  "implementation": "org.spectrumauctions.sats.core.model.mrvm.MRVMNationalBidder"
}