{
  "homeId": 9,
  "distanceDiscounts": {
    "0": 1,
    "1": 0.42045,
    "2": 0.17678,
    "3": 0.07433,
    "4": 0.03125,
    "5": 0.01314,
    "6": 0.00552,
    "7": 0.00232
  },
  "alpha": 503.9585180654408986811176873743534088134765625,
  "beta": {
    "0": 0.04873731585065564642089697144911042414605617523193359375,
    "1": 0.09984032977430716548905564877713914029300212860107421875,
    "2": 0.04907780471309357295250919150930712930858135223388671875,
    "3": 0.05069869521935239931043071237581898458302021026611328125,
    "4": 0.045320222924137405773326037206061300821602344512939453125,
    "5": 0.0776188711413817455930796995744458399713039398193359375,
    "6": 0.040970133939494168817674335514311678707599639892578125,
    "7": 0.055722833130168229753831354855719837360084056854248046875,
    "8": 0.0892769614764767904802056364133022725582122802734375,
    "9": 0.059170572189671755136686215337249450385570526123046875,
    "10": 0.08858352614423671556043160535409697331488132476806640625,
    "11": 0.09332767323488815047749511677466216497123241424560546875,
    "12": 0.063624408840141588594718768945313058793544769287109375,
    "13": 0.04119763106850792000468430842374800704419612884521484375
  },
  "zLow": {
    "0": 0.0000060729352347085616852402642664449487925112275704539413294970,
    "1": 0.0000014369249277030964359438424535724412862318461670599645364484,
    "2": 0.0000041409088918161013062768742928124879413460559222747307437164,
    "3": 0.0000018009417740979903598480698776475266720121602571901468902020,
    "4": 5.914857796435974620796179610138216823675046629534035361118E-7,
    "5": 8.360657321695261657516698979370047259405827695072668601888E-7,
    "6": 0.0000195426620628172322694693085428615957877954764004692522609609,
    "7": 2.709283015795318268227642112161899993759378429481663717023E-7,
    "8": 0.0000022072238771478706876812068249820101171458388597315954383675,
    "9": 0.0000021308852119413172602563512612246195854339034553581271934880,
    "10": 8.351453934957955860420825155015887320142523670377964162723E-7,
    "11": 2.236910291164280965287421035022658613628035017143732082527E-7,
    "12": 5.442099996498009593989306720632581921211368315436585381933E-7,
    "13": 0.0000353440238414863343940380537091646409898184096409032227036612
  },
  "zHigh": {
    "0": 0.0002117859133087135257375818100354787902152075633492042046301745948192686030260873615721972772913449587701920354149800,
    "1": 0.0000574540536953728561056864207959734480720220640950974458401325105997070431163074713048590262730195373377801141805103,
    "2": 0.0001445499385472093732772621722383334181233259129952725597118908075659904090669363643806039855415957056970299866500036,
    "3": 0.0000631587930342190920488076388751955091045401327485210421471492181699885879641200270803236900160115767532783874043515,
    "4": 0.00002042520012829842904356175934788451212503926037518540564713296916764247309569064158968638209393498090282014391533738,
    "5": 0.000031571419798184928396078831162037895770962408666782274134087677457033515073550555415339336011661069472504557602278,
    "6": 0.00066634641010930630928040145567402023017896210785860819782499003759298513574786728649490865982267168229416336262143,
    "7": 0.00000963753830130156936578788832999449341666488725700272600409907617536801589844317878197354674220665127161246760041760,
    "8": 0.000085922140419445139777621345687531950346098073083275663162409144537700905134323002104727558355545271985757506921,
    "9": 0.00007653512608434728889434657858299532555761948124106406950978203033861693657779333567768130326975489023400943201931,
    "10": 0.0000324523741847712343572726603479694579035059697851303647440602605736926990492766699052354242382397512494265909287932,
    "11": 0.0000087983872005882281387034813458722224353553942576318495128383232970810693156412217544111148782213112136869969094533,
    "12": 0.00001978880394075525348141833244148444164042689610831686498357587590218939442737468364597408475330248695563129556701,
    "13": 0.0012059297207144002372095805235787570786999745737533063585291919393087688593465756966790695379393744524636655915518076
  },
  "setupType": "Multi Region Model Regional Bidder",
  "population": 0,
  "id": 5,
  "worldId": 23,
  "implementation": "org.spectrumauctions.sats.core.model.mrvm.MRVMRegionalBidder"
}