{
  "homeId": 2,
  "distanceDiscounts": {
    "0": 1,
    "1": 0.42045,
    "2": 0.17678,
    "3": 0.07433,
    "4": 0.03125,
    "5": 0.01314,
    "6": 0.00552,
    "7": 0.00232
  },
  "alpha": 605.4896119325288736945367418229579925537109375,
  "beta": {
    "0": 0.0834374265436390871730765184111078269779682159423828125,
    "1": 0.045629296478997181940595595506238169036805629730224609375,
    "2": 0.09897961622643360046769345217398949898779392242431640625,
    "3": 0.0887012093792633182776086187004693783819675445556640625,
    "4": 0.08879163573426225586349147533837822265923023223876953125,
    "5": 0.0408016864672110235456869986592209897935390472412109375,
    "6": 0.056761618633126176280967456477810628712177276611328125,
    "7": 0.08051680216090965902520082408955204300582408905029296875,
    "8": 0.0911320387316627289475690076869796030223369598388671875,
    "9": 0.0837244863898924662759526427180389873683452606201171875,
    "10": 0.0911715804424388931437306382576934993267059326171875,
    "11": 0.0910301212338514853517068559085601009428501129150390625,
    "12": 0.0690032383541160643236622718177386559545993804931640625,
    "13": 0.04721669906343949063565190726876608096063137054443359375
  },
  "zLow": {
    "0": 0.0000035473117392920226941886391727112550779382440677483202313098,
    "1": 0.0000031440997278762468936797915331109954224583370811053094159210,
    "2": 0.0000020532178813700976922993793259129357555429341618773790949552,
    "3": 0.0000010293591119191583966787093393411377060570403213456262332746,
    "4": 3.019008172135886079522134624029814106116366725168522916926E-7,
    "5": 0.0000015904851968102302806633094153437842294575132755737595173986,
    "6": 0.0000141057549366751794381493035634657310758435658097425993288869,
    "7": 1.874999023059261626380115714358242054813712804511433556141E-7,
    "8": 0.0000021622937859462818033327009171101001086266931766875589315212,
    "9": 0.0000015059596385448743547049921759247161021302875674879888226914,
    "10": 8.114384267549355662406860957225383767124655462025741484707E-7,
    "11": 2.293368721032797950597668515839083678077587643409511342137E-7,
    "12": 5.017886165707301586638867264772877481015541684847643588280E-7,
    "13": 0.0000308384551139783441757160594192261034560731620893943157720414
  },
  "zHigh": {
    "0": 0.000136017208446217356006033057223467978778018058268035571684559168967227438256714267247915208481960711961619413408241,
    "1": 0.00010866929770056736983776489318213007215881679151645779222431088846257940531024936733777409618395788594962743586511767,
    "2": 0.0000819192082338292648579373232313468525492322601833520102490570029882361966590280814461509069779384887950073029593689,
    "3": 0.000040011313168854133153726822726003840125886534673185422439326730188330798558243650775568189168248000151687941385185,
    "4": 0.0000117376512553981634197396243895593039723632206620888683145578219748148932427016330965313102232840644304580179256200,
    "5": 0.000054204003737406051843428016684241280876470323848777053850380360548223607196819117077214557514188147130914952919570,
    "6": 0.00050323919632504472434080130629214428882040479013680860986277163281777881839228984170051951813252993134379046464265,
    "7": 0.0000071346863230933994402453091365835195998278903820920355214521982869565591773464270913553799181874251656273042180479,
    "8": 0.000084574237683397473247166168451374650090523702591954567957018283648028028524541791537841347802911592821630719308948,
    "9": 0.000057787358882454001727805806023998221058511004604959918385885791740172249195061138816533495819535515064922049134112,
    "10": 0.000031741165182545433763230767754597947244452365160073696710012274595399014186435329956956062271083287610682212609,
    "11": 0.000008967762490193779094634223788321497628704052136429187291668547286998815087569117225037696988145917926268686565165,
    "12": 0.000018516162448383129459367014073905328319839416216550039602617064900442053884240686162063790904385678080515305701505,
    "13": 0.0010707626588891605306599206948806009526876171472080391505805967389072892775956876585326173028742590712396372511693512
  },
  "setupType": "Multi Region Model Regional Bidder",
  "population": 0,
  "id": 4,
  "worldId": 23,
  "implementation": "org.spectrumauctions.sats.core.model.mrvm.MRVMRegionalBidder"
}