{
  "homeId": 11,
  "distanceDiscounts": {
    "0": 1,
    "1": 0.42045,
    "2": 0.17678,
    "3": 0.07433,
    "4": 0.03125,
    "5": 0.01314,
    "6": 0.00552,
    "7": 0.00232
  },
  "alpha": 786.96275965205995817086659371852874755859375,
  "beta": {
    "0": 0.0950021154854872318384906293431413359940052032470703125,
    "1": 0.0816114097341432420673612568862154148519039154052734375,
    "2": 0.0890442219568222392833689582403167150914669036865234375,
    "3": 0.05260552803000899391161482299139606766402721405029296875,
    "4": 0.098071823445180006384447324307984672486782073974609375,
    "5": 0.06788810691889024528933305191458202898502349853515625,
    "6": 0.04935656127578792740084878687412128783762454986572265625,
    "7": 0.0841851399318538640148545937336166389286518096923828125,
    "8": 0.0591129468420410197904146798464353196322917938232421875,
    "9": 0.09232240599512897549772105776355601847171783447265625,
    "10": 0.057492200618902804254428673402799176983535289764404296875,
    "11": 0.061778259029086124431984217153512872755527496337890625,
    "12": 0.099307011727911065346319219315773807466030120849609375,
    "13": 0.0637778761919547132475116768546286039054393768310546875
  },
  "zLow": {
    "0": 0.000003509733046752391651242812545524554166528274650026185964965,
    "1": 0.000001980324270891560298184507597878510486504983406658707962258,
    "2": 0.000002571118919818577561660802521206773029369132399175500216891,
    "3": 0.000001955294481178607835323547187979123255923234122014484326762,
    "4": 3.07920922630315511708261354905152921211399331824154983122E-7,
    "5": 0.000001076864726231647344894662045811975497412300172871539772806,
    "6": 0.000018274828744516308184126422630022641474198488412621000714839,
    "7": 2.02022262163418132548634036782944321892013108960993768549E-7,
    "8": 0.000003755348797974985547359801537070912533081570951551024804730,
    "9": 0.000001538529453216234086702386031171036170425758495239435576686,
    "10": 0.000001449616840333428593780519724770745561134034352430025184639,
    "11": 3.80689102496742057621593210666525931027800299167508789012E-7,
    "12": 3.92787328042082408421140340272416897352031988278467743089E-7,
    "13": 0.000025719663764960583690479949742493398954602605584454864519012
  },
  "zHigh": {
    "0": 0.00013863519782565191649091437706179572211393684580349112633379892245437578611111073154255425723822388972177415294310,
    "1": 0.00007557143367456676921756635260748185564115054244712151290482894332248673653228442710865405020883672491244341855056,
    "2": 0.00010002789597192837311290545292621333456229573896836937363527090247000508811953928819942596619333641285810378876056,
    "3": 0.000068944764299014549826029931368595368070305315063195251383390699883022476745921000479162307640117734707946080304878,
    "4": 0.0000122574643148371889113354211795391839926698439350073134214601711510574546451901427840845860629688054780366515252,
    "5": 0.000039616572554108975140365490278747178964355013033742533803946450424421169208816625248527088666875263831046546624,
    "6": 0.000638443132808814217867816998362232891059936208362841356856247272883000455597674642107958548972026781317586057211022,
    "7": 0.00000776139510586024615823205365742791410383683625750659281516933655865736746544013234657441152604702463835241912067,
    "8": 0.00013485943732605136257353656366250775681669393704664440931503070461632692179272149616641917731955732592672780154800,
    "9": 0.000060359957678016318049019859390280192076917271476361231973045627774993034868623743073462928741226466713226450299,
    "10": 0.0000518226714305018049110307654804620529411574729240269312110615607284514909574347756399312195172990772625999081910290,
    "11": 0.0000137725040732616665383538305566081326672227522515048195141145495020693389858794113668682504942359263988280787501,
    "12": 0.0000156842734205074651131973150021961679547996371894432112449059376092502604369889896776697780755777843291653867790,
    "13": 0.00093562446607885350414684629431321796803352385105739145528363221222488419663414201081734369824203724247406789643077
  },
  "setupType": "Multi Region Model Regional Bidder",
  "population": 0,
  "id": 5,
  "worldId": 75,
  "implementation": "org.spectrumauctions.sats.core.model.mrvm.MRVMRegionalBidder"
}