{
  "regionsOfInterest": [
    2,
    3,
    4,
    8,
    10,
    12,
    13
  ],
  "alpha": 81.160313793302549356667441315948963165283203125,
  "beta": {
    "0": 0.0987600840796707124535913635554607026278972625732421875,
    "1": 0.10511212888872568937959073309684754349291324615478515625,
    "2": 0.10635764560769665754147439429289079271256923675537109375,
    "3": 0.058924447640351172716943750629070564173161983489990234375,
    "4": 0.0748235509368604112534484329444239847362041473388671875,
    "5": 0.11843922535986943500585510946621070615947246551513671875,
    "6": 0.07159976430490193333167070477429660968482494354248046875,
    "7": 0.062252384848637841441298945710514090023934841156005859375,
    "8": 0.0753615364975236123878943317322409711778163909912109375,
    "9": 0.1110202594871392556274969365404103882610797882080078125,
    "10": 0.10697833931279711328077297594063566066324710845947265625,
    "11": 0.091360131242624376124439322666148655116558074951171875,
    "12": 0.088204971218800387600111889696563594043254852294921875,
    "13": 0.05342750532372454730367650199696072377264499664306640625
  },
  "zLow": {
    "0": 0.000003376182466205869236404813688280832102055303252105660711716,
    "1": 0.000001537568092158911862656992395703699137490973607305200849826,
    "2": 0.000002152579463992410863085649899448799284442057242998340762911,
    "3": 0.000001745613285412040154392254296842758990982225029348708184728,
    "4": 4.03594402847306995855687600982854373286761681653124959417E-7,
    "5": 6.17247431747945525760642380064519835039993933263149746331E-7,
    "6": 0.000012597565278179236943455117754817514842050545504240170189927,
    "7": 2.73198728866837328955479153666200564974109604083413501066E-7,
    "8": 0.000002945663586295278976191754801908713517440118878374445497908,
    "9": 0.000001279412797911422242895500594147733376046082474081234317324,
    "10": 7.79051747674866527953031194127340496500802580943290922442E-7,
    "11": 2.57424214082362236936843897313181856543549205805944711656E-7,
    "12": 4.42226047505765837216861496208426530207094032596895650538E-7,
    "13": 0.000030702266957090406195156610886190672009696428003765991129595
  },
  "zHigh": {
    "0": 0.00013462868040925624404577441134448406017974770386587536873631561056101391080833792947039349135312489100986053189120,
    "1": 0.000062288748312587316151740896542237515170730248466516299531893111174187047457747037885715200721251813998839362894438,
    "2": 0.000087471712297143372155650874273474122214483484283054590015882623642725330862679438218971474426932504117728624332324,
    "3": 0.0000626543284260175193980911446345044401220750422832219671223628334092134351515545760034492328733422082549029256621619,
    "4": 0.00001512766872134693343575820856187022755493071442987641271031906393330846931620374562000784884309939953510789293200,
    "5": 0.000025828053719597920566344900306323509093185825845490833009717629452514963358363051558514239523231529077650787229192,
    "6": 0.000468125228818702080647677852106079092095497921111416441108893968275300100023946709182233328482070104693992273536210,
    "7": 0.0000098966891069628220504374071639256013962997311111791847906577014185495784432555993885803327816690601644488084754432,
    "8": 0.00011056888097566016543849516160764178634745037485134703011036761755108213809344499034765018342286584229231405515269,
    "9": 0.00005258645801887196273481329627958110824552699084161519419218573410276670529012686126124692593413409059654183989825,
    "10": 0.000031705718650744942936206109561159901002160519779424903345165051273648789020990698999473144673172377773707627934680,
    "11": 0.0000100745574208302719178113511560078104326952194506578971934510208218859074882462594206207112328750838454049741302,
    "12": 0.0000171674350044179679770689496802764569404514985189960484683902804375115336121448847117181409193249990227506279291,
    "13": 0.001085102561842748179287146128624136159686338523636725253601104061482061484807890095610222182388192994996016138671358
  },
  "setupType": "Multi Region Model Local Bidder",
  "population": 0,
  "id": 2,
  "worldId": 75,
  "implementation": "org.spectrumauctions.sats.core.model.mrvm.MRVMLocalBidder"
}