{
  "homeId": 8,
  "distanceDiscounts": {
    "0": 1,
    "1": 0.42045,
    "2": 0.17678,
    "3": 0.07433,
    "4": 0.03125,
    "5": 0.01314,
    "6": 0.00552,
    "7": 0.00232
  },
  "alpha": 790.55078305905726665514521300792694091796875,
  "beta": {
    "0": 0.0986576533970379976334896809930796734988689422607421875,
    "1": 0.0652290420043309115971652545340475626289844512939453125,
    "2": 0.0447596830962264657927107691648416221141815185546875,
    "3": 0.057766997392999008820169137834454886615276336669921875,
    "4": 0.0640904692768003714231639378340332768857479095458984375,
    "5": 0.06422723184385593919731860523825162090361118316650390625,
    "6": 0.05582205389897078318117706885459483601152896881103515625,
    "7": 0.08234311352042041065590893822445650584995746612548828125,
    "8": 0.06178552704101468451280965155092417262494564056396484375,
    "9": 0.08389672360354294422535303965560160577297210693359375,
    "10": 0.07816768193796252983673866765457205474376678466796875,
    "11": 0.09886194121748383134562487839502864517271518707275390625,
    "12": 0.073387879511196352222412997434730641543865203857421875,
    "13": 0.040403059848207030502198477961428579874336719512939453125
  },
  "zLow": {
    "0": 0.000003379687766228710166118094800279565872708772785908669973001,
    "1": 0.000002477685560175312180632962493336995643526351314899038180763,
    "2": 0.000005114944251984927027645920091090017030711802993607697275003,
    "3": 0.000001780589320521426959108431961052948280697426687318307338211,
    "4": 4.71183417753636512758759832048472540014092579649299849306E-7,
    "5": 0.000001138244722259332319600020619894746578769054373775701997337,
    "6": 0.000016158178385297284670421851177610322259510051180391686055640,
    "7": 2.06541527062361553982512129858975976503968266315191992596E-7,
    "8": 0.000003592908315254087911135375100393648472838272588855763364544,
    "9": 0.000001693042763940481203674848956710746646215454263484428227936,
    "10": 0.000001066190785485147813632630918746194664771675402971374266527,
    "11": 2.37890432799177241840986818729119157455128753339886430495E-7,
    "12": 5.31511961542626851260556808563502033418408600037385244519E-7,
    "13": 0.000040599537199981492643035625171325684917529372802524259769794
  },
  "zHigh": {
    "0": 0.00013473383940994147193717284470444607329935178987996564657487854771234943212141155087734127009865529872429367268854,
    "1": 0.00009049227235307932569101999947123641035179157969433141945999412404341022675143736644093599591639581237543235027025,
    "2": 0.00017634265593691885709245898002271065460257585680133528537863592476494908449525773643114845368951219352094658846,
    "3": 0.0000637036094792991235395764745608101188135310920223099417268480344548544519741534493083473171206236377927085939435,
    "4": 0.00001715533916853681894285037549383877255675064136976165940696526086700265253080451092070403009439914965299223330340,
    "5": 0.000041457972434939524381526247501230311405057639060867400539883704257696114320066463849750530394538562849460305244698,
    "6": 0.000574943622032243512456679854789863314619283091395961917080284487206615232469225145971993595839200440555480581285099,
    "7": 0.000007896973052828548801248396449708863742195490978132539536572258941891753334955246551323489548325154670646045912125,
    "8": 0.000129986222844424433486803770562189835009394986165786566109442772189764659351092394364320757047120980592289785855116,
    "9": 0.000064995356999743731558193747156471506350608144523711011510547694517742881718219399152423112627594354925091993230,
    "10": 0.000040319889785053381506594101299725526050286704440267403667693823188955627623693598349583623988755806694261324684,
    "11": 0.000009488543982334722064935638798485929460042605876676148758607740955801235824299243160785007526660605833874530556074,
    "12": 0.0000198460124255237983983798090509287220367909355422107362878261876890515270055046284059376370158230926943071943328,
    "13": 0.0013820206691294807727235165571781865469213268675994733128070894272293266046509885626521049276726222765302758976939224
  },
  "setupType": "Multi Region Model Regional Bidder",
  "population": 0,
  "id": 6,
  "worldId": 75,
  "implementation": "org.spectrumauctions.sats.core.model.mrvm.MRVMRegionalBidder"
}