{
  "homeId": 6,
  "distanceDiscounts": {
    "0": 1,
    "1": 0.42045,
    "2": 0.17678,
    "3": 0.07433,
    "4": 0.03125,
    "5": 0.01314,
    "6": 0.00552,
    "7": 0.00232
  },
  "alpha": 649.910367886295489370240829885005950927734375,
  "beta": {
    "0": 0.076378604581296249964594835546449758112430572509765625,
    "1": 0.0860541777071816282873584214030415751039981842041015625,
    "2": 0.0887489601094571256556520211233873851597309112548828125,
    "3": 0.0895705358970237675020342749121482484042644500732421875,
    "4": 0.084706359249871854277813554290332831442356109619140625,
    "5": 0.0972610552255071258986873772300896234810352325439453125,
    "6": 0.08283968046480738589565362417488358914852142333984375,
    "7": 0.04700951182671377071020657467670389451086521148681640625,
    "8": 0.0902450637461487958912442763903527520596981048583984375,
    "9": 0.054720317665288405184487174892637995071709156036376953125,
    "10": 0.04152676936366871129902023085378459654748439788818359375,
    "11": 0.05443634059538200731243051677665789611637592315673828125,
    "12": 0.05218514995058469441158166546301799826323986053466796875,
    "13": 0.07577480620098835106812629192063468508422374725341796875
  },
  "zLow": {
    "0": 0.000003882919980769722685314027867401033537235279662411971248236,
    "1": 0.000001670467498732202864617624038746328949048150824574196732150,
    "2": 0.000002294496681510042179607133843543175397831151406972466087731,
    "3": 0.000001021412539822551807152675382705403905776141434378253228883,
    "4": 3.17095612563007928518233413589415844592608488404368722053E-7,
    "5": 6.68557356614747858156591014827480730680982898126576883840E-7,
    "6": 0.000009684620214208961279949689524581634302611240113039356645242,
    "7": 3.21789394062013246558157739073904262600187096653064924398E-7,
    "8": 0.000002187924007780215857968047605126495758734508443950283990838,
    "9": 0.000002308804275884684385707330156177856588014097016891996425884,
    "10": 0.000001785076412574761752335014138275081064592502946269705762747,
    "11": 3.84273102612855749355854799969507888494474346843255398426E-7,
    "12": 6.64834036806123987729163156478012984648958570442294106138E-7,
    "13": 0.000019254546969990309289073217627066083453451673433208396973933
  },
  "zHigh": {
    "0": 0.0001461448004062941893499661600383344408201266918311889467964017842732801581540753545601226419551049944108498746430,
    "1": 0.00006448909566096330460515493292409582682858831301251665438940555536410898396385048881267198728963844336538431302161,
    "2": 0.00008919831989116291384629277525597070836527484496073209917851419620939382922014134355485780291820150794213528042227,
    "3": 0.00003979122305106116372231316129426149073154421050492347681642309100523091870664891279382831924573958867208072819310,
    "4": 0.0000121988698643222706962859783745675294953663199495511703447248355272104564225414335228377721988517002386217687347,
    "5": 0.00002655918009675504106788932811906757402391540539240140797221795982539508011567255191068537958124515287651630667889,
    "6": 0.000370765690823077319470700188340344673603519647218833100406303237850637927974960677144374447260904598317527948634,
    "7": 0.000011166398054447324370322827827300972730491256236781629276316345216153243878858297234933010860956282201917288044467,
    "8": 0.00008538265438879196915530932260234973365972946880508115419604508621840359386279395793437288304893704736617052172782,
    "9": 0.0000818979786168791415329500839356711465732631259000022435093690691076294514359587716354704157137232289085043586164860,
    "10": 0.000060965138025394579075109734279793439713162505916009738300468522832198757159220902856754652123806746616121706498476,
    "11": 0.000013620035227933431993946417695830648501976791185583312536227650784163492230467129155199460296326816012799410174042,
    "12": 0.000023414467494481732044263710623627155016450348063215752650341332159093423057880812045518622511282729567479448798744,
    "13": 0.000723537365613593594104362591127447805199258578332273414594329166782453680195699414912108541698821359335002678613762
  },
  "setupType": "Multi Region Model Regional Bidder",
  "population": 0,
  "id": 1,
  "worldId": 62,
  "implementation": "org.spectrumauctions.sats.core.model.mrvm.MRVMRegionalBidder"
}