{
  "gammaValues": {
    "1": 0.93121,
    "2": 0.72485
  },
  "alpha": 1021.0732359099152972703450359404087066650390625,
  "beta": {
    "0": 0.169213838093740687185118076740764081478118896484375,
    "1": 0.1426753918177545710221920671756379306316375732421875,
    "2": 0.11547857995012689169556097112945280969142913818359375,
    "3": 0.1466667383350128417429658611581544391810894012451171875,
    "4": 0.1947203452062140349720920085019315592944622039794921875,
    "5": 0.1265883444489481757244675463880412280559539794921875,
    "6": 0.172244523755548162302630998965469188988208770751953125,
    "7": 0.091367280708997189453413056980934925377368927001953125,
    "8": 0.1633481741110584806175864969191025011241436004638671875,
    "9": 0.08039127039983874623008119897349388338625431060791015625,
    "10": 0.142252717574166742675600971779203973710536956787109375,
    "11": 0.16036002017776096462142731979838572442531585693359375,
    "12": 0.15627339256277961165864098802558146417140960693359375,
    "13": 0.128822465265970576009380010873428545892238616943359375
  },
  "zLow": {
    "0": 0.000001752646315295625041713055557336486542971024878514915805379,
    "1": 0.000001007536794947731155155593266774758545827319855596231059739,
    "2": 0.000001763393648818355811196027706728923592561975760899769272485,
    "3": 6.23784708124279735278543660579383638437164855152238349733E-7,
    "4": 1.37941491660128564491221858418747700799174783048144489704E-7,
    "5": 5.13669676826762098219440576322102042351485427187659469320E-7,
    "6": 0.000004657743691791785587935003959426415683107240643493615653209,
    "7": 1.65564326840906584193290098887455388927836719673068034001E-7,
    "8": 0.000001208763689146665792666538238137314216005847714470754885177,
    "9": 0.000001571545054270463639568260281152076949467613967018730464034,
    "10": 5.21103974290464297683165534326530800981874159497724474274E-7,
    "11": 1.30446613016693807915852146163115726468419967228952426553E-7,
    "12": 2.22011331129464914967929673665001225099926327066316388188E-7,
    "13": 0.000011325738582370162997866943272245675540378452334208861786300
  },
  "zHigh": {
    "0": 0.0000822365904420712600419369907363980309921990483142772835106958316366540283085600663923031935763830525963054088,
    "1": 0.00004460117454742915332129400976494871473196338394317768421708049377087151609914512109346967409021804836164809564,
    "2": 0.000073265228910412322793959591151543154207199575578551194721119350847524969109648118754028206486225975259776094964,
    "3": 0.00002786238810011300156608920963048088271137491312814303044193381349753889553943389921542746034767715854154685797303,
    "4": 0.00000682424623723588977547563171944748518156330878886444337425145078946239730829511399745629738395482579758218731279,
    "5": 0.00002191254970311546826977481496390621337403048126423388553659288133549933837081396944314197840834847040654408378,
    "6": 0.0002199593951505620487102596213856881150183996631324608706453061443663759754202341230558115906251922389012663404877,
    "7": 0.0000064796460378141244993767986217075065203207449273817225644161068350406935135960629034611904275181147055067166964,
    "8": 0.00005600784482978546719626404159267428737786964692069528102622913463287243496092664019414730334309443497699296737525,
    "9": 0.000059780201968452519148777987684897757416868634403804264653859259201614262261434452549870218852123470638620318138441,
    "10": 0.0000230459648768656554355542761613369318048436423128502996462681384812520848032366110456027160538230698296662809516,
    "11": 0.000006005240540048573750746338081638883641195159797154223380039820535071674386063256392207304700455692575300894273,
    "12": 0.000010129786324181959861426706139236802229979380761936421111834296202560015027992091836488833579821945342322950094,
    "13": 0.0004856731139849892053681743604828355678070619453622873589653432008403392273769501655043973748108025229919041479460
  },
  "setupType": "Multi Region Model National Bidder",
  "population": 0,
  "id": 2,
  "worldId": 62,
  "implementation": "org.spectrumauctions.sats.core.model.mrvm.MRVMNationalBidder"
}