{
  "homeId": 3,
  "distanceDiscounts": {
    "0": 1,
    "1": 0.42045,
    "2": 0.17678,
    "3": 0.07433,
    "4": 0.03125,
    "5": 0.01314,
    "6": 0.00552,
    "7": 0.00232
  },
  "alpha": 777.338346580918368999846279621124267578125,
  "beta": {
    "0": 0.056570114155811444811572386015541269443929195404052734375,
    "1": 0.0818218901771154694113619143536197952926158905029296875,
    "2": 0.0822011654160685056869084519348689354956150054931640625,
    "3": 0.055603682862455490465425356205741991288959980010986328125,
    "4": 0.099063409179225903056220658982056193053722381591796875,
    "5": 0.065191180836014994692817481336533091962337493896484375,
    "6": 0.06736788492356336754962597979101701639592647552490234375,
    "7": 0.0859346576509838200319535417293081991374492645263671875,
    "8": 0.04385936772540117989382935093090054579079151153564453125,
    "9": 0.0670484184419526119125265495313215069472789764404296875,
    "10": 0.09323621461141085031698594320914708077907562255859375,
    "11": 0.09336908674654875728293745851260609924793243408203125,
    "12": 0.07841638652916148310989541414528503082692623138427734375,
    "13": 0.08776768564214083856445114406596985645592212677001953125
  },
  "zLow": {
    "0": 0.00000570322875222832243283293976253506494690677742979412577663669,
    "1": 0.00000191125294348984569770860448173395093903716639945918041925396,
    "2": 0.00000269494817571215391543776101491739323013708885062548579656832,
    "3": 0.00000178994829595491486022296589935579869851416433826611878450901,
    "4": 2.9496512126826285163534120398054723785586243948796873795424E-7,
    "5": 0.00000108509181458162775189589799228571658119971269050296972133296,
    "6": 0.00001295524954615067381545448032967336132105307493766072547144597,
    "7": 1.9149912856632901705714830903082335273283312039011005504685E-7,
    "8": 0.00000489746125787695268364080832600755722735910039278524340371790,
    "9": 0.00000204986318578457845873856072509267197712210890602334762029873,
    "10": 8.6492412387446412473795362925442204477175672557323969670752E-7,
    "11": 2.4372691116075183988897278612626877201710564365368090973950E-7,
    "12": 4.8131682278998631154592162996735520254293906942178548844732E-7,
    "13": 0.00001808427816266913482932468027227720755106947502820948650032649
  },
  "zHigh": {
    "0": 0.000203360092723875899587959477647793226061185726752987277187690507704414565403320883218778521292851094052488736301001526,
    "1": 0.0000729758211489868542357519219613392973231622064792588914833537920731264457534357073624556476197236478915727243622329,
    "2": 0.0001030012333493092991511839614242230517516279326233676960664600563263308172853109375804412157873435535008954002400540,
    "3": 0.000063651220617494416578735045168792014470764981519004493811733498900504546077350470679882414295824999369942194831113018,
    "4": 0.000011770978688227676731105253405876446053305012401966759768822722373609959689512760709447041925775854572756705089338,
    "5": 0.000039626596108255887264428944047126609545163190492046023125329248750237425562421000651831856342240447244082254864735,
    "6": 0.00047593426244263272830463988605917942681807330447973271352610150093732781262280095122556404421015961095514166228765490,
    "7": 0.0000073906150623707925193996744340418727641087416549192328309811881298724190611906417522648906570445461791132277041341,
    "8": 0.00016840379315932168886339387373269329927612046448429860761506564722171827593464781544951362143564127789466942929711209,
    "9": 0.0000752399040364612001097694103051344466711611894476047162457400049829406480554828440758637245003013674648058583702282,
    "10": 0.00003401194883984852777285368202867990031706887751327241168570618153255518861190312463290868822713399049920396261328,
    "11": 0.00000958746324588621729734117524268903350869733514324600395146733786194745839443543926614568091154075060774213463254,
    "12": 0.00001821381728558833807979696019944140762381333219151154955275025422544918257970304535726695362718115881541923637263139,
    "13": 0.00070124986896469173779292514371094680968676943194787509680190949089562361898406497142507432166696602730400346143549005
  },
  "setupType": "Multi Region Model Regional Bidder",
  "population": 0,
  "id": 4,
  "worldId": 167,
  "implementation": "org.spectrumauctions.sats.core.model.mrvm.MRVMRegionalBidder"
}