{
  "gammaValues": {
    "1": 0.93888,
    "2": 0.75552
  },
  "alpha": 1061.2233645489332047873176634311676025390625,
  "beta": {
    "0": 0.2042386505425809184455232525579049251973628997802734375,
    "1": 0.2088285280165422808096309381653554737567901611328125,
    "2": 0.09705026082110278229375666114719933830201625823974609375,
    "3": 0.17612009980729315117287114844657480716705322265625,
    "4": 0.09113369060261759801999659202920156531035900115966796875,
    "5": 0.1241854077302138315008761537683312781155109405517578125,
    "6": 0.164691447019009229446595554691157303750514984130859375,
    "7": 0.150478674126359235341254816376022063195705413818359375,
    "8": 0.155202805438534652271442837445647455751895904541015625,
    "9": 0.1894407906977283728711114463294507004320621490478515625,
    "10": 0.133584327164943339472102934450958855450153350830078125,
    "11": 0.112672217451955603007007766791502945125102996826171875,
    "12": 0.215156772319190447984027514394256286323070526123046875,
    "13": 0.18625385018421669602872725590714253485202789306640625
  },
  "zLow": {
    "0": 0.00000157968288917477898119960911833195199668719414680081943401041,
    "1": 7.4885519678866414311893419315662735981708547732998535826277E-7,
    "2": 0.00000228260984468449154612213859410989463862494731277022877695236,
    "3": 5.6511276962351718393630199624152291563800494305756819586975E-7,
    "4": 3.2063060662396382506867311013182388279213633720905819470293E-7,
    "5": 5.6961939410583553354453544729686885835599001318152703609599E-7,
    "6": 0.00000529941157466657881665994175515616106398440057605330020499623,
    "7": 1.0936042697977601894003013994379806942945980110386989939724E-7,
    "8": 0.00000138399272888916094932744793308049597510989707132272701013506,
    "9": 7.2550417533116081130741431287864990214034055729666461622415E-7,
    "10": 6.0368048368857647015298856539100923950729720114361287595998E-7,
    "11": 2.0197134329356935222406607930590920319249994100855402566775E-7,
    "12": 1.7542151061317566511705583362257943668784978015297570684316E-7,
    "13": 0.00000852178486123278459869644463875787563714141747519745402692189
  },
  "zHigh": {
    "0": 0.0000796537168322695960389595583216998375545982282631880869089022117394432704096611551871351817071967003538422330193343,
    "1": 0.0000381038887479514075980618133040195899465597788153830396536179964377920327595201919759583789721570210138045328754,
    "2": 0.00009063108341847942807171528879999809400626368648770998547798137681830773356757556763554901642109743689702321221628332,
    "3": 0.00002690615482755248629013512807536374098448019966274797615255568835211918351796846447869957940254670640199100064,
    "4": 0.00001254094324889870593410521059041474540139322933359944347128346411088602026453787542855160022964789289485706130572330,
    "5": 0.0000241624234939821207138880676974611778598515101724027425682202753348368103666570329663457492625260306492140816228131,
    "6": 0.000246259123298109878340803728823663419106013073631509955532609369709357351277724192393681122006276840801748120468380,
    "7": 0.000004926454014774202575886129361431114265007542076332028161492767995467241631580579917043416194593049895735002403811,
    "8": 0.000062999737289687936833993061944881461708644364840423115807580530189119521608862607205435678494459764758779256821561,
    "9": 0.0000355091337228586706868350179387137844217081389858042261235026478484727735006246391503087140334957537360601524175829,
    "10": 0.000026174639634271898135304730112777516159135091780383607063279862085143806626668793182285222637330681140520095766952,
    "11": 0.000008334796209870742667393974038078246443959164063892197429314659475810671558953248181925434333684418423967843825023,
    "12": 0.000009036957920284018686930986309098134648160653513447256104625567335994010578212573117102313079952989412342228552566,
    "13": 0.00041437506992160123087407807470536685226892770535751412259977133090635741269159199900809028957045039730612018830917
  },
  "setupType": "Multi Region Model National Bidder",
  "population": 0,
  "id": 7,
  "worldId": 167,
  "implementation": "org.spectrumauctions.sats.core.model.mrvm.MRVMNationalBidder"
}