{
  "regionsOfInterest": [
    1,
    6,
    7,
    10
  ],
  "alpha": 63.5706430799502726358696236275136470794677734375,
  "beta": {
    "0": 0.0632107097430482378630500761573784984648227691650390625,
    "1": 0.1101554930040140878322318940263357944786548614501953125,
    "2": 0.1054880880409249377382963075433508493006229400634765625,
    "3": 0.05475537148858371228055119672717410139739513397216796875,
    "4": 0.054804959338448470951288271635348792187869548797607421875,
    "5": 0.056709919278284122434730107897848938591778278350830078125,
    "6": 0.104764805202620880919539558817632496356964111328125,
    "7": 0.056677518615854051431401927629849524237215518951416015625,
    "8": 0.056408139223785680460565572502673603594303131103515625,
    "9": 0.0832929193642637788475013849165407009422779083251953125,
    "10": 0.113589549600748129787319840033887885510921478271484375,
    "11": 0.08402821989031694638327962820767425000667572021484375,
    "12": 0.0561931083145571219628067183293751440942287445068359375,
    "13": 0.07683919457052022783383193882400519214570522308349609375
  },
  "zLow": {
    "0": 0.00000510407655414349452329795159227025048577735226412397913561569,
    "1": 0.00000141965075166261777101456119669418117545310636534652176371143,
    "2": 0.00000210002745232716061879241990110996046793280319316975028928293,
    "3": 0.00000181767952043245401243359834952589432227210849901275957295364,
    "4": 5.3316799892776158856703384265008524234140295239006585014980E-7,
    "5": 0.00000124737290421709953556103375683164340714183476606879919254367,
    "6": 0.00000833073434244586631204069148319585669375767696532943594901261,
    "7": 2.9035166774584181960316715822404657863823884110547283127699E-7,
    "8": 0.00000380795319941268910944110141958240711696084018324514561893632,
    "9": 0.00000165008125154280679470158331051077983773896070022365897368065,
    "10": 7.0994428201883555881653961176237933664645303403026186957924E-7,
    "11": 2.7082043556725387449057695237637323510217298418672019179548E-7,
    "12": 6.7166823745733123794796947233386189848114797233254848401479E-7,
    "13": 0.00002065632324385556003929576391959176272443212838881234817909141
  },
  "zHigh": {
    "0": 0.0001853855267813310623019098325398487922273029717828828779570607002185039118852440672426811866895768860077226750252690,
    "1": 0.0000582277553941700164349306234101462044156404054558791318170779175795329331840118309495954797458084617370128095177226,
    "2": 0.0000851536116477595002518237280100000688854993628996956308478983845468451612592747845029755058135984736054954200633291,
    "3": 0.00006448315735182059114505401867389488318350330634140371746507235701987338626120289120519349375648723621474354591640585,
    "4": 0.000018917065018012638839056032565962586187871227789029673134689535514509822735537230113953195918691951604085920909946499,
    "5": 0.000044495028797320040774383016983504414323426852759020907261650451193724758242453911693865182034209372083956993840934721,
    "6": 0.000337198806331488503202226220664854287999211365309794027853100732335137966454722041734040197000138737021831652652,
    "7": 0.000010356191237756176595780239909838569541270913276380116117885266345850388960845576916547102997248982249509780728664043,
    "8": 0.000135718551405393781637402666539938795964172658198095674071618155627018283201139681965425397697219261079068469824062,
    "9": 0.0000632464460092080501886600878676776824896667432736140568471975268123366545745216641451059614087891987699375028520356,
    "10": 0.000029362553584179670795211261503918619073309766766983076871857823956327066318334296977275702015747245437018653006914,
    "11": 0.00001040026897808127833538930023019216740124935535923718241314662471843931448599826126811358892644429673637417723142,
    "12": 0.0000239243597256086858718583954704366085019595992788344394197743302967334623717298481802583062909041998220438804811551,
    "13": 0.00077841122140028449409205765313038346488764903276596094716485685732952441357904417291861123270536795864833533710617959
  },
  "setupType": "Multi Region Model Local Bidder",
  "population": 0,
  "id": 0,
  "worldId": 167,
  "implementation": "org.spectrumauctions.sats.core.model.mrvm.MRVMLocalBidder"
}