{
  "regionsOfInterest": [
    0,
    4,
    13
  ],
  "alpha": 62.79654167313437795883146463893353939056396484375,
  "beta": {
    "0": 0.1124925384952597251508876752268406562507152557373046875,
    "1": 0.067337479784617293443460539492662064731121063232421875,
    "2": 0.0529687400288110510349071091695805080235004425048828125,
    "3": 0.07424068121361164507288066261025960557162761688232421875,
    "4": 0.0924396021949540902529207642146502621471881866455078125,
    "5": 0.05532888906610335111313503375640721060335636138916015625,
    "6": 0.11363594791609986367486584413200034759938716888427734375,
    "7": 0.1034986744930781465967584153986535966396331787109375,
    "8": 0.050223415649737368493532585489447228610515594482421875,
    "9": 0.06613493741724407737336832724395208060741424560546875,
    "10": 0.06383111740556239588340048385362024419009685516357421875,
    "11": 0.11859970464149434399292459829666768200695514678955078125,
    "12": 0.10523242315723767281721023891805089078843593597412109375,
    "13": 0.052225062616091368072890332996394135989248752593994140625
  },
  "zLow": {
    "0": 0.00000286803290143423628278073043165675081523148036913401152515170,
    "1": 0.00000232236681478297796754474991759179976534439159208607463893883,
    "2": 0.00000418223806454433582076510254881649249033050655939309279664645,
    "3": 0.00000134060889207225937064846474798453148808693075879633959283807,
    "4": 3.1610099792697862699101259896611170119562463207564381677520E-7,
    "5": 0.00000127850780852579375862137194423689606248637111491687466193791,
    "6": 0.00000768038439055843874165013507545939607779504403372062948009488,
    "7": 1.5900118657954216583998189986719699180806645372870161853638E-7,
    "8": 0.00000427688064324741575293502828748811686708770018640050822324727,
    "9": 0.00000207817667932656460066882813631550989102353150502518236954000,
    "10": 0.00000126336894157392084299191553571300345764508831100163591181917,
    "11": 1.9187703021205340768412155565002334445385380216308835251965E-7,
    "12": 3.5866442001902710733997694385524251474698902776356251023743E-7,
    "13": 0.00003039183030787081911968974982136898964395548285615687436759185
  },
  "zHigh": {
    "0": 0.0001183042172000533150863931977214438021109268149331838496431410326068999293289373806046093872309055715414333906443967,
    "1": 0.000085309237287780822330836285037074762112378962258065718073899887394546462554378673596956527097119775963518390352993,
    "2": 0.0001476199300142747563110042074411960295574304638863959060688038622411913186370372775932480034293352809592384461027653,
    "3": 0.00005017103850101475189150001062765399815794797413491111806160530854089738828160436563215946107303071075623970483882961,
    "4": 0.0000124050549879891499917753952554433799534978781795970121334514363027331695717196267632910350072432463663796733653174,
    "5": 0.00004542907592658086746619316260566199398376294322446317134347791642096467140467904335890447770340099921611647333571969,
    "6": 0.00031768830777486567609050952843276046952033237736152983378556882593729919122328762982947895386505237317366085611500000,
    "7": 0.0000064156768027671869828846821591330819363657416550769797356668867904162555105815478985072721066745661922246207895,
    "8": 0.000149786374720435580942220472577110088467978458292756552200946743150594779875573918626300304082502154234142075274267,
    "9": 0.00007608930884272078436767743264181958408820386741765975872297796483265182781940388101360522033942745852990059476185,
    "10": 0.00004596529337083222932047253922243734270326882507612429813905557159561539066430799436532030612302085904151462860360177,
    "11": 0.00000803196681742526433119563832840167068179977989852822723487173986474031207311380436465150245432551951995154248135684,
    "12": 0.00001453424520245956195361861961607802698993483094176486020645356801537049584125827413185373631452306320554240240286211,
    "13": 0.001070476433320742266503877230183700272473349666786296732819870160593695097074324626351080212962471638118682477964209215
  },
  "setupType": "Multi Region Model Local Bidder",
  "population": 0,
  "id": 1,
  "worldId": 167,
  "implementation": "org.spectrumauctions.sats.core.model.mrvm.MRVMLocalBidder"
}