{
  "homeId": 4,
  "distanceDiscounts": {
    "0": 1,
    "1": 0.42045,
    "2": 0.17678,
    "3": 0.07433,
    "4": 0.03125,
    "5": 0.01314,
    "6": 0.00552,
    "7": 0.00232
  },
  "alpha": 736.1895425305119715631008148193359375,
  "beta": {
    "0": 0.0402481598766765424901592496098601259291172027587890625,
    "1": 0.06511432818227447238967897646944038569927215576171875,
    "2": 0.09198868094361740965769769218240980990231037139892578125,
    "3": 0.09912611448873755171096178173684165813028812408447265625,
    "4": 0.06773437348684781256213938149812747724354267120361328125,
    "5": 0.0989470255559849187765308897724025882780551910400390625,
    "6": 0.06373699625588835626643913201405666768550872802734375,
    "7": 0.06582978028901113887183527140223304741084575653076171875,
    "8": 0.04333183208264453079028299953279201872646808624267578125,
    "9": 0.0821873076417933001724946961985551752150058746337890625,
    "10": 0.047594786315279420663149068104758043773472309112548828125,
    "11": 0.0966902692034233013362864994633127935230731964111328125,
    "12": 0.054494256582022330970271895012047025375068187713623046875,
    "13": 0.041103074812852635755433539088699035346508026123046875
  },
  "zLow": {
    "0": 0.00000801607582952444168845810041606838742319085448100522365876747,
    "1": 0.00000240165771203465296797991896032211971368289674854773305301032,
    "2": 0.00000240820803719566132381824455993295321276349987831311800258105,
    "3": 0.00000100405143389109420882419239349500912608135184912507455121916,
    "4": 4.3139471139379027288711968852438739351275037217575758614208E-7,
    "5": 7.1491200782024777880095905063932867002972950307599430161101E-7,
    "6": 0.00001369326783265997256592684222236859958460852154766851961553099,
    "7": 2.4998430773368786282821824224691872727257206007885167402652E-7,
    "8": 0.00000495708452438510236391843042288393867335705952722093843632384,
    "9": 0.00000167227870790292706296984567753010842183999762544529439553451,
    "10": 0.00000169435052616797537479440836859544598468139195051205495327688,
    "11": 2.3535521514331381326030907190588322881363371103272157356115E-7,
    "12": 6.9260741197704409374864200237045780591319459388474093403413E-7,
    "13": 0.00003861548675063759812458440383607044114415651508632779961056748
  },
  "zHigh": {
    "0": 0.0002727455050427594772567142972537929003497080382893202136516139918482833488722236131828223232952728469492457698244413,
    "1": 0.00008768796420533107234389135631898436056253411695191547049604465876854571272398122092047451597131913636407571523417,
    "2": 0.00009439902919381452140259846777468985123042026345399666224684209543946121371953427293477652357638479226894661902128949,
    "3": 0.00004007431475557979703677183999296832729778060684477316681303798845924275507766975990988392679029535551753641031592424,
    "4": 0.00001586386639199349936865860794219165072301165038260042521445792916543223855668555086653164752983942030998027458527363,
    "5": 0.0000285212019054144880715807757977349722100636948692367605336706670760348453928192900106131610107394358831923016874417,
    "6": 0.00049807481103791169081881074284003657472473670277996653784865211515479624826048309635947717273039089177033270928392,
    "7": 0.00000914517043739155789253177243052473400030090984558148140037107129917159985655044823563839570429845467699573695242015,
    "8": 0.00017019249115456617927172253663898474265605923851736945859324373747799346204947279564273340832662475566074231270338959,
    "9": 0.0000639123697000116582367079588782575400126978510302631195028134832459944659726929087394129439598322047510902985045464,
    "10": 0.000058894740908653865274547324208910618514357934261436869382786851099631361705267269285105806812949597365967987639275604,
    "11": 0.0000093363123653630764984812638160774672125931771646172238661166074544316541813785459174009169824688082781799444442240,
    "12": 0.000024552534961200071545878571371534485724920997925400212920354524468282940970379771662765369552484901040069534116387138,
    "13": 0.001317186126603745636650716850624743817479380633691424490109139110177129982925467384059479260242533667884055102720066
  },
  "setupType": "Multi Region Model Regional Bidder",
  "population": 0,
  "id": 3,
  "worldId": 167,
  "implementation": "org.spectrumauctions.sats.core.model.mrvm.MRVMRegionalBidder"
}