{
  "regionsOfInterest": [
    8,
    9,
    10,
    12
  ],
  "alpha": 92.082589269978114998593810014426708221435546875,
  "beta": {
    "0": 0.062184081391638688918188648813156760297715663909912109375,
    "1": 0.063386585422783969789861657773144543170928955078125,
    "2": 0.06734082250737145891594792601608787663280963897705078125,
    "3": 0.0914479225479137014520603088385541923344135284423828125,
    "4": 0.1167637312017698880683980178218916989862918853759765625,
    "5": 0.11256813423985910505020768823669641278684139251708984375,
    "6": 0.11489500889439378805700897601127508096396923065185546875,
    "7": 0.09632083526287449348757263578590936958789825439453125,
    "8": 0.1111262962405985543767883427790366113185882568359375,
    "9": 0.1032337510291906068626843762103817425668239593505859375,
    "10": 0.11861438718645499201809201395008130930364131927490234375,
    "11": 0.07195976516483999774198565546612371690571308135986328125,
    "12": 0.0616995017777999532615496036669355817139148712158203125,
    "13": 0.10009560881935375409312882766244001686573028564453125
  },
  "zLow": {
    "0": 0.00000518834232732822214251496860331009913764030152669390378468210,
    "1": 0.00000246712024949531419012958348672891783788624391680637827583612,
    "2": 0.00000328965213864439035167314678475053382816537919149053139869152,
    "3": 0.00000108835405567931449096072122294781952631134517398010765811415,
    "4": 2.5025108568434472407296454338566632794665687666790113923953E-7,
    "5": 6.2840534033674045386217647963297950605283803508617429468491E-7,
    "6": 0.00000759621996620700168209126904183635399324102136401969451712049,
    "7": 1.7084997247892545884894993950127073532815200673438213655574E-7,
    "8": 0.00000193293182169115473383466680266132178340758244398952064274718,
    "9": 0.00000133134835515543358531554403839734981048993847616208330095979,
    "10": 6.7986905424365647334839741917600532252199891326137119097936E-7,
    "11": 3.1624004134126359787445907834667233737645118207581143236838E-7,
    "12": 6.1172497234763426098503553664342070026201386032209370404088E-7,
    "13": 0.00001585699172588762565788240419908046597623416930534686635479886
  },
  "zHigh": {
    "0": 0.000187913499976872890878420342871044251783191449659980617429052817949079734175746236859560688589889370980742115656815769,
    "1": 0.000089651840329150909008381292111188304288634531999674827180818494046624686750484161349848753608750208776862594193,
    "2": 0.00012084235223727639223824553451921726969247664284931906413015598270735969033343190590189286425470872822321158327720951,
    "3": 0.0000426033934092264055008677048765526393046804065904241600198877352347884482293262603805854630242195152967770132049550,
    "4": 0.0000104295576207101329042339535880300187560288455173647318073813107949005974271376316897420868774515717099863065646871,
    "5": 0.00002592600188090926832341729866754449729075695082954216032588791780822223482506905196824976560042372022339388577086800,
    "6": 0.00031516337504432256430374354742406920698371169727050178489633713887373322382112813212180879007695521387130119585858400,
    "7": 0.00000677114037974868577315372334815529424196830824524739527624783284921319529719495287551535978169329239098263071236,
    "8": 0.0000794679100737477503692096280323062359575749260204269247859440161896213888681248062629079938537290850476368813798,
    "9": 0.0000536844591175868539070789097042747816721960765517667866655717744874868093750863320868714081149285999783499326868607,
    "10": 0.00002846029675092429823116699572632739864957614314391635651386142024257064813571228275665969087521244105743283530539990,
    "11": 0.00001176285715130157003690576400930114046947770129590991963033359636957015001834272429367146294345662798052551274009565,
    "12": 0.0000221260617723177765629703773997233725553855759185207960205572007397186762290870407491800978072728212370507151910273,
    "13": 0.00063443127586124646264965686151504456244171026026199649243608049060049524444852475932103056615561715926479809517947
  },
  "setupType": "Multi Region Model Local Bidder",
  "population": 0,
  "id": 2,
  "worldId": 167,
  "implementation": "org.spectrumauctions.sats.core.model.mrvm.MRVMLocalBidder"
}