{
  "homeId": 1,
  "distanceDiscounts": {
    "0": 1,
    "1": 0.42045,
    "2": 0.17678,
    "3": 0.07433,
    "4": 0.03125,
    "5": 0.01314,
    "6": 0.00552,
    "7": 0.00232
  },
  "alpha": 513.0639495329793362543568946421146392822265625,
  "beta": {
    "0": 0.04953875816333720705220144964187056757509708404541015625,
    "1": 0.05031758704693105321847923505629296414554119110107421875,
    "2": 0.07441514502863366686824520002119243144989013671875,
    "3": 0.08675495100199669129548141199848032556474208831787109375,
    "4": 0.09455045020923623366737587048191926442086696624755859375,
    "5": 0.08652607329145388381785863884942955337464809417724609375,
    "6": 0.0994549381015880362699732586406753398478031158447265625,
    "7": 0.04471187032499469860002960786005132831633090972900390625,
    "8": 0.04062659447333895335052744712811545468866825103759765625,
    "9": 0.04920496951326451540165152209738153032958507537841796875,
    "10": 0.06568283208689640328969971960759721696376800537109375,
    "11": 0.05221412589945893800713605514829396270215511322021484375,
    "12": 0.060933553792513084346182949957437813282012939453125,
    "13": 0.07612357479050946285070722296950407326221466064453125
  },
  "zLow": {
    "0": 0.00000651272485488013199552031742972651040777208951679678335069099,
    "1": 0.00000310790595536820025283653444583861145858814686831724645535964,
    "2": 0.00000297691929101538002254681129847613272312646981431659480457704,
    "3": 0.00000114722809752009481700024945090870477682722346848562961664553,
    "4": 3.0904401234615706894770208893686124108087863497191100510003E-7,
    "5": 8.1753873736758753512583817805518897287143848413919408122949E-7,
    "6": 0.00000877550956484069553639982095027301865127143547550477901776852,
    "7": 3.6805465604980082617009014002869309975357001185054341514370E-7,
    "8": 0.00000528716612885415405287263374201980551563157029716908952880154,
    "9": 0.00000279321552251318463184125424797309557147863759209338640156587,
    "10": 0.00000122775234675415300673586363193419357866026799398894025470641,
    "11": 4.3583146741660637182156032375356558822637589273184585647956E-7,
    "12": 6.1941448790936909640617154306130971729477647612636907671570E-7,
    "13": 0.00002085050846881746092587342766773210026084524138713225575784331
  },
  "zHigh": {
    "0": 0.00022764497580343018646858080766353658988714508936306700440931960860671346469488735532858949959599255357110112807599020,
    "1": 0.00010887541150533749088958982088447911290969162054500087256652422925854789961540748584331106008896265860732959032666456,
    "2": 0.00011146036680840608236445546993098523654130936153410096630672159539359584636128466254247914658120469135350856712,
    "3": 0.00004436961466444981528205355171537919682015675542558981877582924157038092192273416229415289120461119083564883164858604,
    "4": 0.00001219334542056450325047607995456586615005549826648502778319630571552161392825791096802039426984787772262602789644901,
    "5": 0.00003160000379183468076132714962021078129531496430113275392222506036260332341086636893782229604221615092137122431929673,
    "6": 0.0003505420630033333799330001046771691467246241206150543199157782531684983415127994015532743541089144572519438705475135,
    "7": 0.00001268728088687494679278792936397796517473084839873223363388665539110406718227241931469453707810263923287390525100190,
    "8": 0.00018009493928863772994034863621306074792429456161581399136757488267222980774402783670903669057361434578217319403867248,
    "9": 0.00009754047413831938530285021599154715450185705002970587968375426880279272545931895092401909771237825507708333510410484,
    "10": 0.00004489679552623919423279098210907304633372421556574342842567286895382127284834660376857133608445245268575552315669,
    "11": 0.00001535059993356185325531880137150793799497544261559095235366904979158998980304568817578773556570434495835256990438382,
    "12": 0.000022356747239169821625604457592260043066368454392649057200801758661885670592774172023551062202474663229632539891,
    "13": 0.00078423677814914152068938756557459359098004242271555817452741389398968038273676711594564168108362902301172742587547
  },
  "setupType": "Multi Region Model Regional Bidder",
  "population": 0,
  "id": 6,
  "worldId": 167,
  "implementation": "org.spectrumauctions.sats.core.model.mrvm.MRVMRegionalBidder"
}