{
  "homeId": 11,
  "distanceDiscounts": {
    "0": 1,
    "1": 0.42045,
    "2": 0.17678,
    "3": 0.07433,
    "4": 0.03125,
    "5": 0.01314,
    "6": 0.00552,
    "7": 0.00232
  },
  "alpha": 522.9501123622394516132771968841552734375,
  "beta": {
    "0": 0.09344653358942354992588974482714547775685787200927734375,
    "1": 0.099550408987313321329537529891240410506725311279296875,
    "2": 0.049375454313646087445288657136188703589141368865966796875,
    "3": 0.0822020430174830452063616803570766933262348175048828125,
    "4": 0.05572019511388470736079625567072071135044097900390625,
    "5": 0.061468890473660352247176064111044979654252529144287109375,
    "6": 0.050535266817464515043401007687862147577106952667236328125,
    "7": 0.06902511104719037671184622695363941602408885955810546875,
    "8": 0.090629168861299735926451148770865984261035919189453125,
    "9": 0.098742992495755854687189412288716994225978851318359375,
    "10": 0.05866131436328743398167517852925811894237995147705078125,
    "11": 0.042084034572351790293165407774722552858293056488037109375,
    "12": 0.077774661416212975684203456694376654922962188720703125,
    "13": 0.049237813484446189826737594330552383325994014739990234375
  },
  "zLow": {
    "0": 0.000003640245569533373981469475268125760828833365633695397181811,
    "1": 0.000001656268179226388933592101206446196032313840120716905896895,
    "2": 0.000004730459402958723279436738096386937969861357961962370201949,
    "3": 0.000001276578318064191261829142993458695587997207946459484005510,
    "4": 5.52913683200195891101685036976012699051809698556533292703E-7,
    "5": 0.000001213349715003258192044118639226986669277085281007519102756,
    "6": 0.000018209170558240595416849602435916714607296490755388508136553,
    "7": 2.51370362049611169626433780308392006041939905999654004973E-7,
    "8": 0.000002498914574683130344143549365536144149796486744118361619783,
    "9": 0.000001467550857877504881601768438789793635356669683165928295901,
    "10": 0.000001449428795589007763286673166894399211455174683281920996863,
    "11": 5.70131791001184180525007806815507517056294044813572689446E-7,
    "12": 5.11665069547215249527735516133399889864364790702589489590E-7,
    "13": 0.000033987803417073587763013176747229161450716188395021015563806
  },
  "zHigh": {
    "0": 0.000143224200074716288699792489715872684972110767384442550995453276083392665399049042917127404721486364520668689426533,
    "1": 0.0000661762628402576459827840736095062228995315906924781369784048302234332212466126414957104767253323707347753008148,
    "2": 0.0001652706403020962972570358930996169529870775224563115027645395617021482469640096634010861399837608995227205958874730,
    "3": 0.00004879108412359561818580237845813520003324019292470806754665674383965050358790450452265571303545159902413429945936,
    "4": 0.000019668256326911031942792448419014650695878697472803075483758109586650341634828556771571973544594061653097946088,
    "5": 0.0000438588175238759738469048358884953665075651902867879138745378568616105167463913889481206439032266610094295450230977,
    "6": 0.0006382956460157586386178480209002289747094297565378847404465186231776184336568200475168184028041070320013249092217843,
    "7": 0.000009276197576933021145754887985391118502977165971691972333713572805223654453008832430126863185667999304449664858845,
    "8": 0.0000976148923363859533245688514003055820421553685731939270150214259812060606917706145102050645164374902110193747975,
    "9": 0.0000585175620709789995828475371270509793682355085164220848938169789323574982131263668933590200038057791709053396639,
    "10": 0.000051985403690195019622527978174366042709430801009218870174195078041001785698663431853451131614847788064287838635342,
    "11": 0.0000195032983303645934533555485274307917542454387306642675103294524748390648856046125314404482297843574994988073371654,
    "12": 0.0000193294098406702305534282065930234626689889750271614912427762999083797138541553734421413779466539493084183070492,
    "13": 0.0011869826150517968516399756095344680678521006237088293916453661788575371114728402964939219436321751748352985670037903
  },
  "setupType": "Multi Region Model Regional Bidder",
  "population": 0,
  "id": 5,
  "worldId": 30,
  "implementation": "org.spectrumauctions.sats.core.model.mrvm.MRVMRegionalBidder"
}