{
  "gammaValues": {
    "1": 0.95130,
    "2": 0.80520
  },
  "alpha": 1175.447333208622922029462642967700958251953125,
  "beta": {
    "0": 0.11126020983859379043234838491116533987224102020263671875,
    "1": 0.11846032228688176124453690363225177861750125885009765625,
    "2": 0.205365235814198132668906282560783438384532928466796875,
    "3": 0.14892275983112146509057538423803634941577911376953125,
    "4": 0.11005216556963602625440756810348830185830593109130859375,
    "5": 0.196311674526346069402649163748719729483127593994140625,
    "6": 0.1849537408155590145764080034496146254241466522216796875,
    "7": 0.088484846991526477921752302790991961956024169921875,
    "8": 0.18412933857906599310894080190337263047695159912109375,
    "9": 0.1778891887019703743622045521988184191286563873291015625,
    "10": 0.18389820382390087427637581640738062560558319091796875,
    "11": 0.15772346994971531142226695010322146117687225341796875,
    "12": 0.206222940498933249298119108061655424535274505615234375,
    "13": 0.2003062079774708958979090311913751065731048583984375
  },
  "zLow": {
    "0": 0.000003057412262484818399411746422332041956285182194825017748729,
    "1": 0.000001391876802726871797195609069711159991698237860856261665499,
    "2": 0.000001137332622083440225973834303968692529771617292481724441626,
    "3": 7.04642768746011971102522447114704458478006943828277219435E-7,
    "4": 2.79944135125240720084424785219134652412899850042916017006E-7,
    "5": 3.79922696486259206792839864821474523941854554971190551973E-7,
    "6": 0.000004975326741853044909187992010387068978971882398356204637681,
    "7": 1.96088570465725294193615980097122952422365510532224129869E-7,
    "8": 0.000001229975367894297877144256512648088139838434618909293903836,
    "9": 8.14610288595539837436495861789406537311585087273758369076E-7,
    "10": 4.62350346318049734753805717211525955573425399196419760044E-7,
    "11": 1.52123498239926899340999719984257438152470734461395982259E-7,
    "12": 1.92968723296541202199466533361941328795473813044193704375E-7,
    "13": 0.000008354634348547572796491341408353618873128892171796256972407
  },
  "zHigh": {
    "0": 0.000125739200863259621238060624342061118795665264218331168002993217276989649006407839464859143658824441585551222438771,
    "1": 0.000058244521545272131890889309507455141681063522896658810036551651110537590696052477753023115349108868868169068635519,
    "2": 0.0000574768368758378056531487793270695897843853023718921299548689257323098884218197652168753519122146418690055342997,
    "3": 0.000031633017644050239464003762067815466147664162845771863964411425322524293495636644489675730698344231258713992533,
    "4": 0.000011479169884662376812274640866308309296711402017394557212851879453749609558306187531469902406009326605403990313425,
    "5": 0.0000188560069683660042893664726563300021475082685056980573510722898891115193809691157586501672253984619839951467069,
    "6": 0.00024128033152413212338799970813433960585969150582691563548036089882340210598735811310336620331779842298460772314242,
    "7": 0.0000076177438294164448827703539790530468943899341076690760805919887894561564301925277320599375512511482256018711,
    "8": 0.000059546716132720979314590065813663901743413804816921895536601194459471652602218472131837299751906236868409824272,
    "9": 0.00003892934499252004825788935981703936642688297063965698708908915700571426819387065507293776015151555021847926972539,
    "10": 0.000022373050212066278766541954683879845032978322486653833069597197977288792204767655926679738789125071609575768282,
    "11": 0.000006963049547526875017835305922493289387130739420098966294741298958138113663028245696408005042434505783280248668,
    "12": 0.0000097685194531500091335801371098797058369222456974096176863087286614005508477584909819333985876826536421668710178,
    "13": 0.00041798754299601640264432054936820179052448173701208663390337808951904904125487106262521415113916867118575017156
  },
  "setupType": "Multi Region Model National Bidder",
  "population": 0,
  "id": 7,
  "worldId": 30,
  "implementation": "org.spectrumauctions.sats.core.model.mrvm.MRVMNationalBidder"
}