{
  "homeId": 3,
  "distanceDiscounts": {
    "0": 1,
    "1": 0.42045,
    "2": 0.17678,
    "3": 0.07433,
    "4": 0.03125,
    "5": 0.01314,
    "6": 0.00552,
    "7": 0.00232
  },
  "alpha": 819.5251609075161240980378352105617523193359375,
  "beta": {
    "0": 0.0804627157148633254113434531973325647413730621337890625,
    "1": 0.0896954509558464951890499605724471621215343475341796875,
    "2": 0.08957535315945976128748640121557400561869144439697265625,
    "3": 0.0895684609112981922063312367754406295716762542724609375,
    "4": 0.09678407008326699034750362216072971932590007781982421875,
    "5": 0.07459643720740195826923724098378443159162998199462890625,
    "6": 0.04359739205399236483540192921282141469419002532958984375,
    "7": 0.051214612417712919445467179002662305720150470733642578125,
    "8": 0.0650053043908098704406484102946706116199493408203125,
    "9": 0.08412648915842756147664971422273083589971065521240234375,
    "10": 0.07383319961914713847050961703644134104251861572265625,
    "11": 0.041451567515468933089461955887600197456777095794677734375,
    "12": 0.04044236098621210862003039210321730934083461761474609375,
    "13": 0.0790777933646181485638493313672370277345180511474609375
  },
  "zLow": {
    "0": 0.000004227651613109967787299500646942590040163669132367912388929,
    "1": 0.000001838244558420523686358784210333575142932119177516437658486,
    "2": 0.000002607509475486556555611813438972504286777385004108822319971,
    "3": 0.000001171588132128571335156610808972057614877253897577945970824,
    "4": 3.18321582080045528101450374267424964256650533655042566971E-7,
    "5": 9.99823363284991177087594695363087782316417380093822508764E-7,
    "6": 0.000021106888493371276360965595620012309007343491161062692698200,
    "7": 3.38787434588608661062799324388780952043362008283791079429E-7,
    "8": 0.000003483939550492102392933264455561969831494612296061255998521,
    "9": 0.000001722529548019558684824354907961855890461396443952563104136,
    "10": 0.000001151587614566797938447238765148175447140514428793512436035,
    "11": 5.78830848660591296288276115920903741836478462269240889061E-7,
    "12": 9.83982551268576412060559930407465481019546598722473342233E-7,
    "13": 0.000021162516734371361588933549949445191057395004591374615169826
  },
  "zHigh": {
    "0": 0.00016084638138201410287469325108037756131201987234461800720897101675675843298720098325183811830457156049522677819275,
    "1": 0.00007163555421608168856578456372612759621807996239646408982615129497651739456242401814437331258483414046016938062537,
    "2": 0.000101582142477931295542288153377183942494558333720705066305210223896612753185895507167549950920432386715806721807840,
    "3": 0.00004564137854552702038562641292353606083964157145826192650607361374992427754935796279803932868750512080146485642765,
    "4": 0.000012630493293306521052785408537757018652023922525758353711786078759499462940107567266929219036464622585009301866931,
    "5": 0.000037453026972327963398209117572578399898745153259377016054783802427212919881861564052050478861826937004806796114203,
    "6": 0.000725227184069679066941327816423096806710839768708110277295946705162890661315718154714633290201949377896559866100546,
    "7": 0.0000118987097531029458888458543078027868830198290402160845674188022223065917722563334197075998627534306861199349477629,
    "8": 0.00012716564161065511478826030410108035249309913513148075837715699382445794429674041480352801691754347875367828465,
    "9": 0.000066166922775240613679525131202212847021377311340021129140871116793672592567318917627986268423374128722638890903742,
    "10": 0.000043050168259528724877344946121979329779990993374566613349332370282220727826054973771691587857446200998653445389,
    "11": 0.0000197642700601468069262535978005926784976509712543343134987986258028324968648341731017876997288621088519049684825498,
    "12": 0.000033498934292311065429412939021245430403644429267758006822057795594678744113616474022481179433104281094791535864560,
    "13": 0.00080222401457073006641758680560094895605246510959943737982595399050257785355850612869993581716079958124157329078598
  },
  "setupType": "Multi Region Model Regional Bidder",
  "population": 0,
  "id": 6,
  "worldId": 30,
  "implementation": "org.spectrumauctions.sats.core.model.mrvm.MRVMRegionalBidder"
}