{
  "gammaValues": {
    "1": 0.97440,
    "2": 0.89758
  },
  "alpha": 1149.469985115115605367464013397693634033203125,
  "beta": {
    "0": 0.17617159509731383781883096162346191704273223876953125,
    "1": 0.18151338900158353606428818238782696425914764404296875,
    "2": 0.130794304371223024663350997798261232674121856689453125,
    "3": 0.2010760825573749965844427833872032351791858673095703125,
    "4": 0.1754878225262992419430929658119566738605499267578125,
    "5": 0.153562077927007656352742515082354657351970672607421875,
    "6": 0.112985451695582328479616762706427834928035736083984375,
    "7": 0.08392584542565982574924277059835731051862239837646484375,
    "8": 0.08378516672138448806439470217810594476759433746337890625,
    "9": 0.193277299753460696241091909541864879429340362548828125,
    "10": 0.1537821538115109465394425569684244692325592041015625,
    "11": 0.219854167476202899678128233063034713268280029296875,
    "12": 0.10619085226431658475210184633397147990763187408447265625,
    "13": 0.204523633351819833503526524509652517735958099365234375
  },
  "zLow": {
    "0": 0.000001930892035684005575080685579932947051733756601754629092931,
    "1": 9.08374723989211262067756525574007662525346485110819690316E-7,
    "2": 0.000001785770284541037370848203428553177676764341113509783778217,
    "3": 5.21878805684191746751667026463851113605219395280996913737E-7,
    "4": 1.75558952556007039912256958548268280101970189956403446510E-7,
    "5": 4.85688014545060970839689009713597100726974611926505180762E-7,
    "6": 0.000008144458236665059970058653078503615654470277531732933198265,
    "7": 2.06740451245331591444936658000446664687845285419128255450E-7,
    "8": 0.000002703038733717973619115985214913425581177929119286871427533,
    "9": 7.49753662387576178183725179826807785935241385503026274759E-7,
    "10": 5.52895092947277484303523891936366391464012403279656666703E-7,
    "11": 1.09133460050911885822485844332669575619649730303863285634E-7,
    "12": 3.74745815614005964870933252053403407965608713144517344987E-7,
    "13": 0.000008182355740361687948576238665112123882389530170329194529270
  },
  "zHigh": {
    "0": 0.000091943594059235236508128799070088271659122496426219508329049815168333056880852909713277064006987580495920609427,
    "1": 0.000043739459183142315837053733183340571805876781624295550781041116223714238196067541933197680891887801772101304297,
    "2": 0.0000769299667495657199993798530646041441941670170027339100525880981230352955142292896040180826471782962148158401946,
    "3": 0.00002615009875219563273347809944828986580148053638935345479348133876884835266620141869392386828308172171015691948795,
    "4": 0.00000834761440758536640710960606618231812738351221479918009797939908892614129866559237290843809616478207455894862,
    "5": 0.0000220289665101300572107719470030936794510618702143574962147207614440911702748239697234969848703372212234533272821,
    "6": 0.0003363542763684925752141195401778360061246433598282174922978863508222565567579204131407989997367683761470594105069,
    "7": 0.000007937300252804633800309974316152758262354327354276199848047840090540845090548227871942220411846069427228336531181,
    "8": 0.000103738617107431251573741926881624024983598639828249221247516916788867832206821744709480691568196244983245512300610,
    "9": 0.0000369836462062811384803062393581614038855926595865350242595720098125382801990214231831885282097911961835167585929,
    "10": 0.00002508939261094311125303349992562505810969593260915094026937867918607287383305041807914840836538063378467555969,
    "11": 0.0000056733484018564246122798896529456535111461092953729853959708307383270577611924116121925948890556621148031011,
    "12": 0.000015221832222673952013724138670623568212026292700419326904684171906093329793213894933411233831141672899588880181188,
    "13": 0.0004128191847504398572068674670709569408023008769680747606092803378670041811328239336994809700749612926446967716886
  },
  "setupType": "Multi Region Model National Bidder",
  "population": 0,
  "id": 9,
  "worldId": 30,
  "implementation": "org.spectrumauctions.sats.core.model.mrvm.MRVMNationalBidder"
}