{
  "homeId": 11,
  "distanceDiscounts": {
    "0": 1,
    "1": 0.42045,
    "2": 0.17678,
    "3": 0.07433,
    "4": 0.03125,
    "5": 0.01314,
    "6": 0.00552,
    "7": 0.00232
  },
  "alpha": 595.1775918829761167216929607093334197998046875,
  "beta": {
    "0": 0.0652167573982919412944880832583294250071048736572265625,
    "1": 0.049810511655919598172914675160427577793598175048828125,
    "2": 0.08204490414514464813322547342977486550807952880859375,
    "3": 0.0697291144390242700890070182140334509313106536865234375,
    "4": 0.0810076158774575560972408538873423822224140167236328125,
    "5": 0.0914384878600103256918174565726076252758502960205078125,
    "6": 0.0868525372701125786267795092499000020325183868408203125,
    "7": 0.06005511833444730773745590113321668468415737152099609375,
    "8": 0.066920371939582501408239068041439168155193328857421875,
    "9": 0.0957806180279197338922614335388061590492725372314453125,
    "10": 0.042818459819838554369919592090809601359069347381591796875,
    "11": 0.0641756649587671146317546799764386378228664398193359375,
    "12": 0.050993638953189708573621174991785665042698383331298828125,
    "13": 0.0961675040120475166371960540345753543078899383544921875
  },
  "zLow": {
    "0": 0.0000046383874170960553802755590692744958256159846839074743000543,
    "1": 0.0000029436423854149406760904457896121807088997904437064041175249,
    "2": 0.0000025316004036084907320930901125456713441198972887659937165574,
    "3": 0.0000013382839499579208781593850034643483231162013364551524413930,
    "4": 3.382022241542694079669911900015180598435497416693827076510E-7,
    "5": 7.253450889518119370255521097176652221800678331243085579689E-7,
    "6": 0.0000094218147377671499646914548693789580871609468402534643577187,
    "7": 2.569233058153295245027855570348572810633087462370873673709E-7,
    "8": 0.0000030094934674881262280305814077276389649230848219648304744971,
    "9": 0.0000013454084599080315609518804928247631619875360608094873526982,
    "10": 0.0000017658344155197385926298830787254121623659059629672680356659,
    "11": 3.324716306573849011890128742263238119540719868083495778338E-7,
    "12": 6.939692668441461060742970470406836149558556964452392265195E-7,
    "13": 0.0000154748289075533583570740176973806496843483911780301375132221
  },
  "zHigh": {
    "0": 0.000169401681202886003230775575036598597502079957258973482466195329873621686881553631682958981691194845010756192002050,
    "1": 0.00010297170489740520755440122421996194645009400910322762592710393270910718476915571695222287717274044708176517098408,
    "2": 0.0000967185033530415345123080310537524379477816143054060710965478759152857444022757952218411037357667570790987086210,
    "3": 0.000049480253968590155786608077627689667586840928126025187876217650103696591862205654971577712710344857655632405291501,
    "4": 0.000012885762310947167627002178677213278868916531952091043922745788704660737272130545901093134828727774889665546909877,
    "5": 0.000028392798479598194672622948604383984467905661787536305431408757432334338196199375762806364016685747202124575569351,
    "6": 0.000364485293699416235326242899669684093309018292797212962060559152262839564831303594604173385790153808672552431662397,
    "7": 0.0000092506551278215866078678351866597257118127108061378557713432444425084566994661311027300542103836218128174036670740,
    "8": 0.00011042444624404871138380601670499493977792263543788603987906855413939413202416989222384940075980365801289733651759,
    "9": 0.000053248659176239240053406945658245671258223233332753873295401677021881492777505273426560457555962579765403850043675,
    "10": 0.00006053606346253416028845596673274747695652209824868841588641588099233275251981610517438828769824891767414191591501881,
    "11": 0.000012107807717457876891637850610328590581215838796148372893892794151692892867326258721067535998007345526931837182511,
    "12": 0.00002435787982913039839967725934470900398244005456526138618668182550610033854717077941001552756036270779465816060325310,
    "13": 0.000613062434331889398586106585683688069664828835475312727547199185864608744500824988628580759622997052392893411925895
  },
  "setupType": "Multi Region Model Regional Bidder",
  "population": 0,
  "id": 1,
  "worldId": 116,
  "implementation": "org.spectrumauctions.sats.core.model.mrvm.MRVMRegionalBidder"
}