{
  "regionsOfInterest": [
    1,
    2,
    3,
    5,
    12
  ],
  "alpha": 68.878360034084806784449028782546520233154296875,
  "beta": {
    "0": 0.08825086106897893356570961032048217020928859710693359375,
    "1": 0.05049781493230183493370333280836348421871662139892578125,
    "2": 0.09635112692443004167586195762851275503635406494140625,
    "3": 0.07816879274741782290814029465764178894460201263427734375,
    "4": 0.0923909190965974402853788660650025121867656707763671875,
    "5": 0.1142922018941998352214994838504935614764690399169921875,
    "6": 0.057698898317135871582905792820383794605731964111328125,
    "7": 0.0901206733275537186234060982314986176788806915283203125,
    "8": 0.0648163445485341604967999273867462761700153350830078125,
    "9": 0.1067651340907887214104476925058406777679920196533203125,
    "10": 0.1013147415846326893085205256284098140895366668701171875,
    "11": 0.0729937265558317782687680619346792809665203094482421875,
    "12": 0.0961037724035338769557057503334362991154193878173828125,
    "13": 0.117770141640255843196172236275742761790752410888671875
  },
  "zLow": {
    "0": 0.0000034277352451394428488326369512368269695154397451695004210926,
    "1": 0.0000029035777794769290614799628919457971204160139459394725306443,
    "2": 0.0000021557081798407495825629750937361331602218678459215268936778,
    "3": 0.0000011937929628778599661746958329634718218278715042048241516823,
    "4": 2.965329940548218347527116954452764054055151630330886995674E-7,
    "5": 5.803060664789260344638184711605752293479697439910981596232E-7,
    "6": 0.0000141823941103046967474360216469968429805527884019481163798175,
    "7": 1.712099894941590150303982813233728456346115694754584634816E-7,
    "8": 0.0000031071857507058978543715301623668454949953254662779066285376,
    "9": 0.0000012069862964851633083763637313741708575650421391282225365505,
    "10": 7.462912976613515375447014123484720970584790395120521779747E-7,
    "11": 2.923071472593370161409036386775034064941724057779097771891E-7,
    "12": 3.682271502253628779908005980604871692430368078611220690976E-7,
    "13": 0.0000126362730852333682753735816740060440368138824998355085791143
  },
  "zHigh": {
    "0": 0.0001330821160441876272874879114954685318190636090968342660973434339938708113819303868531951079687297922893050027516443,
    "1": 0.0001017697667192648591160867372899704387955807141702196783206838194557915570247003768759179136049669295077373541533688,
    "2": 0.0000854417366400093000264045804894662924308407310200720664101589606164188667405944686087422884288449762286976419816,
    "3": 0.0000451455243561883284270674025126633725481910331585153391848958592917358382665639024104645372806370548724384819274297,
    "4": 0.000011635685407963740430573793840526029235775494593002223680236196978413929727838413602211445705603579357260309260945,
    "5": 0.000024041627805411617595770939447671284682942719113539993481038722970615902297366036091167752067023456771736211607820,
    "6": 0.00050730267487554263880857990299822064011077353964805252272352290174603137660954532689327684888356743007556970652851,
    "7": 0.000006679255638186471323696216915315192648951795503288988654663928625267369854842659547425966854846305106989371265905,
    "8": 0.000113355214740581860174034479344171135680089854767278324500284111309746153144012754748766275405406834882460906640661,
    "9": 0.000049095994273553192476141442814727902125548415682315928810970513371439514563041255456825633048831500728285969584414,
    "10": 0.000029949769926782548635900516741439274997299290545031940155677964221267619622833775949519522306351818590176133870075,
    "11": 0.000010902873215516440340194573543863978417418851365235178874550392252773060293035624144426186608403500763221676280575,
    "12": 0.000014585616330566901557172365875303110611055487907737871464026118213820975434052568426288277068549167013264519696270,
    "13": 0.00052790575966228969613509350498244990023879357512947385952396534932616503502000909214698773690883501518862564487359
  },
  "setupType": "Multi Region Model Local Bidder",
  "population": 0,
  "id": 0,
  "worldId": 116,
  "implementation": "org.spectrumauctions.sats.core.model.mrvm.MRVMLocalBidder"
}