{
  "homeId": 8,
  "distanceDiscounts": {
    "0": 1,
    "1": 0.42045,
    "2": 0.17678,
    "3": 0.07433,
    "4": 0.03125,
    "5": 0.01314,
    "6": 0.00552,
    "7": 0.00232
  },
  "alpha": 585.3954308918440574416308663785457611083984375,
  "beta": {
    "0": 0.0551489289267112214876220832593389786779880523681640625,
    "1": 0.079823436832798744244854560747626237571239471435546875,
    "2": 0.044723335186312586364554277906790957786142826080322265625,
    "3": 0.07311411646010801401729395365691743791103363037109375,
    "4": 0.04449201502685005971127196744419052265584468841552734375,
    "5": 0.0779362943967855936744371092572691850364208221435546875,
    "6": 0.094395060833286803525510322288027964532375335693359375,
    "7": 0.04041507402165922524517327474313788115978240966796875,
    "8": 0.071773497125763807691356532814097590744495391845703125,
    "9": 0.0757947901351438135808535889736958779394626617431640625,
    "10": 0.06386132318605153290747011851635761559009552001953125,
    "11": 0.0691357207770992854278802042244933545589447021484375,
    "12": 0.052977033774192126835966831777113839052617549896240234375,
    "13": 0.040758870719403948734704812295603915117681026458740234375
  },
  "zLow": {
    "0": 0.0000055570701105389451312161824742270220651336190665303076737027,
    "1": 0.0000018609399731166185434746246000894006661570317129128150916589,
    "2": 0.0000047051050236775526757245369013104046478193420092878341804153,
    "3": 0.0000012930577444365443567374557311770975874451117061160322309480,
    "4": 6.238453920171480807538635772233935526367480177690686997802E-7,
    "5": 8.621656071724858587090876546971836931437243161132491945572E-7,
    "6": 0.0000087826289839812454882594467056427261172925734347323084466180,
    "7": 3.867825627379308105685099205191089652171473373411180760206E-7,
    "8": 0.0000028427873893557884678271450594883057117006893395677693696541,
    "9": 0.0000017224601026050077806401786638720853692231664970450489319620,
    "10": 0.0000011994988680148787180204065858691289116398252221947373557220,
    "11": 3.126649596123832630839495721091061609973921354832972461196E-7,
    "12": 6.767454444568661945252443883938219793201709330676212081983E-7,
    "13": 0.0000369903801237478277062082871969348214914383201163149365115565
  },
  "zHigh": {
    "0": 0.000197358749772854709563214745669467375512976305944850966447533058492987731048334390456812955091792878971345790622897,
    "1": 0.00007068286163286901566104206226440278436238289913066889572933280638239142749123328761224257663460201617473501816793,
    "2": 0.00016219594961640002090921581354981312418644865453627353170162145001725303364184421815318663603071836185146910145114098,
    "3": 0.0000482458097847341396561264492936658471804235417905120258890422403126405392774164880713558855245195145958175435472,
    "4": 0.0000214909756161202542918543477093802175476853775866683909716036546818241499286661814896408087861072300192881589313635,
    "5": 0.000032584367473112401649553654687185452679680956589627849041871015138148956403345719558114749237174775126137995227793,
    "6": 0.00034638254924134711858290462318168135934825117074379323077817223277164375141488744149843169296098775553119113191421,
    "7": 0.0000131666614724719770133805493643784006046886024084498518897819527675566431221853768686685758210494983081796450639,
    "8": 0.00010568730093258218224187245785255372195824796307341544361782155368358311508166228217669201234277701549934288616648,
    "9": 0.000064729153277460717888095112338479145180065598012352458645411931942195847476771761802757998814116055827671532312869,
    "10": 0.0000436451245276064757138392445531845794599506448874617361817875900300988327468867317332051435741267339892311352021,
    "11": 0.000011541580522825973342756320340548044592921749717986687314065514469382821284910424101622394704217315208909277791,
    "12": 0.00002388755996045819207921345073743806307423474028361741120302168837932933759209083602588269514245048817142663657167171,
    "13": 0.00126048001584497954603441540236941888314362598397779934982698199511383851989969649741024160285722223390775593045616678
  },
  "setupType": "Multi Region Model Regional Bidder",
  "population": 0,
  "id": 6,
  "worldId": 17,
  "implementation": "org.spectrumauctions.sats.core.model.mrvm.MRVMRegionalBidder"
}