{
  "regionsOfInterest": [
    1,
    2,
    6,
    8,
    9,
    11
  ],
  "alpha": 88.603808294148933555334224365651607513427734375,
  "beta": {
    "0": 0.101530772151079862197775582899339497089385986328125,
    "1": 0.07504363666399375965010420941325719468295574188232421875,
    "2": 0.05327249451630229615251010955034871585667133331298828125,
    "3": 0.11353377355298803486061132161921705119311809539794921875,
    "4": 0.1028896506437295410574250809077057056128978729248046875,
    "5": 0.0601763414047849776178367164902738295495510101318359375,
    "6": 0.0764393444426218204856837701299809850752353668212890625,
    "7": 0.0920950352564813556899281365986098535358905792236328125,
    "8": 0.05250101960732685146826526079166796989738941192626953125,
    "9": 0.058925290488560135016005148145268321968615055084228515625,
    "10": 0.0719382505824589790766054875348345376551151275634765625,
    "11": 0.0928683389128653058453011226447415538132190704345703125,
    "12": 0.0626068988392437242307408951091929338872432708740234375,
    "13": 0.08357180727493292160534821277906303294003009796142578125
  },
  "zLow": {
    "0": 0.0000030184589171727680649486641667076321752756651872779621538232,
    "1": 0.0000019794699590428813090654707514321399576720857659439662938378,
    "2": 0.0000039500307048009519436643559073657394183750865278238238755233,
    "3": 8.327105808057581408187085435727310790690536487955031349211E-7,
    "4": 2.697660880603804039805637083414964862996913493021699359852E-7,
    "5": 0.0000011166181095555148891274397933688752614956009971167705012456,
    "6": 0.0000108456816743294156508107581353353622949492769061265168841566,
    "7": 1.697360325646914540141133943278569588955982143144943104291E-7,
    "8": 0.0000038863396186425805896072962246782966294089310366018583102279,
    "9": 0.0000022155767228411159595366216068689572372150138082105199761208,
    "10": 0.0000010648241269614532998254007709929923216209100325861023661935,
    "11": 2.327630449471750672138850158823175026110408550746257899097E-7,
    "12": 5.726520069230623669654150866318491136365679666740894161584E-7,
    "13": 0.0000180406068803261653937918160332985384157307334949481654356794
  },
  "zHigh": {
    "0": 0.00012120041397186939757518919644388567881723768956728060085114735783889689954865192220332656143070584275815562146,
    "1": 0.0000742387612106568986287674468046849631078345207216034317946998330149578192000886868140361753821094446368337528981675,
    "2": 0.0001395437200501019989474103837314731673031209900923532225548592795804243573734389613965735818181924403880308402495158,
    "3": 0.0000344353948758105531785640336655348519291418000708961530082347936504257280357189163613176097823586935230462957976321,
    "4": 0.000010868596497417223988655351642923305557573677532661428057751676326569571452188532071651859708086037713225243909724,
    "5": 0.000040217942544603272562104218847336199730237257019733488242522132368447187281394978864024997589695719372239371149062,
    "6": 0.000408274129951792223459443966072460444677952274885619483904329185681905150799117720237415788907548694497463999340170,
    "7": 0.000006655265567274796316748653578640840415042128717651138922035125334690748431637847477953802818972214519988899754431,
    "8": 0.0001369938678111859458952769928082534494894952139844381118350363198029892199591674547447621837248855308636653229540076,
    "9": 0.00007952265188454396325498840062838530121982101734731658997017759045038999713359659674131806930191624670795146126126390,
    "10": 0.000039604882296003713167989070106900481759383189199202686495933771799963988943785628505647769641335976750622953750940,
    "11": 0.000009144523082869727466654383653744384841331211305726543627765822113362088717597634180502455758263304926704343264149,
    "12": 0.000020764756834444077252418571684578877103726651291811457441822856731412423099393916627110878566452940993975680946590,
    "13": 0.0006919868185423296766619212674603303908723983853367962175506696178130301639255609251816279637780485139934654682984855
  },
  "setupType": "Multi Region Model Local Bidder",
  "population": 0,
  "id": 2,
  "worldId": 17,
  "implementation": "org.spectrumauctions.sats.core.model.mrvm.MRVMLocalBidder"
}