{
  "homeId": 10,
  "distanceDiscounts": {
    "0": 1,
    "1": 0.42045,
    "2": 0.17678,
    "3": 0.07433,
    "4": 0.03125,
    "5": 0.01314,
    "6": 0.00552,
    "7": 0.00232
  },
  "alpha": 814.955874224865283395047299563884735107421875,
  "beta": {
    "0": 0.076246581742144048376985665527172386646270751953125,
    "1": 0.059541681511659116932122515208902768790721893310546875,
    "2": 0.06977534424427346559927087810137891210615634918212890625,
    "3": 0.048410084847534333440943754567342693917453289031982421875,
    "4": 0.041260739934802448392048290770617313683032989501953125,
    "5": 0.08163056151160985596249020090908743441104888916015625,
    "6": 0.0406737659841770182733711180844693444669246673583984375,
    "7": 0.07987551953924552916586065975934616290032863616943359375,
    "8": 0.0857178817914591995030804127964074723422527313232421875,
    "9": 0.098067653711482127842913314452744089066982269287109375,
    "10": 0.06243906093036986904021290456512360833585262298583984375,
    "11": 0.05386114696220885289523749861473334021866321563720703125,
    "12": 0.0706157692714955709245572279542102478444576263427734375,
    "13": 0.047767168944243036665664448037205147556960582733154296875
  },
  "zLow": {
    "0": 0.0000040194125108885929368993919185211021190261747527391641442576,
    "1": 0.0000024948342173476748334982166014210092428662655820878073985124,
    "2": 0.0000030157929185423466867138400671067746584525961042584777756189,
    "3": 0.0000019529148691668390336567681376892224020867563981060331351598,
    "4": 6.727009404076750191909171600647260179607256217198483541600E-7,
    "5": 8.231474993568632377886200498981352955689808602396052467735E-7,
    "6": 0.0000203825924931960056984242777380623381655330081935189980295145,
    "7": 1.957025881460473672704238113149453005240069370151145938749E-7,
    "8": 0.0000023803293811608769878869332064180343983811685509126293681052,
    "9": 0.0000013312595647204635036014533575050314660524125146462309598345,
    "10": 0.0000012268215397573785776481230371583925120616186816385504851490,
    "11": 4.013341446239834476608401757762620757278094447547114288505E-7,
    "12": 5.077048177395399189268409740205616501797504491256490603946E-7,
    "13": 0.0000315632296124837748851756283317733042452954105716266328799920
  },
  "zHigh": {
    "0": 0.00015122902178334414373371102899828977712975297653111666056417983944522346422482401512767693739761648231820940813,
    "1": 0.00008969968895980070436174982230435104166365991520591866493493665171184696254273290628827222392957647502713262760442,
    "2": 0.0001115165864623438412388949085237042245054462773853928395577284069423682268742119131604323350779081448757803644315346,
    "3": 0.00006804152352664297996370582148902959161967288255021205301539698654507072253930681016228542334642600201324751886091570,
    "4": 0.00002295664206783606244496595519462019150740470570519178060299649268296836386257570214783310406276018157531241540459,
    "5": 0.0000314138242386437230219396265432140007524386529134185306083594272809686652996339761723469475561374743587779418405,
    "6": 0.000694381454517789924887849554154269720795464213507393918265066221190193309266618981922119172193862349007692697645601,
    "7": 0.0000074342622347154737144379660882534906638943903986697474254116192002175854268196136331541621898897437371736388953478,
    "8": 0.000091813560686734837843666102260445582558662339413761243571354630353774719243333559046366525568898062004963135715760,
    "9": 0.00005299313714092438957693335314746752808494297854038791948158911855297414729422175341564724412913110930003444452452,
    "10": 0.0000444648046798814715026707380918624874726044486707761300645972324675758330962404547945011756623716612289199162309122,
    "11": 0.0000142016560731739788800630384505627220348342689961291127959895736750988346034664015414996681015279207195217523094074,
    "12": 0.000018816341158938403811261348306240253200022125765358246768911184388557586206381231074294576646482871993881340830484,
    "13": 0.00109766550050705796140343563641457336575933869763715024088004669778665112470904662369754297156478430097189575625518281
  },
  "setupType": "Multi Region Model Regional Bidder",
  "population": 0,
  "id": 4,
  "worldId": 17,
  "implementation": "org.spectrumauctions.sats.core.model.mrvm.MRVMRegionalBidder"
}