{
  "gammaValues": {
    "1": 0.96514,
    "2": 0.86056
  },
  "alpha": 1127.79646958269177048350684344768524169921875,
  "beta": {
    "0": 0.2024074277095192775366427895278320647776126861572265625,
    "1": 0.1930278487770376860677146169109619222581386566162109375,
    "2": 0.188258729593361151533059683060855604708194732666015625,
    "3": 0.1350047442958401122670153426952310837805271148681640625,
    "4": 0.197421973943835649123457187670283019542694091796875,
    "5": 0.1151717658410482958419862598020699806511402130126953125,
    "6": 0.1824905106943090216109482071260572411119937896728515625,
    "7": 0.2071310990238297566889968948089517652988433837890625,
    "8": 0.175155198721544003159777957989717833697795867919921875,
    "9": 0.1869066292500245751728726872897823341190814971923828125,
    "10": 0.1330055149672354775081117850277223624289035797119140625,
    "11": 0.17022741644359917767559409185196273028850555419921875,
    "12": 0.140221290182210134300788695327355526387691497802734375,
    "13": 0.1165501539263614494412735211881226859986782073974609375
  },
  "zLow": {
    "0": 0.0000015141068093937856675234678887360549040365477722201571151056,
    "1": 7.695605858680402251400350505780182608797611843500435974653E-7,
    "2": 0.0000011177595297453608361928252568145169249006664493046613375128,
    "3": 7.002774236526676270618039721362703349635426208678130066885E-7,
    "4": 1.405929542774930956125242006114602722449505980448135669847E-7,
    "5": 5.834241759574523316611483255709075263574960877694222445449E-7,
    "6": 0.0000045429035957262577025493306129605584208039264845932018129418,
    "7": 7.54683675073926688712038896861518238471412250851176737567E-8,
    "8": 0.0000011648914448920028378297254646104731961648829289375657984067,
    "9": 6.984958346151741914901127260405368673153906612319230697823E-7,
    "10": 5.759278845728400349418810700724356645541369639847827543753E-7,
    "11": 1.269849346019230059614850297651272170804156112103206605556E-7,
    "12": 2.556813321353293252970235407703624717857381172934872506013E-7,
    "13": 0.0000129359427725683762233745021133700017276499522210012011811040
  },
  "zHigh": {
    "0": 0.000076069850738499925652433308104738360680064167115546449689620383985505745332518602313286518238734643670764874770510,
    "1": 0.000037941480015411666111004375779061312204064783273785750903525010686758864893298193282977589321145535365566324151218,
    "2": 0.00005457558479843426572326446421493649249888838773677834641454436201426676939237321274176100336142888106528450040438,
    "3": 0.000030462400161217837765856896522441029605976469233065449161257310074749795995953502648827302485962401854019261416856,
    "4": 0.00000699340248393060473761416641102221913593145499494073698773748434897846841680536568997668125923856788958865256,
    "5": 0.000024222124536661395838115474813397167676094109739313040541501836202248302455078563524305795086175809157069175146079,
    "6": 0.000219190787593697485011601140401216328453591762239620031767885935706651119937605021859925465227534453603083949359891,
    "7": 0.000003827235615555832762461368439389686363588419040769839821864505255287580341443021229619687275208237874069930159,
    "8": 0.00005535042259866861334194987000621874649217377075450933648039999957569838912718098500345417763949950708238400394243,
    "9": 0.000034010225237765710213593134203532690122832322937958682780021835380088837750904518843239496140647503687828899744542,
    "10": 0.000024937995024345315221483479079283782047379997141163098141388171898712707837274956457529286793824921903185358999058,
    "11": 0.0000059711797725121656290823840702286762754124539897973897471431624732265775817791773093315725217157384273730502140,
    "12": 0.00001125563659081208600236682530873427784820175581039339247511161430405665793244887797560747135479112139257307789667,
    "13": 0.000538846895309596001549401849862474290229974947118387289913407398720063399726108306835201735027615368359689498613864
  },
  "setupType": "Multi Region Model National Bidder",
  "population": 0,
  "id": 9,
  "worldId": 17,
  "implementation": "org.spectrumauctions.sats.core.model.mrvm.MRVMNationalBidder"
}