{
  "regionsOfInterest": [
    0,
    1,
    3,
    7,
    11
  ],
  "alpha": 86.4434352859763777132684481330215930938720703125,
  "beta": {
    "0": 0.11528881492626151528124722744905739091336727142333984375,
    "1": 0.06817216270956542867320848699819180183112621307373046875,
    "2": 0.10160399185855152615065577492714510299265384674072265625,
    "3": 0.10901280435628622755839245428433059714734554290771484375,
    "4": 0.058065257888103911920740785035377484746277332305908203125,
    "5": 0.10259794042997906482472814104767167009413242340087890625,
    "6": 0.09291943391993584544508166800369508564472198486328125,
    "7": 0.05202962475002041731197977014744537882506847381591796875,
    "8": 0.1037744362916594165202610611231648363173007965087890625,
    "9": 0.11647201684848697278429341395167284645140171051025390625,
    "10": 0.094667159539408685109407315394491888582706451416015625,
    "11": 0.08492149576812889344434864824506803415715694427490234375,
    "12": 0.0739889123789236879957798009854741394519805908203125,
    "13": 0.056991987332217143580326279561631963588297367095947265625
  },
  "zLow": {
    "0": 0.0000026582497596395527662167583795462087421924143184900622127452,
    "1": 0.0000021789923993838851351603558357812814059166703289877369726663,
    "2": 0.0000020710602527672605460104673760961734172758555304521589669168,
    "3": 8.672446789589116018304417359261927046460688393584221512081E-7,
    "4": 4.780162797097408992844805945824431748550424345779642708795E-7,
    "5": 6.549253552047347843619032584040131797203101228678828042752E-7,
    "6": 0.0000089221033990955886026099085240735180976226403459101278434481,
    "7": 3.004412578111932810040147714132341345845383099062378371790E-7,
    "8": 0.0000019661565970412712837105839116624413653950368961340671838687,
    "9": 0.0000011209001571848439845472460655681467060025201689853556846617,
    "10": 8.091674583276465178640622679403750755399263741718765698080E-7,
    "11": 2.545447080155808562043730508963891497475676105031278603815E-7,
    "12": 4.845586333788949082591640855769785057936914383591010648126E-7,
    "13": 0.0000264543524783029188449377405536342354309080985394326393437425
  },
  "zHigh": {
    "0": 0.0001103941392458729386132320228290429758247401635036436026188057783884370319977298477261292702647215347576060426940728,
    "1": 0.0000802244344208870134116139993351592065551720576129165521595526025913607789636681194428877967130774637779376408419282,
    "2": 0.0000831746064890912570177937277933861872701440601712032752966650649829073790166118251230557255483468413038213003167135,
    "3": 0.0000354714178204051570089160294361387006964522557877837234968453115593537730689287724935904730105885201695529226994559,
    "4": 0.00001711610224689803884777285823015170621423421009093525810458140377504714721884821697351507815488633386628184039304005,
    "5": 0.0000263671599140798694191381227983903372769785307922668573334118125643470835600459627347841593524374392252218631203232,
    "6": 0.0003505667816947774120134184777346051187581531780791278126830758299588961860844721433124915875376736169297816606735,
    "7": 0.0000105764223246698511264456948912021556857103315854034447245321731796453445100736449371526819291143421206589531988672,
    "8": 0.000079388377163146666718375623417777791569078389770404378044259128190521948098527185320306807962921129376065695818909,
    "9": 0.0000466823549148558040053071343893609852834462081705616612264042452545930645025645541677527370695827962955206274833791,
    "10": 0.00003193518223698950970914891501532196437695367944677591260436865041089781378682050292734810603837959835786842770695,
    "11": 0.0000097979729749219011363690247041665342554270139685816057419221138681767004114580730355122655364999499006685948903535,
    "12": 0.000018121955628119053491231041652932758868440355442361806901448480930726830845253158746636476132043969390648160337,
    "13": 0.00094439918648163228019629900307040130132771933667133043479256169242794065674343487780191590969510686341358405665794465
  },
  "setupType": "Multi Region Model Local Bidder",
  "population": 0,
  "id": 1,
  "worldId": 17,
  "implementation": "org.spectrumauctions.sats.core.model.mrvm.MRVMLocalBidder"
}