{
  "homeId": 1,
  "distanceDiscounts": {
    "0": 1,
    "1": 0.42045,
    "2": 0.17678,
    "3": 0.07433,
    "4": 0.03125,
    "5": 0.01314,
    "6": 0.00552,
    "7": 0.00232
  },
  "alpha": 736.503569181344573735259473323822021484375,
  "beta": {
    "0": 0.044198885509121578485380865686238394118845462799072265625,
    "1": 0.04031348419134066218827427974247257225215435028076171875,
    "2": 0.06857190668514163978120024012241628952324390411376953125,
    "3": 0.047138864697441600071226019963432918302714824676513671875,
    "4": 0.048216813758602712625123132283988525159657001495361328125,
    "5": 0.0622689533395309469110401323632686398923397064208984375,
    "6": 0.047040752986531701729244758780623669736087322235107421875,
    "7": 0.0743830602799879780917535754269920289516448974609375,
    "8": 0.049754647723220968291713006692589260637760162353515625,
    "9": 0.0660663926055084782529291942410054616630077362060546875,
    "10": 0.0695724950951562559620100500978878699243068695068359375,
    "11": 0.091213654264330312759767593888682313263416290283203125,
    "12": 0.08164017175659417369093517891087685711681842803955078125,
    "13": 0.07223167367770567948159765592208714224398136138916015625
  },
  "zLow": {
    "0": 0.0000074010017938300379210898585601797182400618489463223185034726,
    "1": 0.0000039330667969439493545744447037414152423660565031210675502815,
    "2": 0.0000032754890295400438237916174077185603600111398074468291809089,
    "3": 0.0000021407152702023054904260294283655017760978958224696382523899,
    "4": 6.144398980292316769474064124648365365473465286087994421529E-7,
    "5": 0.0000011518017949218029888590609353083121741101808782165625216901,
    "6": 0.0000188112827891583681047554484754215829964034304313869441575587,
    "7": 2.243133352133024021256347029939567513356457785797375126954E-7,
    "8": 0.0000043771729011525606103469281116419405086043491752892706643220,
    "9": 0.0000021092439001676363897235483905434548760487933034493042170452,
    "10": 0.0000011752196547315581031916120233228619825770501342273495197192,
    "11": 2.529535170542971374100677378533542328687777936660172332791E-7,
    "12": 4.687356001845568234528081977448924904705752413944581327080E-7,
    "13": 0.0000222793301299773269871740235916323291319018102259093595084610
  },
  "zHigh": {
    "0": 0.00025474165690873086475947315290412997427889739582982225730016818946964265179596267713601122947042009533233078802401019,
    "1": 0.0001338475665225271562932750779267991523828108009554348681131165527370513491831710436396383637565939141228077878714994,
    "2": 0.0001207253236943838180242802432745047386777490114243824835049271827661779031019503354380360003636688522535906325519615,
    "3": 0.00007431254685385052614742576252963394142420074189565315790670228582632370851698001660029023835871763663916546206069177,
    "4": 0.00002139583035378998087753506286291670530720370714352092675714004396820988842766502830986101539010870736470520346382299,
    "5": 0.000041726203070091463972987809413209719966387733015495799425044849695823867324887002999547267801280295435249007254811,
    "6": 0.00065282817437921043358656042397099902291211819385487643967859379995788430510430039993602865448992603109206050350400875,
    "7": 0.000008397911289876694319853591334454194160535967997951991826803874429256948940060839344365075425582058508832733059,
    "8": 0.00015309365660662429533697958573240169212443995951260571246572278829789186528199530491116717104240005112245015290980,
    "9": 0.000077212330565953991260878405208972610926493712138785835867757490296417268333124956544974203663173282443201850093358,
    "10": 0.000043432886008400998571121273687037433711814258194676148192679397166780375529788534938300670677091891776348891254676,
    "11": 0.00000989588697658261818045782644034580057656400206900530129654553490082161849993828673506143816670984571650934265054,
    "12": 0.0000178888334962864521762905864004761019318578906368702143475389267847513636742572487446795331254831040639417899213609,
    "13": 0.0008293072342699596440634952150213976353835902925803721831032914993844634654252724869077530769384690196896805157995872
  },
  "setupType": "Multi Region Model Regional Bidder",
  "population": 0,
  "id": 1,
  "worldId": 110,
  "implementation": "org.spectrumauctions.sats.core.model.mrvm.MRVMRegionalBidder"
}