{
  "regionsOfInterest": [
    0,
    1,
    11
  ],
  "alpha": 72.68475969270633640917367301881313323974609375,
  "beta": {
    "0": 0.11332435166765046641312864039718988351523876190185546875,
    "1": 0.0791041534264646795104880538929137401282787322998046875,
    "2": 0.06079251148627022593995405941313947550952434539794921875,
    "3": 0.09543630316176189565258169977823854424059391021728515625,
    "4": 0.0534021873156391990722369200739194639027118682861328125,
    "5": 0.1076206472440683070690425893189967609941959381103515625,
    "6": 0.09745303843748531757995579027920030057430267333984375,
    "7": 0.0930289560756064892732553062160150147974491119384765625,
    "8": 0.09444486323949617678774615114889456890523433685302734375,
    "9": 0.073056401104904133969597523901029489934444427490234375,
    "10": 0.0811611992548385841050873068525106646120548248291015625,
    "11": 0.052089423196097779655833193146463599987328052520751953125,
    "12": 0.0691336252356313796241238378570415079593658447265625,
    "13": 0.11012818609152756621494262390115181915462017059326171875
  },
  "zLow": {
    "0": 0.00000307594039119005407939871638129802582609935612851326566570301,
    "1": 0.00000213590385703895342234272188068308702321540938617866013136522,
    "2": 0.00000393705624518671070220181358500514374315655939155740938728125,
    "3": 0.00000112674009162572248653424862757696867798687347983217397907861,
    "4": 5.9117791409510985472261254071545709122051817406311720371224E-7,
    "5": 7.1015483342486620728850353080286780307275018421159316335369E-7,
    "6": 0.00000967601700363395060971164093054697604170814180085943601251559,
    "7": 1.9112183981390918328999548816021018067655429029449440038966E-7,
    "8": 0.00000245724435201950508809475803784106901849971958763004504655335,
    "9": 0.00000203258376083185168210200857617397671753014472786967358613009,
    "10": 0.00000107351347303164817906581224381667690139967689823995302022009,
    "11": 4.7200908626076207130677959729431324801623955418935582271339E-7,
    "12": 5.8985035875671352220541949635767684595448720294375732045312E-7,
    "13": 0.00001557150719611988200794281468152498800452801555591198950024871
  },
  "zHigh": {
    "0": 0.00012713610679569682568593978909639764829542551067629843644645223695993281009164610516992720155907391679675483390520729,
    "1": 0.0000809730023523073079041021419328452661465649176695602936292510934952772784377399012446436788385051540371286548759549,
    "2": 0.00014204604105636182479632145320586029359791718621378439150567403657971815128577027304921330098139838591081445946725052,
    "3": 0.00004455539364566205729082110245391546033772666994842658356447281811326431991464883409758427255078911792338385836286605,
    "4": 0.0000208923567933908871978399706334075747728614340182924880153910277871812330640167217604835464696656215445724036390980,
    "5": 0.0000289473772844147477254280960319119112267275341679701885730088343994711027006328811441634715225810023134909641211216,
    "6": 0.00038457623580670860815156951143605906930335933860416076273378812463653289119721819536478812174022108122478788380515,
    "7": 0.0000075116417185310011919054715532649719729147162565380183516576347793807939429210649272010997243447020679560454930073,
    "8": 0.00009692474123783580855432938920013315090441933507014146915565998240211961971852440142227361001466307586555614473683889,
    "9": 0.000075826838276020179384150437541810665108253393945054555282604936667869262227430423801502992154245784712259522840344,
    "10": 0.0000409181682796969838364011743652136183199247710126304861335136312010343021068525098332049519359985205103142144541620,
    "11": 0.000016618940692486887901980296766676638918612233972757528143936539159606199325060963178717017562295671563221907959438132,
    "12": 0.0000217733601274403409343833295749986501853849128077838098096363905150835554898961137859282968849400050085053600040,
    "13": 0.00063863140010558156024109422362918844369583080605908011511498830830043588523732053104825480301814657520626204702060928
  },
  "setupType": "Multi Region Model Local Bidder",
  "population": 0,
  "id": 2,
  "worldId": 153,
  "implementation": "org.spectrumauctions.sats.core.model.mrvm.MRVMLocalBidder"
}