{
  "homeId": 10,
  "distanceDiscounts": {
    "0": 1,
    "1": 0.42045,
    "2": 0.17678,
    "3": 0.07433,
    "4": 0.03125,
    "5": 0.01314,
    "6": 0.00552,
    "7": 0.00232
  },
  "alpha": 684.219660719018065719865262508392333984375,
  "beta": {
    "0": 0.044910193525784229684472137478223885409533977508544921875,
    "1": 0.058931327039672132261927117724553681910037994384765625,
    "2": 0.0758781413764091083873353227318148128688335418701171875,
    "3": 0.091411854915603274474023010043310932815074920654296875,
    "4": 0.0800964347142384125444181108832708559930324554443359375,
    "5": 0.0983551185650859693954117801695247180759906768798828125,
    "6": 0.09190808377994190425663845189774292521178722381591796875,
    "7": 0.05499968978566716071298969836789183318614959716796875,
    "8": 0.05567400516099436924566390416657668538391590118408203125,
    "9": 0.079374600877042400526306664687581360340118408203125,
    "10": 0.0999887282229787455190006539851310662925243377685546875,
    "11": 0.042485279642469016281314253546952386386692523956298828125,
    "12": 0.0651202403819827468911540790941216982901096343994140625,
    "13": 0.09650871024959516153440830521503812633454799652099609375
  },
  "zLow": {
    "0": 0.00000776168890031219446192578509014996289414736208074260526146104,
    "1": 0.00000286704669483592651255847306840595825719484207186905217734964,
    "2": 0.00000315431470336486304054339256016321815923494121135462746610121,
    "3": 0.00000117634533363515619713117671556283713097681326748292823238775,
    "4": 3.9415229676588604205292226698891703946518239816409173983455E-7,
    "5": 7.7705485928637507846285483758781428606556286803495592443671E-7,
    "6": 0.00001025978584467770902847540224714444799347338844945260692082067,
    "7": 3.2327210045047679512161545903550315441291474235036040793318E-7,
    "8": 0.00000416844640692564077431682695780032899294027969277523768789048,
    "9": 0.00000187079056612422160508961613312612954785581964583850410925879,
    "10": 8.7137462827987333885611988890118712242642347606733294896615E-7,
    "11": 5.7871058525558081440473623413157376655130932926619797114594E-7,
    "12": 6.2620305773121518867863401479979986682220320561659450597963E-7,
    "13": 0.00001776898518055829648519954825830730938693374562901325355093832
  },
  "zHigh": {
    "0": 0.000267708562069361037161751850361955760336865689243178624319193203117622819875148921566135889623442619354361567890923074,
    "1": 0.000102907287486216500610574677564531403165947898240272055008783759162872103926443155271726111987455088310634017161312,
    "2": 0.0001185637948017063949465688224606025260802686408077009338702730415363133761425921921185597776910336144798478470635145,
    "3": 0.000046043550905945068608728945093491513927424863577949211163747243667999680136558671757826691557178208062752189085383,
    "4": 0.0000149815882735141728177492624216113732202013607413217240990604514731646228326118268745262655243359568599426760374120,
    "5": 0.0000309543780602600138606586352354603057165119146826710714054993261906283446916957720599622384488426466611260326603335,
    "6": 0.00040208930103802136071448235093398322785631673806195588998294045920144203194881838789478910683097831363019494730666907,
    "7": 0.00001147614953762802954685407067952376118500552981821399857796304930169213766182023486585108700867992066532948986396,
    "8": 0.00014826080288501987914099145679891095013763613822449724839577398985044173904998625127578678632118127512999601089386362,
    "9": 0.000070973042434791277073778664250375250018023641484119470976465838682414429304436853326475728446640577501276914438,
    "10": 0.0000348540029371437386301104037177489249507271683474518839958952837273026270928654451009669303874703324259637226940486,
    "11": 0.000019819985662331450194918995871794454474664327225062792596912780604670694131654583515056476567522213750887438751763962,
    "12": 0.0000228639410966753909285797651282623408114163928879689253754316152297314380290962575785181315603402898386786351826137,
    "13": 0.00070455573963873399455879623093265808516800270825211803663567636944691730943462825875229447301509662223110333476779250
  },
  "setupType": "Multi Region Model Regional Bidder",
  "population": 0,
  "id": 4,
  "worldId": 153,
  "implementation": "org.spectrumauctions.sats.core.model.mrvm.MRVMRegionalBidder"
}