{
  "regionsOfInterest": [
    0,
    6,
    10,
    11
  ],
  "alpha": 73.1693393395417075453224242664873600006103515625,
  "beta": {
    "0": 0.1095029295229752452911498039611615240573883056640625,
    "1": 0.0695405662672616831088134858873672783374786376953125,
    "2": 0.0956607141060157317724588210694491863250732421875,
    "3": 0.111940709436775975849087672031600959599018096923828125,
    "4": 0.1103893484253035406350562652733060531318187713623046875,
    "5": 0.09963094358983297371690213140027481131255626678466796875,
    "6": 0.0872718435811427883930235793741303496062755584716796875,
    "7": 0.10062989421843619719521001343309762887656688690185546875,
    "8": 0.07963964629563856367777674449826008640229701995849609375,
    "9": 0.0999910300868425416798146443397854454815387725830078125,
    "10": 0.1062918541931339444506221525443834252655506134033203125,
    "11": 0.0941024423177119484495989354400080628693103790283203125,
    "12": 0.08317307334113710481915404670871794223785400390625,
    "13": 0.09133540214138004265098658152055577374994754791259765625
  },
  "zLow": {
    "0": 0.00000318328424744851503377542181819077635143474591132077857468849,
    "1": 0.00000242964467332687697118399065516060799459889119838832059815085,
    "2": 0.00000250200449833934126305226470919341551345955982769416850513622,
    "3": 9.6061486040195023135631110328488617884895437344483239045049E-7,
    "4": 2.8598949224470074708225245874613913506115647508058973410784E-7,
    "5": 7.6710427566889755323297304723023540723632103246198750375534E-7,
    "6": 0.00001080482797524687362177383540533147581641747272324354181045336,
    "7": 1.7668571928082027308558321602748553082579279930405228921389E-7,
    "8": 0.00000291405245461538436459994489954960383359447133039703966677199,
    "9": 0.00000148506575421494712628947703024419330367277825215337541453774,
    "10": 8.1970195692666262486236940353806487830242928236784202478851E-7,
    "11": 2.6127569530692782010143071943138993903424739121107300114708E-7,
    "12": 4.9028480022777342128103771508288887543928641092345460091294E-7,
    "13": 0.00001877543430055061560713835126375290966332089409466193100291153
  },
  "zHigh": {
    "0": 0.0001303564224834506543172409522031801640554872041605238237160167038493914047900027878812843081363941154678689545217,
    "1": 0.0000897852268409450143693402051671708952880693720358501076328200950193780388344674196501733346023689423505007796340,
    "2": 0.0000989944886509407416218349869315084467070071992978871650413232784487335997162756113094699924105415088712835878,
    "3": 0.000039571636708948889635482976725152985363589096756806335905629448771687255305694248393256738020387109298284944193433,
    "4": 0.0000117367041378786139686291681743280360880805830488166639272590821610984284543462793332168217917126383671928651326169,
    "5": 0.00003065586055173568810376218152473293935163465961548201878505819170302817852096483616550127285147896760396941839874312,
    "6": 0.0004184405649550962985134353456795940625446392662756839366719211745975717003002565772794298077248580671371029481639264,
    "7": 0.00000707855810253833388577310338928323247739187152682475501638454144786454267483432378513565179548962400956377471332051,
    "8": 0.00011062898431571218684948499505138919535726188735315130776221926967306948281178035868015900007437436185491507643280449,
    "9": 0.0000594012980775130427097744911639171626925323996735656101348344759237580793601879843097473499273614726908371035480365,
    "10": 0.0000333038227965474172102978891568552576270073425364671562705661679560063589326476000143044270349477623248105153276489,
    "11": 0.0000102969389638718603658198304307889396491524690834090434969472149024533652598876538712674058656856648749105828288701,
    "12": 0.00001878639337157213790665187613675501106992888904717472822343096926812798131799956539668789457414210951377547108,
    "13": 0.00073474921323850356821696032109602609345961716222157836019487292704588435609827594541802038540371661314476990539960387
  },
  "setupType": "Multi Region Model Local Bidder",
  "population": 0,
  "id": 1,
  "worldId": 153,
  "implementation": "org.spectrumauctions.sats.core.model.mrvm.MRVMLocalBidder"
}