{
  "homeId": 13,
  "distanceDiscounts": {
    "0": 1,
    "1": 0.42045,
    "2": 0.17678,
    "3": 0.07433,
    "4": 0.03125,
    "5": 0.01314,
    "6": 0.00552,
    "7": 0.00232
  },
  "alpha": 724.609419101404682805878110229969024658203125,
  "beta": {
    "0": 0.07373434631197221811316211415032739751040935516357421875,
    "1": 0.0545242457355731013901589676606818102300167083740234375,
    "2": 0.04050804323158151143413618910926743410527706146240234375,
    "3": 0.071595926184852054507956609086249954998493194580078125,
    "4": 0.053020090810690423399620385680464096367359161376953125,
    "5": 0.09169396605623558738074052598676644265651702880859375,
    "6": 0.0667322600757672412807863793204887770116329193115234375,
    "7": 0.062915764834875875788355870099621824920177459716796875,
    "8": 0.053214925329688848865128392162660020403563976287841796875,
    "9": 0.04430290311427777238950653782012523151934146881103515625,
    "10": 0.0786719174269443488611841530655510723590850830078125,
    "11": 0.07536484067611859405388941013370640575885772705078125,
    "12": 0.0707350503245978978750230226069106720387935638427734375,
    "13": 0.08744823476951464613637909906174172647297382354736328125
  },
  "zLow": {
    "0": 0.00000472749767286339120593513882601351760093451228961651780504558,
    "1": 0.00000309878411213222324194595033508927831867935835333315006121636,
    "2": 0.00000590854353638598622925347719929449258066443650952741039732583,
    "3": 0.00000150192775900781554208560134692994624156864496023309699856611,
    "4": 5.9543831824238271261593097854028913818521029559110023174474E-7,
    "5": 8.3350438533561746444644310480257731916659822338243790241999E-7,
    "6": 0.00001413045588305079489745418329020752169655584010256691837747556,
    "7": 2.8259793531559210167852322143875363892852809775099390877299E-7,
    "8": 0.00000436107173569651444129321197153884107263614666340524601194303,
    "9": 0.00000335177254925288279023125801713527788510979851064703657969043,
    "10": 0.00000110748083607321657372031234890690416470102305276579506781284,
    "11": 3.2623542790068178722320795858419972823778002162959777673109E-7,
    "12": 5.7649628381205457300237814794791416293836671030166550119238E-7,
    "13": 0.00001961002239484506406535812885533466491275775513564147217757563
  },
  "zHigh": {
    "0": 0.00017668282524589693948203246243786240154048019550939600062672922260235146911603643625936544151845995990129112722238912,
    "1": 0.0001098594100051054024921989955650310050104833866841949915247854786646481865113858589369263475822172942272017152810997,
    "2": 0.00020119065979234009060787136163454075872315349975288442180701154936483218522902531641032291970165539781889695520371342,
    "3": 0.000055811023667124848957361684034504787245179814360454274149097855145913011842283934147032639736606507776458094945759,
    "4": 0.000021020168917809072934639523768152536181802197664131978856366283593584573955388602816749725213871170919978166722212,
    "5": 0.00003264786384173728544016628325190319670954297534309553074499766549547578227829381558707715736858938412894867594315,
    "6": 0.0005182094021892139367838457822258754389487902876553852336825873539303771742146053069257838278442745735765812847426852,
    "7": 0.000010255924583581488743561303551621275720473930480233003603157571593691520113016011016128032180576669356927557769794,
    "8": 0.000154039562748146089150283007211066312528512147343397498117350475389793091897767750018534634854031688415729931738365936,
    "9": 0.00011540250192865111262802792077064970013564300742837544508941495372437221210409818633610376195413480724165490361074284,
    "10": 0.0000419371891709440356760361775179204362189651556484057475612960857795564257156823804428911544849415015933100255998,
    "11": 0.00001224573094168447937947314760537323332525844799596478676446754121366147079456683615945502038131493444334232345636,
    "12": 0.0000213727378791005724582920891227057696949012980285210552318142381227352815920649234990123052506298083450511953871315,
    "13": 0.00075978685606733702196355364884347875094272299345096459543479575962704100314527709657416366538285509574172422935914294
  },
  "setupType": "Multi Region Model Regional Bidder",
  "population": 0,
  "id": 6,
  "worldId": 153,
  "implementation": "org.spectrumauctions.sats.core.model.mrvm.MRVMRegionalBidder"
}