{
  "regionsOfInterest": [
    0,
    1,
    2,
    3,
    4,
    9,
    12
  ],
  "alpha": 72.686013812191703209464321844279766082763671875,
  "beta": {
    "0": 0.0959863976112797778750262978064711205661296844482421875,
    "1": 0.06856717455366799496285779014215222559869289398193359375,
    "2": 0.11652099764681332627613841168567887507379055023193359375,
    "3": 0.087898203634471816503292984634754247963428497314453125,
    "4": 0.076516487798440169232350172023870982229709625244140625,
    "5": 0.0587053067637430814329491113312542438507080078125,
    "6": 0.1036188293243109626029507808198104612529277801513671875,
    "7": 0.08115959689274554467175448735360987484455108642578125,
    "8": 0.0888838450746500807753136541577987372875213623046875,
    "9": 0.11067884585917246720310203045301022939383983612060546875,
    "10": 0.0756602899899521952331582497208728455007076263427734375,
    "11": 0.07853035608296761449498291085546952672302722930908203125,
    "12": 0.0730327250787027593137423764346749521791934967041015625,
    "13": 0.0745876331231103695262873998217401094734668731689453125
  },
  "zLow": {
    "0": 0.00000361025078074162102201510650380478272864426886802152642756,
    "1": 0.00000244968723124525411134269921948957733580985174375601762519,
    "2": 0.00000204203610075644603933311945294574644918131664666656528841,
    "3": 0.00000121619513398666153030590789626670231962499897303274781785,
    "4": 4.1017399694253551818754908513036333959221863159458451062E-7,
    "5": 0.00000129424706971737477549941507878514773808607474070251880585,
    "6": 0.00000904688836023136955505186002963850400584086959299852170836,
    "7": 2.1778827194912099214198634514774080743873984683846582832E-7,
    "8": 0.00000259567168211679349894157354134286608017608992262925126105,
    "9": 0.00000133379169613212826614037634077474064372385935266378491095,
    "10": 0.00000114481117148104274801460101697778345784740951549260625251,
    "11": 3.1124920148649294613869064710750837810022922560288699837E-7,
    "12": 5.5508511095293354118549039834669180866332583722141754681E-7,
    "13": 0.00002285642043743182543765099634665651279974559588902120108962
  },
  "zHigh": {
    "0": 0.0001429610201139184791772098071794091647701383755251489897664910491768719595480483093483292002477116147757127948855,
    "1": 0.00009028743013602612263391343967228969780921040795358656981432103290998170512801876027251913015708490185861738399500,
    "2": 0.00008505509139178835211859647137693406369727912439159690289094017179887769108443315773566748029353237082449257370143,
    "3": 0.000047175990774241176945787465303830438242769429261247848942662388769500603495125768434717543448077850463081611235,
    "4": 0.000015443727271505160971420812985283446484322325729941494107451410801382466175624312232798098699910109340132125010,
    "5": 0.0000464253292171046497523711717605464378356119655610419483639881921591503984746450730848309463562561373264309,
    "6": 0.0003651494488984320621544349183202137939442507168983227960074292623317076933310134937962518009806409948352110181332,
    "7": 0.00000830120899440945993842968993804571171793663008511805438737334201177542158402787456885257261240987354726448031,
    "8": 0.0001009414784292963495675615450003039941044927460101216201281875314238748312580619436083111789458085341511330795,
    "9": 0.00005477600343840905060312331655607562830528425109484554004862287543901604202909849098417751507385163405025899801820,
    "10": 0.0000430060096662305409075621032546876159728536609985060945587785178363395521898509831472064109688429970235465469792,
    "11": 0.00001178172710692215078541700047456580039726609679711610110020995652797667207384197964388918548885939061343167137618,
    "12": 0.0000207064911589386875498293924425418752679231046062626629785233810547030032429741731809334863011068828628991233506,
    "13": 0.0008561732433324274455659295324806986328975634341863170362728341508645775925586421620589583498514292059484306671738
  },
  "setupType": "Multi Region Model Local Bidder",
  "population": 0,
  "id": 2,
  "worldId": 152,
  "implementation": "org.spectrumauctions.sats.core.model.mrvm.MRVMLocalBidder"
}