{
  "gammaValues": {
    "1": 0.93827,
    "2": 0.75308
  },
  "alpha": 916.637464884376413465361110866069793701171875,
  "beta": {
    "0": 0.162885717770310856078452843576087616384029388427734375,
    "1": 0.148474717255242361080291857433621771633625030517578125,
    "2": 0.176716241546116037408609145131777040660381317138671875,
    "3": 0.1821218232853210050592451807460747659206390380859375,
    "4": 0.150997586436068031989776727641583420336246490478515625,
    "5": 0.1240131598198319917703003056885791011154651641845703125,
    "6": 0.215273807193741173460210802659275941550731658935546875,
    "7": 0.157622560895065710884210830045049078762531280517578125,
    "8": 0.101738904386699802184779173330753110349178314208984375,
    "9": 0.145889595014694950503297832256066612899303436279296875,
    "10": 0.11842765432783981804920614422371727414429187774658203125,
    "11": 0.1570321956772160465476417812169529497623443603515625,
    "12": 0.0836548040102695622532991137632052414119243621826171875,
    "13": 0.2028143853291832499063929162730346433818340301513671875
  },
  "zLow": {
    "0": 0.00000212747300168671594424989522681718156666453266002408388016,
    "1": 0.00000113129113893466166071513102810393860530308786586763974936,
    "2": 0.00000134645283087268829372752533365452399020402498040388136837,
    "3": 5.8697725301671491937821382401821229361399521330388524214E-7,
    "4": 2.0785149202089603728004293309332361761742267925327233041E-7,
    "5": 6.1267023085467413352424964283739286804573923530183638136E-7,
    "6": 0.00000435458448538166766800068113419312954177666644890965610230,
    "7": 1.1213882238041741594638756100936922338757507634263844026E-7,
    "8": 0.00000226769966758248578267077308828942940024969732139298871069,
    "9": 0.00000101187836959573795261103565320936463498889449060674147079,
    "10": 7.3138951969963010168062370011305509089817544471251318368E-7,
    "11": 1.5565286161772755220022355173258127860697724179573638411E-7,
    "12": 4.8460311135903386161065853176066249764690789710867442241E-7,
    "13": 0.00000840574646284431888712300509870446107677593246036188758279
  },
  "zHigh": {
    "0": 0.000098477686742271326844253468869781129910746289285225713344519042574956722841586395832292361168936263189129522173,
    "1": 0.000050735547366708349115086393930720535894007491616935233539172834867287631914748831810672190578188022512857802486,
    "2": 0.000064187593295275619750428647798197389927960374403716385289604815994083673858371010008793366297068834157881962711,
    "3": 0.0000282994543451427786179566431363757374624393164693819716713484904986298336863336753863470273814415782658874211,
    "4": 0.000009374052123855976544195628424172254825078447159702128701130258179176843630791188366778899176396404558926288502,
    "5": 0.0000259780240512236304931162086821137917344019003990214756292407264141633466548888630316462583897914362421303414795,
    "6": 0.000224380332652941005542899551456852560022324622575656827825706099334558039653416337787051973225135361143101723208,
    "7": 0.000005131725507348352652561726413894564196401686970243232745643994668202063822675816032692943785784581377268660747,
    "8": 0.000091102317993267118079437531408700893706700967973033743617570614955871066425365055845649975354111058024273098403,
    "9": 0.000045118603642317341197243095929114348043235305233134236843741690094848197840331900229058135689171475661528983091,
    "10": 0.00003060336011278816151754278374874576496437663887510330249392638854271395418154986758241934624182767763784230918354,
    "11": 0.0000071138369108591889672629876133179874124685372829015826723628874984706791551275372269613243133487740822571671,
    "12": 0.0000185920311711216971625844364449609959374305664028803692466222866231138210411204430662278506035665474450041162133,
    "13": 0.0004226530240948022490500897950421370812084735313265376310678723038379629606566229144677720203626536741138666870745
  },
  "setupType": "Multi Region Model National Bidder",
  "population": 0,
  "id": 9,
  "worldId": 152,
  "implementation": "org.spectrumauctions.sats.core.model.mrvm.MRVMNationalBidder"
}