{
  "homeId": 8,
  "distanceDiscounts": {
    "0": 1,
    "1": 0.42045,
    "2": 0.17678,
    "3": 0.07433,
    "4": 0.03125,
    "5": 0.01314,
    "6": 0.00552,
    "7": 0.00232
  },
  "alpha": 778.365910328584277522168122231960296630859375,
  "beta": {
    "0": 0.09793296400160865500250650939051411114633083343505859375,
    "1": 0.0919821794193184383292560823974781669676303863525390625,
    "2": 0.09683927877276633788827808757559978403151035308837890625,
    "3": 0.068421993372121014953535222957725636661052703857421875,
    "4": 0.0700458931373721116475650205757119692862033843994140625,
    "5": 0.06630349878429797616519181246985681354999542236328125,
    "6": 0.053166259448296872280881331107593723572790622711181640625,
    "7": 0.045968644226386821960428363809114671312272548675537109375,
    "8": 0.0794100563650795565617812599157332442700862884521484375,
    "9": 0.079099660834457130587082929196185432374477386474609375,
    "10": 0.04759087130036855628478775770417996682226657867431640625,
    "11": 0.0920495655086652764254040448577143251895904541015625,
    "12": 0.0573339656433592692597045470392913557589054107666015625,
    "13": 0.0930231935608321902630990507532260380685329437255859375
  },
  "zLow": {
    "0": 0.00000353849156358635559128462454650688098328945491904552697948,
    "1": 0.00000182609428312162500407587017911511613212935750877281330250,
    "2": 0.00000245706170787658218006049511844714509045941026833019513234,
    "3": 0.00000156238312095085738954720670895001704911946583685930992935,
    "4": 4.4806443642226670552177104202461223240670452474163354796E-7,
    "5": 0.00000114593004364691966651168510018149669448725483927970825498,
    "6": 0.00001763200929767383360289074415136263125496217280772068693307,
    "7": 3.8451445886263896324534377585499766215839888761665199724E-7,
    "8": 0.00000290534083740282088975339984523743128527614637279684944739,
    "9": 0.00000186628518993782074077736002279439862375361632292899440300,
    "10": 0.00000182002856537997029075146798228394019182501889552693151485,
    "11": 2.6553640409060570383800369840266918736205159944028225388E-7,
    "12": 7.0707438162708537019527078841378174901877159111036800474E-7,
    "13": 0.00001832668001211842656182163730009734411357928837975004997397
  },
  "zHigh": {
    "0": 0.00014080824359926051625529534846047211240949395705586900632395484081872512561491311773223746650021034840597220295602,
    "1": 0.0000715796416923172494159085684610558616987955809040904401335811207976228581848083872958067053809803258318200692296,
    "2": 0.00009750585960539243634041774134197602293562193304150579820873744082731370541289255678294900300427717764658350564073,
    "3": 0.000057561630383167052723026429684329880127603435176044712287673647705215756456365834294262591143213494873934350766,
    "4": 0.0000165804404558970965914474716921109132687569025243529652278168830837115987910843397462433530440303694622867211449,
    "5": 0.00004197581843499099648273927240243690652764736851835763183787716795725897060105793887751747670503270960280216358,
    "6": 0.000622703077021705983589601441971937611417889813339987752748764854963873810920448773648183568361469644118222150777619,
    "7": 0.000013302994601814999071530412859263417359526401308463639454981367352303035915412724825127763096287847344200456632989,
    "8": 0.0001102315530878771712919163341171409502574944395151495657184906254707265436019178945262428614620977378168428471252,
    "9": 0.000070750808252579824842232827016665367706176960202801824809941336115149042983670859713717524618263823788223961305,
    "10": 0.00006326253148319836718966811221387231799218194239953585242900250387734391276960350296405163841160994164843489977742,
    "11": 0.0000104103431850455335163963920134206246751207680122379587654459334357050495804164132011957342946378685831436087,
    "12": 0.0000252661692791632424201228041445545734785864772229311767165166360057560495432500665523459729775903144410847720041,
    "13": 0.0007202810305730254792910487610839235723125742089081825028032180973297912538652721525817365086978229203176233904819
  },
  "setupType": "Multi Region Model Regional Bidder",
  "population": 0,
  "id": 5,
  "worldId": 152,
  "implementation": "org.spectrumauctions.sats.core.model.mrvm.MRVMRegionalBidder"
}