{
  "regionsOfInterest": [
    0,
    1,
    4,
    5,
    8,
    10,
    11
  ],
  "alpha": 61.53931241926714079681914881803095340728759765625,
  "beta": {
    "0": 0.053913426521872143126756782294251024723052978515625,
    "1": 0.05865139972617532115872762688013608567416667938232421875,
    "2": 0.10898905927947157012969370271093794144690036773681640625,
    "3": 0.08619465294887562745174136580317281186580657958984375,
    "4": 0.0866695548200512588810084935175837017595767974853515625,
    "5": 0.056829338397799446236380305208513163961470127105712890625,
    "6": 0.0676067469078872329557583498171879909932613372802734375,
    "7": 0.05976504705736589151410242948259110562503337860107421875,
    "8": 0.10781907681301529378092851629844517447054386138916015625,
    "9": 0.0757564728957118294072614617107319645583629608154296875,
    "10": 0.05109914123180088474374116458420758135616779327392578125,
    "11": 0.053100413774870007521666792627001996152102947235107421875,
    "12": 0.09663978037692226574773002312213066034018993377685546875,
    "13": 0.103815394429702723133601693916716612875461578369140625
  },
  "zLow": {
    "0": 0.00000642761904172632547335236901502568925717492526916622433433,
    "1": 0.00000286383842109267006150444087220752059538545589634196483394,
    "2": 0.00000218315567878074590954690772399437290753719246124150664570,
    "3": 0.00000124023200847295473900856334124461711097048712875724855244,
    "4": 3.6212339728125526580167304273552553916188163470046390004E-7,
    "5": 0.00000133697089211188390682327529993399324575899952055852540802,
    "6": 0.00001386589392020497024595486333794240836589757050120346684640,
    "7": 2.9575160113891063242440277791223530239374627769755458520E-7,
    "8": 0.00000213981872668079714653483688417189439037493216614819169847,
    "9": 0.00000194864570513562216539715764849281820753157740067077199098,
    "10": 0.00000169507242450657432706938059037152298082924524744801268027,
    "11": 4.6030734763956103476667235076033475735508792045535842089E-7,
    "12": 4.1948955332257441238793019156011815908908131204493204775E-7,
    "13": 0.00001642151736223585584836801041523129918771343422784261896285
  },
  "zHigh": {
    "0": 0.000227482067943459612717327682516036360626058067559489926969552163404190173442389190722982043605069671236728347,
    "1": 0.00010271196583144860113876568925382799559647853253116498607664550807833572378320792457219813044034942397349969777677,
    "2": 0.00008928867873251734822501011950839285744795539882884514360953463507836903759593868178097723157353484320464402770198,
    "3": 0.00004789709700882997320686712865316788198313407393298287098029657974281808994039104500581669185236937846265438355,
    "4": 0.0000140022092816667533998445317134383124714122158231178757900093039224499947398422505751761818174421901951453968255,
    "5": 0.000047707043888939923692086978395011803065799708956722146428982768364962933978254031609422646472298000012063286146381,
    "6": 0.0005097196156976400828815250175693309247459517441444711501486873709253484101997493603526169020440074984434164898858,
    "7": 0.00001064010887010314914690218292098054656658682301089071709384600324311612439880497469750900837273693659029765541726,
    "8": 0.00008726588976621645899535944528517484341045801331568983325081012162022422813044141837648428932176032299837547468637,
    "9": 0.0000732216237085138675808267557876179552195157925350551524496166022801982821548630204278835133269274667111079164179,
    "10": 0.00005951384725699648827920549045649980166230873295716828739162072998027603859043160995460357604684782125529344851046,
    "11": 0.000016253471491514193444256451584150591774911857642690243775803775197070224097890967257077110673096855263502141773341,
    "12": 0.00001663862443002791368590258623894466578069576885096809800680508209198961878145375332519185472227954550759567838249,
    "13": 0.000663126151076548357887439954537942224536598584350959572469816736860839824775405468287800009221300939575168964404
  },
  "setupType": "Multi Region Model Local Bidder",
  "population": 0,
  "id": 1,
  "worldId": 152,
  "implementation": "org.spectrumauctions.sats.core.model.mrvm.MRVMLocalBidder"
}