{
  "gammaValues": {
    "1": 0.97624,
    "2": 0.90496
  },
  "alpha": 887.790341744546822155825793743133544921875,
  "beta": {
    "0": 0.1923857180315617920740578483673743903636932373046875,
    "1": 0.2042798385944830374949532370010274462401866912841796875,
    "2": 0.134864061518234878978006463512429036200046539306640625,
    "3": 0.179425792588772281543896269795368425548076629638671875,
    "4": 0.0965801154173956677428947159569361247122287750244140625,
    "5": 0.20267852628329430242359876501723192632198333740234375,
    "6": 0.1985157591263444765150580906265531666576862335205078125,
    "7": 0.211593524686559619762959982836036942899227142333984375,
    "8": 0.202526143480243892014414086588658392429351806640625,
    "9": 0.1765300709046259408641077470747404731810092926025390625,
    "10": 0.155478334945600316086000702853198163211345672607421875,
    "11": 0.140658068499843469378873805908369831740856170654296875,
    "12": 0.17079007043886640371255225545610301196575164794921875,
    "13": 0.209362574754184571634851863564108498394489288330078125
  },
  "zLow": {
    "0": 0.00000180125099961862956814920160287752695212453190831994658064,
    "1": 8.2224527463094093753809834073475602784775344921170237024E-7,
    "2": 0.00000176429569903452737727846759360970968433305498040746067037,
    "3": 5.9579710366068491594873692371346253744108594773762123724E-7,
    "4": 3.2496413466325166705054674908445379315260410158127653238E-7,
    "5": 3.7487528969711389742048356536059508541792789830012961669E-7,
    "6": 0.00000472218419857683875088184490022305361375313733133113290578,
    "7": 8.353567712216976460991654455787371338610610880012327378E-8,
    "8": 0.00000113917776585930578858940420503097716983546692144124121954,
    "9": 8.3624577267749572232712493708892380349938034323822474458E-7,
    "10": 5.5709848737638312304722775001044959794912982453550787782E-7,
    "11": 1.7377254560623249804586385370660788929197884630923991643E-7,
    "12": 2.3736378935459081746973777722215822963794817863968592440E-7,
    "13": 0.00000814284169028950347296835468051982074893713135644398454108
  },
  "zHigh": {
    "0": 0.0000886910266802287355612326601515914914745462667341015943587947727186167162232222051319095374408909442947678132,
    "1": 0.0000414641714375967274197754133096450585703474591172571121657346038486388519140486407950284573970066317647151859413,
    "2": 0.000076722879340130792256956915596852960751831274403823764349647103762762452302541196569017098354804067363132681937,
    "3": 0.000028564049864461878515072336127233244777252038502394051524285684053045045755607896839641531131698184530715253257,
    "4": 0.0000128874314031266454373107429039061600911338898295422547602353559242852012245410172291267027656829281252289722755,
    "5": 0.00001884417581649682341000322635780985825556756028897027268915900932448206425132319757392706618698737210277844550,
    "6": 0.0002354083240487961380293344644377502821816187490483011319302145639721559623590561943273139187360480883388486712134,
    "7": 0.000004273631149600923112467595920349698896357617943967777751250310522985092446556030621406914835677229723255698795,
    "8": 0.000057246660941571718256996464910947326794274055974481318882957906699873434100716007611550101575487477935787830,
    "9": 0.0000398496257347700742887257744455011230985498808120787350574756501620672405761716530572923884925859653357419554388,
    "10": 0.000025374629143090752158540905245667600175905270269793143318040848748122749497712254119761599246538855854439767251,
    "11": 0.000007657427430514337342632196672538785733018585418306688641877945580680842861156888444638176240907941213519621283,
    "12": 0.00001117485151098840583835681380880586789716177484881071430629589077656850029704985415455140882514603224468452762,
    "13": 0.000414765880918157786625450282496597871373309498209000539816589161260372801076496705190298142651210171445358981275
  },
  "setupType": "Multi Region Model National Bidder",
  "population": 0,
  "id": 7,
  "worldId": 152,
  "implementation": "org.spectrumauctions.sats.core.model.mrvm.MRVMNationalBidder"
}