{
  "homeId": 7,
  "distanceDiscounts": {
    "0": 1,
    "1": 0.42045,
    "2": 0.17678,
    "3": 0.07433,
    "4": 0.03125,
    "5": 0.01314,
    "6": 0.00552,
    "7": 0.00232
  },
  "alpha": 588.4601634653384962803102098405361175537109375,
  "beta": {
    "0": 0.0771525503002351842329886721927323378622531890869140625,
    "1": 0.087191396877080495908529655935126356780529022216796875,
    "2": 0.0929327845474418323679088871358544565737247467041015625,
    "3": 0.09127589918614907593674701047348207794129848480224609375,
    "4": 0.0801206415976562780212333336748997680842876434326171875,
    "5": 0.08178939830768471030975064195445156656205654144287109375,
    "6": 0.06683112448274362848987806273726164363324642181396484375,
    "7": 0.0736295308524096692170957112466567195951938629150390625,
    "8": 0.047936031651962772437425286398138268850743770599365234375,
    "9": 0.05710838892044146908322233002763823606073856353759765625,
    "10": 0.056552341448173566729185068879814934916794300079345703125,
    "11": 0.0631127824567280504286514997147605754435062408447265625,
    "12": 0.06258209265309154500922517172512016259133815765380859375,
    "13": 0.0886650109318170287497906656426494009792804718017578125
  },
  "zLow": {
    "0": 0.00000449155556839243124949931495838121173827601121106828311492,
    "1": 0.00000192643010667073984736327012745370345693630042844269104826,
    "2": 0.00000256034600544528183583962968731403304519602368277118186499,
    "3": 0.00000117118942129945476455197984554683030499601490395848500951,
    "4": 3.9172269475696564251211651127765911821848575724104822036E-7,
    "5": 9.2896112244287372094401278692908996362117822905482109053E-7,
    "6": 0.00001402681741733915800694098439522370390846069492126765069837,
    "7": 2.4006140137968613951291403944384673078616982347328577671E-7,
    "8": 0.00000481294074013068077080706010785043768028030448928640637210,
    "9": 0.00000258495342514577189669998376661112373996449212045638452460,
    "10": 0.00000153162084893286037315799791927909929163904647548349556769,
    "11": 3.8728304587160479643497165344494123560051407380789257148E-7,
    "12": 6.4777920623758775139845291317548012649152576336565831780E-7,
    "13": 0.00001922749779398002616459834357612894206990221965838286788016
  },
  "zHigh": {
    "0": 0.0001694001637434427860017360608167020350590906458165516903872880678492457450544864560835403383353359351108038881107,
    "1": 0.000074589716398790694714530566911213481443003868494186772506274334218841188537879089324169767328629745792776715419,
    "2": 0.0001006043885324534260137917784079826615777203354747354001883204684031140306072408854773285960298185972872737975330,
    "3": 0.00004582581939362497397316962378223427780389990718901996469252894875139239762991768274964020392544701889550075658429,
    "4": 0.0000148901882059380647011578357697023198431103394993354053997278903776106099206641277313971923317485027801151174883,
    "5": 0.00003546675079886961811570910300486470460166507021161101690432195926603061480864277315664913788777232433392461852987,
    "6": 0.00051454732061166571571110864928776979102284547674639666570772700186038511460296147105333554880351871771305765820496,
    "7": 0.0000089694028773264143595575207669288894183595293841626528392337142336031432532101249824723720170000547494846861065,
    "8": 0.000167459550169712967723526141995531142107619183009836273459710607114537548428395390008246410966728818402905890049408,
    "9": 0.00009231085530881835951991153933116712119250323412862352845795264904163035893188022009648282385313065480496487767973,
    "10": 0.000054610299989785069661864010323727090986602769798232774014314634640718753387330339072204033017710807613350862424833,
    "11": 0.0000140627424384755062943054306646887861222746422432662682933924126409219509669169032201646290360500995227333092359,
    "12": 0.00002348731401747831385621826788740552480276910239058988610816385086285711119162156797107046839921295567253148161109,
    "13": 0.0007473055640288734673743499493648715110022621472671670399890151443751281846420785738573656724182930003247722808754
  },
  "setupType": "Multi Region Model Regional Bidder",
  "population": 0,
  "id": 6,
  "worldId": 152,
  "implementation": "org.spectrumauctions.sats.core.model.mrvm.MRVMRegionalBidder"
}