{
  "homeId": 10,
  "distanceDiscounts": {
    "0": 1,
    "1": 0.42045,
    "2": 0.17678,
    "3": 0.07433,
    "4": 0.03125,
    "5": 0.01314,
    "6": 0.00552,
    "7": 0.00232
  },
  "alpha": 667.3839651889371680226759053766727447509765625,
  "beta": {
    "0": 0.0958295634248707006719314449583180248737335205078125,
    "1": 0.0872347494879137375090039085989701561629772186279296875,
    "2": 0.08676058882199254307376889983061118982732295989990234375,
    "3": 0.070103808820523749734121565779787488281726837158203125,
    "4": 0.0735625865100304476840165079920552670955657958984375,
    "5": 0.05988672079518043978030306107029900886118412017822265625,
    "6": 0.0592281385001745819263163639334379695355892181396484375,
    "7": 0.0921595323172789970822549321383121423423290252685546875,
    "8": 0.053360935430661164680099517454436863772571086883544921875,
    "9": 0.057058234546291698718878393492559553124010562896728515625,
    "10": 0.0737703521631870862140800682027474977076053619384765625,
    "11": 0.06087444402101038765096063798409886658191680908203125,
    "12": 0.0863639528236579689934870884826523251831531524658203125,
    "13": 0.07480259579170832340277996763688861392438411712646484375
  },
  "zLow": {
    "0": 0.00000361615929919557652555528133033930407391255001980638959897,
    "1": 0.00000192547273847512752785278636412648607767648138247645496411,
    "2": 0.00000274249042015071445309815281826009510555998287326665028591,
    "3": 0.00000152490099104453542981519554712689802706170718758203605939,
    "4": 4.2664450940712258434064675431647597049109351459293284736E-7,
    "5": 0.00000126871483772991478331118688146521309914762782736720415167,
    "6": 0.00001582740914459343636896052065335836099472065104587387834184,
    "7": 1.9179359871864606575316069800366495251307220121931278013E-7,
    "8": 0.00000432363634175269199088667140103478928257062974671527296422,
    "9": 0.00000258722560763223330793457753331667699024917041163075396767,
    "10": 0.00000117414032437296823973892957049513189467519234961368375770,
    "11": 4.0152334885945673363544348250482673383437383360278501188E-7,
    "12": 4.6940160770873984894749337692489795352434894143725531924E-7,
    "13": 0.00002279073719369108105986766990569524609411957681127466472311
  },
  "zHigh": {
    "0": 0.0001431382756675371442834150519754448051281868100786948849086443088854495832223966949141993215757648083709640589,
    "1": 0.0000745609953529223251292160540113969600652092971151996899818805259697173522206513003078734743753529202416866694521,
    "2": 0.00010606872097361640453154747233636452338863911118959945281580059813370275135762425289917188661623914927168349970543,
    "3": 0.000056437166485977393931066094829636309465870675697726496188869766461737503166375100920455819852621211997778457141,
    "4": 0.0000159378426454427729560137430608668254112885722198919442095925720011739237653523674838711142668846201374443268,
    "5": 0.00004565936225748084998672432584094839866745855816098250873854047529434265834194371929655011764493495218001576179358,
    "6": 0.0005685650724292940665716947370318095036106441604845834950118460774791775135938677009733315250778844006168727781404,
    "7": 0.0000075213687974952121467649205237234360701666007165434629417578973266952841250870122804216597246228565465158414600,
    "8": 0.000152780418218373304325914480791061690176328940732702271223434749268571968101730651505632797303891483710818930985550,
    "9": 0.000092379020783412201856949352332333718701043582863854611750156128993142049332049640390982099306376184401651940168417,
    "10": 0.0000438858842529883056592919598602080690776871460221384197143798663355313314176371531183730098386584290693088883663,
    "11": 0.00001448995152811106441031958553648535106929043503711304150533060630568083003571145695955510518573419548942651647,
    "12": 0.0000181359860616128767826894817998880596137537977327377961514358018185597635390434201458748285944311399594232236206,
    "13": 0.00085420274602020511423242973925186063172878286185392094527739013364241478030404627251216366528415165389028996393375
  },
  "setupType": "Multi Region Model Regional Bidder",
  "population": 0,
  "id": 3,
  "worldId": 152,
  "implementation": "org.spectrumauctions.sats.core.model.mrvm.MRVMRegionalBidder"
}