n,apwinners,uswinners,gwwinners,gewinners,owwinners,oewinners
5,1,0.305555555555555525,1,1,1,1
6,1,0.288888888888888862,1,1,1,1
7,1,0.265000000000000013,1,1,1,1
8,1,0.276666666666666672,1,1,1,1
9,1,0.25,1,1,1,1
10,0.959722222222222143,0.323888888888888893,0.980555555555555625,0.96527777777777779,0.995833333333333348,1
