n,apmcloss,usmcloss,gwmcloss,gemcloss,owmcloss,oemcloss
5,0,0.799999999999999933,0,0,0,0
6,0,0.83333333333333337,0,0,0,0
7,0,0.857142857142857095,0,0,0,0
8,0,0.875,0,0,0,0
9,0,0.88888888888888884,0,0,0,0
10,0,0.850000000000000089,0.0695877378626116594,0.150924152653342636,0.0610108415914340715,0.122262008502051614
