{
  "regionsOfInterest": [
    2,
    3,
    5,
    6,
    9,
    13
  ],
  "alpha": 81.32791689803076451426022686064243316650390625,
  "beta": {
    "0": 0.0958164480702302923109670018675387836992740631103515625,
    "1": 0.11273295646565441308073474147022352553904056549072265625,
    "2": 0.119764344674703149262739998448523692786693572998046875,
    "3": 0.060132396286705046273279862134586437605321407318115234375,
    "4": 0.07914000468888350570129119887496926821768283843994140625,
    "5": 0.1043187259364781738213423523120582103729248046875,
    "6": 0.1092066703662329663071517416028655134141445159912109375,
    "7": 0.0909229062334573345793842236162163317203521728515625,
    "8": 0.051913587497532227843510810316729475744068622589111328125,
    "9": 0.06078968332826679976665928961665485985577106475830078125,
    "10": 0.11946601634856983398247365357747185043990612030029296875,
    "11": 0.0986132182310977267736262774633360095322132110595703125,
    "12": 0.06609523150709754879539303829005802981555461883544921875,
    "13": 0.1123592035014583101482088522971025668084621429443359375
  },
  "zLow": {
    "0": 0.00000377663287769149315952626483489408678715421333780006267295204,
    "1": 0.00000155587165661536272127592069529398103588402117364541435240512,
    "2": 0.00000207461656476443533184750639913711727891535316236493939925991,
    "3": 0.00000185640412065298940681921594829112758817740771164313130187509,
    "4": 4.1411871131787657197321376766287838185614478434115313233169E-7,
    "5": 7.6055399430384207543836592831456775477633309711893245596082E-7,
    "6": 0.00000896368363560793998459669483241661803703898612428113302636435,
    "7": 2.0300130742963101130448266362079654132755785893661526984334E-7,
    "8": 0.00000464076230200294149838625255380320701162543151796557556909162,
    "9": 0.00000253583226679279441439678431886050900346825510745733827003741,
    "10": 7.5710349631931453429109186397362598436992320421360597655105E-7,
    "11": 2.5882632984178876460550195127550627711149806997478625059681E-7,
    "12": 6.4047875682129861892945947683916355929776935606111583323203E-7,
    "13": 0.00001584397556361195020164009867303602027605815205400272396062976
  },
  "zHigh": {
    "0": 0.0001494853411313099293171465563294714973540120654503911986604802957340502693830967195043128804167771751879154386393480,
    "1": 0.00006421595087159741140545920309057712459332347462989549630339004452713602629005853209087834112179134207417807897215312,
    "2": 0.000087085006275962704136260254628145604823576449348017405440791313139243492992500996821473855347775019402024118310602,
    "3": 0.000066855126444727458895414571837723901834831477464774670597801402071085709428824727341921695525279152712620654544093694,
    "4": 0.00001570089701508141183985903453595220125025922021003852277534259300797340694298121830506233257734490075363984841239570,
    "5": 0.0000307506221982828906220783568648485903422300544842670592384448921422767756525593625623632072708185195961091481,
    "6": 0.0003667999134743414993564234898942338278626605370563928626105981745116967567915948732623747739851874300867540508660755,
    "7": 0.0000079357861069582889595519017090324262528722563440808328146675713156621855778466123225411803587018282790166752267,
    "8": 0.000163314731042116123425596406178945822749543351772364148346160694196025816592676667222793078671414289705663652067944586,
    "9": 0.00009149021205097732664194904335465212359871552094733768722579243784506494514421833374148384891267872973381256774294339,
    "10": 0.00003175791875646369715695535085284644471056754880110499216219882628539504278729610362905746368385361948132841397522395,
    "11": 0.0000103171596301179026791241806640890149539892938619352720381035766356225431428123188501890923976046314274331463564443,
    "12": 0.00002344762187538713512565625880618199567162103734824575065463197511998752161307283887712135199856742260463417966886246,
    "13": 0.0006533409143707592798582363859679359941406973470983523281378891761363770229781194823365324182445868911764783125484466
  },
  "setupType": "Multi Region Model Local Bidder",
  "population": 0,
  "id": 2,
  "worldId": 83,
  "implementation": "org.spectrumauctions.sats.core.model.mrvm.MRVMLocalBidder"
}