{
  "homeId": 6,
  "distanceDiscounts": {
    "0": 1,
    "1": 0.42045,
    "2": 0.17678,
    "3": 0.07433,
    "4": 0.03125,
    "5": 0.01314,
    "6": 0.00552,
    "7": 0.00232
  },
  "alpha": 572.276989940828570979647338390350341796875,
  "beta": {
    "0": 0.0760861029858314885654380077539826743304729461669921875,
    "1": 0.0900054451718845793806167421280406415462493896484375,
    "2": 0.09112537870469451795063520194162265397608280181884765625,
    "3": 0.0475082765941817475319197683347738347947597503662109375,
    "4": 0.088588863804446693617222763350582681596279144287109375,
    "5": 0.0625536994416896197090949272023863159120082855224609375,
    "6": 0.05458804364606285874916835609838017262518405914306640625,
    "7": 0.044079765359204679808780014127478352747857570648193359375,
    "8": 0.0994399599682751766938082482738536782562732696533203125,
    "9": 0.08397055942326873967385125752116437070071697235107421875,
    "10": 0.0505004404598010936400243053867598064243793487548828125,
    "11": 0.06421400429321545699767881387742818333208560943603515625,
    "12": 0.040878147163872328995193328182722325436770915985107421875,
    "13": 0.06206799481356330139281141100582317449152469635009765625
  },
  "zLow": {
    "0": 0.00000475597426869183221437992357736606847279702353646430654953472,
    "1": 0.00000194874889398530737457838441661241583594661075288879216825490,
    "2": 0.00000272662892447871092773482392902577001691685071263155866740788,
    "3": 0.00000234969643721087735696610068500037929015018573756048261163120,
    "4": 3.6994894558977397327872575973305519841041125752283078262372E-7,
    "5": 0.00000126835062354120703588711245686628466717077113239900351445020,
    "6": 0.00001793238919511333957488829770506883410048711286901956512461117,
    "7": 4.1872883601544220429814333306827727888193158028517405667088E-7,
    "8": 0.00000242275459379851164604863526051862939115569162619893480208857,
    "9": 0.00000183579151467720705990635709460965066787172952551102559545033,
    "10": 0.00000179103662948920861469216549172302006527044672004906983002537,
    "11": 3.9747867508924542450999053586531964101475554014617178952693E-7,
    "12": 0.00000103558000165171035874529280638698918552186195536953631853158,
    "13": 0.00002868171398111590044313863423189963186857320235032375789184647
  },
  "zHigh": {
    "0": 0.0001788655828613201009627563186036309479232963714103185149579607820972755229187864539345500968690938776870376791168676,
    "1": 0.0000760022679926957510045331147301301685952011620071968307788833936358501880716143872827008446237411175881038646622,
    "2": 0.00010664537706739097201287978052480518696362137585601598348523046588357529849798836582835143263732636934691864240844132,
    "3": 0.0000816538959414640973998211139390014528940148182422952098904846360029161615919728273961441161033328095179625039394865,
    "4": 0.000014375804043238333879024394298057505746887214405488852284103432481529441531011998952958354898399061920429848354782,
    "5": 0.0000459845210754038394355407527214000977140631955426691909931263571212709338132795108889651101708516844902298056724964,
    "6": 0.00063586108025950348706517157607380030976610433939854582555800297938012322535176133341455096747967189601600865444600833,
    "7": 0.000014407611964532624749361721792456848379503467984537596419493793782554663055605488519346676521916319774700852648040657,
    "8": 0.0000967744997959832278554678873804084941354511550193649253360692156110114202321258130926537521768680760947463461968787,
    "9": 0.00007048898948750970600723622662712637353081975348894830698818012380751502134163191921079392084052678310439365851749245,
    "10": 0.0000627759127515605195689875596853282671375832542761689077664286603356567225038710266491984821737330602736540012134374,
    "11": 0.00001447672998754160247625883820178341587108701796707683820600726756268722444506462334436448429918114682120233999888915,
    "12": 0.000035300659220299487320131258692616764458343815327498365213618592432459396366195274371219475047104273975807848710932998,
    "13": 0.00103847306689587778710319245273384434191614885598798334607439044773691183302119413467169330446834116753865251714601752
  },
  "setupType": "Multi Region Model Regional Bidder",
  "population": 0,
  "id": 6,
  "worldId": 83,
  "implementation": "org.spectrumauctions.sats.core.model.mrvm.MRVMRegionalBidder"
}