{
  "regionsOfInterest": [
    0,
    1,
    2,
    5,
    7,
    8,
    10
  ],
  "alpha": 82.064316089787126884402823634445667266845703125,
  "beta": {
    "0": 0.0662430243245990812983592377349850721657276153564453125,
    "1": 0.101421348060239335797660942262155003845691680908203125,
    "2": 0.092577392011755688105978379098814912140369415283203125,
    "3": 0.058232617221501685456086505610073800198733806610107421875,
    "4": 0.07376481911827585669083617858632351271808147430419921875,
    "5": 0.0979966860937333816838901157098007388412952423095703125,
    "6": 0.05461300300441325472622366987707209773361682891845703125,
    "7": 0.11809311211585733769613426602518302388489246368408203125,
    "8": 0.1100616853221161317577525551314465701580047607421875,
    "9": 0.08018040999291022041806087372606270946562290191650390625,
    "10": 0.0849159491448290559834077839695964939892292022705078125,
    "11": 0.056105401141146871157872055846382863819599151611328125,
    "12": 0.07160237194077934130831408765516243875026702880859375,
    "13": 0.076271932428367772427435511417570523917675018310546875
  },
  "zLow": {
    "0": 0.000004592899902760000984180055033056708415021059771300019120600,
    "1": 0.000001454044113905516919043189291793730827565692319579441655242,
    "2": 0.000002256538444348060743637470706829115982954331637126819944483,
    "3": 0.000001611747556608853673689797529773509566313409525362686958553,
    "4": 3.73554471350891696279035543277803189037050325392052978405E-7,
    "5": 6.80711725649536498239589875733036154372249410796583828967E-7,
    "6": 0.000015070300903540672920079190359794553340770594476682503861671,
    "7": 1.31410440659044954428156633067519320053804335118802463659E-7,
    "8": 0.000001840418131757281051626253979818943052479241765755136700435,
    "9": 0.000001616458009439446140253782084631382444032671890716042696742,
    "10": 8.95555821022835888076740817050928175268379423219351006729E-7,
    "11": 3.82490990485703621527545833464822353453956351612783624298E-7,
    "12": 4.97083953841911138723818119356897826039428291685350561101E-7,
    "13": 0.000019624127705296613020732543166527713481565919703597594860022
  },
  "zHigh": {
    "0": 0.00016821175508069797956202993127976112099024250875401924428949304657172755122787754980028515106214802449945708422484,
    "1": 0.0000583684348343008797921290705754030190880985321308636856681903110230273245683632799790307109035302939952251798115,
    "2": 0.0000885865977456425989145684295776789870516203736937893039798749989197077258640313834558228575174368315507122462049,
    "3": 0.0000577380545504350097214550500950936750279635184848787981526001490235427606156789321221435819986389712774847125820831,
    "4": 0.000013962151941528919546805582855037400558700960260566538634469776296428139498683023725675533195833680061698423553050,
    "5": 0.00002709210109936621357324091024232771685459114976566328105307357999322886906607903401045008358270698180510945369136,
    "6": 0.000534412465958468043351822440854369119608056006932783113390470756147378483061909346188513992596888558483066343713151,
    "7": 0.000005494180009965629974499897118220397184519723185387574350004840773115334667208256571540857366782193317945406247122,
    "8": 0.00007546849608057710484669188424812949808202896741847494141745502253435549936185178307308669996875305351247256715,
    "9": 0.000061454566876501217278421462829731219339315365527022732071849327387039866154629784479617745561822940054098581201245,
    "10": 0.00003447137188611815306694994968855731572294515510520827926367782708641596227220504352103775025568705225118428379708,
    "11": 0.0000136207107599786079464351416994548417037112408283240507783597064524484212773177079259729940717654139570137151966,
    "12": 0.000018471757630135505299140629231172712922689477122709254106605925157333123766611145915670445510846676172775931948,
    "13": 0.0007384008453893027085316821853217342287804693095779099246537026326535119140747255788741948115893381326233665155087
  },
  "setupType": "Multi Region Model Local Bidder",
  "population": 0,
  "id": 0,
  "worldId": 107,
  "implementation": "org.spectrumauctions.sats.core.model.mrvm.MRVMLocalBidder"
}