{
  "homeId": 13,
  "distanceDiscounts": {
    "0": 1,
    "1": 0.42045,
    "2": 0.17678,
    "3": 0.07433,
    "4": 0.03125,
    "5": 0.01314,
    "6": 0.00552,
    "7": 0.00232
  },
  "alpha": 626.748956107211370181175880134105682373046875,
  "beta": {
    "0": 0.06037484652212964097994785106493509374558925628662109375,
    "1": 0.07763254513696915548592869527055881917476654052734375,
    "2": 0.0536999547617192096726768113512662239372730255126953125,
    "3": 0.056891374343515044298413840806460939347743988037109375,
    "4": 0.08429173565206315998921127174980938434600830078125,
    "5": 0.0851060643958411466858393623624579049646854400634765625,
    "6": 0.083900647953563278758082333297352306544780731201171875,
    "7": 0.04958865101370525663160293561304570175707340240478515625,
    "8": 0.04469222170868226984286053493633517064154148101806640625,
    "9": 0.04280018869172229345476665685055195353925228118896484375,
    "10": 0.04686897301211960520372912242237362079322338104248046875,
    "11": 0.055593274718022368807712751959115848876535892486572265625,
    "12": 0.09610651213972200290758252094747149385511875152587890625,
    "13": 0.048378353739638980945958479651380912400782108306884765625
  },
  "zLow": {
    "0": 0.000005665138130162130219836946984686135601830066391001560257091,
    "1": 0.000002135514613682121145662100468606204370210761766258554073397,
    "2": 0.000004373339271627103511964236186303861858731680105431659980533,
    "3": 0.000001854625879166643413433825098890789602983627604206249066715,
    "4": 3.67500246944978552620805202406725386661383226246043515443E-7,
    "5": 8.81157464018882445244622015146802098088903582061405352634E-7,
    "6": 0.000011027881162931851562027307917626647885658974939783435536326,
    "7": 3.51812734941537394529941777281223688291912080051345845772E-7,
    "8": 0.000005095187004260218258570709021916448730309917452024992791198,
    "9": 0.000003404289044668950101503330230769541704149916117837956826846,
    "10": 0.000001824046488393602153609514212038168424762109030593490187165,
    "11": 4.33953340246727767795480718575138055112742367040441423541E-7,
    "12": 4.16335791440076237788375715722481103319936960393438077670E-7,
    "13": 0.000034781109869331167110025406608193056577792913577625988534733
  },
  "zHigh": {
    "0": 0.000204157328418384217100905204467142052973304891277757197620865210509804657243342880715999958424908013193459508246777,
    "1": 0.000080643981874197086239859411189218796117468982405876560520033339594345428640897530344002365924360067104981514631,
    "2": 0.00015468499025321565509492661350307205371123434299550771519499621387554159948566431136817211826268883468637780649419,
    "3": 0.0000661899978908833233827362124978027786852377414695786550612585858710239925416143301513569484427135430986320686140,
    "4": 0.000014122730775104762984419622918788787892820005771801601279301071087737309942551067246402426171189870022064724,
    "5": 0.00003393390830813318211348725674494775475463499015733550024800617260622026864385465084758048061139313860758833661549,
    "6": 0.0004233610724004432751050034490662569943443963581004335100355177604044977116280179177277944207727523091245186860834,
    "7": 0.000012298973941765430543841699622902064531862241512584034627483337038649196886180894648040711532985261949696639465678,
    "8": 0.000175627132851965978494446616423966778533368896660748700440549740755482233957325527942956046750369752251734665257199,
    "9": 0.000116699092687367911811930342364540637726753860990110107731744292081404924304736892751568132659725413353598145872892,
    "10": 0.000063270513215545192210569937072552123176019488541471967887388956267224956126097390996885966666789572887125896836534,
    "11": 0.0000154310889333158100053081573878406191646920156866171860187518099694553914776090977956430516113152905959896903452482,
    "12": 0.000016491331822625932622655710103260057229607523962952241551540045218510520448823666013141354825141554869022006541208,
    "13": 0.0012116985797515101869279944478366503542067725908805269678699454499841239416628776101241190799737597524535171150116709
  },
  "setupType": "Multi Region Model Regional Bidder",
  "population": 0,
  "id": 6,
  "worldId": 170,
  "implementation": "org.spectrumauctions.sats.core.model.mrvm.MRVMRegionalBidder"
}