{
  "regionsOfInterest": [
    2,
    4,
    6,
    8,
    11,
    13
  ],
  "alpha": 67.58231072161544261689414270222187042236328125,
  "beta": {
    "0": 0.0633712926890144523373038509816979058086872100830078125,
    "1": 0.0820978313178708229980173882722738198935985565185546875,
    "2": 0.06913967689169543684446495035444968380033969879150390625,
    "3": 0.1026339380795715516825339364004321396350860595703125,
    "4": 0.09828635043658491554641187804008950479328632354736328125,
    "5": 0.11570670835621853222985322418026044033467769622802734375,
    "6": 0.06829894468962584286320094406619318760931491851806640625,
    "7": 0.06855682755891305546480651855745236389338970184326171875,
    "8": 0.0640281532180431989242919144089682959020137786865234375,
    "9": 0.0762046515694911053007132295533665455877780914306640625,
    "10": 0.0909438693780878770756004314534948207437992095947265625,
    "11": 0.07835679627469978314469045699297566898167133331298828125,
    "12": 0.06942199196966365726257919277486507780849933624267578125,
    "13": 0.10712734487168708297222252667779684998095035552978515625
  },
  "zLow": {
    "0": 0.000005397267920881390652950202704276546452551741569208452957234,
    "1": 0.000002019364360496168376192324212404234255824302868752229512305,
    "2": 0.000003396719967492844515327877779572592044716489844999161514053,
    "3": 0.000001028044106395266106356157370080400277714682583469508110095,
    "4": 3.15173302599538535717843033429972965077871071643327561748E-7,
    "5": 6.48120104193048991914786053688895171292814735079787105594E-7,
    "6": 0.000013547008366374013330371964087335227915645897320457550805292,
    "7": 2.54473836616801671992285730500970494703261509160669765707E-7,
    "8": 0.000003556485948706450023445216750623473614398109135524259268458,
    "9": 0.000001912012068451310425365829935051224712439105589913000881472,
    "10": 9.40043416032280928099777234067078421832233096731077808044E-7,
    "11": 3.07885064296960397903115624940131049281949620278868430078E-7,
    "12": 5.76367512066224450586204641085772539503163633603899045617E-7,
    "13": 0.000015707033892524519046713140736708722186421327482531336946646
  },
  "zHigh": {
    "0": 0.00019612122213996203009430287605485437849495514662396397862513393259688635777032163684101757287642022132396437867737,
    "1": 0.00007715947427861850315576612350315969268587521548068682368726514423459379596625571728717066256791212510569442189327,
    "2": 0.000125386411129187885195835861301133959290778635182532761200589026605670393419704587974989170364953074503835238691581,
    "3": 0.00004139254470774200417040618063349109892716939084747642636265773923899539308739314394872248504756116588588226085,
    "4": 0.000012552922444741562477330757849486215245314641133720122668465775264527100688126483094065670662979190599929471712734,
    "5": 0.000026942787513358178513592177901210546950752324747886952836819564364065761639279993875451965094874102714642346961608,
    "6": 0.000498934888503708128155343134157514395244004029520656968104502891228212031583527656461816690280487275559524965306976,
    "7": 0.000009378806992023358867712018219494468724202724385863752225528211176416347361981990170284488391601808341708915519789,
    "8": 0.00012946610118535293144068184828517752505601464716572669475835364160612188113365030083523627086537565813240210948369,
    "9": 0.00007193078340083872152780533349299112797542954515236142937053990013377203421891398562385067108491535324049239341088,
    "10": 0.00003675042104470555544527782773341942308812321052559959651374875040318018026927044095392401584190936249268275672092,
    "11": 0.000011649040654822788908537204578790408989768233283769996214835466620145569581088322573100514886963647834015517688233,
    "12": 0.000021292283441410379006590577864158800315104324159266070589959902784896439795139092309034845713142014567167072903230,
    "13": 0.000639476300447310745028626471692120322465625008027687420227338578364677279448405155327264289200282939087786588449844
  },
  "setupType": "Multi Region Model Local Bidder",
  "population": 0,
  "id": 0,
  "worldId": 170,
  "implementation": "org.spectrumauctions.sats.core.model.mrvm.MRVMLocalBidder"
}