{
  "regionsOfInterest": [
    0,
    5,
    7,
    9,
    11,
    13
  ],
  "alpha": 67.10548122549647587220533750951290130615234375,
  "beta": {
    "0": 0.0674947841456992048136953599168919026851654052734375,
    "1": 0.0613797867537522190417575984611175954341888427734375,
    "2": 0.07075455766837031312821437722959672100841999053955078125,
    "3": 0.108379191184612755360916480640298686921596527099609375,
    "4": 0.07042066805280443320125272066434263251721858978271484375,
    "5": 0.0925417890017337374519712511755642481148242950439453125,
    "6": 0.11932031927651050307037650100028258748352527618408203125,
    "7": 0.05108320105285928114380311626518960110843181610107421875,
    "8": 0.06129009983485468604502699463409953750669956207275390625,
    "9": 0.063215390985686237268481590945157222449779510498046875,
    "10": 0.10984502662721286336822146267877542413771152496337890625,
    "11": 0.0859121512671183473752734016670729033648967742919921875,
    "12": 0.112346525954630849231108413732727058231830596923828125,
    "13": 0.063382530303843276353603641837253235280513763427734375
  },
  "zLow": {
    "0": 0.000005067530024199618301801768247135454233526661224770758004147,
    "1": 0.000002700977689975435745225616801990285800618058725698620942821,
    "2": 0.000003319194250987602063483242571293155324999602967748275484862,
    "3": 9.73546803639741617045921497896408030541034661876912619129E-7,
    "4": 4.39888381125921830516912039415439651150981885413798854269E-7,
    "5": 8.10356539295583988330497868855068008555128037137630826602E-7,
    "6": 0.000007754306900409225191960770439878587484694789783189677491096,
    "7": 3.41519688970560044269650083152518742789127326708156270904E-7,
    "8": 0.000003715367210286323431908261714232951375037498425084353841083,
    "9": 0.000002304885111063944321272696228521056296603378310248236767480,
    "10": 7.78289088385470893951548735609763708243331279650794024886E-7,
    "11": 2.80808790180688058350698993992879615010309224690447450790E-7,
    "12": 3.56153253999102967968595923978013495493117916347990924389E-7,
    "13": 0.000026547580676401649544327564668249724890424119541975581111936
  },
  "zHigh": {
    "0": 0.00018622908523950885955984984234062161192420273629083313003253834365459853857269816901462681234400640330325842527,
    "1": 0.00009760787416299652422676490119074123902968789118907856660274339940374630329911672177559428017226719843896561190,
    "2": 0.000123060639634030611640496805052750857699272028865006180324865140277710463722996353871254692609624794000237079385725,
    "3": 0.0000397576256250762694910991044679713315119599531996985616336521976739581188350610982718166704525722769989131767293,
    "4": 0.000016294374800533061321302828029050215827507965546834261444079557806709633380853476038103655223669985320532274567535,
    "5": 0.00003180988056643422840606353235619573206862172380962226446706059922266449747920834966380469858560033685605266427497,
    "6": 0.000325153844524764484003007324733815182315470803402620768678610989110790160927789746426413075906017450549092588100950,
    "7": 0.000011990182562636110036032948799040916166778698912288347381434701875733309079848883139592430501042101087509950144065,
    "8": 0.000134232539032749133694573197193461857875196325852529531937096617932585826970774171762930304263210302671750262205292,
    "9": 0.0000837169746792177384050113222970860755003577267624185059507650646737871162329735519924256830373531255873520973374,
    "10": 0.000031897791215301254420830972779699981680456156013191083019032044075441539068265551755681752395867831224776042572498,
    "11": 0.00001083675243133461872196470565037286596161902141611736683621797680217012281579656589020651170901025522374140659548,
    "12": 0.0000146858556993967345280623163509260289948029526415888269531194610348411182076872482718583655506544360390549459004,
    "13": 0.0009646927039636246599570591896383504035857087698110147451860355665433494122933910600227661016144357500145162185598
  },
  "setupType": "Multi Region Model Local Bidder",
  "population": 0,
  "id": 1,
  "worldId": 170,
  "implementation": "org.spectrumauctions.sats.core.model.mrvm.MRVMLocalBidder"
}