{
  "regionsOfInterest": [
    0,
    2,
    6,
    7,
    11,
    13
  ],
  "alpha": 63.92645923162164223185754963196814060211181640625,
  "beta": {
    "0": 0.060794505874000960565783913125414983369410037994384765625,
    "1": 0.09131599224007370951827766702990629710257053375244140625,
    "2": 0.08513880007413630879309351939809857867658138275146484375,
    "3": 0.1122780107945525462920244308406836353242397308349609375,
    "4": 0.07342072836589037809762459119156119413673877716064453125,
    "5": 0.11170405834040886272617854046984575688838958740234375,
    "6": 0.11891224840350984870429584816520218737423419952392578125,
    "7": 0.06307385713694739493018204257168690674006938934326171875,
    "8": 0.1092285026226349764488787741356645710766315460205078125,
    "9": 0.08369566699808091148060640307448920793831348419189453125,
    "10": 0.1113268431398136970589263228248455561697483062744140625,
    "11": 0.058454992780395932661097191385124460794031620025634765625,
    "12": 0.06331255161400396735960072192028746940195560455322265625,
    "13": 0.11997832998927561443114342409899109043180942535400390625
  },
  "zLow": {
    "0": 0.0000050925497775761230633304458895926026139033351777197828371277,
    "1": 0.0000016433595846879621633766501818754931393989528061791452907333,
    "2": 0.0000024968510616669793865779007701523951122396902841003501562502,
    "3": 8.506307995745033168352139144274133678894751053933628889614E-7,
    "4": 3.819064696800716090013197953949295313939913157727103064741E-7,
    "5": 6.076844909608301154031531977574311258771719985981045978503E-7,
    "6": 0.0000070431003115078401008283908095994150324100209545139495904860,
    "7": 2.503672576996497622357166042029605237682990225080887340549E-7,
    "8": 0.0000018870750170577522293285030912573814363021695116471513832248,
    "9": 0.0000015758040363196746968816818344314082592399456809023369545984,
    "10": 6.951115718824225940029922943876204845288250978070561300682E-7,
    "11": 3.735740955729874389663776731603476285047176765195719685259E-7,
    "12": 5.720576790736465583539964188851350051982782064998677603469E-7,
    "13": 0.0000126947683921703657751814021250466449765228198780167931464277
  },
  "zHigh": {
    "0": 0.00018373639806393308177839926475367788242801973762091761554819218330333368850911180247585418004755976122719959395945346,
    "1": 0.0000643072886489405355988655191414398144496627932359632206675674534903366474727543602790739652028018252646716939907299,
    "2": 0.0000961634221854253761889455382278903134761581235980819906211012646942063201224902529565178558520976991036473648847745,
    "3": 0.000035069637396915594195956379274260811746076907054641606559234656371258180881856495999033711087663400040122911398092,
    "4": 0.0000142611792075578169914574594017676086617703020051853120081682680652920373534568935182338116669825352168892363020411,
    "5": 0.0000250186171119099264024399380384223735435728869688516370298863637559434463689480529354630590711950121871615634212,
    "6": 0.0002950440987225209907368275373771413560196514103668453078816044683957202611328374291646934072928790853775435329667112,
    "7": 0.0000090901805953811930441835167457944412475961340850600112159067127033076090455222612170278863037586940949889656736530,
    "8": 0.000077224488356712730109828485621844865063682317430506234852360218762684748399014409948103578909795051803321412298614,
    "9": 0.0000604629180773945700608124553195439396598293099660742017376600475012234114386619077790090384348923357866241897069692,
    "10": 0.000028591804849235057151644467407170440494789797703379998014770952011925957123748106179521572987929586445707104804692,
    "11": 0.00001339094997315581525835007889156704983059594651875722734913535320046398620929586241185278196450187463051707731803460,
    "12": 0.0000207835735054631532497705026350201194527159258015513943548386102054139872586168746582111593051118031096595102702250,
    "13": 0.0005331527628944351702804872243945281810497059162049751205577045084150198023577303079761706770211261626108679042255780
  },
  "setupType": "Multi Region Model Local Bidder",
  "population": 0,
  "id": 0,
  "worldId": 20,
  "implementation": "org.spectrumauctions.sats.core.model.mrvm.MRVMLocalBidder"
}