{
  "regionsOfInterest": [
    4,
    6,
    9
  ],
  "alpha": 61.2946588382805686023857560940086841583251953125,
  "beta": {
    "0": 0.102898932466921888551070196626824326813220977783203125,
    "1": 0.0668181030090781169494817959275678731501102447509765625,
    "2": 0.114355359775625498031104143592528998851776123046875,
    "3": 0.06378607494760786533749552518202108331024646759033203125,
    "4": 0.0995302877742138825123419110241229645907878875732421875,
    "5": 0.07093975554566733787709154057665728032588958740234375,
    "6": 0.07167134077887478416091227018114295788109302520751953125,
    "7": 0.0787347292769001450007948506026878021657466888427734375,
    "8": 0.07314122861016059129468658284167759120464324951171875,
    "9": 0.10713076728213533073130747652612626552581787109375,
    "10": 0.0524949958248981385366960239480249583721160888671875,
    "11": 0.113524741374827209394737792536034248769283294677734375,
    "12": 0.106037009434429452259252002477296628057956695556640625,
    "13": 0.0569653235071757857443941475139581598341464996337890625
  },
  "zLow": {
    "0": 0.0000030087683122078868246770177418121440641923516941593944106153,
    "1": 0.0000022458735630765872553475739466500471005907977511110930197206,
    "2": 0.0000018589325744876061472807149570928862727951487504794240599500,
    "3": 0.0000014973038265052660885302435720043602234968103291321878392479,
    "4": 2.817217934219737931692327870854344137176754633431209302671E-7,
    "5": 9.568798667081968336175598907437667736111747926850413732573E-7,
    "6": 0.0000116854363916087815545153597977119091029940900570710306358039,
    "7": 2.005675105375650562132495938106793534709695160277498669011E-7,
    "8": 0.0000028181421390721298577460349214380969601577957619472763811179,
    "9": 0.0000012310933004960972233780116041002205386676389888037047310099,
    "10": 0.0000014741324522769204469069941394972240590536058912905185119009,
    "11": 1.923569329047076048839884285137433427290474661049371133226E-7,
    "12": 3.415640588669572713663297136383664538036615809819715647674E-7,
    "13": 0.0000267372678240189589190133894805607452810114383852892396620407
  },
  "zHigh": {
    "0": 0.00012122295410288599461879642032026412593669023311410596275281806978764532189860303993869105464378957827034346785184,
    "1": 0.000082382708000599288357993232084676433285418141583921652537188155322248022885065187960801307071237347034305026565001,
    "2": 0.00007702586757004417901002996383610504829282187758945420773209585335406463669997357102865612732796256247240678362,
    "3": 0.0000544698282048384773468072690015692174142969637668063550678287766559585768124568519504231309936354540536281317311012,
    "4": 0.000011255638919814882516494849152482755131480826432297630721956416902270879001182730298599085248122380040684435835304,
    "5": 0.0000354944783843309279488721388280124429755929707914597402920955528855570343973376889486428978278999331217759536834,
    "6": 0.0004343141811255492343474366070205161781371734834435577392411413814779046688200557535689177075726213673818244942669842,
    "7": 0.000007596188180518651863509506434026006138676248890649845201294583363193504880919140331412885582387905156992313681696,
    "8": 0.0001051565020171440589623544405272663307793511049395099847891518903286935655409183416738365724329985258893690826244,
    "9": 0.0000501215960026872458557023484096083080426601092031152350300046241631939905764129117166863588179999018175615436,
    "10": 0.000051962431261069992738764522760458547730533221507883869469750738265542595572503494108503846695192833968923091592,
    "11": 0.00000795443509310742023587840155216892125732584020631818169303715681240978577509867186526619231817117949345721563744,
    "12": 0.00001386876489926247464014050147761706291087742703601450848745301642954459572500485124654444070089298624867086217076,
    "13": 0.000954427745849892964595446845059951190184364471423148516026094180727029117314151995080097597833566062190432895090338
  },
  "setupType": "Multi Region Model Local Bidder",
  "population": 0,
  "id": 2,
  "worldId": 20,
  "implementation": "org.spectrumauctions.sats.core.model.mrvm.MRVMLocalBidder"
}