{
  "gammaValues": {
    "1": 0.93420,
    "2": 0.73682
  },
  "alpha": 1047.599927303932417999021708965301513671875,
  "beta": {
    "0": 0.177409642283026969256098936966736800968647003173828125,
    "1": 0.128505462175172835426195661057136021554470062255859375,
    "2": 0.0962978776112577705692530116721172817051410675048828125,
    "3": 0.132533382223727513871125438527087680995464324951171875,
    "4": 0.124147702250826996728250151136307977139949798583984375,
    "5": 0.1648370027702601436914164878544397652149200439453125,
    "6": 0.091239773343196384214337513185455463826656341552734375,
    "7": 0.1402310999733178131787525444451603107154369354248046875,
    "8": 0.219858984300352278129508931669988669455051422119140625,
    "9": 0.214568767693245898708909180641057901084423065185546875,
    "10": 0.113203220140410010241538429909269325435161590576171875,
    "11": 0.129264063964625697256138892043964006006717681884765625,
    "12": 0.0912897609479601801485415535353240557014942169189453125,
    "13": 0.217662553921802004452956680324859917163848876953125
  },
  "zLow": {
    "0": 0.0000017451083457604923900401215358821026309680648718464550891996,
    "1": 0.0000011677714592275841888571100212014196119379911130167032834618,
    "2": 0.0000022075138998630252355944991857388357576640351577264366772235,
    "3": 7.206270035090544885176179256526038661367354591963096059590E-7,
    "4": 2.258588009539250471689117167750683034864895664637339543481E-7,
    "5": 4.118057395490163142222040730732625850132914401876725054681E-7,
    "6": 0.0000091792303190252262218986525450648358527172770485798679964516,
    "7": 1.126114581353331873978042883150745984811270306373669245489E-7,
    "8": 9.375208345737425669247696886282828091629989987284037665602E-7,
    "9": 6.146652716326095722287288895188056722262645892408695474052E-7,
    "10": 6.835898910970989138435389673033694403327503795190236333902E-7,
    "11": 1.689353590618804266372541500168401179878596135660302176221E-7,
    "12": 3.967414412793119057819580877853127081450949424448140506817E-7,
    "13": 0.0000069975155756025616701703637818133204483596320069204297879750
  },
  "zHigh": {
    "0": 0.00008331315510946416157968953414236288293996162844471778311034957188401618222031007872539282107317929486680582447984,
    "1": 0.00005003964488512919636327931432121760862583394244108996044942237459517941882134002634744447160978627005168820367520,
    "2": 0.000087483307331306751659443490695483532838888469806864586250302386692695207694297456456997722129501974346832489859671,
    "3": 0.00003116952351495212934642849961101652669349471766873000806916184150046178058152700062324993401326393945528246103365,
    "4": 0.00000957974914577342013648521704317177182454524952591602144438545005097110146947179926114080303332232851898797392455,
    "5": 0.000019142254569555512367011464297897317317656470216538674258419029068855691317570141010487317210538138016095880295,
    "6": 0.00035912799894804257436893538944110398062886909318882286006057335223012305436127778087390894962665209160237461131709,
    "7": 0.000004957506608451695799046147269157863488980974328938356930729343527205537685662639447634633861977010583324304708346,
    "8": 0.00004873786288219244023771648354297190624950720204294380635242119741703347355871274956923095855869383651393395472340,
    "9": 0.00003162875513678261632122386697216586204941887721623017952186229262949630627493560836626844933188402258692042123156,
    "10": 0.00002824615442567534674686086759464290916890755615473902311443173416952877206848711873607144203264108655051799981689,
    "11": 0.00000725178787782260488847637319726182451509020463015097482202308217407194142973008025816873131233459058599137205455,
    "12": 0.000015524086371633113672609352702025450541120427879899783064882779032495222511391824308634860293022161060051694615560,
    "13": 0.00036223517839740104713015607409752844520481028007208421980412511653894611948953693338992607857395173754860167107
  },
  "setupType": "Multi Region Model National Bidder",
  "population": 0,
  "id": 7,
  "worldId": 20,
  "implementation": "org.spectrumauctions.sats.core.model.mrvm.MRVMNationalBidder"
}