{
  "homeId": 8,
  "distanceDiscounts": {
    "0": 1,
    "1": 0.42045,
    "2": 0.17678,
    "3": 0.07433,
    "4": 0.03125,
    "5": 0.01314,
    "6": 0.00552,
    "7": 0.00232
  },
  "alpha": 725.8657022934977476325002498924732208251953125,
  "beta": {
    "0": 0.04417098998383515995325154790407395921647548675537109375,
    "1": 0.0767321462626227301928594215496559627354145050048828125,
    "2": 0.050902722883963857913869333060574717819690704345703125,
    "3": 0.0832863205514184634647989469158346764743328094482421875,
    "4": 0.09572897338331916305964597313504782505333423614501953125,
    "5": 0.0739812000559871008054102503592730499804019927978515625,
    "6": 0.0986851101161528021510349617528845556080341339111328125,
    "7": 0.04956486656995746920006951086179469712078571319580078125,
    "8": 0.0644326372946958658705085554174729622900485992431640625,
    "9": 0.096016996693275846741499890413251705467700958251953125,
    "10": 0.0974503736427955458143657097025425173342227935791015625,
    "11": 0.04877453353083904818987548424047417938709259033203125,
    "12": 0.074749174714017374565599993729847483336925506591796875,
    "13": 0.08281000631208838835828345281697693280875682830810546875
  },
  "zLow": {
    "0": 0.0000070091036555846934435579846207124411005487386456309068931066,
    "1": 0.0000019556993827515992533422065035241639224670595156958330558159,
    "2": 0.0000041761794126170360987503411492211891001177550556210795436133,
    "3": 0.0000011467325422047156181398412475992235573018309637797186241180,
    "4": 2.929087211588404000396070006117008685798961180731004387814E-7,
    "5": 9.175415345990567740548303142670204810125018502094222101185E-7,
    "6": 0.0000084866996934705137047405479519153153246760457226549908696811,
    "7": 3.186052891240649678788940085140787379526632967453402260762E-7,
    "8": 0.0000031990368096692784702047292310238646529512710347487408397046,
    "9": 0.0000013735898270111120863121036782453727447119364698118259126566,
    "10": 7.940921520863229018970994598603845224958176175337600793519E-7,
    "11": 4.477187064404153066920220568724385294004031109230105640928E-7,
    "12": 4.845328590062103577643245840597447876271795770750146447527E-7,
    "13": 0.0000183926699093960126101325810270563312939588162398542452631392
  },
  "zHigh": {
    "0": 0.0002412330144041901931852254266872730370273818416582513372275579960551337139426453084643096595160892546143737684405936,
    "1": 0.000073677482590849648297832208790899937941705994521463853620044865437338025179311609322888580676314896656866420608232,
    "2": 0.00014654327271392707755411874959995413311250006674370387224199498626415728796804605635013113850885513398987545547015,
    "3": 0.000043952689675821963235095199269415117428447582806232278613934039000535712959928666054397870751618087949933045645690,
    "4": 0.0000115912467519208807226060755582707487773474460741970159773856434943477426520039782526854063805850849380207868192001,
    "5": 0.000034314328421056726161990251533710054197632782517191165397932085063285670221173144281903731153337773432134954338294,
    "6": 0.000338352080181401198854192251646618364787632153411076546257456592461751919720699800398503142057290603034835651299759,
    "7": 0.0000111373215381136492134788388751279876731270623121775559765467882749830861482113081748866694837081500305214190037212,
    "8": 0.000116583342135058517336115269814839361563155363123553918546755023421159212082404669294357678388181237430296309059177,
    "9": 0.00005439649179813769174372511063396287422398903363335887047940356029946275268123344642722491729962864257814311562607,
    "10": 0.000031561222255352066388467682371353361633799573295181116493281814327180902072379688402803102071567879831410380512967,
    "11": 0.0000156152882991786512901194104029297768574665095508603852161421449228577490389608791200825833539391521872897819838,
    "12": 0.00001815782890344006723208034759025841292558296691880580088701212602641778245601397846694220023626192182213725955073,
    "13": 0.0007040898084112045753290225914548187705727858070600986840590493507631359553166580968005955181378495226228377019070643
  },
  "setupType": "Multi Region Model Regional Bidder",
  "population": 0,
  "id": 5,
  "worldId": 20,
  "implementation": "org.spectrumauctions.sats.core.model.mrvm.MRVMRegionalBidder"
}