{
  "gammaValues": {
    "1": 0.92849,
    "2": 0.71397
  },
  "alpha": 1092.718656875541682893526740372180938720703125,
  "beta": {
    "0": 0.149401845082942352771482319440110586583614349365234375,
    "1": 0.138110747400774280801982740740641020238399505615234375,
    "2": 0.109020325834649212115579075543791987001895904541015625,
    "3": 0.176735116388960389333107059428584761917591094970703125,
    "4": 0.1896909314586700812110819924782845191657543182373046875,
    "5": 0.165550309019685648603825711688841693103313446044921875,
    "6": 0.0817048821778391942682873150261002592742443084716796875,
    "7": 0.15453802123444948524166875358787365257740020751953125,
    "8": 0.17781098910579762328865172094083391129970550537109375,
    "9": 0.1529129750753992211809162427016417495906352996826171875,
    "10": 0.0945557726050550717555864821406430564820766448974609375,
    "11": 0.1655310554960474356267496887085144408047199249267578125,
    "12": 0.1890990818462226774610002166809863410890102386474609375,
    "13": 0.12220761353978919216967113925420562736690044403076171875
  },
  "zLow": {
    "0": 0.0000021395120763462564623195438367570682158630978463192563843385,
    "1": 0.0000011218196852917546040295289131458764196116265207229869978470,
    "2": 0.0000020131854088059554448201137647054113244262057604062189666512,
    "3": 5.579355708803474830817330258507255983139868739233023963281E-7,
    "4": 1.526160547595169158008228829844235228609045236628337435374E-7,
    "5": 4.233389186723082977430029410475857446740141817395336948847E-7,
    "6": 0.0000105831157015004708157457590273252181258878211804574999302893,
    "7": 1.055024786467627204282062643757783078567095178181063317122E-7,
    "8": 0.0000011968442421072975141939926130611458085111237015624644366901,
    "9": 8.904959174194264821928230292807527611663369019045516958323E-7,
    "10": 8.449625338135007614249177839361107122786710651411427220194E-7,
    "11": 1.362040332571831285619683614307163579573633082915906674518E-7,
    "12": 1.977476375611547449434108383955065642350036295224847602256E-7,
    "13": 0.0000128676849321520433524049809904708765921018327716883107016594
  },
  "zHigh": {
    "0": 0.00009615006746872446784047337963067245118299651471366532274456542469540317489048954637487402887210770625506876242771,
    "1": 0.00004914812607720720000743756893901423200561783264728568183483631746113319905006225467829534472010500789169322747683,
    "2": 0.00008234337518753733732783131799510415830985489991565120222183722799193779735547440032571570765795660789152198744898,
    "3": 0.00002659874793211835163396873384011797381239505633198136833623960030377924153500278770675581432274370617356111580477,
    "4": 0.000007473469801073523783941612834879383292573912689790699571248091299374633822737313085829198458475078873228921455895,
    "5": 0.00001970855644079526989508256341423515088880371395200474520261094332819893999467718608644286881070097470548103136353,
    "6": 0.000403962693191567720487158270818448030483479033233048324900181248603788636931692547957247630842687534025474895934044,
    "7": 0.0000047954887879429286810466817225755412155406371990616287007732535851420330357249865051882807355548826477440694229,
    "8": 0.0000571865331126866545635932886443373077121493405320149603751701227086749496071537972283549472868664265653052865732,
    "9": 0.000040331715525092946948194626438484116195302881300180407376875636400418791408026451209648808322657267670252747204415,
    "10": 0.000033338484535111076347390612870473624948695278773597694299563436175494978729423836365919895598111893480187801693196,
    "11": 0.000006340720736503520958689998586668601380814690442511212093681459766990258583148075920939951434850575521324577674758,
    "12": 0.000009671818796842040236919946130579259906477149497129020618852584925421398182540660502516557925895339039192627998525,
    "13": 0.0005432834546985818431511625897643153335307777111552416149565919556089521665978210416173412690246516854241235816246617
  },
  "setupType": "Multi Region Model National Bidder",
  "population": 0,
  "id": 9,
  "worldId": 168,
  "implementation": "org.spectrumauctions.sats.core.model.mrvm.MRVMNationalBidder"
}