{
  "homeId": 12,
  "distanceDiscounts": {
    "0": 1,
    "1": 0.42045,
    "2": 0.17678,
    "3": 0.07433,
    "4": 0.03125,
    "5": 0.01314,
    "6": 0.00552,
    "7": 0.00232
  },
  "alpha": 746.22652498511024532490409910678863525390625,
  "beta": {
    "0": 0.05759112087959671055781285531338653527200222015380859375,
    "1": 0.07127650814052664818287752268588519655168056488037109375,
    "2": 0.05005844566980999221783577013411559164524078369140625,
    "3": 0.0495367201409625257380042739896452985703945159912109375,
    "4": 0.0879548342780693548359494116084533743560314178466796875,
    "5": 0.099908209538702441587787461685365997254848480224609375,
    "6": 0.05341736582102947494821165719258715398609638214111328125,
    "7": 0.04855222542158320331306953221428557299077510833740234375,
    "8": 0.087767651888481290622934238854213617742061614990234375,
    "9": 0.06939297774055412648674945330640184693038463592529296875,
    "10": 0.06968165254409143527514203242390067316591739654541015625,
    "11": 0.09170296395416677182055309458519332110881805419921875,
    "12": 0.07915773579769290468899356483234441839158535003662109375,
    "13": 0.0906562532349113325835787691175937652587890625
  },
  "zLow": {
    "0": 0.0000055502835663094687535157427727973523584441975712309508940208,
    "1": 0.0000021737225802234821967888069231215876036176925102220697243233,
    "2": 0.0000043844375568766999051031211678413039259344722950781581623006,
    "3": 0.0000019905800742657583397310522681136317821923460461017506349709,
    "4": 3.291448596373345930281274493736824657118194739822290337250E-7,
    "5": 7.014827823444390044784105106890689531551911598003523697662E-7,
    "6": 0.0000161874740203891125002134628313230892342080924257071469585300,
    "7": 3.358063228581216493928995012386939038736437669302923105870E-7,
    "8": 0.0000024247208842396630935023760586562502264008050600106526580448,
    "9": 0.0000019622789575943361740986621426703962755250295735985562829345,
    "10": 0.0000011465871185604541069273712695898606383577715371900681673873,
    "11": 2.458589822587281023123783771648241043396586231417285890953E-7,
    "12": 4.723972499117874511814931135876844016934606082847419154386E-7,
    "13": 0.0000173460628608312179422829835371378767031667999847055875472133
  },
  "zHigh": {
    "0": 0.0001984732121676208365763593477118809754604295064610161580350322541499272782159469808510913760320929451677662994047884,
    "1": 0.0000807052129251590277902159092382855675257998123322581636291240858776936429524155949109326661436174751608462736500728,
    "2": 0.0001534809396296596711363215400891809363551028959558093780913172668570437310720220156757723234153140298064480747340,
    "3": 0.000069578083033680677333448311108005159328745831497334815495525464216881762215090093641357603654010419813841139984433,
    "4": 0.000012769333947408054100760749826557151578101361199372558276878195449956001679009086159210156118261927796727182600693,
    "5": 0.00002805287235095919109714479050347964714323902329382930544905597764979306423899874994889703597825492993897781968236,
    "6": 0.0005720934427582269710211893849383841637330871705905377357474014598400290198277627131126708621331106072349849321822010,
    "7": 0.0000117046041142836965499874788284630090960486646724272080670171806157550059149706769513843035785292205034802711542247,
    "8": 0.00009402283237665762194284479201219044024883978128546060701581047225261187243837669034941668407760989671346548436998,
    "9": 0.0000724852067303402377053697998401734216260636614510005449899437170415529846776991691675203356400456316410538774705023,
    "10": 0.0000423872220775196767124642174400861227310682929350654576606008203125368008693057989565621792648981513294519347156201,
    "11": 0.0000096303692065498701712022990586918337722835498880153497429868005892620211106985964317383780045158155424922226762,
    "12": 0.0000179113071673610214240624143863445950302308588599967352752414990377666244015731269429466010373631076371629752524719,
    "13": 0.000677634792558957080847502666164325336862726727545759920323209230570999360422056077795057529876066688675238
  },
  "setupType": "Multi Region Model Regional Bidder",
  "population": 0,
  "id": 3,
  "worldId": 168,
  "implementation": "org.spectrumauctions.sats.core.model.mrvm.MRVMRegionalBidder"
}