{
  "homeId": 8,
  "distanceDiscounts": {
    "0": 1,
    "1": 0.42045,
    "2": 0.17678,
    "3": 0.07433,
    "4": 0.03125,
    "5": 0.01314,
    "6": 0.00552,
    "7": 0.00232
  },
  "alpha": 588.4134895342450590760563500225543975830078125,
  "beta": {
    "0": 0.047402339564044992936686639950494281947612762451171875,
    "1": 0.07558136844623454531078010631972574628889560699462890625,
    "2": 0.075252117530607842699197362890117801725864410400390625,
    "3": 0.074243810345865191013814410325721837580204010009765625,
    "4": 0.061676228083405747193435075814704759977757930755615234375,
    "5": 0.09615849832047362877318619212019257247447967529296875,
    "6": 0.0699248631582989055299748315519536845386028289794921875,
    "7": 0.0962938186706490950594883315716288052499294281005859375,
    "8": 0.0812129237318917063248591148294508457183837890625,
    "9": 0.0919819503705736618570654172799549996852874755859375,
    "10": 0.08748196324100739051932151824075845070183277130126953125,
    "11": 0.0707428484606269780687881620906409807503223419189453125,
    "12": 0.0910976966307293356539531714588520117104053497314453125,
    "13": 0.046998527789006837307450581420198432169854640960693359375
  },
  "zLow": {
    "0": 0.0000059857545974687117496745639509972486147913451559170453731475,
    "1": 0.0000018196328262013903401884626346737346147083030899613337360360,
    "2": 0.0000025889311815653815362759066550950263198286672788251044211258,
    "3": 0.0000011789479447842539027204624857649438805535466727929004384868,
    "4": 4.166553545495855631760295054364049624221622225699852045294E-7,
    "5": 6.469615954198132600058999062109034693721786531574243363876E-7,
    "6": 0.0000109768545276924427694079144088401637352169431779474879313063,
    "7": 1.502960552558169428522840184457759540177911832602170593348E-7,
    "8": 0.0000023260501208177026416647438156949511213734930329573436296612,
    "9": 0.0000013140794942759582240086467182445242625431329383724698529363,
    "10": 8.106902705693098107623401667716425860277144063864010136957E-7,
    "11": 2.829012662161709191833250682796064281804164736002794582641E-7,
    "12": 3.643689066597198889411839340808395477795583125489794534401E-7,
    "13": 0.0000297004075993157222690869175737281405390155558422292011436982
  },
  "zHigh": {
    "0": 0.00020794651512168688508037051059482120121848764860893750372877890085677873195968245713732147964432537648498843613891,
    "1": 0.0000683420186934407454302515354158770448894390864899109992267634301336192442702088907042355973002087336029386440867800,
    "2": 0.00009715019080234279845473374021433125423819800880359810037089095048474239165342968663851029825315127704436310676779,
    "3": 0.00004412139710554858646796251461535676754847839713838723062486421893684712075715703354631912847510388151270587430120,
    "4": 0.00001506943370442481966211158440759586493379335358346963747490581709952139878734215256599453852758612014743000717555594,
    "5": 0.0000256299334112531030685498288910100468298507815427990619235405175986407249250353854365784598784105670445235625631,
    "6": 0.000406061140906518065550402582526246638579903633601944991802888390587611537103850617350514213254944833963175791778773,
    "7": 0.000005956139766846257644034393146877585691539062934829959921439469839585695406500781433000489396936392564912830102988,
    "8": 0.000088672036730383636609625166073373770022510481305596539319375885813717991049895367493599233761625887913625012,
    "9": 0.000051509544310826719293056863093318788003049687832232848390688334447186655918371025817260713600553904320914755276,
    "10": 0.0000314127857620579639658662168022714184532921335771163971942781782926148964462910433924888295836023665744508220776232,
    "11": 0.000010488362127010134558179233331479854212980706634771207972139164276749167545111080845219162545107295521167058592668,
    "12": 0.000014250384011847366300071531506049726690814738663889685468853304921005753923085111516577596527126927544246286676169,
    "13": 0.00103059977116959865019925270097833091005178523590475685868370474512191352140997203812292863684421284067202020615908202
  },
  "setupType": "Multi Region Model Regional Bidder",
  "population": 0,
  "id": 1,
  "worldId": 129,
  "implementation": "org.spectrumauctions.sats.core.model.mrvm.MRVMRegionalBidder"
}