{
  "gammaValues": {
    "1": 0.91244,
    "2": 0.64976
  },
  "alpha": 1187.61378584724707252462394535541534423828125,
  "beta": {
    "0": 0.11980108950581269677826412589638493955135345458984375,
    "1": 0.1337087723634648173121064473889418877661228179931640625,
    "2": 0.203434550339054442957831270177848637104034423828125,
    "3": 0.1179847415954570488683117446271353401243686676025390625,
    "4": 0.09662457177504667205081290148882544599473476409912109375,
    "5": 0.161984373068428499919946261798031628131866455078125,
    "6": 0.205288255485189308213733738739392720162868499755859375,
    "7": 0.1039327936865082901984891350366524420678615570068359375,
    "8": 0.2130521530935005625195799439097754657268524169921875,
    "9": 0.14826494251612631902759176227846182882785797119140625,
    "10": 0.106616585036230893113184947651461698114871978759765625,
    "11": 0.1297473966064212891335927224645274691283702850341796875,
    "12": 0.197666114855219010593145867460407316684722900390625,
    "13": 0.21363275776270906902709612040780484676361083984375
  },
  "zLow": {
    "0": 0.0000023684156224847057341905780195290199173015182337485148497857,
    "1": 0.0000010285812713928540780295153313705086235251304608438074490527,
    "2": 9.576669903372474130705290836689722288011735693414115034351E-7,
    "3": 7.418720966506738744642342639202097716285512410372288021238E-7,
    "4": 2.659544069100751782422455174443911890944208092558193370567E-7,
    "5": 3.840546733499210291053709124292477983367727834761101080789E-7,
    "6": 0.0000037389136019660107718916667380897582269248563801020908946418,
    "7": 1.392494185749594290959696887939133202708861818409567217472E-7,
    "8": 8.866623890706335244299062747081843381517775075424286088923E-7,
    "9": 8.152405604064689558465731281806996004476704012542006791232E-7,
    "10": 6.651945982483504047832345339914865419402361711801426453018E-7,
    "11": 1.542477300408476986273663217602862353929938805669975097337E-7,
    "12": 1.679254339817935248882670969546908495585781811977107499302E-7,
    "13": 0.0000065339952848042510660758155025581545257641217007234616717788
  },
  "zHigh": {
    "0": 0.0000994263458721667046158509326507743402937928409438815880279266145984794553548916597370898768454859389411415960791,
    "1": 0.000044610472049184657565483116316780265153943907616385210617262452738968495206017522276496719984902846711812411467330,
    "2": 0.00004821226506549877475857241307154963150737319751908731284016922093914037584059161429673205233086199671519591353,
    "3": 0.000031009121661541185620275667960014744280728534185717081533974330478750287528158960194632167508136799057951608867416,
    "4": 0.0000105484052752395081140980647678354517339611111840446614507250793370453890567896760516381452728149052834491306198441,
    "5": 0.00001774272574915633614153395907756037669878860545235963507428034537503825407554343505397746099029504119758007148,
    "6": 0.00018892291313472510562491515240373447333114102966658308070295421377579382126276271994987553123786965651790793940775,
    "7": 0.000005624740666420532231344963257321706679131912892252149793811345319708078486711325585455542749753104739878187734819,
    "8": 0.000045490404777971563092580039843770766525859015543149088696309462085150341751077489362891697098663645010033990839,
    "9": 0.0000365443762947420412481946553914040481401858117186847731762959724595057859205343584014297617254088328929714168496,
    "10": 0.00002704791559242918178649304781886673713066778652092864614246157165293263719804441254278351062524131284836944976380,
    "11": 0.000006628756041750437941500470935900248429358028843772749516227270139514594549054957026330335677213088868113922855598,
    "12": 0.00000835707983150957537848402639226526574418533472335162436355815491118552312126344173180632795316801910916819665,
    "13": 0.0003356074017342545141089196388432313296542422116595846745261242854663354918267296861338625381460409373132930331
  },
  "setupType": "Multi Region Model National Bidder",
  "population": 0,
  "id": 7,
  "worldId": 129,
  "implementation": "org.spectrumauctions.sats.core.model.mrvm.MRVMNationalBidder"
}