{
  "gammaValues": {
    "1": 0.95264,
    "2": 0.81057
  },
  "alpha": 814.837217426183997304178774356842041015625,
  "beta": {
    "0": 0.1484373214329726409221876792798866517841815948486328125,
    "1": 0.1109089854304400601936464454411179758608341217041015625,
    "2": 0.13893928128803623156528601612080819904804229736328125,
    "3": 0.201748639694251330478635964027489535510540008544921875,
    "4": 0.15850440147152877745639898421359248459339141845703125,
    "5": 0.207484332304980478856037962032132782042026519775390625,
    "6": 0.156314518468365248882179230349720455706119537353515625,
    "7": 0.21383731090310631461903767558396793901920318603515625,
    "8": 0.083909659295498484343767131576896645128726959228515625,
    "9": 0.184204747919513300846716674641356803476810455322265625,
    "10": 0.209819724495178550061069699950166977941989898681640625,
    "11": 0.160234511729587636441607401138753630220890045166015625,
    "12": 0.19371718900572165722451245528645813465118408203125,
    "13": 0.20892663448620452104620426325709559023380279541015625
  },
  "zLow": {
    "0": 0.0000019115056054442379472382078738137115496159713207689266598144,
    "1": 0.0000012400288267017525175135038290871742190169222128551110109894,
    "2": 0.0000014022136270442136135802998074972937393725824352635119501652,
    "3": 4.338546606949131311943362903599212568766460702971718521087E-7,
    "4": 1.621262907578529380626845749114633444935898370592156356764E-7,
    "5": 2.998339912969598997993948188886286690811071977114438227098E-7,
    "6": 0.0000049103247623974527129274132329342419657387717617672326283473,
    "7": 6.76803361892036267976320593683854233610199591987264278351E-8,
    "8": 0.0000022512942210058503929531856765852964116429359225756853391586,
    "9": 6.561806695574076183358840496497855343895427381879301073769E-7,
    "10": 3.380081478060294841039000729415610610589480736031761664809E-7,
    "11": 1.248996935131208884475316293810522586222678405929085086600E-7,
    "12": 1.713485947784287660355017887156497474046096424483383723083E-7,
    "13": 0.0000066811751184047327962822661005390442154935998743046043941058
  },
  "zHigh": {
    "0": 0.000085719045360952671007279828279315089263226433554493942328787125782682092955229445380192773070135068631093694823905,
    "1": 0.000050953898708451610750002771248280233018697660176724317475364026073554463210459870108240081739310497754993186275718,
    "2": 0.0000615486641667077607738655347863992768245154634967503262420732461163592294503394015491909986488163217869542083633,
    "3": 0.00002176859858286836332217872875320608883817137906351537303352127624125714657617381945265222785202392221216465986755,
    "4": 0.0000074335617906728409087112364918476163959361820181465504093160018524006257568612261965282205609036616800228825877,
    "5": 0.00001521610528756750226235467627134180282111863787941964651320744315887456158179450848481034611329225887777422984545,
    "6": 0.00022406524794766836385598754724906898549555849111653733271411818303039013202837966617114377408511082747583373038873,
    "7": 0.0000034776681948478581623948343745558697718359262129852409764507842122062101792295007320024714960008557997528222480,
    "8": 0.00008642935973602806914827842190008412873059376799414679060429902749765495800973394546640041445566030757425320697055,
    "9": 0.00003177257956927020112287398303547662615844198182669665602390633951576329515652324536155116573546819965879766198876,
    "10": 0.00001723232207915955416611301398736897270422914359361965177783469223367560394510617986303477425007025799124674540517,
    "11": 0.00000574831494591863363610543016452322912623624764455007948401684332984389188147354457432110850114205681091915191783,
    "12": 0.0000084597746554086326129010671450940326795662785608704530348989825740867705940748762702038847403264618752403268,
    "13": 0.0003400227967422689660151131567826580203461265568670189561959343565658184547925375091046277397878188376566949573607
  },
  "setupType": "Multi Region Model National Bidder",
  "population": 0,
  "id": 6,
  "worldId": 129,
  "implementation": "org.spectrumauctions.sats.core.model.mrvm.MRVMNationalBidder"
}