{
  "homeId": 2,
  "distanceDiscounts": {
    "0": 1,
    "1": 0.42045,
    "2": 0.17678,
    "3": 0.07433,
    "4": 0.03125,
    "5": 0.01314,
    "6": 0.00552,
    "7": 0.00232
  },
  "alpha": 710.6755390623139874151092953979969024658203125,
  "beta": {
    "0": 0.09836931098673519502373352452195831574499607086181640625,
    "1": 0.071205725831459287800129231982282362878322601318359375,
    "2": 0.05911058234355208440558016036447952501475811004638671875,
    "3": 0.09781474269621397155116682142761419527232646942138671875,
    "4": 0.0860296467891733251942554261404438875615596771240234375,
    "5": 0.093783345496607550817458331948728300631046295166015625,
    "6": 0.056529377003989987604537503784740692935883998870849609375,
    "7": 0.07186523184696025356998916322481818497180938720703125,
    "8": 0.043537431662430590983969835860989405773580074310302734375,
    "9": 0.0874233987992887040530121112169581465423107147216796875,
    "10": 0.07978560813309386323677330210557556711137294769287109375,
    "11": 0.05199018797798325708381383947198628447949886322021484375,
    "12": 0.0909897758761051278497689054347574710845947265625,
    "13": 0.0625269118199518192380281789155560545623302459716796875
  },
  "zLow": {
    "0": 0.0000028844237001366884002325687226270454680371100641928551224452,
    "1": 0.0000019314505605843890322206550392360764741412771177684066824803,
    "2": 0.0000032958997497520882918291252919013481458104885240968234189934,
    "3": 8.948506657330053370513938672648660893081503470497287955139E-7,
    "4": 2.987078482647744684614164800592654561518097461698670674950E-7,
    "5": 6.633465159209683133921285586132268641118346251885692287109E-7,
    "6": 0.0000135779853137824574218298430681333490792288091112651742212025,
    "7": 2.013850191499751347101168066369277448123232325038662001642E-7,
    "8": 0.0000043389176587909788396365789261284184436056435318160680295319,
    "9": 0.0000013826000417003138012742343150153726649013208309014593393898,
    "10": 8.888918453999955321016050287039558983425712907484282757151E-7,
    "11": 3.849426629064171392009105541365018979624257770013017889743E-7,
    "12": 3.648010757357472663402019269744534605807265268186872871288E-7,
    "13": 0.0000223243942691546385025496524517593509873474642411966384719017
  },
  "zHigh": {
    "0": 0.0001149065882017261845971106537437151068158605958572117962077098696999271231864858894719669020033248582615020838216551,
    "1": 0.00007169655072493070619121730755274730067242830732412318762009214312740590149330856868602417294048711001849129679217,
    "2": 0.0001183592478479440011213302993185209090176526461617496703069169023038410568223574260954189529657439913258244339303516,
    "3": 0.0000355984787340111294978904560603544338111165073660920813356784326672536379466128724609061235847512477907759099823178,
    "4": 0.000011531008515880486820673193646281679745682779291466093363873445038049072750931797203400749108172464480312007956467,
    "5": 0.00002612148102628775467013668846307974867204046070373340869324079418166228245090535382622535128872474812013033537778,
    "6": 0.00048409506448921850512306044230504219890025961160147558049977615844900673263115027358980116444663653449743590266758903,
    "7": 0.0000074888086836710033997693767926121394153750244121394341463228419511574099476582865268713433770879998228868757020,
    "8": 0.00014905806286958192254878021938637778968947499627135827131549700165841447599571364790374445171990987791189002428104128,
    "9": 0.000053565160733557386611024490996444240073795324608102532984292619646771991114702945382388814518605293243927427129740,
    "10": 0.0000337588330069785356060441626602408178227378401079772150548612129286950336439231999915061093916932165261869516167566,
    "11": 0.0000135496040277175211587067979071867183064409857368018778934451669062402803195890848989529527962225046330775747775905,
    "12": 0.000014263349084128187622042071292858144074849785091980920479515802419142131584498071028772649665149197625617287,
    "13": 0.000809319371264766137203134747319267223501742487873779978529812097814972929666876149496019767571694885394414960855376
  },
  "setupType": "Multi Region Model Regional Bidder",
  "population": 0,
  "id": 4,
  "worldId": 129,
  "implementation": "org.spectrumauctions.sats.core.model.mrvm.MRVMRegionalBidder"
}