{
  "gammaValues": {
    "1": 0.98145,
    "2": 0.92581
  },
  "alpha": 1174.1493761060273754992522299289703369140625,
  "beta": {
    "0": 0.2133761567774949963194330848637036979198455810546875,
    "1": 0.0872031799034585219931869914944400079548358917236328125,
    "2": 0.199436228087224221017237368869245983660221099853515625,
    "3": 0.11994373822147215424838151420772192068397998809814453125,
    "4": 0.161817705746485407392043498475686646997928619384765625,
    "5": 0.12448533441771558738508929309318773448467254638671875,
    "6": 0.199526594345204699720852659083902835845947265625,
    "7": 0.150028686454671655869930191329331137239933013916015625,
    "8": 0.1820969712413222085789499260499724186956882476806640625,
    "9": 0.18145543017172138799963931887759827077388763427734375,
    "10": 0.0969381533642382497983902567284530960023403167724609375,
    "11": 0.195016450135370555951652704607113264501094818115234375,
    "12": 0.147027629366300927049593383344472385942935943603515625,
    "13": 0.1436312941037918289310937325353734195232391357421875
  },
  "zLow": {
    "0": 0.0000013297585646934922547729959965831551916111441099619856174270,
    "1": 0.0000015771252748609438013952391498824488349438318213930900946375,
    "2": 9.768664170112920076028298393314951095645974783052285042006E-7,
    "3": 7.297553746289714513489099142280184870216281851685555165307E-7,
    "4": 1.588066680393574200077442393134271859982780671918348541244E-7,
    "5": 4.997444540562184177872252093638373641846138917009506530039E-7,
    "6": 0.0000038468809297144943419306048997318630395115072548419048630638,
    "7": 9.64654256043900750481353218986451863924336078714846216515E-8,
    "8": 0.0000010373886494146058781250229373814026380218197048267635124625,
    "9": 6.661227757752534498067959438725159328343999686415174616413E-7,
    "10": 7.316084945759890724136941932747803873637961942115052709648E-7,
    "11": 1.026233499346228992093944317420695843405094841944145214610E-7,
    "12": 2.257614318045016869334648041394712632160489900659554927476E-7,
    "13": 0.0000097184631010326535219471312267335196806878202241866582770106
  },
  "zHigh": {
    "0": 0.000068266634138430300233323471962398398523081617230285711057163355070953558413397430011736101582283993158402320772,
    "1": 0.000061066792153227349266454830872138471496504948432863689984807931301154863656783264202790110505043582229198040732142,
    "2": 0.00004878824786572011259454143574142531793027591478800182286313502650491410499548716268131204487173910608158486431497,
    "3": 0.0000306456200008901129268159374692490057425208425096568829661829955875694401111922037583548466817227222295580011156627,
    "4": 0.00000733397310911797536706302642390653164107682892212512696275435795365941364801757519710620374565148746287967332881,
    "5": 0.0000212134191703452578019895879855980636742238386991048514220316572154494776978414994112225376183917991060746105542,
    "6": 0.00019216193296717961272608329725299761770874055590877749975561504053319047979854709785882147737434399285493395,
    "7": 0.00000434122087730345160990993225046366266277833567316798679094207685352960020987633031659041445092001730408483220129,
    "8": 0.000050012192588290733703433539723967315521960281461679135803414789223771252073976543485034931198155823095570507165982,
    "9": 0.0000320708427558055760670013398621585381117876987403042766518399776472087286268591103963440483263380135948558539085,
    "10": 0.000029040332482258341815406837597365552493374587211869524912353734049932545663877862945628004894933523925366881535958,
    "11": 0.00000508002463856369395896131423535374889778349695259525986804741638356002220964349594414717236558854011317379667755,
    "12": 0.00001009215976619082023983995760780867815390945898939896664807764683329274466820999944368987374671626658780513121125,
    "13": 0.000431141436221106587785059110568492284301953167363480572683077871950310121419897738512000235482533273679201674581
  },
  "setupType": "Multi Region Model National Bidder",
  "population": 0,
  "id": 5,
  "worldId": 129,
  "implementation": "org.spectrumauctions.sats.core.model.mrvm.MRVMNationalBidder"
}