{
  "gammaValues": {
    "1": 0.95235,
    "2": 0.80939
  },
  "alpha": 944.2724712495715948534780181944370269775390625,
  "beta": {
    "0": 0.138924603702041127295530031915404833853244781494140625,
    "1": 0.1453447886247128117975790928539936430752277374267578125,
    "2": 0.08369772030011475572042201065414701588451862335205078125,
    "3": 0.191011878932679735054733782817493192851543426513671875,
    "4": 0.12890915258126811604455497217713855206966400146484375,
    "5": 0.214260679082667160333386391357635147869586944580078125,
    "6": 0.147427646086727925922588156026904471218585968017578125,
    "7": 0.174249217874598461008872618549503386020660400390625,
    "8": 0.1879476655322722677965430193580687046051025390625,
    "9": 0.145907514321970743775835899214143864810466766357421875,
    "10": 0.2166129144606114831361765027395449578762054443359375,
    "11": 0.1121164866709982999015693394539994187653064727783203125,
    "12": 0.1321522030258595048479719480383209884166717529296875,
    "13": 0.08443423859849734369742435546868364326655864715576171875
  },
  "zLow": {
    "0": 0.000002362395506560025526731340467899616915054225669550094674608,
    "1": 0.000001094490859063093112765199568272159055442275659903291626427,
    "2": 0.000002692394482836284784195001503315283594729622418468503320199,
    "3": 5.30038718681928274635484046235933917491231858037066397824E-7,
    "4": 2.30581313873959233111086374954632914482755145700725687286E-7,
    "5": 3.35843375452855559091336035543814972399405611596353745922E-7,
    "6": 0.000006022040780105679621687465909391954673967941156351156587360,
    "7": 9.6070100260830415425404655898972553462762854404017550679E-8,
    "8": 0.000001162573363070093987553424242776778829124830453264592819843,
    "9": 9.58207759041818581745190765348922202222103510248341537280E-7,
    "10": 3.78706034702418604455443574861493780685762045557548161200E-7,
    "11": 2.06471942481595569104407034685259031377206862096985169511E-7,
    "12": 2.90527594287980759524894266638101011725938228287925504029E-7,
    "13": 0.000019122345549718248947125066866273313086314718267741747253354
  },
  "zHigh": {
    "0": 0.0001036913511504341904533714535916405800051151694113333033524861567501199248992929588243831512204937916238611429488,
    "1": 0.00004874258002811335429807306468486740177540554026030885567669355436541112370397354640143184026737362649986395485320,
    "2": 0.000103306562521288891748573767213660610653673486393655555435088809679803338402231027531348018136455176997656674919637,
    "3": 0.0000260255307167083658499080223570574259745090674680738766530170306042728671923835415461393637927093950971103875326,
    "4": 0.000009889843593475525546684086779605394293959588021260945724111586888679218139195960889402496340640862011780808084,
    "5": 0.0000172711042325800650472701986619818253351401792770794421649001830173355156696236544552472550325608369447413731012,
    "6": 0.0002694427530880966971041603792684750758086896660956506243779121342872987431331049213807913051121085964706274184533,
    "7": 0.0000045561169909833082122373253234918630963203455289778700858833559165177081459077020358259671973377637071448810,
    "8": 0.00005672749585200551529984051255205701627909085347780234680167037937013000020436648583147651549219862797627788,
    "9": 0.0000427272040038363210695475070838379559944171166816266913662215329414842791832736563881683546922793168593274425918,
    "10": 0.00001956444283114379464124414488289218358486515035031793673013330867680849477920834216190525846623985275830605246,
    "11": 0.00000850904915316516079950036327220794204691582932921863207527740190828885311594601713049437287607289109927877548035,
    "12": 0.00001255521399113540013832559563598478195578754442532191646393384137878878717319206354247322577357840444918808564,
    "13": 0.000735128435162329916545296328496342980795688310325039155951866025260230671764622543170835127191774874683887252219288
  },
  "setupType": "Multi Region Model National Bidder",
  "population": 0,
  "id": 5,
  "worldId": 131,
  "implementation": "org.spectrumauctions.sats.core.model.mrvm.MRVMNationalBidder"
}