{
  "homeId": 13,
  "distanceDiscounts": {
    "0": 1,
    "1": 0.42045,
    "2": 0.17678,
    "3": 0.07433,
    "4": 0.03125,
    "5": 0.01314,
    "6": 0.00552,
    "7": 0.00232
  },
  "alpha": 622.8979727655267879526945762336254119873046875,
  "beta": {
    "0": 0.0843188165807728096101669734707684256136417388916015625,
    "1": 0.057292134651388361421542327889255830086767673492431640625,
    "2": 0.072296744088219344614998362885671667754650115966796875,
    "3": 0.044690281438622102283542147915795794688165187835693359375,
    "4": 0.049837439344986335376663788565565482713282108306884765625,
    "5": 0.06660730082420941722265439466355019249022006988525390625,
    "6": 0.079818485581524656335972167653380893170833587646484375,
    "7": 0.08514287608764536940952893928624689579010009765625,
    "8": 0.0771112302602283972152719115911168046295642852783203125,
    "9": 0.06220025961668144975913463667893665842711925506591796875,
    "10": 0.08830098601788395618061855429914430715143680572509765625,
    "11": 0.053387565488935966040440206370476516894996166229248046875,
    "12": 0.0534893738369321691816793418183806352317333221435546875,
    "13": 0.0939602475526916947057287643474410288035869598388671875
  },
  "zLow": {
    "0": 0.000003892308654758473046161660954636396492136871715254512086373,
    "1": 0.000002776620971275865276428585243475892024066946188509711417193,
    "2": 0.000003116976887465718014007851757658304876977623936816107894113,
    "3": 0.000002265452091671292401068699738397335083911206501521095138802,
    "4": 5.96419923720614169269631231646398492609176103649907155125E-7,
    "5": 0.000001080332468055660398221117263100990788622078287885138145658,
    "6": 0.000011122928359026182883614292754929953705092952001912222739689,
    "7": 1.96612336824889455264157273990880102225221107333673876888E-7,
    "8": 0.000002833607359935016665135420206358937917747027315365754327078,
    "9": 0.000002247735189329051522789565459243613749914143928292645942331,
    "10": 9.29011346307027272234038834465145926555580017432818652360E-7,
    "11": 4.33601131184195220589464774755090375828891273626975855646E-7,
    "12": 7.17784839695588703827854656265387641894420598122685484387E-7,
    "13": 0.000017183657224853398357593487434111439700880798936759785809572
  },
  "zHigh": {
    "0": 0.00014958874559638761603628106819374396731759455078246582570543633926397504396082462517155157373963375917336590027896,
    "1": 0.0000992064833944965192079746349409793908341456561185014493996732495008765842517591153076102073241864790841042058257825,
    "2": 0.0001160440346601718886429592748439512491211135319440836926525114056561870057368006254861758417020377329228789875179,
    "3": 0.0000780879319063892896429044931218994609671083067725947388823528030531889301711408672815590852643627160402324049273435,
    "4": 0.0000208650018888751736314404324803583616377522167597363897592799758878592357214816437963766037288200375347421121274037,
    "5": 0.000039605777010664210221163635488697099821820359565742974156964253906199938813778830951458389058500548005007818898753,
    "6": 0.0004224693804557117949619651846346150467424399914624826089477604017005590333990515413487141981691857673810548357307,
    "7": 0.000007572384087905079407399903866249089559194093116867559872159842604265513672857071986775601594291491656888872,
    "8": 0.00010685851575795319562730039145952178893775675934083719201870891842743926306578038257400090554073054143809607215566,
    "9": 0.000081413026912453309300878747900678702425178329222955823517742178038702140832839619103405837141657398198392007048101,
    "10": 0.000036073602179282054674602002671001747960959689506576051464915755285499405490887992602209670652603999729053580139988,
    "11": 0.0000153229248142431503440520954743028823804663616751183526593348615751927577806185294987243203433476214547031288238113,
    "12": 0.00002537293135336363846741440732480338086084201552036471587468803771234029843768865557781663407645925583697558798305,
    "13": 0.00067696778541638439885934894553148677923267073039558031263842485758185796983971847655409879072615440887807451304392
  },
  "setupType": "Multi Region Model Regional Bidder",
  "population": 0,
  "id": 3,
  "worldId": 131,
  "implementation": "org.spectrumauctions.sats.core.model.mrvm.MRVMRegionalBidder"
}