{
  "homeId": 8,
  "distanceDiscounts": {
    "0": 1,
    "1": 0.42045,
    "2": 0.17678,
    "3": 0.07433,
    "4": 0.03125,
    "5": 0.01314,
    "6": 0.00552,
    "7": 0.00232
  },
  "alpha": 828.592745051920928744948469102382659912109375,
  "beta": {
    "0": 0.0993517278912555978909182385905296541750431060791015625,
    "1": 0.0674670474556623156470180902033462189137935638427734375,
    "2": 0.06179017310571195686907941535537247546017169952392578125,
    "3": 0.040596357149371424533068619666664744727313518524169921875,
    "4": 0.079875147390691625393088770579197444021701812744140625,
    "5": 0.0687838766276570312552252062232582829892635345458984375,
    "6": 0.05915212814185545620038197967005544342100620269775390625,
    "7": 0.0466362319637430855490123349227360449731349945068359375,
    "8": 0.092279310951497051096481527565629221498966217041015625,
    "9": 0.04077174856824937465571423444998799823224544525146484375,
    "10": 0.0448318366575350679692490984962205402553081512451171875,
    "11": 0.06844664446542790547933776679201400838792324066162109375,
    "12": 0.060992438832060812126112381292841746471822261810302734375,
    "13": 0.049098224147538900574705422741317306645214557647705078125
  },
  "zLow": {
    "0": 0.000003303363378798570288488581657664439195043827720730987858467,
    "1": 0.000002357870227932356385723402276953754867896401846690495009667,
    "2": 0.000003646976032523399945401628815359188935720080108958604275945,
    "3": 0.000002493910751400333150913804680862420603575084565068363077806,
    "4": 3.72131291691756214518554673963857467194023611386636881767E-7,
    "5": 0.000001046146760227972802279125141340248800069644593510409294673,
    "6": 0.000015009016999695296353908000659383684706651966405441041769429,
    "7": 3.58951380218676907246802681789181802245053232456433750898E-7,
    "8": 0.000002367843315538781385976030246416072582942886127074028394737,
    "9": 0.000003429083059604001572594844018412131211913462191042029312891,
    "10": 0.000001829784903245198888383037445907959342756404154231056685703,
    "11": 3.38203705498891881214533839039494011415654384647120259462E-7,
    "12": 6.29485594610752868286325815093106075056844976749878086534E-7,
    "13": 0.000032884706417406280332448698519130429667636836506278498146600
  },
  "zHigh": {
    "0": 0.00013192038731759053330608868928458524840480323094676009886827274389788207685979368298798854275479213565330251737956,
    "1": 0.00008664396109419125248681914594531527614902932586392495717390682837892934370631909847261222417287065704119809614343,
    "2": 0.000131944009011902346584772586574977770883387217108358584107478807705932666013252439011395599551691112169637956337363,
    "3": 0.0000849416916982605121382576413958520265570246486790127770524731462286226706453487714680466534170778293005365609629565,
    "4": 0.0000141363429280094349889081357498821308752976419918382815585380809795383796445669703077687525480025860944990833979,
    "5": 0.00003858020577583358234290387183587484016524734873450110862743839136900540525113685754690998589863160827399822905415,
    "6": 0.000539052039675785199070776421768226976789210423568347179839956168615746360158029614061731016940492348414346514312905,
    "7": 0.00001244255538971870296687926610019814055978905687055035609243859632635285376293368079328839455276650173198020981602,
    "8": 0.0000928855944260661372525186926612358288936325236920854140484885035879314177704947947603043578448439665111176596342,
    "9": 0.000116853463020701810795037104675734226285157877105437324634550177228119114359387091674304652774310265844927277336854,
    "10": 0.00006309680888742720315907196101428615044698441361052319246522463745240803765363956363321680593302810878044082286953,
    "11": 0.000012461002043684050162804167402834991448069255005722684773800836451599100723409806390156550819300790790850373061737,
    "12": 0.0000227239540008185634011685420896349338557147468791804939391024592329375313311902863550041887968603966401460698769835,
    "13": 0.0011479992611929708581050052780820564782353518574811416827492481259857613671913298838068898745210524533574909465016832
  },
  "setupType": "Multi Region Model Regional Bidder",
  "population": 0,
  "id": 2,
  "worldId": 131,
  "implementation": "org.spectrumauctions.sats.core.model.mrvm.MRVMRegionalBidder"
}