{
  "homeId": 13,
  "distanceDiscounts": {
    "0": 1,
    "1": 0.42045,
    "2": 0.17678,
    "3": 0.07433,
    "4": 0.03125,
    "5": 0.01314,
    "6": 0.00552,
    "7": 0.00232
  },
  "alpha": 583.930455483853847908903844654560089111328125,
  "beta": {
    "0": 0.09785521874621309901254306851114961318671703338623046875,
    "1": 0.040883649976916423829376157073056674562394618988037109375,
    "2": 0.073366821075796284645775813260115683078765869140625,
    "3": 0.0905981109776589910165256469554151408374309539794921875,
    "4": 0.080480967005329528962676022274536080658435821533203125,
    "5": 0.0928741339600779036711486469357623718678951263427734375,
    "6": 0.070321801099271052937211834432673640549182891845703125,
    "7": 0.052970175494089659362639821438278886489570140838623046875,
    "8": 0.06905601516520805394083737382970866747200489044189453125,
    "9": 0.069457262490592253101340247667394578456878662109375,
    "10": 0.08414912429654908265774793107993900775909423828125,
    "11": 0.06535615143531625648165572783909738063812255859375,
    "12": 0.09212612686590314348134000965728773735463619232177734375,
    "13": 0.08908915303010482567014349797318573109805583953857421875
  },
  "zLow": {
    "0": 0.000003353882028382212018502151174857876688371974325555443640844,
    "1": 0.000003891006371789797415709294083213055146331329084397809958798,
    "2": 0.000003071514849051372533025688252900245230435348161804531213012,
    "3": 0.000001117503339418095905481266374618928826893615964575437671939,
    "4": 3.69330077390833663681912899316609952899227027748191252822E-7,
    "5": 7.74790855340575858364620435547048173078161352074451748580E-7,
    "6": 0.000012625036375219719275914197009880023563583043752735936968211,
    "7": 3.16029533137034814752645825824192083966877015179376084954E-7,
    "8": 0.000003164140720779868717553094456707495764069428102838382319537,
    "9": 0.000002012888318838571848563998016311237872795981954280896634689,
    "10": 9.74848147101591233703468896518505240690566041815337309426E-7,
    "11": 3.54196327029502060512198677316786370608033380634001118119E-7,
    "12": 4.16753237448536967277601668747792175971168755102755095347E-7,
    "13": 0.000018123201667011343732779822133754037164239661306912626524974
  },
  "zHigh": {
    "0": 0.000133435946805099785206495774800388373204647629091493772339563271162845528782026258500688557504954219492678470173730,
    "1": 0.0001326380454099144833863959001330942845020771429951444056478341029177098401824328363077634960607960667778123795776163,
    "2": 0.0001146801735077415242134943697012094597248452586937363922194862247003731223548135551058661315017852026302988945,
    "3": 0.00004364946933879339477528149220854727325658059066422501487647045779286010230439676823286820328259647450303810065346,
    "4": 0.0000140523064989817584638088825104647054464537444826849126901921824979406591237648468446696612174006372815416110894,
    "5": 0.00003043952862921167402546873066207882135550285149142238224464685298208607295471706212998400706014984517444092912763,
    "6": 0.0004675326209415178867309623122831171424971427439871940358034414141974399522119674928986144048979906860604530988701,
    "7": 0.0000111548999772694401920545604212484490114437703522386261141286007544391898289969134371179263645270091758752740774613,
    "8": 0.000116774516583298757199830618969978524327428782965016031792474961212180881877630126647272254517510209103535688867054,
    "9": 0.0000743676207977389190741117246127074261116334700026033442884919406929443693569716676983026335033556978065875555,
    "10": 0.000037448706203118973518684904532602527385009270238051611176896797771655963332766025868031977825082477656853305,
    "11": 0.000012940780689602355541734112551153762223840624885329110533506320895662192360076891753038634485052660297553845,
    "12": 0.000016341983285952086370906817699275516883144460229766804203495145716970254809528256480146704325115974200692118053403,
    "13": 0.000705154118681122760114938986520764703133436601500165534100481254836483879248796303205316859332429126899693804378749
  },
  "setupType": "Multi Region Model Regional Bidder",
  "population": 0,
  "id": 4,
  "worldId": 131,
  "implementation": "org.spectrumauctions.sats.core.model.mrvm.MRVMRegionalBidder"
}