{
  "regionsOfInterest": [
    5,
    6,
    12,
    13
  ],
  "alpha": 70.80790632652343674635631032288074493408203125,
  "beta": {
    "0": 0.06475245001261629995692459260681062005460262298583984375,
    "1": 0.0840432251766466131837063358034356497228145599365234375,
    "2": 0.0979388304639400020246142730684368871152400970458984375,
    "3": 0.1025496383377342279885624520829878747463226318359375,
    "4": 0.113125635332936680388371541994274593889713287353515625,
    "5": 0.072344518245506861386928676438401453197002410888671875,
    "6": 0.076816317168379943947087440392351709306240081787109375,
    "7": 0.0811754818910706277268474195807357318699359893798828125,
    "8": 0.06527470900633285111336334693987737409770488739013671875,
    "9": 0.09097186237678124565153581215781741775572299957275390625,
    "10": 0.050497160009650855772012079114574589766561985015869140625,
    "11": 0.098854830537685900448963138842373155057430267333984375,
    "12": 0.09383371281718104472968633444907027296721935272216796875,
    "13": 0.061863683998282618936581656043927068822085857391357421875
  },
  "zLow": {
    "0": 0.000005068454698971067530479687907929871602568483126346441525156,
    "1": 0.000001892818156702645482690871462867797603202933496158797955993,
    "2": 0.000002300898216718790278628918569155300407580339348284937657340,
    "3": 9.87265223004218875908164592417505480695032088597895972984E-7,
    "4": 2.62752484749257279283347374044242459858362060269945486066E-7,
    "5": 9.94657666331382578702597464626173897026593257082751585344E-7,
    "6": 0.000011557639438808142854182943775675716333705854189385410816075,
    "7": 2.06221625564817092390982006063451748126199364320665676327E-7,
    "8": 0.000003347436594130632419522919160915079800648085740275945113075,
    "9": 0.000001536845664945969910557755233474497662475994480008721619186,
    "10": 0.000001624499632950339255049553100893748396623979949801203494987,
    "11": 2.34170739672129649550484852111172559878597145755163328757E-7,
    "12": 4.09169161831671866386485514531597122751326204096278495564E-7,
    "13": 0.000026099006434092195685264826471514548291012781684454482554874
  },
  "zHigh": {
    "0": 0.000184873126922765450565821876792548220630542893115223708868927356101723749286738737977843301174275066149113574746524,
    "1": 0.00007269239895729992539584322152273655820822527534797404556368829660972292894410996210335067616429214219838844364091,
    "2": 0.00009156167453776405658159127918886111503919499428814858554933891080672680078151148951028142498520241233125773256567,
    "3": 0.00003974232584637708388808843874250457287062307438489876390781671306439014555073918240537734976724931895311387364,
    "4": 0.0000108549787197344669318519167522936806552277954583375396875012751201836991762507144777440600943719493802975395022,
    "5": 0.0000370355329589358756356080415344525930739558086416713773475495710282584687903427282433170994776157061564435141525,
    "6": 0.0004355107128491705940790247152569879256008270570866782512393456590612174271039023002557886969193787093903573683081,
    "7": 0.00000786066275010290852120464582842623893622344082647731385532437749506248200486552181893716529140848385544428860266,
    "8": 0.000122273392783821668258925360096206045424788512088142915598627061521836899407911644159466031274767189027692200310990,
    "9": 0.000060086341180960860933924441127605219802033845774438093823399821776313602592599942671622343846287704049744395436001,
    "10": 0.0000569382507785814141590674306638598220630116874776275967437373772579726902830476910388848510243156050115640776981145,
    "11": 0.0000093400130688811832128826977949853479019575378389639768526705839427488100255270062235386180033180458537047308447,
    "12": 0.000016114461017446133344173333072789665286549183699572506209989665992652248073860640416535151358647312165836710050382,
    "13": 0.0009444282616935483186894891166535800369366302128264212149974658731438571065499909244560210546641299113669261230289194
  },
  "setupType": "Multi Region Model Local Bidder",
  "population": 0,
  "id": 0,
  "worldId": 131,
  "implementation": "org.spectrumauctions.sats.core.model.mrvm.MRVMLocalBidder"
}