{
  "homeId": 11,
  "distanceDiscounts": {
    "0": 1,
    "1": 0.42045,
    "2": 0.17678,
    "3": 0.07433,
    "4": 0.03125,
    "5": 0.01314,
    "6": 0.00552,
    "7": 0.00232
  },
  "alpha": 555.7654595873647167536546476185321807861328125,
  "beta": {
    "0": 0.05704984174121326134798692919503082521259784698486328125,
    "1": 0.040133863249872649137106606076486059464514255523681640625,
    "2": 0.07592512686672703292600772329024039208889007568359375,
    "3": 0.0955231122348970396185308118219836615025997161865234375,
    "4": 0.0813128477134324179065316684500430710613727569580078125,
    "5": 0.076008242430333716743717786812339909374713897705078125,
    "6": 0.067960294232302598249617631154251284897327423095703125,
    "7": 0.0563688488849045932216341725506936199963092803955078125,
    "8": 0.0538443823964944723314829388982616364955902099609375,
    "9": 0.04216744530474846042178427296676090918481349945068359375,
    "10": 0.04187639059174218247871834819306968711316585540771484375,
    "11": 0.07353088739540993012955283347764634527266025543212890625,
    "12": 0.0671312125126228009808215801967890001833438873291015625,
    "13": 0.0924136695612907121955004186020232737064361572265625
  },
  "zLow": {
    "0": 0.000005752774232487373555584210332351355094495363252595726461008,
    "1": 0.000003963698724236580678635559699408105300462828561631015092468,
    "2": 0.000002968019806638720382941951832005898951398960668970463925632,
    "3": 0.000001059886860821084746181472956938213797544546370640569212547,
    "4": 3.65551602341154307457200154307711711541305767400240671260E-7,
    "5": 9.46713506181885392620629082582612408598638685592124950686E-7,
    "6": 0.000013063735330728902149271339962434539462502654293947105847288,
    "7": 2.96975016569247632319072974600265409423416153814911516737E-7,
    "8": 0.000004058045424126780350010168068752130397758520920041199124270,
    "9": 0.000003315584126934854082091416706710115664203241248279504969879,
    "10": 0.000001958922837941262120374780066023679331074636188274017920842,
    "11": 3.14818841539208429883299950500822432706728223638562321813E-7,
    "12": 5.71922659936173618389378218801924316289920308094580564971E-7,
    "13": 0.000017471232279516832863896182574262107863553936494275870978337
  },
  "zHigh": {
    "0": 0.000205402712928254631318957549525192725388349296902702256944490213924938649192108536515905157930427150761342884926653,
    "1": 0.0001348188159833179812741838686189457891260221273121405596579172507752778809748445879211399058476941400483464231086946,
    "2": 0.000111575322235361959710982277074379071353753633908714373598092518913101330111564750925149465594657113628054512434,
    "3": 0.00004192097498088305999628768967812582237610850284617896109468427676838510378129549390241995965026539334345592367879,
    "4": 0.00001393895224749137777706750016019775820571610667224639524333448154602213916627923062643472827286764251150552874127,
    "5": 0.0000355972081544509600531489900731457484211171714969525783078044430373815011290686720550395347054931168603484127035,
    "6": 0.0004806935896067933729316766008597526194647310602235291021757250696536520615436383165482052903168346690562938955916,
    "7": 0.00001058326448023582471904737488453064877513994451130468906760797341395301228954770333736270626961530132851212684789,
    "8": 0.00014359165768370610617354282733131756333810156748110053593449126904004037961650509106487237363092978385062289875,
    "9": 0.000113448495040627386079934285324673759853851248822561594344180514571509750673042884199271727208078636348202054677965,
    "10": 0.000066970946928309100118824239617757750096531374631812029519392177366870517460160731210798654816544098924377744354028,
    "11": 0.000011759456124893546622867150746674844086801470175465946644340840331835450217722607754009976032833058509649184360243,
    "12": 0.00002099706596058118590426011420089948109270700681952156829221380239723543551075569797720305119218348185041702095686,
    "13": 0.00068559503705628743404842979973600682411286485712106286770137700182156763100114606386927317140198984016378691559
  },
  "setupType": "Multi Region Model Regional Bidder",
  "population": 0,
  "id": 1,
  "worldId": 131,
  "implementation": "org.spectrumauctions.sats.core.model.mrvm.MRVMRegionalBidder"
}