{
  "homeId": 4,
  "distanceDiscounts": {
    "0": 1,
    "1": 0.42045,
    "2": 0.17678,
    "3": 0.07433,
    "4": 0.03125,
    "5": 0.01314,
    "6": 0.00552,
    "7": 0.00232
  },
  "alpha": 800.884801541870047003612853586673736572265625,
  "beta": {
    "0": 0.065621196972006134995325510317343287169933319091796875,
    "1": 0.0417462367465209760464261989909573458135128021240234375,
    "2": 0.0575482473281192230540881382694351486861705780029296875,
    "3": 0.0743785715146316750434607456554658710956573486328125,
    "4": 0.08776868502158363671838969821692444384098052978515625,
    "5": 0.09081165698791505980214111559689627029001712799072265625,
    "6": 0.04777742456498344780779774509937851689755916595458984375,
    "7": 0.0953583441365145334511765895513235591351985931396484375,
    "8": 0.06629414361707315628269299168096040375530719757080078125,
    "9": 0.0681640042668174295226179992823745124042034149169921875,
    "10": 0.061017272721787925437997301969517138786613941192626953125,
    "11": 0.08605713490873677373738104279254912398755550384521484375,
    "12": 0.07222680816104228018748045769825694151222705841064453125,
    "13": 0.04358934974431850906118057764615514315664768218994140625
  },
  "zLow": {
    "0": 0.0000045444804656738862230806894132689489658400414029179779442079,
    "1": 0.0000034625088023662507697674707871618553909002195035126620635542,
    "2": 0.0000035580892211048746381580277583882574498013761976488103124145,
    "3": 0.0000012368492022009157707329875559629577819688500655625323503469,
    "4": 3.077264917728988933830214986609875310330069360692045510450E-7,
    "5": 7.200029529159726432832384960934862667414918325011135598444E-7,
    "6": 0.0000168848226152695362220811190685145589559351474566962516002403,
    "7": 1.595133348536232782911277485076366770976693641404204339299E-7,
    "8": 0.0000029948753655719082440837627946628443216893529946939366658862,
    "9": 0.0000018637122574983884651698399363713276677764304164971575265592,
    "10": 0.0000012216038524015350588784656992269854602094028854802703669774,
    "11": 2.444219783939386680770773799902610656942941813831098996036E-7,
    "12": 4.830142979684918271945464189960438830297944012048527349983E-7,
    "13": 0.0000336570445251767038430588941727087766490636077438850475024396
  },
  "zHigh": {
    "0": 0.00016615583874755861198521156588605125453259398035436224962986122458749297202757516605437788645348903596237884330378,
    "1": 0.000118329935291036954471193149352668174710367705461397083396408619583579255661206164067289219181257035869983506726462,
    "2": 0.000127218856484312080081421922353998648608440355469826181273376917616895015705676331381617372707618545313318753399467,
    "3": 0.000046304983749899067784320486197944790583909777860763361550523711212445529383678128544692401027895072556885535566,
    "4": 0.0000119326697061082179332140233800168059002274209238892242029779913318468216451420878835808311188846183610023338709,
    "5": 0.0000281385547065283057859921021517869285883824972508533180136362097552988695385569419706694001609738982940083408429147,
    "6": 0.0005872160123375027669788122552545743542114839726392685282932207796886183610266518644739977307829814033586636494359230,
    "7": 0.000006306492793542187019181510414348607513327182880061059586118076124026485568885155433205987571356608757831726091406,
    "8": 0.0001097005307272031029648038155010630076047866010709432674831560301400341231210667872434821916817093272020139686073314,
    "9": 0.000068615176752175663479985836418529133049326122183659291297545795622249481115856745237502087504468515772580822343559,
    "10": 0.00004410200911404317459006325146705799796138684990814071995200354960912145425680782041538419005565389004662633752291183,
    "11": 0.0000094360848687489125245829465713090954907558308780008208920166010592745900836343766134176414661440949968604347937859,
    "12": 0.0000179790870428958321318714642221438843858417157960064594070125266245339250349637585066559064405262294337324152273049,
    "13": 0.0011564202042721038983787698209373742436729230347639080558975597787711464512916023417613291412121692538306732379490678
  },
  "setupType": "Multi Region Model Regional Bidder",
  "population": 0,
  "id": 5,
  "worldId": 34,
  "implementation": "org.spectrumauctions.sats.core.model.mrvm.MRVMRegionalBidder"
}