{
  "gammaValues": {
    "1": 0.91014,
    "2": 0.64057
  },
  "alpha": 921.60758111565473882365040481090545654296875,
  "beta": {
    "0": 0.11667048905126475855098533429554663598537445068359375,
    "1": 0.191342453643281673603127046590088866651058197021484375,
    "2": 0.15151582302882571351432261508307419717311859130859375,
    "3": 0.09184809212819074197842184048568014986813068389892578125,
    "4": 0.1391293750231152870355799677781760692596435546875,
    "5": 0.141614959579186072691214803853654302656650543212890625,
    "6": 0.18371713606220463343987603366258554160594940185546875,
    "7": 0.108961504931748665025992295340984128415584564208984375,
    "8": 0.1208999792702622755324881609340081922709941864013671875,
    "9": 0.1544762615205391986794580816422239877283573150634765625,
    "10": 0.142776652574654827621003505555563606321811676025390625,
    "11": 0.094255867173150320592611706160823814570903778076171875,
    "12": 0.09420679897195256835562560127073084004223346710205078125,
    "13": 0.1601525470492901337404845207856851629912853240966796875
  },
  "zLow": {
    "0": 0.0000025560383795287389474669658552289911283669076445440589638004,
    "1": 7.554346118607409740178470182399937514634716038400676714486E-7,
    "2": 0.0000013514218806883470474044253835753837332104136326642048849475,
    "3": 0.0000010016003022721480235999931844361374694866174028641084293332,
    "4": 1.941268659096988906218658038794493988106175721645003526275E-7,
    "5": 4.617073039796369587631957087221117797740615369676097922354E-7,
    "6": 0.0000043910620211335234385942899582001395428318926074214919281160,
    "7": 1.395990950094045718259120802947647605645857567419207515779E-7,
    "8": 0.0000016422062170633806917845772600219299562559396625550430063501,
    "9": 8.223793676891195481582291326774910134712965397581976539668E-7,
    "10": 5.220666970112387875535330062749020771027681174752421877189E-7,
    "11": 2.231612291112561349443741217282853253043983255203890212054E-7,
    "12": 3.703191427701229292781624307552278114952044893585804117088E-7,
    "13": 0.0000091605704198791299256393418589486805183906025446022314453963
  },
  "zHigh": {
    "0": 0.0001065025761632041937167998591448525194083999676031446802176375567582508186617739156997181726633676470859414004286,
    "1": 0.00003711770957587166059870443628501232552726526847121925163324039390141920951724353195331345216992065184067098811812,
    "2": 0.0000610188362718162523588138511096124371107114785202880184493666715990195353357470362813454559257098447272515967002,
    "3": 0.0000392475167520360353703306550521401812094427979798106439201134124511628100484375430505592801974650414260253245006560,
    "4": 0.000008524680930212217850379352536570661933555740006748098250452444549461073858744775770633655590123468802546773,
    "5": 0.00002038968523843823525039081853064569397935958838484820498536691491133249641972424663046803163423183774266754938218,
    "6": 0.0002124031945134223834742073819451417718183863271610257381294934646025477228233557020078381076436678450932666680585,
    "7": 0.00000570906559821562582522504036796245001733467465810606911555633086233853598043294728888108732060422445222643734353,
    "8": 0.000069120456271947276395828249461835576641784201106776457697074522284454898738140128879231384080618434859940780557165,
    "9": 0.000037375190057897595969637512307714033420172105881490495119772822774045550635138530315614518787103959224327465717205,
    "10": 0.00002311589445233428645031527067849549646818780686798987457424751786078043184225025292141616010590797836552997124035,
    "11": 0.00000879826239026843653060184882344982327905895520211919454007041670657289290654811956269150241718627928137336341985,
    "12": 0.0000145982323869447651943799445749194022398040184406182897083295844145443321116223789651161899939772043799946323048542,
    "13": 0.000421525981113176680856183251524571359752732878785423574186260942731425009865040920982328606839470430296270979609075
  },
  "setupType": "Multi Region Model National Bidder",
  "population": 0,
  "id": 9,
  "worldId": 34,
  "implementation": "org.spectrumauctions.sats.core.model.mrvm.MRVMNationalBidder"
}