{
  "regionsOfInterest": [
    3,
    4,
    10,
    11,
    12,
    13
  ],
  "alpha": 83.10077465586329026336898095905780792236328125,
  "beta": {
    "0": 0.0559042828483650999782383905767346732318401336669921875,
    "1": 0.10106296597963859706936773363850079476833343505859375,
    "2": 0.11521636543956627340978826623540953733026981353759765625,
    "3": 0.0953836188156125530657192257422138936817646026611328125,
    "4": 0.051101483151553973860448110144716338254511356353759765625,
    "5": 0.07785594662378537977875936348937102593481540679931640625,
    "6": 0.1065144281814721927137412649244652129709720611572265625,
    "7": 0.10460462155845275111776260246188030578196048736572265625,
    "8": 0.11265602697063627213314163100221776403486728668212890625,
    "9": 0.071467019767486872350303883649758063256740570068359375,
    "10": 0.083795776826125989433791119154193438589572906494140625,
    "11": 0.09922993808536795246055817187880165874958038330078125,
    "12": 0.06870138589845768695152372629308956675231456756591796875,
    "13": 0.1178219328981504887554621063827653415501117706298828125
  },
  "zLow": {
    "0": 0.0000053343721192577898890222132264958376781608265234004965266398,
    "1": 0.0000014302639032938781295395167002135404989583691952848161927354,
    "2": 0.0000017771936975312838468356646253248110533717539862621525916220,
    "3": 9.644745919794986419145042366259230613295556689282735368149E-7,
    "4": 5.285316171570097960992629835934268202189072090762017802069E-7,
    "5": 8.398158910897619856457088153639593405480380143405809960828E-7,
    "6": 0.0000075737470741498261114309841124011349494787332897946898869126,
    "7": 1.454135319521715941787684163794709509158136291147165688117E-7,
    "8": 0.0000017623797229437941656286186714298833591854435659645461769052,
    "9": 0.0000017775764357538617387773533205618749006223104210410024040465,
    "10": 8.895309315484662052613993494033924755341289375066756108452E-7,
    "11": 2.119748895863631651736548857341193015100924358286458465097E-7,
    "12": 5.078002515112866174985868443771651100189238144890670579339E-7,
    "13": 0.0000124517451808928647579181909614256987271180985651985491503573
  },
  "zHigh": {
    "0": 0.000189852588355075721963457280282857915902217533968837807102819446846117786781241637942935515615727287583681076613894,
    "1": 0.0000573625883188657752643545267442187279521121962145617072718454456472544641048597502355146019616181597901342032433,
    "2": 0.0000737919907771043563417510283620952567155516891282264496496012151793834074576465445738911346201908479077939457906259,
    "3": 0.000038133745443256553919765986617833748964730945961735597144563320307759053463720136310479723973106051400296252578968,
    "4": 0.00001855682346763154501470126792798998457580442911409914107783432771826279692075207980874530408898674268156795358033715,
    "5": 0.0000317329428517419860568662117299011208025788827060373411007900381593581765825624024510412031878637636102370481023452,
    "6": 0.000307883746103911463659308206571171634017791547632221676893389653066240491492346400111476260944911885929779914393949,
    "7": 0.0000058834987064986364958107304505036357278715108292899436325720459312878565216822690249573236221175663012032224790614,
    "8": 0.0000727256614483596806111494918040741787296693182090615528137260013130217242603119171640880665591162582585266598569383,
    "9": 0.00006603110209983986168821123794424555003470252231997463762216306051765451619825335128230418880435009054992773818475,
    "10": 0.00003413982148845110898155126097235020842112863146893287726803852327530578961872901655086511420510927440203213422580,
    "11": 0.0000084626722045216474374802717436248425652297785113668992992013818964487230950546718220174923483227856601762827338,
    "12": 0.0000187226656491796758409926769835775211955155981945328890950828431921282823295553017651603872413306867907949583731952,
    "13": 0.000520261223943588725824548724598881906014557759403313105335090576849561006463462189602076692784392298381710554121422
  },
  "setupType": "Multi Region Model Local Bidder",
  "population": 0,
  "id": 1,
  "worldId": 34,
  "implementation": "org.spectrumauctions.sats.core.model.mrvm.MRVMLocalBidder"
}