{
  "gammaValues": {
    "1": 0.98173,
    "2": 0.92692
  },
  "alpha": 841.36472615888897053082473576068878173828125,
  "beta": {
    "0": 0.09233405599977291544622204355619032867252826690673828125,
    "1": 0.08093686692480565880725151828301022760570049285888671875,
    "2": 0.18971858136038211029017475084401667118072509765625,
    "3": 0.1213199126348368517280817968639894388616085052490234375,
    "4": 0.14186356662204258061166228799265809357166290283203125,
    "5": 0.1391440205894882986559224491429631598293781280517578125,
    "6": 0.08891165402830307484816074747868697158992290496826171875,
    "7": 0.1286506302465512396882019174881861545145511627197265625,
    "8": 0.09398291434067070071467497882622410543262958526611328125,
    "9": 0.214288881216839144361330227184225805103778839111328125,
    "10": 0.088149974876215508867716152963112108409404754638671875,
    "11": 0.1221270441125573424923089760341099463403224945068359375,
    "12": 0.214957404003320140528643378274864517152309417724609375,
    "13": 0.149842436820165680888550241434131748974323272705078125
  },
  "zLow": {
    "0": 0.00000320573392036922709754394287208754115333853592184847797058998,
    "1": 0.00000177264931080197164140929940683962914929964104479249235398377,
    "2": 0.00000107127276529530219898218182711564050176434671460347356879178,
    "3": 7.5265074301841926697400792347346180764396294905750212230875E-7,
    "4": 1.8897075583533487339258164813917266459205809048239192710873E-7,
    "5": 4.6641480408875991893804581363286808167720679976847934159604E-7,
    "6": 0.00000900578439722619328550045317971997304904801059208599444981365,
    "7": 1.1735585848689265558924621114449411646504750982139564718876E-7,
    "8": 0.00000209684345043611092135882714669635161867636713027205807258436,
    "9": 5.8843069082770382725628662407993180146340262360641404471309E-7,
    "10": 8.3930921241268524935304526609821757582805531986048268487799E-7,
    "11": 1.7095282793571053331459657929193301234727855363855471883496E-7,
    "12": 1.6108941273496880221435878190038240774093812624015771512619E-7,
    "13": 0.00000971812626839940114766631427150014247758682734591802248873395
  },
  "zHigh": {
    "0": 0.00012577185914345119121076848403475024740929691888154104116991896750454732058631311741094471193603356009497192761941864,
    "1": 0.00006752674746133191374097720783562377678335470034115711594393173649357776961812050106427494028422092215371786759559387,
    "2": 0.00005246221788704289787052458159714423937449696426811384190686791059402869864014250481652470373184703724793583243,
    "3": 0.0000317106745293065448089208352436516606217552815090329229851525871841136456006374924390142027856329481977432571300600,
    "4": 0.00000834992921606642325813526896799698134339735344925215467928292694266933492699012464499203519907081052137601608810,
    "5": 0.0000204823272329996536947546035702749841228495499615085140363828326262834191998966293740927706830399138972374216598027,
    "6": 0.00035024545057475232326487666331555409136162690178389843958782365373204805856331647268674843972778760253757349525596342,
    "7": 0.0000050304662703531615955319985966881102701976605981530828231939896674189450599317716367790245914714647815817800640465,
    "8": 0.00008261204935189666791732223202770249463353043774805949526120385056333560938749549077350792305207722242358206673992963,
    "9": 0.000030262336165943157263407869270005800047185903808002074203831248035543942693651307709639859451442771962588223749598,
    "10": 0.000032577784971136000545811110920406620841525075837238686130125680949048423183459388634254165385535088209603636213092,
    "11": 0.0000072163811939184105471742712251473774591700817617286756700694715617512260397911508107111439161909533781254768910562,
    "12": 0.000008295418579441891389725238052353498244064052771425694087357010970850291812070113260584693999577222092999093325825,
    "13": 0.000437162560190285008109011132297537825171147869632693004411122581538404118793079241235156852041262939875643224393575
  },
  "setupType": "Multi Region Model National Bidder",
  "population": 0,
  "id": 8,
  "worldId": 147,
  "implementation": "org.spectrumauctions.sats.core.model.mrvm.MRVMNationalBidder"
}