{
  "homeId": 13,
  "distanceDiscounts": {
    "0": 1,
    "1": 0.42045,
    "2": 0.17678,
    "3": 0.07433,
    "4": 0.03125,
    "5": 0.01314,
    "6": 0.00552,
    "7": 0.00232
  },
  "alpha": 709.0994692591171997264609672129154205322265625,
  "beta": {
    "0": 0.07401013307885638548011542070526047609746456146240234375,
    "1": 0.050729963968760387327261440759684774093329906463623046875,
    "2": 0.0895881507095384055361364517011679708957672119140625,
    "3": 0.04668648015082373092798917468826402910053730010986328125,
    "4": 0.079831605113624914960013256859383545815944671630859375,
    "5": 0.056544178066457777276365703755800495855510234832763671875,
    "6": 0.052063512110240912911240940275092725642025470733642578125,
    "7": 0.09153865209089306897993765232968144118785858154296875,
    "8": 0.0548476596243675229569447537869564257562160491943359375,
    "9": 0.08689825861682425045540156816059607081115245819091796875,
    "10": 0.09300277449483172753641468943897052668035030364990234375,
    "11": 0.07618454753295045289718245840049348771572113037109375,
    "12": 0.093023141019353772218636322577367536723613739013671875,
    "13": 0.094478010349517249633066739988862536847591400146484375
  },
  "zLow": {
    "0": 0.00000399943092938858947565381471719691744565341285907159215188322,
    "1": 0.00000282816446432089735816036101044743732225321105360579069030756,
    "2": 0.00000226860748516599774857015015583072967922482667996320417969471,
    "3": 0.00000195584507747321743458391567638052892501391327162549290058466,
    "4": 3.3580767130897158422627498645896675024084865720831773473013E-7,
    "5": 0.00000114775443418934046067158259081814627612322815367068324091195,
    "6": 0.00001537966138135662719126821875117064175977426703568213977683040,
    "7": 1.6493475501990561553531205086265027407183943090162104375320E-7,
    "8": 0.00000359299667000888719643575390725412142523831844476463005681029,
    "9": 0.00000145105502018319514832099124277740786107018489851644888419032,
    "10": 7.9551482619118925342141601587924237178650715662464652000033E-7,
    "11": 2.7404459610974327729021756576174557660105295717997196845462E-7,
    "12": 3.7224460058518058451285690052872776887491940588303187410916E-7,
    "13": 0.00001541298039613585447115617383990737413506841274743033478865138
  },
  "zHigh": {
    "0": 0.00014958276941403206255406463938803153617874322699823446660871610776973438786433691933383185828139406394925008422582604,
    "1": 0.000099192202066899685243509055943858021971961800605556066033645293660421737187289846438156209412867413580331429815688737,
    "2": 0.0000883822594831637643581636314585969146983113632289057602339557306730824037403350620493929503739216345848829856385,
    "3": 0.00006780650456295048983721806783086367414285379118607264633342995284123162485729904037522739680972975195025836551316100,
    "4": 0.000012755036680275524583146069117590803912861070451029928907925151789246904132371150368027553557853542439271312832695,
    "5": 0.000040922516136017069946760706885833329956230190578574631015860330844130109998090817489394241697636860352685919176203866,
    "6": 0.000541461760098665340437909630459074152683414595091782799398326092747490881796628599423825649036930702916829608368630668,
    "7": 0.00000645783316634355039391397378823279499840141823055984472012704607127922059710468094018305825097383535296232823703,
    "8": 0.0001274966459390799561696300348444355888303889771828366547879818083326136160543171825787252463247370413361018692238503,
    "9": 0.00005614106604660789689534900783093008183538937205530311938814821469938207042105563064566723359178576439621473819590452,
    "10": 0.00003126395338449112066786223341383736472027863094016360118379576652991280965752484746917607922926958501347612820201742,
    "11": 0.00001030913423913939286644290081924175438678331386797119315865916862505776324112597796036639332738816285266688652594,
    "12": 0.000014630074214948244858680181611203859078083491160711918856845999452283900912848064624097641055420719698063234024183,
    "13": 0.000608008184022378607813706919349754774895595431678062373408645461015118534985286314398558716230183282995245307799160
  },
  "setupType": "Multi Region Model Regional Bidder",
  "population": 0,
  "id": 3,
  "worldId": 147,
  "implementation": "org.spectrumauctions.sats.core.model.mrvm.MRVMRegionalBidder"
}