{
  "homeId": 6,
  "distanceDiscounts": {
    "0": 1,
    "1": 0.42045,
    "2": 0.17678,
    "3": 0.07433,
    "4": 0.03125,
    "5": 0.01314,
    "6": 0.00552,
    "7": 0.00232
  },
  "alpha": 511.4519153983673049879143945872783660888671875,
  "beta": {
    "0": 0.052195807256963634712665367487716139294207096099853515625,
    "1": 0.060843222620545291123850262238192954100668430328369140625,
    "2": 0.0823111038448214038520944768606568686664104461669921875,
    "3": 0.04504160322320747977808963469215086661279201507568359375,
    "4": 0.0958994624537133077968320549189229495823383331298828125,
    "5": 0.043671731261279343738745950531665585003793239593505859375,
    "6": 0.07184861079286881946348586325257201679050922393798828125,
    "7": 0.0655905056433146171901427123884786851704120635986328125,
    "8": 0.04268101828553284848855042810100712813436985015869140625,
    "9": 0.0634403124599175194386901921461685560643672943115234375,
    "10": 0.0504298214853717841066327309818007051944732666015625,
    "11": 0.07739137356108548304600702749667107127606868743896484375,
    "12": 0.07349269014783478548569206623142235912382602691650390625,
    "13": 0.0957421465521603176629383824547403492033481597900390625
  },
  "zLow": {
    "0": 0.00000567092321930232327351749663793292344343653505255555895533589,
    "1": 0.00000235807169957957446238568439912114273366137799743558284936401,
    "2": 0.00000246917292793206986524568260591889102274299348610701245575752,
    "3": 0.00000202727069760456093795601086866750275033251087220990451915888,
    "4": 2.7954343772263490656020355056345291407510430624724877145638E-7,
    "5": 0.00000148606041549146909588706502027560647274225099673802480888548,
    "6": 0.00001114453261856440683048925565647308519669547698112759471422394,
    "7": 2.3018430806993922747439268232322093408275802090560227271794E-7,
    "8": 0.00000461721548135910709270511816982522717562858516113352372723696,
    "9": 0.00000198760298494413126456174372681315865566380506198579933387760,
    "10": 0.00000146708998383060585829494414745650903069612438892586179828693,
    "11": 2.6977119797456290832191485233350163651033011719830754535521E-7,
    "12": 4.7116743045156378442935043106397229118538817766128882565732E-7,
    "13": 0.00001520947434147717508769721412879322069146740552508053899384301
  },
  "zHigh": {
    "0": 0.000199727538111444076489975097010111716112236892802753470712296417600540063698496368535968911270606559277483799581637246,
    "1": 0.000085089419124659998370268757604069184314206808920449830805338844677624624864932045119715067432743614099141419013534430,
    "2": 0.0000943992227661459278584296049612417550038563674132200085158399662403350355023203785122906661257191805975399227438356,
    "3": 0.00006994927316689079493838092359947288890241171920360499489065648682337002535887977232031315638877132421644097474335331,
    "4": 0.0000110671096726854242531639260407253888278887399221978600097124026918272459858393964530399581394652410930228729464785,
    "5": 0.000051071695575080929003225179769557135854800875870594878055066215530652802141170164057521032659991655149504540226869670,
    "6": 0.00041440789721489872961454073761814745579105089345514644752013241294209595207090066636420533521742478569487604155778357,
    "7": 0.0000084153197578445587520863927320499147987289759306792815890694437355882540957829214239089934389049118043985703088695,
    "8": 0.00015822321027958655305771096272156876134209697867390346490078194374133093215772023239008964899047014220035007604482321,
    "9": 0.0000722375049894359803825715823520026056731979769593836328787666547516662440630607255177776945201391053342802422398945,
    "10": 0.0000514112081136736188140680773611553644875671479092000595323938272751990192600726141048583940561812218242752427575,
    "11": 0.00001018093229508398179739381941639443618406162866852126046567692607602081544911633644973761550386100288988049391098179,
    "12": 0.00001759775911093974085617498752726119474739755431405962740329087362443350173111088980044941731390277902815668473304843,
    "13": 0.0006019030023826182263099381280163301715875652150075684995643940972913957500769853265717141664521479494079122265572399
  },
  "setupType": "Multi Region Model Regional Bidder",
  "population": 0,
  "id": 5,
  "worldId": 147,
  "implementation": "org.spectrumauctions.sats.core.model.mrvm.MRVMRegionalBidder"
}