{
  "gammaValues": {
    "1": 0.92074,
    "2": 0.68296
  },
  "alpha": 739.694269328477048475178889930248260498046875,
  "beta": {
    "0": 0.12383897768062378241804566414430155418813228607177734375,
    "1": 0.185328640439604674927664973438368178904056549072265625,
    "2": 0.185433972202003582996354680290096439421176910400390625,
    "3": 0.135343050702814604591139868716709315776824951171875,
    "4": 0.10991623045464328500830930579468258656561374664306640625,
    "5": 0.110047162186424019036934396353899501264095306396484375,
    "6": 0.11635987432600740365540303855595993809401988983154296875,
    "7": 0.1512758646952294672161087873973883688449859619140625,
    "8": 0.11945314450872880629450634160093613900244235992431640625,
    "9": 0.219224549995967021853715550605556927621364593505859375,
    "10": 0.162639460101900612531977685648598708212375640869140625,
    "11": 0.1179316453842123302298006137789343483746051788330078125,
    "12": 0.1289172011676189277817883294119383208453655242919921875,
    "13": 0.164418652249152363875595028730458579957485198974609375
  },
  "zLow": {
    "0": 0.00000239018781378438803105626762747789120598151941453702686960668,
    "1": 7.7415277548255070439531605749071669072661602430221211653445E-7,
    "2": 0.00000109602543087648068563412265156079608810596882270819335904684,
    "3": 6.7466723938446546696278066115813614298210482883974563633141E-7,
    "4": 2.4389542198798443789850796574755649901332988517073500185090E-7,
    "5": 5.8973652581270117580360440903344639353868407849267867295934E-7,
    "6": 0.00000688140298550234702203674997064943365456970478368385119048336,
    "7": 9.980379347281256391499497921848635215189140970570540281613E-8,
    "8": 0.00000164974692963175265245413462608041594391099919200479396710743,
    "9": 5.7518263540027849734842345426427902566504751239313018647672E-7,
    "10": 4.5490243229533345818423488440727196743440591465250693999867E-7,
    "11": 1.7703444644100511172656272617382746406902198340437694605525E-7,
    "12": 2.6860156488276197469401879328485291854185953082041312270303E-7,
    "13": 0.00000885658470899269214711867909375012117623461680033149231085891
  },
  "zHigh": {
    "0": 0.00010130547594590601921613822669646074898858642366219750814041994943986350596011862545488135119616986414954541192356602,
    "1": 0.000037571851401749285630557707355156403026163949726448708820451943794787468397993742579421613451261892177012460874888,
    "2": 0.000053204797854478252470082806330498906964745627511255435614519731984263889051956046890324033930636286698573492538226,
    "3": 0.000029371169420287930808584017374191890681899537902500228405832359198514655806161234987179583622736255045437010263,
    "4": 0.00000999766920064591019331305849624849637603550728990244692154813616544255588977878419088592613062538517164978889760955,
    "5": 0.000024181978884717891400721361432292333478693868323234493977282010899217255758405536928519560130642580693433373159985,
    "6": 0.00028651400822303693536096556704343790952727772753183414180791486439488603945886526266512902169441573356793141623604223,
    "7": 0.0000045039043199307588453044616389078773408029775946823754920150420866526845972535616367453850944781319422388491506,
    "8": 0.00006919915372776591985018145640922442439056939960004157209689605813766117416139428165442303642908169417815077039095110,
    "9": 0.000029864894503120397366171974175536216773235250471603558456740180487774083198627431159537638303863964913751282567927,
    "10": 0.000021045581567615446810746799469678252589715593680999413783746011661175801551258087476207076563404981209722527317760,
    "11": 0.0000073988297490772478995332556316042110108223846547033424866781039837587230096950596194790268166335431788222455494166,
    "12": 0.0000115207831438756865641150383938876135680916949088333563146620412944522224671550173101092580023341184170621625429202,
    "13": 0.000411316313408083738092582076965037186130581553265097099074871298776060706653471953022869509026492090217711087214508
  },
  "setupType": "Multi Region Model National Bidder",
  "population": 0,
  "id": 9,
  "worldId": 147,
  "implementation": "org.spectrumauctions.sats.core.model.mrvm.MRVMNationalBidder"
}