{
  "homeId": 4,
  "distanceDiscounts": {
    "0": 1,
    "1": 0.42045,
    "2": 0.17678,
    "3": 0.07433,
    "4": 0.03125,
    "5": 0.01314,
    "6": 0.00552,
    "7": 0.00232
  },
  "alpha": 639.87082225957010450656525790691375732421875,
  "beta": {
    "0": 0.05496845738972293282653680535077000968158245086669921875,
    "1": 0.041271759803486622597556987557254615239799022674560546875,
    "2": 0.07081145476636586943985918196631246246397495269775390625,
    "3": 0.06339036519528863655725814396646455861628055572509765625,
    "4": 0.05938528070811777137549825056339614093303680419921875,
    "5": 0.06541648425266254063270565666243783198297023773193359375,
    "6": 0.06263553370492565275373664235303294844925403594970703125,
    "7": 0.049312300211940669758536870403986540623009204864501953125,
    "8": 0.044240286916630226776714351899499888531863689422607421875,
    "9": 0.0713939135426377990967239384190179407596588134765625,
    "10": 0.08456049282731299687743131698880461044609546661376953125,
    "11": 0.0514464614313557000446763822765205986797809600830078125,
    "12": 0.0528012510366191178956540852595935575664043426513671875,
    "13": 0.0794155603275450427958048749133013188838958740234375
  },
  "zLow": {
    "0": 0.00000538487760762747058168249192206517908590536794741651193688704,
    "1": 0.00000347629182898586086800053151390819352338820379163526477745067,
    "2": 0.00000287016203737666640488902702463361336352554577995091357243011,
    "3": 0.00000144046373776572305016016368444348238009997168921086087384425,
    "4": 4.5142609566547349377153116038333713273175442696930246845148E-7,
    "5": 9.9208680877292927625658941900208569548263618606897201298302E-7,
    "6": 0.00001278378484570487122663740825931758569507260123964077474763882,
    "7": 3.0616915237322380146863037818397624949907951984671310411176E-7,
    "8": 0.00000445447966373957660264004135902011841037574998742953848584433,
    "9": 0.00000176617512830158279762936923778322269550091148934072174962642,
    "10": 8.7493678801807177846898911129469278282547579870795822063365E-7,
    "11": 4.0581923377428246815779898233805154448707664910376145880643E-7,
    "12": 6.5580571092744084013936615231036950322239989842751942627044E-7,
    "13": 0.00001833630229865614264585020237693732569221548948335034554003270
  },
  "zHigh": {
    "0": 0.00019114616976119849573492495553407938538630187964858206015883070704012612771634210360515000756159691153108591614325774,
    "1": 0.000118636023006848590538714171047680708006011582746440288647938638905213978379189731488466265868377577513055567231525756,
    "2": 0.00010642889604948382404772993752268342522733293622853704201601772137465716144562237788217829691416151851903966801751037,
    "3": 0.00005234506437172565830450550807275227779543554371363368553121755280018207087294814134549399604032478162679600315109212,
    "4": 0.00001622358941097058186950375433532191538758824354385947091956560525432951839237542259710812200821489415400758916367,
    "5": 0.00003625248737352473441431091173135151253701243155052329417799239490177420799075418196589123044939431628129021991354238,
    "6": 0.00046358546402911266149898531570348247074236462121054184852257876737833949731930068981375360124958352545138235116145581,
    "7": 0.000010694865086943095971913523607872574261218620898912606530883804485548485521901144826513509954806474545808386697873191,
    "8": 0.000153341135751000638355758658397415498384511923462783907659003136618625309164311117488307016347542259930072866947983002,
    "9": 0.0000655946692901595263746003476811045268683111697800313053512312123354104770446114497215724015984405281332773147597,
    "10": 0.00003364661223929759641928942627630087705144769020266295220279531941655367612049729407000844808992369586670236238444705,
    "11": 0.0000142623733690755685924703433165309334233640246256848778692136817347058336050420848707376003250237890310965510110596,
    "12": 0.0000231369075252160525274754591646531111085079059370465454216844088227397709765617854124901958736222165909512794687960,
    "13": 0.0006957078410979872530545277754606533216100077337556626959500848344404694411191518816293654039388083268152972466730
  },
  "setupType": "Multi Region Model Regional Bidder",
  "population": 0,
  "id": 6,
  "worldId": 147,
  "implementation": "org.spectrumauctions.sats.core.model.mrvm.MRVMRegionalBidder"
}