{
  "gammaValues": {
    "1": 0.95606,
    "2": 0.82424
  },
  "alpha": 1146.76771410784613181021995842456817626953125,
  "beta": {
    "0": 0.08981426740261895524941593293988262303173542022705078125,
    "1": 0.09720758343087086694733756075947894714772701263427734375,
    "2": 0.1256992055298374044713938246786710806190967559814453125,
    "3": 0.1500987894858895888017258357649552635848522186279296875,
    "4": 0.1361088913297886227038446804726845584809780120849609375,
    "5": 0.19052264849250699629834571169340051710605621337890625,
    "6": 0.08016542957711418615485143845944548957049846649169921875,
    "7": 0.1770697991312628338800294613974983803927898406982421875,
    "8": 0.13883337598888356723136894288472831249237060546875,
    "9": 0.0901551383287763352658572557629668153822422027587890625,
    "10": 0.199651211325112931671554861168260686099529266357421875,
    "11": 0.09300706854008866653060749740689061582088470458984375,
    "12": 0.1712367231607045681140988335755537264049053192138671875,
    "13": 0.175748045882470893541693612860399298369884490966796875
  },
  "zLow": {
    "0": 0.00000356312400745235817742574702209864033605993012470171243851755,
    "1": 0.00000159571729220406356920817580257768002416130785713919169716991,
    "2": 0.00000174809199069160006673519863654119641685876580946667383857572,
    "3": 6.5771125994005617195491455727529384682570931278660851681316E-7,
    "4": 2.1294422233972731652370701930303032772185789723182904955878E-7,
    "5": 3.6827916333176421887315397288845528175279079118097943140929E-7,
    "6": 0.00001079891179984413120660691407983464895464465564753365958423206,
    "7": 9.218474982566811831826037444412506889366987296519393632713E-8,
    "8": 0.00000153464494842449233388711861774571086553874011883339653733009,
    "9": 0.00000151213774012250465713461265730957485830535850397580548739773,
    "10": 4.0064443670340575826564208307341049240391560438706545182200E-7,
    "11": 2.4269401259923058680820564736138489712243039489795794003031E-7,
    "12": 2.1862981210913158870173958910651874278771290559711884180793E-7,
    "13": 0.00000895805538127096244289350330199652733247702002343216557061242
  },
  "zHigh": {
    "0": 0.00013889565746297248056592540825268963391616870520020757925953446776889195761126637025832644908199402111967374230407383,
    "1": 0.00006338310094752289261983555804230613872485131744488838863993014189262088188545292761726578731274076355443279114251612,
    "2": 0.0000744161371630486071712390318440140905896168976426001380518466726945753121205144945828780865175063172381963744448716,
    "3": 0.0000296035041930258549231421712483574763502726564194601713283903654447657387949357584522857584465466885869124405748551,
    "4": 0.0000092866868719662487049719789100480987493436276837534578987863250094913036344745173338831942084675157026110550124845,
    "5": 0.00001806492705821015516851061187965341487254253604484553744508918129895220766925564429460299468235702653333211637032,
    "6": 0.00041053729433531114680170728597071698219743748564521161019042613527794025556025892878424981814046826686898237762807892,
    "7": 0.0000043978560082297205749439443932103382610261391844873760206329004730011160167487308992617662683155740756555935230559,
    "8": 0.00006734534236614060745729233207694972186401401857287114786352329358339513362264068523114431610425303332103859816,
    "9": 0.0000589968309169659046024669808006896806549402810876299228944127766624140819074465092130454110422835400092797153970765,
    "10": 0.000020018247810952422231634426932040418867502205467689866750389738853429949595650466302160956045944958455873746065345,
    "11": 0.00000953804624438549576170932827270949228093304979714632748478814541182168520075094630975307366555702486510135403207,
    "12": 0.0000103026396243547697767456155733883517782141765392251915649495231602586124152776556370860214323972793921243220238221,
    "13": 0.000426177734254661313418117142475979319923776116495975719806544724326932252545662119595718223546195617800624484535829
  },
  "setupType": "Multi Region Model National Bidder",
  "population": 0,
  "id": 8,
  "worldId": 18,
  "implementation": "org.spectrumauctions.sats.core.model.mrvm.MRVMNationalBidder"
}