{
  "homeId": 3,
  "distanceDiscounts": {
    "0": 1,
    "1": 0.42045,
    "2": 0.17678,
    "3": 0.07433,
    "4": 0.03125,
    "5": 0.01314,
    "6": 0.00552,
    "7": 0.00232
  },
  "alpha": 624.0169631842210264949244447052478790283203125,
  "beta": {
    "0": 0.081059146183218633296974076074548065662384033203125,
    "1": 0.059552231392309085133973667325335554778575897216796875,
    "2": 0.049342133289657981454201518545232829637825489044189453125,
    "3": 0.096339859709555331068742134448257274925708770751953125,
    "4": 0.0987617491427613403143226378233521245419979095458984375,
    "5": 0.064002025506074089467034582412452436983585357666015625,
    "6": 0.074536985988476189834983642867882736027240753173828125,
    "7": 0.077220866498018347900966773522668518126010894775390625,
    "8": 0.0981239003423570455009183888250845484435558319091796875,
    "9": 0.0746757567891522533454207177783246152102947235107421875,
    "10": 0.087887907039489399085852028292720206081867218017578125,
    "11": 0.058087731460409970651870281699302722699940204620361328125,
    "12": 0.08768303875849436934686309541575610637664794921875,
    "13": 0.091453061958700454514570310493581928312778472900390625
  },
  "zLow": {
    "0": 0.00000394797363977502326337696627101547966999251864175468305648975,
    "1": 0.00000260470209406867661876974678491797286094560902431193932420045,
    "2": 0.00000445326863216637288106710197216066134541067686035524378227895,
    "3": 0.00000102472293654845472784608197806494725065350355705013566524345,
    "4": 2.9346991390207289506404843613145570525146289877597291778366E-7,
    "5": 0.00000109630157839165968510102479932796337177271068029583088186363,
    "6": 0.00001161436019875708132541872416902657781030313672305352135971321,
    "7": 2.1138243942154749984241377350496962830776870585985360487591E-7,
    "8": 0.00000217133581513460288417986623701321283872962280815994805666179,
    "9": 0.00000182558561164406088878962583273526417883303830700439347222106,
    "10": 9.1012688540372375735583829232309906836235472903449444955920E-7,
    "11": 3.8858908923771683220088902887095291424187359335916897499700E-7,
    "12": 4.2696344858578975659686736446643565220112032655390934320844E-7,
    "13": 0.00001721495917628536473545230312467752798432017513526973055710548
  },
  "zHigh": {
    "0": 0.000150441146432652433144461985720194813934146360711796697798700267093546358843506868535162748177106796227542237770,
    "1": 0.000093652645003461284106682687512514923828380352460070817450846381347418273685189878815870603459210204209767397246846,
    "2": 0.000155571436407291791601196131912598038446174229169257236362943422998008522137325129431827934882221901588598086311229797,
    "3": 0.000040613854491277811599877193872047078465106483747365985781299245740573983384516477238298483372863189804572512975544,
    "4": 0.0000117024576188366160611822214149008600752317777300777739455325262770736128693924333240372812774221456530715033200880,
    "5": 0.000039905599510007019155346736672838657573140132718291080958719436858763857965911080704365990065916823252178024211042,
    "6": 0.000435000746302699650366061588646474847867191917910807463454860475705279488983572994786794207826716592987976169608515,
    "7": 0.000007973786696106102020668546365035675043449104171327166077096067276559120892832090283932931151458161034513924658539,
    "8": 0.0000864460683674439239660747606549747810597404992526676934434742668239965355208224145449462989341460147568671089025068,
    "9": 0.0000684002670626125915521173760634603602707706751784875624391128803724507698261221497383789327278430644171806344568758,
    "10": 0.000035302721271961962204340313209531076146255379207112736682505845648884038541122229386080594312382593642404500235423,
    "11": 0.000013914898543540083123489829717996532794516345750982658533788954453804795742414106902697102286963642413299385487280466,
    "12": 0.00001655264871865451481359944883418585906061639916792890660696464301054193237265040140126871174316922068916085552,
    "13": 0.000673884848105093382194881137156409339479070769851102669401336526518996238963104408274911520909911394538750882171092
  },
  "setupType": "Multi Region Model Regional Bidder",
  "population": 0,
  "id": 3,
  "worldId": 18,
  "implementation": "org.spectrumauctions.sats.core.model.mrvm.MRVMRegionalBidder"
}