{
  "gammaValues": {
    "1": 0.93220,
    "2": 0.72879
  },
  "alpha": 878.4898785762505895036156289279460906982421875,
  "beta": {
    "0": 0.0870645588113150570297449348800000734627246856689453125,
    "1": 0.207452680473765915802886183882947079837322235107421875,
    "2": 0.105409466138168872451075230856076814234256744384765625,
    "3": 0.1388257180890495601222056620827061124145984649658203125,
    "4": 0.1371988107515113852752364209663937799632549285888671875,
    "5": 0.1505331484353225335315329402874340303242206573486328125,
    "6": 0.1093816129043332363579565935651771724224090576171875,
    "7": 0.1183640798640641367267534178608912043273448944091796875,
    "8": 0.1191806964763635623416604403246310539543628692626953125,
    "9": 0.181343649705596743348934296591323800384998321533203125,
    "10": 0.08347193785851787783958144473217544145882129669189453125,
    "11": 0.11304674800013081448213370094890706241130828857421875,
    "12": 0.19460190256120901697300951127544976770877838134765625,
    "13": 0.211902535816244130817409541123197413980960845947265625
  },
  "zLow": {
    "0": 0.00000367565605067336646971481346370797682652167436199890876409338,
    "1": 7.4771664294607905441131943291115028864475884007323733842422E-7,
    "2": 0.00000208457344936158664016087256688368267888009790277468747663670,
    "3": 7.1111941870105671785727521797164679247072563787474565782445E-7,
    "4": 2.1125257470517110923166296972336377522668498947965810732516E-7,
    "5": 4.6611342625786719342056029510698941942326699267014292359223E-7,
    "6": 0.00000791448745738486693342649635079420682646325129747308069968291,
    "7": 1.3790615491915421024343398678041374059819864198563909783098E-7,
    "8": 0.00000178770510186029458720610984888680449247050297849387376859909,
    "9": 7.5176046889002388088604815077535236972161850103608536006876E-7,
    "10": 9.5827590865425221118333982342747387438194967623364150429505E-7,
    "11": 1.9967189736461646467513760527261325069529109851046610522886E-7,
    "12": 1.9237968446394222577201487083091267690324801463407739737810E-7,
    "13": 0.00000742964553067248507833049940873035847243872310082065424765376
  },
  "zHigh": {
    "0": 0.0001422716187596027293345974015009697286300210323191234690268092537460137563413897079865939938861730143981197237838184,
    "1": 0.000037943081469783357175929866952310246659354846932909757877559429798364466809371153405815921852218316197224133802663,
    "2": 0.000084510580923148204374009249754288678450256860441840547193676047167216550766476639875081653051939091541415499172680,
    "3": 0.0000312057489558558713002129910692480647196231461721042855587290305170900499847493464139611329573418115985500923230760,
    "4": 0.0000092359374429295624862106574226581021744884404511883296317777660268177260572012327688867803329541820161726652649166,
    "5": 0.0000209999549459932444049328015462094390026568220895204422105774306650311900655838901848874899414895020450397929142091,
    "6": 0.0003240045640615332186062947540995037183519953551433942436539514582586354740473325383390710641287967852001381950467,
    "7": 0.0000057694981610343033326991527632989984121620022551007308657481340026756762280462745209518009518135823454200010338089,
    "8": 0.0000749371469692146750568620690111825306719669043626854648015933634725823906857988403815979281435384264905511964013369,
    "9": 0.000036185512779991481315010045604663005997428080999438319074543946062762821887085618485575440341289942162299098185685,
    "10": 0.00003674719196947781581916535914266232032684322762308714832458122982164235793533559107093140635706183587791091251647514,
    "11": 0.00000824738278734707209771728701004634288811887090552157244074470632269929591463042231529622836798045347477033027304,
    "12": 0.00000951513579499908888885387402512016980168022981033394823205446615469957781735019007598633284656591638457225568551,
    "13": 0.000380325438736706992481227025677994254122627208817630380117784836681797021733569082815005723340656048767127152048552
  },
  "setupType": "Multi Region Model National Bidder",
  "population": 0,
  "id": 9,
  "worldId": 18,
  "implementation": "org.spectrumauctions.sats.core.model.mrvm.MRVMNationalBidder"
}