{
  "regionsOfInterest": [
    8,
    11,
    12
  ],
  "alpha": 76.627182823682602474946179427206516265869140625,
  "beta": {
    "0": 0.09505847587290568168061355436293524689972400665283203125,
    "1": 0.1003442189371288595367559537407942116260528564453125,
    "2": 0.0620472199708846650079152595935738645493984222412109375,
    "3": 0.077359715694989394929592663174844346940517425537109375,
    "4": 0.0648604613041541544493640003565815277397632598876953125,
    "5": 0.06581338052937509008888383732482907362282276153564453125,
    "6": 0.1149370050353206995641386356510338373482227325439453125,
    "7": 0.06773220154511956636600444880969007499516010284423828125,
    "8": 0.074687006257407040354934224524185992777347564697265625,
    "9": 0.0592787188086417449195408835294074378907680511474609375,
    "10": 0.06729636524405269160098441716399975121021270751953125,
    "11": 0.0919846726101311851220287962860311381518840789794921875,
    "12": 0.1189401346456010200025588119387975893914699554443359375,
    "13": 0.109319345658304534207871938633616082370281219482421875
  },
  "zLow": {
    "0": 0.00000336655273983023963046195934312623752849176075334953575976402,
    "1": 0.00000154583715391913509509954119959804346227132106442188196471252,
    "2": 0.00000354139596465586986076738764132448939101323661115915850956976,
    "3": 0.00000127613788470316108724504913924055697473703687982519450510564,
    "4": 4.4686086769919354598867801348193770804263292924629869264397E-7,
    "5": 0.00000106612851396160488791804173317977679317872031039843590897918,
    "6": 0.00000753194676626416772536135286044114590444253007868007775019611,
    "7": 2.4099519522812456566877966614887957281771226608233394066963E-7,
    "8": 0.00000285270423612578900240913332132939957049807351999679276695535,
    "9": 0.00000229976271202800837442303839883569273486153390658840802756393,
    "10": 0.00000118861021406459283246228082425942243155932474883372377635947,
    "11": 2.4539152038683969457555488604289376577413820053743477086506E-7,
    "12": 3.1475878787558475972195992720773414741066337789038168934323E-7,
    "13": 0.00001440148327530468337384579911347387728699103392309527711651227
  },
  "zHigh": {
    "0": 0.00013299851943430892415701177788351754968912362405964227889692859867961059582817884033890180720689849146641875887025694,
    "1": 0.0000618866967989750383965765199529170418681517136633690966662085926200647801641306874712209377372329859909822183642,
    "2": 0.0001282152563819767009922047019875128798142510216933746781816676607870512116002611028079609146696423879485411025352346,
    "3": 0.000048156302935919002381846208707315370187612483430617750977164955417650189383836476305698107087949692871521590816309,
    "4": 0.0000163041862327502355889211087354153201589668786441875471913418733198014966995926481578920338460107854619718840287692,
    "5": 0.00003900040757710537523985724468839306021532042162136923177218604846118358347759424698123226464242887777628603433537666,
    "6": 0.0003125283433279122423643404493889118906913737185796041551693476583308160194023025320421300140306194682022009124256364,
    "7": 0.00000886216937030341399545952314435297337874741097800157615090776434052375320661928076371572731161837592253016020498653,
    "8": 0.000106887120997179507512952773184460383012794020607773034752281142310554646663338891271347108379976573161644333397739,
    "9": 0.0000826255800741310161211197530464732169516255431660079990993988491450633614427140303311724356887236760175546577783348,
    "10": 0.00004365722113178803445753358916762077704216447980108961648651385831747805371278614023314618578850105187313108005455,
    "11": 0.0000096189714780137689947298054331547583404842839663306324098307318664041610347353248977022506863428883531624214293174,
    "12": 0.0000131865088973483649073522257164248139169026907080230769910082864342197434769617326182303125375283411285441954843789,
    "13": 0.000589480571075672941346686016820299818559196533485869066183540263771643896994454311362887487828078718337102339754434
  },
  "setupType": "Multi Region Model Local Bidder",
  "population": 0,
  "id": 2,
  "worldId": 18,
  "implementation": "org.spectrumauctions.sats.core.model.mrvm.MRVMLocalBidder"
}