{
  "gammaValues": {
    "1": 0.95748,
    "2": 0.82993
  },
  "alpha": 782.518757586693027405999600887298583984375,
  "beta": {
    "0": 0.10975228367706579835072489004232920706272125244140625,
    "1": 0.201811754539881871295392556930892169475555419921875,
    "2": 0.20874156059919413142011990203172899782657623291015625,
    "3": 0.1919005570060087484396404988729045726358890533447265625,
    "4": 0.100042740794820061989156556592206470668315887451171875,
    "5": 0.103564430523590600419225893347174860537052154541015625,
    "6": 0.2173993551247563882355962050496600568294525146484375,
    "7": 0.143488124387352422584029909558012150228023529052734375,
    "8": 0.118511138242544611376416696657543070614337921142578125,
    "9": 0.1255035595155159777736031401218497194349765777587890625,
    "10": 0.18084699455742836438076892591197974979877471923828125,
    "11": 0.14342172850333312350556980163673870265483856201171875,
    "12": 0.1040025698836151146764450459158979356288909912109375,
    "13": 0.19591961048491379759894925882690586149692535400390625
  },
  "zLow": {
    "0": 0.00000298609787602573177995940852146381790518731112002919433631493,
    "1": 7.8713817406209296454614966176399451859879988567296893611347E-7,
    "2": 0.00000107802597375588481804869485390910490067512653258132123561289,
    "3": 5.2683857512429636854640084125042201137608576566396060522784E-7,
    "4": 2.9669355437622291925705777655467689117723961174890841078651E-7,
    "5": 6.9383223264720517513931389309050245188663637235559963105419E-7,
    "6": 0.00000407802798522952670645806119221942005557394478406966692744626,
    "7": 1.1650081199973607700380996137039590434367558532664917892185E-7,
    "8": 0.00000184112792157133384820118065610492783652428753699484596008840,
    "9": 0.00000111241574818906309443398132419485439324786657131380010625431,
    "10": 4.5296130720498821206308431437170480962088082081759158855755E-7,
    "11": 1.6117638141145787951327090017778525505001817558626758115662E-7,
    "12": 3.6864093105212777796474462618634969604182691075055130937687E-7,
    "13": 0.00000822939056401681836342487410507277186474885836635835070002698
  },
  "zHigh": {
    "0": 0.00012235604239847793059687872943563887977392913668583819246367342216414610086256252485846043611355214475855971174321,
    "1": 0.000039499518819141780583064435348552407470020552795506011769250344151935540501520290512157008852043899422784889276,
    "2": 0.00005484366162550347385073955521104525395055456990735382393298409779444409171574026800964825064914101585983768647108,
    "3": 0.0000259152188555893368387272393705397481477324568513263919474884374900462089368146681611498272890409039808316800241160,
    "4": 0.000011869010266882119675148484951462067381069580839150034971246783403378685139607068752101511101246809073215853698500,
    "5": 0.000028000600984718078288010956539503745738823011305337433451799073810360711321736707351000204780396960050103033023723,
    "6": 0.0002109969049738466687437596215658490590538555980467630399722701505197585843676484931349353339183950545047036601068,
    "7": 0.000005166672660336651304664361210451447820304500769111698482308235408140507778284039232599284442631587498362490729071,
    "8": 0.000077053254210694933322038433665499793064401478734672132383023993519732941526545075671401584680491011581933025563736,
    "9": 0.0000473336860515562243675651301746276568479948263379875324898532915802646874045221476972118621209615313603973187826812,
    "10": 0.00002178050832203226041790202130479250662740876509816864107995660641025903739776858009800565927762389262652613704671,
    "11": 0.00000714691096393811434241445351460395064026451673222050080650987531155084067419718795650792972508685488669810067360,
    "12": 0.0000148931883509348193780075778409150400631873832106897793453542453637034975162002521634136364441217552272878172468,
    "13": 0.00040811161630354456265528561738694758235501396657654801204023600692379258357933243071994788455518884191321525425629
  },
  "setupType": "Multi Region Model National Bidder",
  "population": 0,
  "id": 2,
  "worldId": 125,
  "implementation": "org.spectrumauctions.sats.core.model.mrvm.MRVMNationalBidder"
}