{
  "regionsOfInterest": [
    1,
    6,
    7,
    8,
    11
  ],
  "alpha": 97.41016869988385451506474055349826812744140625,
  "beta": {
    "0": 0.057350557269920297842613621241980581544339656829833984375,
    "1": 0.1022994943626711894513192646627430804073810577392578125,
    "2": 0.10554929546529977224533780599813326261937618255615234375,
    "3": 0.057140496404168496236142260613632970489561557769775390625,
    "4": 0.078058272173463671972371002993895672261714935302734375,
    "5": 0.0943233688199542064101166261025355197489261627197265625,
    "6": 0.11441400004683020819040706328451051376760005950927734375,
    "7": 0.0669353224128615698074185047516948543488979339599609375,
    "8": 0.1015351361860147016979993850327446125447750091552734375,
    "9": 0.07496410864140957974743884051349596120417118072509765625,
    "10": 0.08456129129191471138771163396086194552481174468994140625,
    "11": 0.0660416443413541498497210113782784901559352874755859375,
    "12": 0.108494517436315607294972096497076563537120819091796875,
    "13": 0.1056696305046340711442098836414515972137451171875
  },
  "zLow": {
    "0": 0.00000571452269652052557585044805934398818095304883065206772307517,
    "1": 0.00000155283011868683505225169266817121063582995311211196688138185,
    "2": 0.00000213197845742371090608959336735221264816762271345579678275653,
    "3": 0.00000176933387668695500198530957689010650261217261881516670121236,
    "4": 3.8025484717358230654074904829491002757106863722730091884773E-7,
    "5": 7.6180845692841652559586413722833064248731290522908574900716E-7,
    "6": 0.00000774870779630757666188109597773096321221763002965589126419602,
    "7": 2.4974083041443049539061844292482287498434416399740036572959E-7,
    "8": 0.00000214895231179689812517613577867754432685291508779023075118702,
    "9": 0.00000186238639515714427363512988520967081352667826089574959104682,
    "10": 9.6872564038835304480217444885350792829158773798416853434907E-7,
    "11": 3.5002452538070456396089661135210090897845553110843581555966E-7,
    "12": 3.5337826371009521757804033880184171779128113125886975807727E-7,
    "13": 0.00001525792213080269851855344355848472867490310411774117663417881
  },
  "zHigh": {
    "0": 0.000204208787013321744473609915572043988046901268004524394066480557888564598218898709963486220519935882257844322352504570,
    "1": 0.0000624702771578840432142307255407688909869551495886759501273016919135568142544090847446555015645139161561001491871704,
    "2": 0.00008646223613553825649196651061433848637532945533358809034729311309412018600359604412884397389333146161895712788859388,
    "3": 0.000063190077902469095841894501439730282884815062445862574827024079660280728717475534361607560613330026323831480559904789,
    "4": 0.000014375849050802901293659223103669061472884451603501810213083335503570281271254391304194246764000211893660954197889,
    "5": 0.0000300398877131544188017074638636385914568433072915420169903881269477105112801374188864155020744620774654096172202649,
    "6": 0.00032111729930618816740645066513119535375316615541434977007476304982181047157395669566505908495741776138541894342684744,
    "7": 0.0000091638732127774838562686156570842569395245581292342340865404726962903655086652989079326299455261460977544130160323,
    "8": 0.0000862879859174618616312870873426782877742603052585336761159826791737017218524861227736770482938627645141004981992078,
    "9": 0.00006983280546059865974359958700507214945635917702544601703362841918933692854536576518084162835940693062071151665279533,
    "10": 0.00003725343831753320540007472533924660018752997261316594945370245536361096630333344897154662091626169972655756811443449,
    "11": 0.0000128123552830155148758432248498334202581176373978855478386010013932223251541963443845244658722231917887731640640292,
    "12": 0.000014435308330673842566406449219379800715671009825939332806366300543676370239773784072286207792774049097908813319194,
    "13": 0.0006189675633071209673091427009893062866596413391180327900647906844754851783331144407140462739516804191902624893
  },
  "setupType": "Multi Region Model Local Bidder",
  "population": 0,
  "id": 0,
  "worldId": 125,
  "implementation": "org.spectrumauctions.sats.core.model.mrvm.MRVMLocalBidder"
}