{
  "homeId": 6,
  "distanceDiscounts": {
    "0": 1,
    "1": 0.42045,
    "2": 0.17678,
    "3": 0.07433,
    "4": 0.03125,
    "5": 0.01314,
    "6": 0.00552,
    "7": 0.00232
  },
  "alpha": 602.42246592719538966775871813297271728515625,
  "beta": {
    "0": 0.0502587297708918800953625805050251074135303497314453125,
    "1": 0.0666229746398525335404627867319504730403423309326171875,
    "2": 0.058828907840675792595419579811277799308300018310546875,
    "3": 0.07445469296954389248899275344228954054415225982666015625,
    "4": 0.046290263419173138803586198264383710920810699462890625,
    "5": 0.0436792188184309260190474333285237662494182586669921875,
    "6": 0.05586277833635609757489959292797720991075038909912109375,
    "7": 0.052516584094302876106752364648855291306972503662109375,
    "8": 0.05972266491622628403757033765941741876304149627685546875,
    "9": 0.06753272911115859589159526876755990087985992431640625,
    "10": 0.06634030613794676678462991503693046979606151580810546875,
    "11": 0.0433379067028681064233097686155815608799457550048828125,
    "12": 0.08740363116213008265464878832062822766602039337158203125,
    "13": 0.07311685090650588136895748903043568134307861328125
  },
  "zLow": {
    "0": 0.0000064679996078412125443030032867184830722829078507778607568859,
    "1": 0.0000023650335308433989741229856482846926997039029822410753987998,
    "2": 0.0000037941216709282074785492793585352745825132181868198877290784,
    "3": 0.0000013468697951889559641515588192923696364560642914685321387283,
    "4": 6.360158362216269331610683886030614731197083002157109617586E-7,
    "5": 0.0000016317518703819725137705861074569537543673110750363548391774,
    "6": 0.0000157416339964676344087448441777917003105020910780015614241363,
    "7": 3.157274412493283383763131813843699688844700112898060254556E-7,
    "8": 0.0000036238302346674320363920684580103893788954831713567829176020,
    "9": 0.0000020505613154489991283676197179807629277488487480000268227282,
    "10": 0.0000012247820662147297748499397958939760525285164846303784189520,
    "11": 5.290689957197602172743447882780234750106986318227518602229E-7,
    "12": 4.350929418906697668839710813127059440905054992848364367504E-7,
    "13": 0.0000218721760765042019585718583413550204572135522197649993833908
  },
  "zHigh": {
    "0": 0.000226547332680108991773120633515539241030419611783767040419041338756552397813832694471300885460301520366116203362127,
    "1": 0.000086707562820080035677981311284977360774028922330385866352353855141044943892705273660302011408753922516994078052452,
    "2": 0.00013614405353938086079080923860875486507550229918657425595806018858898312423083428671635990418809588340654551664383,
    "3": 0.0000504341715627432971261287809575822900686116114522681185828138982486907452790489582425093852894568208820587934877442,
    "4": 0.00002202460914639528713700367665540617555931192977207498551923792614276716529916530170941969542975728750323070886152,
    "5": 0.000056079920811838986914019968792407295035815671642944476351235192138029238400524117901974983928141649842597211814178,
    "6": 0.0005601861609537009148288552015424848892624749775975102107623077837187005300099203208993368303511423063530787152514908,
    "7": 0.00001112991590940479239144513755308763301038967479281491974560604696366261708571047535939205647969186284780993523530,
    "8": 0.0001303573869218562316062237570248788341321768920722713134609243458268508721073561133568892172537663473755291309053979,
    "9": 0.0000753648396476738026582505894621360977905405305899518600485616341942259204420288641393548159481278031406059929036,
    "10": 0.0000448687037089371093475958531466653632869821171299653744736450364192045647786447433514433421200438583360719784378974,
    "11": 0.000018164944149181115900990861197896693824534977609335553089808084867191691852116017493487825533136922113960474145939,
    "12": 0.0000168556585581459127343962544154942115302036957923840728982080463133376606621077955323468388495408636274706999193034,
    "13": 0.0008160877460137863098234630444448274746146056138319732789927643191995363050134416755672465126808354851018094110
  },
  "setupType": "Multi Region Model Regional Bidder",
  "population": 0,
  "id": 5,
  "worldId": 29,
  "implementation": "org.spectrumauctions.sats.core.model.mrvm.MRVMRegionalBidder"
}