{
  "homeId": 13,
  "distanceDiscounts": {
    "0": 1,
    "1": 0.42045,
    "2": 0.17678,
    "3": 0.07433,
    "4": 0.03125,
    "5": 0.01314,
    "6": 0.00552,
    "7": 0.00232
  },
  "alpha": 514.104157459712723721168003976345062255859375,
  "beta": {
    "0": 0.0907588143176391859423546293328399769961833953857421875,
    "1": 0.0857873293259370506280703239099238999187946319580078125,
    "2": 0.0478944846014231762065804787198430858552455902099609375,
    "3": 0.07859345271590907622272226262793992646038532257080078125,
    "4": 0.08295091986627568803047694245833554305136203765869140625,
    "5": 0.06582450656026773982976152410628856159746646881103515625,
    "6": 0.0725170985461966177698656110806041397154331207275390625,
    "7": 0.08336528605130670566136785737398895435035228729248046875,
    "8": 0.0722634336727917270248866543624899350106716156005859375,
    "9": 0.06049353284033072430947441944226738996803760528564453125,
    "10": 0.06011093592982448552408669684155029244720935821533203125,
    "11": 0.05699811594545163562219869390901294536888599395751953125,
    "12": 0.041549569248485442030105474486845196224749088287353515625,
    "13": 0.0984865860896132205848374496781616471707820892333984375
  },
  "zLow": {
    "0": 0.0000035817286386204736589272751865863498363213296255342681679697,
    "1": 0.0000018366997805600423248747288660534368716956564076982008460766,
    "2": 0.0000046603285529188865231456480863093949095037877852209880643141,
    "3": 0.0000012759431429133168149940866689018016776404028306503876666359,
    "4": 3.549248235574345559137687083294885352532681300488584766983E-7,
    "5": 0.0000010827828528959991479550376059206875392610831884240529660421,
    "6": 0.0000121264009209706606972819082990003387392862104826326974627825,
    "7": 1.988948578554001778631312504639403812392633509769501005459E-7,
    "8": 0.0000029949420864541606604768540017567271511604158894578042489265,
    "9": 0.0000022891703516068148978090911810086132865310922382820591338386,
    "10": 0.0000013517077378367381759742126906756447654701429832282267501729,
    "11": 4.022719417221855242308816546363737293865980935264571889506E-7,
    "12": 9.152610653272756424495736271103321273946766399011687953442E-7,
    "13": 0.0000162379944384655950323376206450856075741945074843198976514907
  },
  "zHigh": {
    "0": 0.000139959203603486825211848790511575243951572265026459262751554535198488280375252906241333166059939148111830537334761,
    "1": 0.000070857550311579336200533607818039685933781525094099629770657451202409864452600310760841389772480039527314623922458,
    "2": 0.000162130259999101232128700300441978474885219387138607266015129540292594409066038075382255513592812881326819777856610,
    "3": 0.0000483063719944741226514046164458652513041417676277237844200438228241296596540596716843679418056677587908092641055246,
    "4": 0.0000135918787664695158195846862471989874233187246670694109674279838769113511021212847582713558692644056870385270271490,
    "5": 0.0000396108502872597859395535137463193085826288350445754201571742233747805911248983094313998219187569391676763097194240,
    "6": 0.000451729168688791703484967125178744042125998559736444291921693325014360797906236772463990478446992477625830635018154,
    "7": 0.0000076249384075869475760496796254747453810334749834292419983171116590677196406322141881088014885417206659523219743324,
    "8": 0.000111490742475458090328767323337268967300124873615301953400658724093587031926434420269185843234567298505349510603896,
    "9": 0.0000825231107324082757414947333529716085540078352984128293818726543715790523415533457761799259775670641018315243243060,
    "10": 0.0000486764738575973613813240399901154246752309120879008244102714578814889130139182401061174234470658502184811465133434,
    "11": 0.0000143610325292538751096869671886472014558119614604467129516382540516637935514374709895281141554183619600225273251498,
    "12": 0.00003126070226124408900136433078942299702932883001087404365602188107116749950233782922247216519370872918559908921498672,
    "13": 0.000647062296872628102036435913556745088124034271768620227035760003815123242803211934701851696873110507633577746325511
  },
  "setupType": "Multi Region Model Regional Bidder",
  "population": 0,
  "id": 4,
  "worldId": 29,
  "implementation": "org.spectrumauctions.sats.core.model.mrvm.MRVMRegionalBidder"
}