{
  "regionsOfInterest": [
    4,
    6,
    13
  ],
  "alpha": 89.9687903962352066855601151473820209503173828125,
  "beta": {
    "0": 0.1119935422206256026012027859906083904206752777099609375,
    "1": 0.1149937286775185307785562827120884321630001068115234375,
    "2": 0.058796905975686410139591231427402817644178867340087890625,
    "3": 0.10197930113288621034595138326039887033402919769287109375,
    "4": 0.08461495885147783668767118570031016133725643157958984375,
    "5": 0.06033432929356859208969154906299081631004810333251953125,
    "6": 0.06404106239953370749429240049721556715667247772216796875,
    "7": 0.080782160363155719462469050995423458516597747802734375,
    "8": 0.090798276595886961981562990331440232694149017333984375,
    "9": 0.0940170033811348615504499548478634096682071685791015625,
    "10": 0.0754397791709032483620234188492759130895137786865234375,
    "11": 0.07491754011987993011612019245148985646665096282958984375,
    "12": 0.0673856910639018258368793112822459079325199127197265625,
    "13": 0.0798446181801218124451935409524594433605670928955078125
  },
  "zLow": {
    "0": 0.0000029026088290728078982495748735107471600518276117163992737574,
    "1": 0.0000013702101041496622139383609683390507551254897498054293065279,
    "2": 0.0000037961867280507122514688224465449604655646937594082488010956,
    "3": 9.833444233950306065152363631065756329244897687761329709217E-7,
    "4": 3.479448669252716386812639221520222862556595398653272456142E-7,
    "5": 0.0000011813116651550415460877865091788033744285160497150493630380,
    "6": 0.0000137313682448079071806710690001450916788817191891439987353694,
    "7": 2.052548068126671205668825755530214744889654831025755941077E-7,
    "8": 0.0000023835782674771214014283466352003887932041439555703619653750,
    "9": 0.0000014729250759105264522298747375561480155015912379882352001955,
    "10": 0.0000010770500406805381868923972877969188759157358122916509772724,
    "11": 3.060530649991106726634029519169098555291202822701547036213E-7,
    "12": 5.643438898355378194221333634706961385983373817608457461543E-7,
    "13": 0.0000200292101538879536739608534469480366912230370663872697444373
  },
  "zHigh": {
    "0": 0.000119585609317056852391517781119307163663487204611923195925185106545757162022341875180321918431123434974975013393722,
    "1": 0.000056862860019267932872442570886608102436676525357316483584197538927234243395580468656727789803456890007695883615834,
    "2": 0.00013620600525305600397839553124904544156704656636422508811857601350284289952091842978830499383232872062566343062874327,
    "3": 0.0000395284104089255363970391072720084699626643757714961435486183436264726791802255733652370588533427063795917247690689,
    "4": 0.0000133824800675046283026095426618749999533904669615634740349054524182310726843741016002659317797222283742074509398045,
    "5": 0.0000425667146550310578835359808440627836376518208833053120670510027831772537556717494195641783565211937964134824388939,
    "6": 0.0004998781884039090979866419462130866303138638209317833300993017831976628067339250857757535940447335376801371071649435,
    "7": 0.00000781573687630495585716221937814717817852453894719800680517027668839894747646947443901399599513423041562030418029,
    "8": 0.00009314982790614691255731210234057881656143671559867868489411248645370425393012784226813139151399787029245226861296,
    "9": 0.000058035752461519622374118240049397650423122805289598111372579537021492016242751180102083594431274815232828260968525,
    "10": 0.000040436742942911361708869577903753647988598696959803551223256413927504488445183638395884912583629533522398976566737,
    "11": 0.0000114744662275616295626626061070632852400876271227576383917597581892549934630578381856543499974512670656675787180254,
    "12": 0.000020733186996491954310541122880233917365438652266664352180325667369618226016542063390640186194861116493548124282232,
    "13": 0.000760798768335298861285132897612617961634890159230641389824159331958579414661970790828637824253719644589824934246249
  },
  "setupType": "Multi Region Model Local Bidder",
  "population": 0,
  "id": 2,
  "worldId": 29,
  "implementation": "org.spectrumauctions.sats.core.model.mrvm.MRVMLocalBidder"
}