{
  "gammaValues": {
    "1": 0.94995,
    "2": 0.79981
  },
  "alpha": 830.4675794330815961075131781399250030517578125,
  "beta": {
    "0": 0.20929821121087666124793713606777600944042205810546875,
    "1": 0.1537793708518642166183099107001908123493194580078125,
    "2": 0.104502039983530803368694250821135938167572021484375,
    "3": 0.147187439208163628467929129328695125877857208251953125,
    "4": 0.11348184479614575881356586251058615744113922119140625,
    "5": 0.123207043699474827480599969931063242256641387939453125,
    "6": 0.178418648625075115798921387977316044270992279052734375,
    "7": 0.1193777927284404294372421873049461282789707183837890625,
    "8": 0.20169602407346098882356955073191784322261810302734375,
    "9": 0.10348388808569432273376520470264949835836887359619140625,
    "10": 0.215204844227829761305059719234122894704341888427734375,
    "11": 0.104656068176468497465947393720853142440319061279296875,
    "12": 0.11125997140958177045177990294178016483783721923828125,
    "13": 0.213394731348353905442394307101494632661342620849609375
  },
  "zLow": {
    "0": 0.0000015531592103345839194892389830604843267798478302855439612528,
    "1": 0.0000010246209753294133020784134457820642982681036896567933971078,
    "2": 0.0000021358820760869608501007854393406012311917536850686434763862,
    "3": 6.813134164860461300383342916082557768703344374651011586575E-7,
    "4": 2.594365702315822991976072208681769979693274443925925224860E-7,
    "5": 5.784867882849941344146310188291144769664132820262756162600E-7,
    "6": 0.0000049286967330674602158468913518916469455220565752682329931315,
    "7": 1.388945660686453729016363307976624387034859447809499527078E-7,
    "8": 0.0000010730246161892970969389067976853111933773921674613263625412,
    "9": 0.0000013381793475653322494637719691152822600648522803053552835807,
    "10": 3.775584955649655316202503648322851622648351831298392433200E-7,
    "11": 2.190866060171609891635025544624872408200405600755196765200E-7,
    "12": 3.418004025388698264694844271682764376240034803323051801258E-7,
    "13": 0.0000074942086296215329999610815856718658852138615370093939586302
  },
  "zHigh": {
    "0": 0.0000791021207549101330287077044057992786653278111689975365500464445076065417109528537641492652520189972191414967938,
    "1": 0.000046495186154660465516644145209898508730954943552857406301595912529229105808791811068041480216939132913868234938,
    "2": 0.00008639686569414346193735442103291466453585836413403692837729230266400185192066405403597920450088191022449897615,
    "3": 0.00003046748020165600210273204512705887428103971583216518918069125437841394843459914863451866547887964015134032904112,
    "4": 0.0000107272311666939481180998416233596413048005040973814323410591561534500760917174749132670646093528028862381802118,
    "5": 0.00002448196834892963553334131613357211671378873785264209966371235080020666989262170829583526725167097657243302107735,
    "6": 0.00023579804305169568904191661676548328831307394251551035783216295563717162209326460039349140924459839992727014369236,
    "7": 0.000005824929653984303427204832035486407104960152797549237563174291393450548026393011772642833913101982336472399486160,
    "8": 0.0000538332183675121834226289072151264885666341619554076168090974489944778856817715352653436321283283329610331107460,
    "9": 0.0000539933806111637962911351569961716777600206365591117138741357312334850249653993734210782620969503456595185570532714,
    "10": 0.00001945199658944418205070517021481463657907167808494919920468306307354537695395399700081463033118578893132640973182,
    "11": 0.00000886547245810313905766559418343060679881523545691858757871982345019693086287186652964434250817963204518539415682,
    "12": 0.0000140568823775919145219616547911613263362086352238081351994709852311743991860700123828860706260141349646675033296,
    "13": 0.00038474872260730624106513974177433283745461489334930511624994600936028041294485114201195135546311265388033975048239
  },
  "setupType": "Multi Region Model National Bidder",
  "population": 0,
  "id": 8,
  "worldId": 29,
  "implementation": "org.spectrumauctions.sats.core.model.mrvm.MRVMNationalBidder"
}