{
  "gammaValues": {
    "1": 0.95525,
    "2": 0.82101
  },
  "alpha": 1176.09744713517784475698135793209075927734375,
  "beta": {
    "0": 0.08256164000764835975143540736098657362163066864013671875,
    "1": 0.13129592825504443620587835539481602609157562255859375,
    "2": 0.10782958343182336147236810575122945010662078857421875,
    "3": 0.1265232416694968831105683193527511321008205413818359375,
    "4": 0.2178817643441870455234266046318225562572479248046875,
    "5": 0.1925792842713176244995310071317362599074840545654296875,
    "6": 0.197190179880295024528180647394037805497646331787109375,
    "7": 0.1448081104129730067864301190638798289000988006591796875,
    "8": 0.180729674726981703880568375097936950623989105224609375,
    "9": 0.1290953818924618357044664662680588662624359130859375,
    "10": 0.1805599743386789024501837275238358415663242340087890625,
    "11": 0.1745929107364925514378484194821794517338275909423828125,
    "12": 0.15484475397133501406443656378542073071002960205078125,
    "13": 0.1167398180160732767962628031455096788704395294189453125
  },
  "zLow": {
    "0": 0.0000039373423834435937007447358173093285391629724721930767302983,
    "1": 0.0000012000796295960300612707395088785536638177152292064671510085,
    "2": 0.0000020699702902633392865282608740309648721467415541214222174310,
    "3": 7.925877945231510785523660825230228024217790959275394224495E-7,
    "4": 1.351253083803581228341756507338657361215933058839506922119E-7,
    "5": 3.701002798586756935452950650194727958670507371192972947037E-7,
    "6": 0.0000044595091455900301858556415119002851383421199012305743740158,
    "7": 1.145027489963295416481253488372428301730738920915394781952E-7,
    "8": 0.0000011975056068975592720633982898742422771776468983536358801331,
    "9": 0.0000010726952413944130486428195676476801744673252617132144819201,
    "10": 4.500023746821421820965278441452374617374401450642033125011E-7,
    "11": 1.313268830856981685650311431230408534197460694187177126318E-7,
    "12": 2.455924533374769770990789704138084763375785231897981049310E-7,
    "13": 0.0000136990502843375503943049905864362953202633116652316137978686
  },
  "zHigh": {
    "0": 0.0001506276159481804264663726094332646050368215504262235196214137957335685244162540770338072639753408397556133909094503,
    "1": 0.0000517589457826589682924139271027931896974432897393476189186140168030739766815257441925227653681274375369967074880,
    "2": 0.0000844195121194348150301786840736255737645080002056202906086363552008404701327305192237063900413532133120568299709,
    "3": 0.000033805711542769150558152998854501885047583055586038337094452269271526166152418324613555840110212486774415920267873,
    "4": 0.000006997893311157222827196894519330303449368479942122177432836500565469840153488241187329817429022137249667114205,
    "5": 0.000018230373096140082307261237519282866280807861505432750017021952016689482602748491223343366844772467103881677710338,
    "6": 0.00022172241542737278814217912156574243409767584229438059925869335046315421943057401053734995721245947963483200943682,
    "7": 0.000005093175141814828489599502576673818849047791216866923327795786917780697884283151357819790301016636846300448223584,
    "8": 0.00005756764808876004867636365198079442108064180388217690233685733873736060327930055509868538608560507006252718166580,
    "9": 0.000046028857426036220266506584952143615192094826001347489824318172082679387873486439663590448649791544503909279955,
    "10": 0.000021625312962959481564993494594203205563249826942980121280118107658997509808651283133187668778516811571644460530780,
    "11": 0.000006232680770159254439711451843247215176806400737214528662073135808659952543860316045726502216659267681891293838740,
    "12": 0.0000111706439015501290408494910885272874976158865095329229436247382703985495580448174920520740187608692510097362962,
    "13": 0.000570893972248786762895457011797265720506098397195971711427098671034823549681188703358598521382548804197048256510167
  },
  "setupType": "Multi Region Model National Bidder",
  "population": 0,
  "id": 7,
  "worldId": 29,
  "implementation": "org.spectrumauctions.sats.core.model.mrvm.MRVMNationalBidder"
}