{
  "homeId": 11,
  "distanceDiscounts": {
    "0": 1,
    "1": 0.42045,
    "2": 0.17678,
    "3": 0.07433,
    "4": 0.03125,
    "5": 0.01314,
    "6": 0.00552,
    "7": 0.00232
  },
  "alpha": 594.02681020644513409934006631374359130859375,
  "beta": {
    "0": 0.0569342748734197046101002115392475388944149017333984375,
    "1": 0.06091151226139542018689354563321103341877460479736328125,
    "2": 0.089648043875276972602961222946760244667530059814453125,
    "3": 0.0786240249514449096590595900124753825366497039794921875,
    "4": 0.07409390851267803890234375785439624451100826263427734375,
    "5": 0.0852066784921607922598241202649660408496856689453125,
    "6": 0.0781724596438327090641706718088244087994098663330078125,
    "7": 0.0953934285006579063548315389198251068592071533203125,
    "8": 0.07576567598315586682389266570680774748325347900390625,
    "9": 0.0752067688379567667045222378874314017593860626220703125,
    "10": 0.049528351686119277685893536045114160515367984771728515625,
    "11": 0.067244446619929953978811454362585209310054779052734375,
    "12": 0.08392692714468663606197651461116038262844085693359375,
    "13": 0.0934299290224520351255677041990566067397594451904296875
  },
  "zLow": {
    "0": 0.000005727005889480836412162507995135043132655960977787437665383,
    "1": 0.000002594668446756874479442172212421366481973952331814757296744,
    "2": 0.000002497360005959970635370058785643001339684657326085724599276,
    "3": 0.000001279329305825941635787364059933173055311515988272481887403,
    "4": 3.98561190292105564883577839982050772845927553175526019414E-7,
    "5": 8.39025723928643865966408071488613399793478121049107471666E-7,
    "6": 0.000011283361322264413456082316136861543410928810744857181537405,
    "7": 1.74345311367905368543250876753101209724934627572942834534E-7,
    "8": 0.000002865196754666009908301355641302952725465559319220443143525,
    "9": 0.000001846928406324552531895056425008359131651496849528929977334,
    "10": 0.000001645516894574025123476816318045871523437848530238973652006,
    "11": 3.42013893611723205290412289803844036514544518123604751544E-7,
    "12": 4.54496059203455755726012254978875623868489562702221658955E-7,
    "13": 0.000017168936062796417265283649035043492872325407727100024599772
  },
  "zHigh": {
    "0": 0.00020441646943576463739786459187048966921749135737575502533580066292749366354410198592846051062066453567850642156418,
    "1": 0.000093644571293594951365537491794745724242653661885032934553502115587479416115123721482557001028180681474850205869459,
    "2": 0.0000973091441174652599925766280888325469666521444561659980263163260094308662307899321082449149346490944557312071813,
    "3": 0.00004843848110101560215367046460144847229698837659124067042798463259289348139482515484755853972217298996481569090209,
    "4": 0.000014909931345783900173738572925757805594169628031533833363915495641082495318429813049118287358901294567530009293807,
    "5": 0.00003231983122840335776690911499699206839282942508686502311025153991369388052106114537663777363101984882440784427,
    "6": 0.00042670565042908217723427182059292532412850511427456298463300908498736077596124582450071964773607733422328456374634,
    "7": 0.00000689349904047708314201560429805663917500043975504994356592860190861842930692344287728123893877738782296500391,
    "8": 0.000107664259534181761170421211010613515740546546491664503457440359827895183001145922134790109680462570300115068969,
    "9": 0.00006929800396120722702370191564705550984263163824886848777294675249757130203725314074228426260241384679747781591839,
    "10": 0.0000575154807832120711966487736517567373351437055794251738733567267388219104565564531114200311644588297676346316691259,
    "11": 0.0000125602703095764884959051414003600075246909496375924294551847633201861365837022746159969563177174998709637794562,
    "12": 0.000017449327540935234198592347354315240899374112201301012427917780872212629496661970651422578731815799029627474555,
    "13": 0.00067547732965770115416854514479785687751532709796443442974943272283233586947087886588158739376939205537215477271187
  },
  "setupType": "Multi Region Model Regional Bidder",
  "population": 0,
  "id": 3,
  "worldId": 15,
  "implementation": "org.spectrumauctions.sats.core.model.mrvm.MRVMRegionalBidder"
}