{
  "homeId": 3,
  "distanceDiscounts": {
    "0": 1,
    "1": 0.42045,
    "2": 0.17678,
    "3": 0.07433,
    "4": 0.03125,
    "5": 0.01314,
    "6": 0.00552,
    "7": 0.00232
  },
  "alpha": 706.182980719850320383557118475437164306640625,
  "beta": {
    "0": 0.05671370098041479679285004067423869855701923370361328125,
    "1": 0.0757555125879553481471617715214961208403110504150390625,
    "2": 0.055442741396875487580597763326295535080134868621826171875,
    "3": 0.09092011605071004254341460182331502437591552734375,
    "4": 0.0419117684033368520513107569058774970471858978271484375,
    "5": 0.06809422960780413258685683786097797565162181854248046875,
    "6": 0.09215244812892810222226813721135840751230716705322265625,
    "7": 0.06072923288475819136866817871123203076422214508056640625,
    "8": 0.0963058503270086962988472123470273800194263458251953125,
    "9": 0.043423397418137159309292627540344255976378917694091796875,
    "10": 0.054413476123405239703867408707083086483180522918701171875,
    "11": 0.0728763034610461490903077219627448357641696929931640625,
    "12": 0.0943539464296968277690069726304500363767147064208984375,
    "13": 0.04262255866896237643803857508828514255583286285400390625
  },
  "zLow": {
    "0": 0.00000581577037317199334276487552727557235355021665821917035237215,
    "1": 0.00000211038080278558015131967837800446127988668374662267226447525,
    "2": 0.00000408480275480485289031500600090174153917155424922546259403315,
    "3": 0.00000111910659741208585381515071332576319299350479752700138705680,
    "4": 7.1274690918878452966875025087414826985391347349911659795911E-7,
    "5": 0.00000106201932092896573128948671084822687507116240356171132794273,
    "6": 0.00000968231508895107329344472820623674869075868708445543582441813,
    "7": 2.7702869195727126516281365088264813931570228382193392606105E-7,
    "8": 0.00000228017457665133181807405548318351272284777962100338155542317,
    "9": 0.00000323576526048108336665212962156984981609747000459311331461336,
    "10": 0.00000151510791040374677308503894220006707683787601410130157951298,
    "11": 3.1923290752694293687092875606129928933303604147618813473079E-7,
    "12": 4.0894527158917718360863253558352857459417594159868336405321E-7,
    "13": 0.00003807007227630076890840786612804243703616542833337727195603356
  },
  "zHigh": {
    "0": 0.00020745649738664298102803244823555511460966987752905280193583324870791837305780595523055812827318461116035537429503132,
    "1": 0.0000792987220306476375601045749376333156974878137846834403704568549745047415892306958836581654718511121553570828318598,
    "2": 0.000145191348923334591641908301026787706460933250008085455467358002920224936343945700784674764854472967697976822053228503,
    "3": 0.00004374812809334478449407605903958957884589144958752669017832402162734853990295619454564195119361596801077566044,
    "4": 0.0000243696556144749858971596661922519176464143906777017820330756602774292312337376219129617710733811832897700960515144,
    "5": 0.00003909231837659509367741375370272116943913114624974585438873348033264137646699256874183075798898300457697880810871644,
    "6": 0.00037969435656878236537882657080716907594952783056371954681709706953278244382558422601245013677579952019151394745492748,
    "7": 0.00000999323475368144447511933604183882419866751698375084959459218026614808899032458755938919480575551468503768682562712,
    "8": 0.0000903646524493833125438411801598722649842033152399713671391122485424162902099065880759141333739347551424262435655052,
    "9": 0.000111123749900199719822512438361587984835368683632969389069711317573239062804991818489487676372248145953759982059039181,
    "10": 0.000053697466122826071213345193093601551042487112057595387855308529789142566154072745843792365905216166599582457941433393,
    "11": 0.0000119034386501768457870593654177919729271857756058486453374638918770069997355148191989621042616742111403865930754027,
    "12": 0.0000161269181724956199182235208685106051632020222949800563337111553393763738296105526106514472972103989477337518616606,
    "13": 0.00130436655720184982418876218731257246540574875529925722678136518643385118201639449528970476436458049752379754160604546
  },
  "setupType": "Multi Region Model Regional Bidder",
  "population": 0,
  "id": 1,
  "worldId": 66,
  "implementation": "org.spectrumauctions.sats.core.model.mrvm.MRVMRegionalBidder"
}