{
  "gammaValues": {
    "1": 0.96102,
    "2": 0.84410
  },
  "alpha": 1191.3248863451663055457174777984619140625,
  "beta": {
    "0": 0.219304831300845826103085300928796641528606414794921875,
    "1": 0.1096474749741548626591480797287658788263797760009765625,
    "2": 0.14518284964626071431581522119813598692417144775390625,
    "3": 0.0948660299087537295381622470813454128801822662353515625,
    "4": 0.1327979383728983553414337848153081722557544708251953125,
    "5": 0.193764701811785455820569268325925804674625396728515625,
    "6": 0.1662034630495619336176815750150126405060291290283203125,
    "7": 0.0899413578026540816434675207347027026116847991943359375,
    "8": 0.216707095896764290188230006606318056583404541015625,
    "9": 0.131797462816520993822422269659000448882579803466796875,
    "10": 0.151096089235571884312747670264798216521739959716796875,
    "11": 0.1754299420674061693592449273637612350285053253173828125,
    "12": 0.08507450636619449946262960793319507502019405364990234375,
    "13": 0.1280018282299796028578242612638860009610652923583984375
  },
  "zLow": {
    "0": 0.00000150399724419367904423706352194632353221148850113722477157709,
    "1": 0.00000145806348489544498150957129566414638457880004056173821298077,
    "2": 0.00000155991333235084362402036439531024261637509833155012231161261,
    "3": 0.00000107255781450629892728318804892216124567966977366983732570574,
    "4": 2.2494689115001299434305383878279440124725369307850694051565E-7,
    "5": 3.7322271193391642607508867285983286800818232615775913149469E-7,
    "6": 0.00000536841424740008380687584289806755225724985931902196073858212,
    "7": 1.8705232343219765206124028261480718544747308871750992993483E-7,
    "8": 0.00000101332238609779827335768373455110510948544263320186039475377,
    "9": 0.00000106608972475651728913733851644611423598587936740083838038953,
    "10": 5.4562820602591517494692604137617429247919624263449315212535E-7,
    "11": 1.3261427307971495914107185563521739461402179624566600048109E-7,
    "12": 4.5355068041318135546747006783809497090724720680616688293009E-7,
    "13": 0.00001267672432156890403434491414390093169077879016260652314573482
  },
  "zHigh": {
    "0": 0.000078103303517293552072198088075677649969508032816594434511981384257105462682888244651896310664708248217016349938112,
    "1": 0.0000597292024939435824658013624674238688382513026028554188256224588097852597611508706138137290021999098605842728351531,
    "2": 0.00006944466624971431365306905285904273877703957247782524699474177457746115531636979012069360767054965925021385585874,
    "3": 0.0000423516646061711766981171791074815204264763988718117683377923355499916892958116895133196414654736063381751270436183,
    "4": 0.0000097356550733118398373887738295113015882145972650834923097717744184836355852467660042051765257521360005433384997667,
    "5": 0.000018428420106743614520981812563069349227241743927627288495292426257837988332501094733854726169671273317154607671502,
    "6": 0.0002502773313222526807817600115620931829442629976007152942420166742264032236819831250568177239061688921979571560285942,
    "7": 0.0000072939436979292360820721349938035955826206411306181297108056726185423348981542365759476394464550751281389829805143,
    "8": 0.000052359086732777306202350027700900036583333205605925732319030276369250467276798462618817569882009987891509774582,
    "9": 0.000046033483828462737497068705207875917432020964517201141042996541722597766637164879910431047244998458058190933013314,
    "10": 0.000024613074991491123269201806068884767511726718913591135033679733392835633462662637754098512644421164571714488463429,
    "11": 0.0000063048796167600064551636584050095160856153482489329813099728796244753921999340940460955603958688523868621942925293,
    "12": 0.00001746508043721574507398864683614759705259416025120456190001741234601835083296511066596626532891095114583821591214350,
    "13": 0.0005425661185598938779668736277883273050441496101761347624724030814605527580578258100905233953946492525268656845852984
  },
  "setupType": "Multi Region Model National Bidder",
  "population": 0,
  "id": 2,
  "worldId": 66,
  "implementation": "org.spectrumauctions.sats.core.model.mrvm.MRVMNationalBidder"
}