{
  "gammaValues": {
    "1": 0.94266,
    "2": 0.77066
  },
  "alpha": 1009.7220069560045203616027720272541046142578125,
  "beta": {
    "0": 0.1382647889322146939061752846100716851651668548583984375,
    "1": 0.08776613063795955793633396524455747567117214202880859375,
    "2": 0.10543777297380518831459994544275104999542236328125,
    "3": 0.09409195601888041549099028770797303877770900726318359375,
    "4": 0.11472568180079441291230324395655770786106586456298828125,
    "5": 0.1888107517578269389790790455663227476179599761962890625,
    "6": 0.1894996995694717412117569210749934427440166473388671875,
    "7": 0.1388699129273283372487668430039775557816028594970703125,
    "8": 0.08087730315888889964792696218864875845611095428466796875,
    "9": 0.088173870354901706658523607984534464776515960693359375,
    "10": 0.1189623463158347715928897514459094963967800140380859375,
    "11": 0.175850967732822327516117866252898238599300384521484375,
    "12": 0.0991085117463716691599273644897039048373699188232421875,
    "13": 0.117491756332489816205821853145607747137546539306640625
  },
  "zLow": {
    "0": 0.000002266239046000619691602053870716195003586387747041726194051,
    "1": 0.000001730494366920183811538808649080871455440895417395831025929,
    "2": 0.000002040523661969312908510606899896617688225498209287119343722,
    "3": 0.000001027308812533479187947419689906407264632048852097686577768,
    "4": 2.47361869236359888228351940985642175787156093953326265155E-7,
    "5": 3.63863154497967061664037324890458913637278790310224701353E-7,
    "6": 0.000004473007601400183857502272275196670427498793924874611938228,
    "7": 1.15089699630983462566383581493418931513290368175155971115E-7,
    "8": 0.000002579385065961415267887793559418458054782184288845922499586,
    "9": 0.000001513850456587001657511445624599893648194398434221126877077,
    "10": 6.58358714484318968911857901978702914386838161880390672700E-7,
    "11": 1.25681483840082867787418886070014665460332579029044965707E-7,
    "12": 3.69859160110544053303817234687496691286382761032508965114E-7,
    "13": 0.000013120122674321082651781829111668678308819792353930451684768
  },
  "zHigh": {
    "0": 0.00009932127771654051755942898961346448256667886042040704479210781705427652307597408771949139189989320974073822323802,
    "1": 0.000067102710475142511682076974584423331620331341489593465950665009143084550792851862417704440124152470813051383200919,
    "2": 0.000082730536920919188690180413969509848458050414061512867686784656812571864004822097831481513872390479489421292,
    "3": 0.000040485413936675214588167818864118886314733562133163759794747029185951859621505618131594923802173830895932814693353,
    "4": 0.000010258731987056830745860788368264003908111016653092719838805412479819135788839735527750607516809563001070704020221,
    "5": 0.00001778602220871256079657274900600718315368388044919295142279920517533439902348904862155136672854070269767047200006,
    "6": 0.00021895358770573534040148082271942747060228798283613809326147735838965820772556110555413999909389859577079254471989,
    "7": 0.00000505094064558820844832239658239236304507860011678496291475011021065007526236563620596190058191446300701397511301,
    "8": 0.000098242922773169660419503009603170132053616357293635079554097670974472014775118973180390173773817932840846806213568,
    "9": 0.0000587637190871911535761144507691854875551759780080079990517309252807968193687916997390418230953357829975986768628,
    "10": 0.00002758275117378270296429564530617245444113932734235819797289172267429029400341136508937538753581472139412111930137,
    "11": 0.0000059805655711400503510145309682330638550362959695913092663297433553025253527401724541408122694188984674624101498,
    "12": 0.00001476139389474822311997867174235141222981649080651516503970883354845948483383335183453943262877951746597310355840,
    "13": 0.0005477543058600032080696385022860681283962472589411662387150911817069113572073730601435884914384281732522246041063
  },
  "setupType": "Multi Region Model National Bidder",
  "population": 0,
  "id": 2,
  "worldId": 48,
  "implementation": "org.spectrumauctions.sats.core.model.mrvm.MRVMNationalBidder"
}