{
  "homeId": 7,
  "distanceDiscounts": {
    "0": 1,
    "1": 0.42045,
    "2": 0.17678,
    "3": 0.07433,
    "4": 0.03125,
    "5": 0.01314,
    "6": 0.00552,
    "7": 0.00232
  },
  "alpha": 708.5028266618091947748325765132904052734375,
  "beta": {
    "0": 0.0968408953794845095419674407821730710566043853759765625,
    "1": 0.05964790931299591980607743835207656957209110260009765625,
    "2": 0.09130280827008885324858056264929473400115966796875,
    "3": 0.0679124705920327309538464533034129999577999114990234375,
    "4": 0.0771424013925801066449139398173429071903228759765625,
    "5": 0.06229875494893721832312394326436333358287811279296875,
    "6": 0.0997343711681223099585480440509854815900325775146484375,
    "7": 0.0601151812775329863480777703443891368806362152099609375,
    "8": 0.09552441343674310247902070614145486615598201751708984375,
    "9": 0.052916022052847587475721269356654374860227108001708984375,
    "10": 0.08075175519535872370457951774369576014578342437744140625,
    "11": 0.0844329947571889061208594284835271537303924560546875,
    "12": 0.09932205457343190602159666013903915882110595703125,
    "13": 0.0723585306969276864652584890791331417858600616455078125
  },
  "zLow": {
    "0": 0.000003235627491230319138868238669691464041528891932212792483281,
    "1": 0.000002546255123182985492710760314818538458147826854384479454335,
    "2": 0.000002356425554643990122726306116686536604703822432069968191289,
    "3": 0.000001423324681962732190436321708178348718603959312185298617205,
    "4": 3.67874976502739958569107003875304278997398297240204828733E-7,
    "5": 0.000001102771247901279197917124919380605099112544735205922029005,
    "6": 0.000008498911525781233521956613296891875830528870220810391045152,
    "7": 2.65864565770846781793617938356189623221386602100951379953E-7,
    "8": 0.000002183878449894040952493411439270581034245022330533763357586,
    "9": 0.000002522526235296024569422514573841274124020746785761738041470,
    "10": 9.69884768486528725689729535504911232173442238027852436962E-7,
    "11": 2.61760353555312836585694212251984675348418965529474899457E-7,
    "12": 3.69063961390548411177425028552102160763285180483504348988E-7,
    "13": 0.000021303725234005601616488958932860021652681308194789056614093
  },
  "zHigh": {
    "0": 0.00012840293107343150097741453358272255370495398597553903346900019646335993463368433508939339417240621345212234552095,
    "1": 0.000091575533163026562117235524556553341701539284599252918802865410279445890522936071431685235163671049851527614435439,
    "2": 0.000092207593701159505116651390473207415952400140744998333113779978288665905863644066660644633813751142044844058,
    "3": 0.00005236589001955280466283487941227712993389087593579212097785371305123631269523354910909453160081506498470414632329,
    "4": 0.00001387412520504823285608344025495386700441828275169907674615659579948669385987704669949938562310419786607535406,
    "5": 0.000039953265010811924884165376840711568717941858796063871252356500267682018375804645723810426200272355235400611056,
    "6": 0.00033973070543716683033511105337028363269319027171421146646921855300782580819194019713504147489971468279749687842283,
    "7": 0.00000957418662978410802513942728827548379632148713455882517991061893503080321720609955922782107602377779939768779680,
    "8": 0.000086377724291148430957671545998733821437501498544270305294105397944600834833243865671679517576717479899293990518026,
    "9": 0.0000890239924484618409334465192464269018299664285542263339835318641982939050115611061875923131904639421214687176557042,
    "10": 0.000036928532793848995667631794311958703974737449626782050900756906542018400307963730154259553484735116483384404142427,
    "11": 0.00001006293166259694941496279075369216415167888756460420727885610980914022076898087243902900732519905871917937773,
    "12": 0.000014737537933148353856186905558289576314123563390045026555944851709821488582155707078653662196749023825471623,
    "13": 0.00079326238265053877701085239692180842871209273416692438659482496709365804589758039990683687649483021310809280124678
  },
  "setupType": "Multi Region Model Regional Bidder",
  "population": 0,
  "id": 1,
  "worldId": 48,
  "implementation": "org.spectrumauctions.sats.core.model.mrvm.MRVMRegionalBidder"
}