{
  "gammaValues": {
    "1": 0.98667,
    "2": 0.94667
  },
  "alpha": 899.37506051784430383122526109218597412109375,
  "beta": {
    "0": 0.156228227321543844396956046693958342075347900390625,
    "1": 0.20641215933056777931398073633317835628986358642578125,
    "2": 0.1272492573789711645115829696806031279265880584716796875,
    "3": 0.09540116538334618423444766222019097767770290374755859375,
    "4": 0.156563662883694387772948175552301108837127685546875,
    "5": 0.15363802545532234677949645629269070923328399658203125,
    "6": 0.21477654523065103919776674956665374338626861572265625,
    "7": 0.130590548287222885104341685291728936135768890380859375,
    "8": 0.2028838714516087993189330518362112343311309814453125,
    "9": 0.202259631149730167987144113794784061610698699951171875,
    "10": 0.1217200873219181633810848097709822468459606170654296875,
    "11": 0.136635437112992919050924456314533017575740814208984375,
    "12": 0.1443668447579331270969049683117191307246685028076171875,
    "13": 0.14108483741560318147634234264842234551906585693359375
  },
  "zLow": {
    "0": 0.000001965170288151885676829519361735437584695356382390205435838,
    "1": 7.20948505857034599939916094072312208716064157334812463850E-7,
    "2": 0.000001656627950247154256243479524323214011742309184792114786670,
    "3": 9.92755294700268460112638833619543138437386896687479038454E-7,
    "4": 1.77600755733024605136174316148438054914924133968361372972E-7,
    "5": 4.38135522867415196856238262034005320362828727664851838494E-7,
    "6": 0.000003866906677159414774558323551983574850624852781842358865108,
    "7": 1.19915481574226999967747535738162028019015879799297992565E-7,
    "8": 0.000001007482938542721536430649732533140072835866847505240325585,
    "9": 6.46630299921818297914001029942342091895991600055435828493E-7,
    "10": 6.30452303613397324642999911804919728303403195556703751487E-7,
    "11": 1.58487528522594287471734199363328269699252721306998534576E-7,
    "12": 2.48783887808476969343584508125207719946575474827066238011E-7,
    "13": 0.000010705509248776931893911332507424545646244019351636511541292
  },
  "zHigh": {
    "0": 0.0000896566156948502318393657804708235221359459994979426093527580520266442629262324589352437050856590986935224341,
    "1": 0.000036509708961720738367416654143359479701948026970248901177949398210063405749624975329978955203625935325638888612,
    "2": 0.00007077930614963438458120150204812819400706769285418773354316483977193531728494192346108030909627963685826100227782,
    "3": 0.000039253660046497342904318592199633952092467843996545140597392520218217045216925289113502357690527821997375187166584,
    "4": 0.0000081086051568381999162583848663356477857815944357232448676297518033552811731137526520934254624875532411685590,
    "5": 0.000019875493347540946123630335595826818733151148120663300546211752944042209107394797360073358637917000126507437556,
    "6": 0.000199059285999745999543668984988546781036144209517530319432211959549755623919493797525549306794359693538831880608,
    "7": 0.0000051634472959172777178934397754800239938842267517954183973510736853881493046917925129205717727653360212123977640,
    "8": 0.00005066469205558070653249015520626048131754842049414170279824918328826184344960257990260885565084127373624918719,
    "9": 0.0000324776295928971850592205462091958565376781023028667031511713506327892070688363236645891078678967198897524279288,
    "10": 0.00002658744005321463817926120918777413001372867507400989104045179155422734124814988913788891751270942169168185452967,
    "11": 0.0000069201271293420889564858864503655496385316025388049301388023163569648844890716941420459724555846169892268662890,
    "12": 0.00001105513112520645373718979207695038030781301198351681326330870659284546176936424144829319452713502928974088996407,
    "13": 0.000472203780644800915690208200082681711919516078560968106095381609847257452947719851974216954906098993229330344628
  },
  "setupType": "Multi Region Model National Bidder",
  "population": 0,
  "id": 8,
  "worldId": 90,
  "implementation": "org.spectrumauctions.sats.core.model.mrvm.MRVMNationalBidder"
}