{
  "regionsOfInterest": [
    3,
    4,
    5,
    6,
    8,
    10,
    13
  ],
  "alpha": 78.7539924854721817837344133295118808746337890625,
  "beta": {
    "0": 0.0981343425839087124540327522481675259768962860107421875,
    "1": 0.056221194489981078656892776734821381978690624237060546875,
    "2": 0.0774863722155172129912870104817557148635387420654296875,
    "3": 0.058442900956330583184250571093798498623073101043701171875,
    "4": 0.09023956632018796664151949471488478593528270721435546875,
    "5": 0.06292266878696751997157576852259808219969272613525390625,
    "6": 0.086910816476159669097256710301735438406467437744140625,
    "7": 0.11305401538146651885252680358462384901940822601318359375,
    "8": 0.07602788546378247414025963735184632241725921630859375,
    "9": 0.11896879123374508313570885320586967281997203826904296875,
    "10": 0.0742090400043792508544271413484239019453525543212890625,
    "11": 0.06734543699889787571333243931803735904395580291748046875,
    "12": 0.112908528274864805585053773029358126223087310791015625,
    "13": 0.0522719209324888911538664615363813936710357666015625
  },
  "zLow": {
    "0": 0.000003128518135640707907062190805981538130296099708552303313067,
    "1": 0.000002646911706698373402289636750270683224414217510872668108129,
    "2": 0.000002720538726937359316223599721303311283229671653038861093985,
    "3": 0.000001620556312316899533877600767429979787790330050161760151197,
    "4": 3.08133405138650702021987242099643935361569260057236884248E-7,
    "5": 0.000001069793731144585011866297751036285304743539616204798447798,
    "6": 0.000009556012594559551346917502944683426629115816289134827097483,
    "7": 1.38516340477296016267486605063725837005973132253567345034E-7,
    "8": 0.000002688514059625687365387473622530460444436637754413150317863,
    "9": 0.000001099340462285280628485865923492397170204226017382262723879,
    "10": 0.000001034088427011030620692180412225733646181595969545347585022,
    "11": 3.21551298820690595848065934503620384390030284328490128357E-7,
    "12": 3.18099486888068303827575470394291271584505532293396514819E-7,
    "13": 0.000028894768068034986142054658643714824656618944565610610167457
  },
  "zHigh": {
    "0": 0.00012455705111951489874634592379820653850396829928280554566964249314453283247628996768599517485385671404203229863301,
    "1": 0.0000942886049869609024379082738293106101728926275763845705063215764089897748952258888614170100786789397042795853284934,
    "2": 0.00010269662945034053638060510795753111215168856690159012276263438627175441227858543915382138864493333209154132571680,
    "3": 0.0000580876905749962751172674502139470515730561386007735739796703765617654394494229021582510546416100077950386557275966,
    "4": 0.000012024584639006982822832772644871824199180948218389510205915119726301723314901610214975792630681579022652022101285,
    "5": 0.000038825239595856040573932120265895218264572474776861698825305623906271119331235643622326396497029851319925657322829,
    "6": 0.0003697324635217500967144443667695423343908731147363043664034877694601696724280457701778916055423686187740990065609,
    "7": 0.000005721473063009348206885611855246938263492944325423498971418367836420987584811536383816060822958980341150730391433,
    "8": 0.000101095625688069681401194871906180092465571547701379002566575609806984604976041746570492394035012851091114573934,
    "9": 0.000046058934463801054976376493015697508886925134822671510012752472061213410923828653171655529089832459430189905012134,
    "10": 0.00003869652375514363706073662420039854755007445829366920604650070892856434801371228890101483447195107604560575146337,
    "11": 0.000011812040238284978207775838504574313079254929429449677952249327706381309679018280276298914137162732148483414270137,
    "12": 0.0000131345990975941937717095209450228868569509137075067215675568624560664673106868737457260265604266332408731258221,
    "13": 0.00101788154522254254313450798417139008223076383498019106488035237485805687841696242761930162496493200095337027584
  },
  "setupType": "Multi Region Model Local Bidder",
  "population": 0,
  "id": 0,
  "worldId": 90,
  "implementation": "org.spectrumauctions.sats.core.model.mrvm.MRVMLocalBidder"
}