{
  "homeId": 6,
  "distanceDiscounts": {
    "0": 1,
    "1": 0.42045,
    "2": 0.17678,
    "3": 0.07433,
    "4": 0.03125,
    "5": 0.01314,
    "6": 0.00552,
    "7": 0.00232
  },
  "alpha": 545.603964881957153920666314661502838134765625,
  "beta": {
    "0": 0.078972652240326735029185556413722224533557891845703125,
    "1": 0.09896090106505762984401286530555807985365390777587890625,
    "2": 0.0717830135898932242266567982369451783597469329833984375,
    "3": 0.06888963109885005986487982454491429962217807769775390625,
    "4": 0.05373781028754699706784236923340358771383762359619140625,
    "5": 0.05534297759494588575535090058110654354095458984375,
    "6": 0.076946214221197684057784726974205113947391510009765625,
    "7": 0.04359904797179052493572015691825072281062602996826171875,
    "8": 0.069996522724216914124184540924034081399440765380859375,
    "9": 0.0691866898118402573469865046718041412532329559326171875,
    "10": 0.040975467908382849635540168264924432151019573211669921875,
    "11": 0.0928247602999341392404630823875777423381805419921875,
    "12": 0.0807005556399630619157647970496327616274356842041015625,
    "13": 0.06869305970296897545512848637372371740639209747314453125
  },
  "zLow": {
    "0": 0.000004093416336546629326382540857901436344282014130168282562016,
    "1": 0.000001583356940678504643040886752158923431677390755128029382581,
    "2": 0.000003092156753598966580697262443005066780882600458782171774966,
    "3": 0.000001447588021230360377154468834321051435840692541377564530103,
    "4": 5.44827179538210484947837841141002518923242743105507806411E-7,
    "5": 0.000001280700589339634255965678673342303045622122342676222060245,
    "6": 0.000011364916101225962607424140613711393791687547424296467205294,
    "7": 3.78192526934480339285927266328749105590745461746729286049E-7,
    "8": 0.000003074763421598248430376720861458546203352743930701353393891,
    "9": 0.000001990424263899968410977870173636612587378164728720995275904,
    "10": 0.000001971939186956257784001699553880500665318738052425145360959,
    "11": 2.45639132515305599659674325374339104841684339358708610210E-7,
    "12": 4.68614948404326494539196563014417290144860549238812916786E-7,
    "13": 0.000023151426726322045817712851146702539941937995428015033319518
  },
  "zHigh": {
    "0": 0.0001551292845784958020757546310097161700899749558462737469635227660887722218168009151568620881107141134234592775253,
    "1": 0.000063169751176070921347788635012552648385041476161704145438266150041623686872956115975360318461997393477224573084982,
    "2": 0.00011496113563453647062526622206854171873287723877390373370877068834513788519092683434080982953792653463976218624607,
    "3": 0.000053400021113478196808383688798170805526571750677108929832980920999730671580697517195099215751103225492266309289821,
    "4": 0.000019272597347498680766164076054363574881917940436120688117605542962824148724292901661212343498506114852597797074321,
    "5": 0.000045508796082354764711809288113512836590131829612800987344216024196677451720350351850426269448780265843587832,
    "6": 0.0004283962099298660484476309159969057386636657521590226221996794180024360295762930309601736372811529636362734269108,
    "7": 0.000012994659220473319029530640245268413142930967743277402375094064549724016079416836809799748634151310826123346674826,
    "8": 0.0001137651774190967277383148378518469322070943864784403824413204865020057236719734620480846067913356888952262320250,
    "9": 0.00007348381453103981114877476768815105413622130157271685744036766258335434890449298524585092904070007730600853041299,
    "10": 0.0000672382886959286044427680281074364188183343274629434007112800606656222463926832644473977882008101572053603776490861,
    "11": 0.00000964931333506086802877198808587808378958224798294183309640532589395299148103549061618959168196749192138228268,
    "12": 0.00001784019712387197181126075230022973325297442757470166472381158018380950688838231399113025469175159526981314036773,
    "13": 0.000853577035621676561779779534461318335004891654955146340087317288913523500186326558592451001531377685210571971327443
  },
  "setupType": "Multi Region Model Regional Bidder",
  "population": 0,
  "id": 5,
  "worldId": 19,
  "implementation": "org.spectrumauctions.sats.core.model.mrvm.MRVMRegionalBidder"
}