{
  "gammaValues": {
    "1": 0.97404,
    "2": 0.89616
  },
  "alpha": 995.9037389866397234072792343795299530029296875,
  "beta": {
    "0": 0.1862477253523126263790032908218563534319400787353515625,
    "1": 0.1712981076265784607937092687279800884425640106201171875,
    "2": 0.12229936147847210448080801370451808907091617584228515625,
    "3": 0.2030542210383580459254204697572276927530765533447265625,
    "4": 0.09199519666727838662634297861586674116551876068115234375,
    "5": 0.093819518576247318275562747658113949000835418701171875,
    "6": 0.1935773356791052057790381013546721078455448150634765625,
    "7": 0.19980473182212021843184857061714865267276763916015625,
    "8": 0.1594443783720170537687721434849663637578487396240234375,
    "9": 0.19571773255617397335726082019391469657421112060546875,
    "10": 0.193058386051554065065971599324257113039493560791015625,
    "11": 0.0890442176869695456442599379442981444299221038818359375,
    "12": 0.195797044723182767089753042455413378775119781494140625,
    "13": 0.10391878411359349587694822503181057982146739959716796875
  },
  "zLow": {
    "0": 0.000001735688015568858194123763223377441561219108212328568692474,
    "1": 9.14723645977078348085263672520224596464623805060561091771E-7,
    "2": 0.000001814926321628803240076930367443857085597156400121651327072,
    "3": 4.91119092505028428994527196688979317727032223298712915834E-7,
    "4": 3.18253785786377252351631821294319379214854699387958890272E-7,
    "5": 7.55469491820668931892472749918548854881482483490475118212E-7,
    "6": 0.000004517508549557251261328842632810433657823151479520812141959,
    "7": 8.2524742902828606436864718435589784186893476161016876751E-8,
    "8": 0.000001349829639081618185679920750775799732600505333218363288752,
    "9": 7.03619770890624179547628571276403820481467956828665922519E-7,
    "10": 4.18532095522810795395285167625565761267332720252142219469E-7,
    "11": 2.56068211820043712236405449156074537094529021255829369844E-7,
    "12": 1.93146361176635791405575219834566247248309083737876737482E-7,
    "13": 0.000015303704252175916594754996357715853481175198206303357950481
  },
  "zHigh": {
    "0": 0.00008439743494916266810799130197399632659808777831108233087724992232265323818432048044017471036548032657340962624078,
    "1": 0.00004311075233502813249911994262339168332865846765968009671395272135039775578883423217093221857660660741667808700339,
    "2": 0.000076644222675431570406656259801705427874313917014088120271944467032593738007324552604467010035403891949599439581825,
    "3": 0.00002470595325171823836358543966920864198316194113474338140491251095068809967757289873328860005189077728889148178494,
    "4": 0.000012475395534943683788277895458963080690666299124594220633445804320205647336233159506069617178019321736202589584730,
    "5": 0.0000297518631567858049896131104108002108679126338372285790832107566967568328871197607344108294439150259195551482352,
    "6": 0.00022297398337980470806477197656987693464773387381575297029963869413842016553022605747427793438859691504391575116982,
    "7": 0.000004124625699523767044058763808473633500815408175706030096138951596263051405989181612930278201436031106608496908,
    "8": 0.00006201716394359782039741083453136453808452722855395067928716591357120372605778134353885870785345465273544538047592,
    "9": 0.000034879679740759484205867519617344791129320398415946976838820335469450742794433074084536722536735388588400741477,
    "10": 0.0000206360759529251947845755965197883716967921674977533064665872700549131078116137907680892300722297191476589187345,
    "11": 0.00000996218571420301140607392179933014675716758843985545588544137227008487780866499321547343042471111017431054362407,
    "12": 0.0000095761395070412507172521120048342019660778836096735793446867204740145761189057142491495544308105146789591892062,
    "13": 0.000618145361397292685091043890791717741182007738303796079016229843849109080362026536295909321020894427867188077088533
  },
  "setupType": "Multi Region Model National Bidder",
  "population": 0,
  "id": 7,
  "worldId": 19,
  "implementation": "org.spectrumauctions.sats.core.model.mrvm.MRVMNationalBidder"
}