{
  "regionsOfInterest": [
    3,
    4,
    5,
    6
  ],
  "alpha": 60.5720453313221725011317175813019275665283203125,
  "beta": {
    "0": 0.102039755236745632860362320570857264101505279541015625,
    "1": 0.105237480482124612368721727762022055685520172119140625,
    "2": 0.1101277225999976738801677811352419666945934295654296875,
    "3": 0.05193418799632276705580125053529627621173858642578125,
    "4": 0.09747743770486942682662601100673782639205455780029296875,
    "5": 0.11483160309482280669879372680952656082808971405029296875,
    "6": 0.10724447624002343693039307481740252114832401275634765625,
    "7": 0.088648343968584508711927583135548047721385955810546875,
    "8": 0.0866087337570845827716681242236518301069736480712890625,
    "9": 0.05554229551189104885366987218731082975864410400390625,
    "10": 0.059451311679312592028967543456019484438002109527587890625,
    "11": 0.1094190003107039232954633689587353728711605072021484375,
    "12": 0.10131207734844860368639274383895099163055419921875,
    "13": 0.0897951539605024995349680239087319932878017425537109375
  },
  "zLow": {
    "0": 0.000003168058802874871040383533535593823501543702901944096703604,
    "1": 0.000001488922281674853319045448082504698906658627242411113271070,
    "2": 0.000002015517301414525214001387951686896971819555410666001952141,
    "3": 0.000001920195705625259065291064227430204208828482024112474367668,
    "4": 3.00354833927493626470816337078261685008367664994982032739E-7,
    "5": 6.17232382997646243666629418124186998804503438013479104133E-7,
    "6": 0.000008154147417100394186825463329868375111070100799772926500824,
    "7": 1.86002731537009373820754205194143809794002678221955100631E-7,
    "8": 0.000002485000511786001679729517360643841990909893782179202144497,
    "9": 0.000002479387372654143756427640129987967115118882772611390035274,
    "10": 0.000001359114350718779217108084258135948989465359572871728580237,
    "11": 2.08386052982303221270160370357418749698549169153607505218E-7,
    "12": 3.73277181824570203570945708113483384960959643725236346044E-7,
    "13": 0.000017710781352629379834857219368021969215445925096466328071482
  },
  "zHigh": {
    "0": 0.0001273685585683430534957844113404877848078256189995481712111446968355914875232659498236155486887589377583180219521,
    "1": 0.0000603367114059613816279254749229259126344785707801966620929255549257900074318131006829469776107832153405718114361,
    "2": 0.00008266195206900322962438998732899662446098588733041863902402090177748867384469469059377270856256876981818731243951,
    "3": 0.000067578251645325157452481550591445388716205435159156224959918330371460387967420337767792623185691074358047735947,
    "4": 0.000011938426979177175011853430932481349864471688092804914907438278561127580351190182815833410233144721917256864885941,
    "5": 0.000025604749892095124342837810456969355185603262472918698660842853856575022717429533965761335445497791273390875838607,
    "6": 0.000332073149406098995829670597481615178245142353423316401065570337243090228109807485449043894817997961532688039032589,
    "7": 0.0000072289653585491900655754484112302542690286842375341768125494576142060828376191718649799509390072937979919178242,
    "8": 0.00009607229012472932521889873282740580583380888202277584495951434645556184788742533223836726395306495435543304582627,
    "9": 0.000088152707793665071512267866378691689968442842889428700221462164863803936520935239605568468859073066540792253306,
    "10": 0.0000488535436088042474359595692350998685427329730763408972896390353113187813752199134540008468380388555368879170424899,
    "11": 0.00000853172094907079667708656943537047313528819287678879994666206126583057135255033775388113989390745522257106757634,
    "12": 0.000014980064126479283082213226653201716097457400409294367601563025779984182802103479821506183343012096232066350,
    "13": 0.00069035767441089658229411058110090121321012954500868518264624931472253040031667100527909702629125111737318001576632
  },
  "setupType": "Multi Region Model Local Bidder",
  "population": 0,
  "id": 0,
  "worldId": 19,
  "implementation": "org.spectrumauctions.sats.core.model.mrvm.MRVMLocalBidder"
}