{
  "regionsOfInterest": [
    1,
    6,
    9,
    10,
    13
  ],
  "alpha": 64.3250387741061757651550578884780406951904296875,
  "beta": {
    "0": 0.118451126857488819865693585597909986972808837890625,
    "1": 0.0709457919073870346693411192973144352436065673828125,
    "2": 0.0653613182220793287324767106838407926261425018310546875,
    "3": 0.0870658661415965873242583938917960040271282196044921875,
    "4": 0.079308776486854970499962291796691715717315673828125,
    "5": 0.079290427871184177011087967912317253649234771728515625,
    "6": 0.052854551598270398116152790635169367305934429168701171875,
    "7": 0.053850438438151883302484890236883074976503849029541015625,
    "8": 0.1087690285155204217293345436701201833784580230712890625,
    "9": 0.0734187557444843097442799262353219091892242431640625,
    "10": 0.11501463673238034035595234172433265484869480133056640625,
    "11": 0.10027868269298478853812639499665237963199615478515625,
    "12": 0.07391840735964023967330405184839037247002124786376953125,
    "13": 0.0582280918804720659665008497540839016437530517578125
  },
  "zLow": {
    "0": 0.0000027810797369001120889064115977120727340361414244049844013564,
    "1": 0.0000022506389244082768280887215364250180100676879147288779161083,
    "2": 0.0000034606077932047813879477190667749646246819293436493637730415,
    "3": 0.0000011671882589727667737258655872835650171479112798774836200750,
    "4": 3.761901984622964214770523809779565376063456736109600963754E-7,
    "5": 9.109181695435428096165975472354797200185397036559946355983E-7,
    "6": 0.0000168601367861011137929843832095524747226229659585679790512007,
    "7": 3.120259403764940965227629497539645935991909900061964706964E-7,
    "8": 0.0000020163824893677278050890798986406806126807789122831843245607,
    "9": 0.0000019113982540386787403232951506055687894399326918836374080774,
    "10": 7.159032306322956412527806833516840834550803710915479663162E-7,
    "11": 2.317089271728383929870250135606253093245708283688659125248E-7,
    "12": 5.213508155224423771130206869637197927863222536322647362034E-7,
    "13": 0.0000278322333885632065570162606603744659600136761836063572817279
  },
  "zHigh": {
    "0": 0.00011637459497863804346759707670368079122088690894086301397521559642443687347043897776366504730260419413565674072,
    "1": 0.000083486503811221803467256352139580640744482497435230237097147753429782809302010383168886196708046501855797597569,
    "2": 0.000126437222517489982752374338368647123774587876490165237178102147206569497716057478387822568172117090497287599244823,
    "3": 0.000045177873440959611592371470147196653182120262816615454863093249880331081689280731578000818695205100168660892171052,
    "4": 0.00001426922439050808057543771349006140805418456849510879654616238208150091424113272243073689044771586397097457336,
    "5": 0.00003455025422818062432104970296728465627575015032809811109213206575874365569339737210407119908288227848667417586483,
    "6": 0.00059491760055452122953369176427869539340354263552529688319045020579890215760817168652805750746678628691524162310887968,
    "7": 0.00001104105158062990743741836963962887420800562057144383866479240404608837924850741519409252959966055914322236274239703,
    "8": 0.000082423471129455278074133310822205066836309807132037207182547782734535575060301024918722880147130856405972949842438,
    "9": 0.000071375195775530314686090072542147872056808168463018541213349093862408518537557019004885476351869392483596207566,
    "10": 0.0000297110319196399677111315887401840604067314138205980843474044791408784193566263287031712762524803534814799919577493,
    "11": 0.0000092748144136948500043109958319514834496937515415723459959892168427356732973685034254167871600165666325576314109,
    "12": 0.0000194942666615801258647757657121897808077508816007137410476482451335211414327021179393101126486091330539549178786246,
    "13": 0.000997028785955696274984868879320231672084421087199498962179436906368187110395079108757511793623138103714099764574
  },
  "setupType": "Multi Region Model Local Bidder",
  "population": 0,
  "id": 2,
  "worldId": 6,
  "implementation": "org.spectrumauctions.sats.core.model.mrvm.MRVMLocalBidder"
}