{
  "gammaValues": {
    "1": 0.93946,
    "2": 0.75784
  },
  "alpha": 1196.406494589160729447030462324619293212890625,
  "beta": {
    "0": 0.08095307286315452099945133568326127715408802032470703125,
    "1": 0.121010661316633905126849413136369548738002777099609375,
    "2": 0.1260806254269438986259643797893659211695194244384765625,
    "3": 0.116554172512436327036056127326446585357189178466796875,
    "4": 0.09470651485725213591937432511258521117269992828369140625,
    "5": 0.08950277714678565865735748730003251694142818450927734375,
    "6": 0.19800560625719842988701202557422220706939697265625,
    "7": 0.19450471897080456873396769879036583006381988525390625,
    "8": 0.1393844165623257802533174753989442251622676849365234375,
    "9": 0.1577382517008684426063069849988096393644809722900390625,
    "10": 0.12508609250290014802686755501781590282917022705078125,
    "11": 0.1354522706858129754703412572780507616698741912841796875,
    "12": 0.185339436608523644434143307080375961959362030029296875,
    "13": 0.203077721993972504233028075759648345410823822021484375
  },
  "zLow": {
    "0": 0.0000040692961621507758020336615284821323647972088300190459092441,
    "1": 0.0000013194982909145260315987950683293175455884711589800104215596,
    "2": 0.0000017940098762004379373986207782689088344655303396493734891989,
    "3": 8.718886207778017709228415739237233621679022458701836219730E-7,
    "4": 3.150277930864779883452521629839183781637783160820761604047E-7,
    "5": 8.069815677371672990757674120674272732802394188683183719322E-7,
    "6": 0.0000045005542345974925310033112182235940463707723803813040627208,
    "7": 8.63872803819888777300391790900278640312615482056526009195E-8,
    "8": 0.0000015734898483875021759924205536996457442317476491005389769980,
    "9": 8.896540948724545248845905912455691734742377551230631574610E-7,
    "10": 6.582614290617634342588900691303733737728436256184741704515E-7,
    "11": 1.715398779765943237426367150321042038117606770184403295857E-7,
    "12": 2.079288826180462968496285139003783618057794213018782715983E-7,
    "13": 0.0000079802837410009056001323888467180243486695106505317048777954
  },
  "zHigh": {
    "0": 0.0001550210877361579548614145746267825801437189311092848592118468270510610663274466374270110404936383286024769329008782,
    "1": 0.00005555228480640927957255855809670962681010599476276421226068828171200087835154754002034193960086233828281775497645,
    "2": 0.000076439285007359679235901389713465450068095906370165528662822980313982798009443854738796679361803251312979391353758,
    "3": 0.00003631888429511066150828074974640140353271999179639645492003184228608046868732958234856859391387007793056504335648,
    "4": 0.0000124343522292335275814837069502402632709075477692422784670430324828234091587442663908850697685794767498440842422308,
    "5": 0.0000314321561739893590048247989122430828736011417844678231821489894118116839959457208586190091838436935678032849734924,
    "6": 0.0002241301240094125916742596045388289731159768281796966335360533721540689998060100297996371119104151824994078980,
    "7": 0.0000042718917807947508736366565197107723209677373174275225714845839463291672549624616675259689801886693347158059996,
    "8": 0.000069136691900048509201233530473974020782838869236557846755664479179070019975321296729576495351602779879006608510051,
    "9": 0.000040722871000543588222928935761347883577837320360201313694857745699250943891487034081241109464199996984402635425306,
    "10": 0.0000279817778725240015013148703135447391162643114564058704714620326502749375791787598211835527530162103776619481062,
    "11": 0.000007469742937807527926979346876095850284309447001059578507816945787043477791976477439346484322379576425094613131837,
    "12": 0.00001009160867444824345687400052028953787833459663080214710949288410940098873904955847981522244613653187593985492133,
    "13": 0.00040147029652882724627835272491053842374409612120725939006145996336974660006261580483423945146829015440586001164546
  },
  "setupType": "Multi Region Model National Bidder",
  "population": 0,
  "id": 9,
  "worldId": 6,
  "implementation": "org.spectrumauctions.sats.core.model.mrvm.MRVMNationalBidder"
}