{
  "regionsOfInterest": [
    0,
    5,
    6,
    9,
    12
  ],
  "alpha": 75.57916156433162768735201098024845123291015625,
  "beta": {
    "0": 0.1110060580157983534110854861864936538040637969970703125,
    "1": 0.1023041704171472332518533221445977687835693359375,
    "2": 0.0850266482959437797095603173147537745535373687744140625,
    "3": 0.11420512854320670481644839355794829316437244415283203125,
    "4": 0.10386751731741424020771802361196023412048816680908203125,
    "5": 0.074504551131842788880277339558233506977558135986328125,
    "6": 0.066278256361004650454304965023766271770000457763671875,
    "7": 0.06425368724950775156656845865654759109020233154296875,
    "8": 0.0822585793966556233502984696315252222120761871337890625,
    "9": 0.09630845523354146509031892264829366467893123626708984375,
    "10": 0.1010493128761295322792790329913259483873844146728515625,
    "11": 0.08177394680527035053518858376264688558876514434814453125,
    "12": 0.066979049372963894715127253220998682081699371337890625,
    "13": 0.05464341787636362024471736731356941163539886474609375
  },
  "zLow": {
    "0": 0.0000029676040623788617936726755090835128713019453986010561447032,
    "1": 0.0000015607707890955351070678029014912335920387394498810795050614,
    "2": 0.0000026602234916539202644705282931508292651420272641134225821678,
    "3": 8.898221823665283072932799673762067225156687973912670573964E-7,
    "4": 2.872426831500839794211237946716634605703413843941361805015E-7,
    "5": 9.694319383379787087828446706389110067045923421714565755735E-7,
    "6": 0.0000134453592873813838382823970214401475831053535840995618155443,
    "7": 2.615061393769206825526706404410896404236366605992297876376E-7,
    "8": 0.0000026662260167010774227848012713878987844970802869220002364524,
    "9": 0.0000014571148628996569914598577442122529065117119157284310643951,
    "10": 8.148432449772914201790643197102058248700143841666105542314E-7,
    "11": 2.841426504755601545332123200919452681273266612766409201430E-7,
    "12": 5.753653167646207710311860095116498951941143420841859091185E-7,
    "13": 0.0000296580614092408371295917751387496823715786166377698165205183
  },
  "zHigh": {
    "0": 0.000121970324743000534610584994044823995338861028166745166275619464747433156794540757521426603785116001890022515352417,
    "1": 0.000062790459751839551836628793091567108203614043489796284765742348162853015291150422156816260121064906459882157,
    "2": 0.000102425693470964149048058615159923062988390814104087001451891678163148398947983270230347817374501133046640684906711,
    "3": 0.0000368568911427724575993939015499759043431529883420289579827336403210756739964782411169543330937265962038778157338453,
    "4": 0.0000116007989311417073137598559008726157431044398186040790699457146122846471641014000308043378988966864049680287086353,
    "5": 0.00003630566729201370129603711666938759487633172948356196929138565111863030436911319854098946336095453688906475732031,
    "6": 0.00049247427559292933089263217863532557921801426429124436612076005825118832421850424451131350646778183195034025859596,
    "7": 0.0000095254575506427050183156003602426256127389906892348381730282804456922679687153249707189854331058259738277775017,
    "8": 0.000101918776949455766605004952004621611990798848371201684539298161295702639079512423533006567123793622713229570826593,
    "9": 0.0000577466940413596622201869503503483955689615451783623509028798130699573286820314041902818237111582698770783015041260,
    "10": 0.000032679232349989841078920097830939712649179434212849961984858720990434284044637056195712500872596263711287670481393,
    "11": 0.0000108478261127765028506966150278910822137764265288055962245355939161080621846651075047228306705981593989127982646881,
    "12": 0.00002111470169884547768232072538862768387998464425427137623510108049059437991121993373954875948341033112617573964960,
    "13": 0.0010518036265760251921621343136714881644313693008244027393431467968884095888376353687148303973399690454698755952271
  },
  "setupType": "Multi Region Model Local Bidder",
  "population": 0,
  "id": 1,
  "worldId": 6,
  "implementation": "org.spectrumauctions.sats.core.model.mrvm.MRVMLocalBidder"
}