{
  "homeId": 6,
  "distanceDiscounts": {
    "0": 1,
    "1": 0.42045,
    "2": 0.17678,
    "3": 0.07433,
    "4": 0.03125,
    "5": 0.01314,
    "6": 0.00552,
    "7": 0.00232
  },
  "alpha": 696.956614882639087227289564907550811767578125,
  "beta": {
    "0": 0.04315375512766961296762247002334333956241607666015625,
    "1": 0.0795886558100041552332726269014528952538967132568359375,
    "2": 0.090378102940185500724368239389150403439998626708984375,
    "3": 0.0806906594519241904261974696055403910577297210693359375,
    "4": 0.07222689002143174719083873469571699388325214385986328125,
    "5": 0.0734380384576594213985600845262524671852588653564453125,
    "6": 0.065762273145495486748046687353053130209445953369140625,
    "7": 0.0545480394286108616341834931517951190471649169921875,
    "8": 0.0674032088148544816785801003788947127759456634521484375,
    "9": 0.042816532324806651221837938692260649986565113067626953125,
    "10": 0.06968772661518862765461790331755764782428741455078125,
    "11": 0.06401893732931497604798920519897365011274814605712890625,
    "12": 0.057303489094371252987603071460398496128618717193603515625,
    "13": 0.09149123312919248129926330648231669329106807708740234375
  },
  "zLow": {
    "0": 0.0000078613952195999453360880822862876121533524662380526449980085,
    "1": 0.0000020660788039340627183148659622218235777022712783637742428038,
    "2": 0.0000025773627570029991315528971256245782768268011192362448706853,
    "3": 0.0000012969736594837068492720308661621025898232780517480852604575,
    "4": 4.253979536821262553180238843496080042837729989249321695561E-7,
    "5": 0.0000010128488601622448563475849882649794310812128721872778540400,
    "6": 0.0000139550775928081475831626983269392335983183922510064743008812,
    "7": 3.172242536878795748581584833304303155338552254696815435997E-7,
    "8": 0.0000033509132169499080963682055990074489256425492797535653455154,
    "9": 0.0000033752993795294856409393938220617279923322323199807766960659,
    "10": 0.0000012167930573016565687141564254607092805397109182562044063565,
    "11": 3.737735036476109762852166453398009772984766848876403391811E-7,
    "12": 6.925755856358578343330666946360340643348778071190386342407E-7,
    "13": 0.0000182417592965977163605557554811851418525342844898705230874330
  },
  "zHigh": {
    "0": 0.0002697667290148432124945204923787156919736953336388431057177682393183149348291620886391881749301312383113823400109,
    "1": 0.000078426007598287199215676461494980951195411919664552105709578125766851454564113449256754645864074963567850580505683,
    "2": 0.00010061459836675171035244712550586339481024298272479642788565881335755003779286676350196284980257909349266633632416,
    "3": 0.000049374575772062773127846002857929991744377971554500164508105417177993303805140323330207088188067636189862684191307,
    "4": 0.0000158344557320578926003189446966051751115861815403369860605223611085891953287404611841453011284177333865190401502135,
    "5": 0.000037823629159306490413607805839077363845158664729773194972798723896143327076496858122419121422294439520004119334221,
    "6": 0.00051042409022672773199094261713015270765968448022394748096708955087467311161338639259382700123431466857902842694654,
    "7": 0.000011247123720424198203853666857653821171349114436408142344426310822044092483866025159697760782593420633860944568,
    "8": 0.000123113626836750286245847267826154414135543709420971999221812601982230375242302785952295553989338124599374731387228,
    "9": 0.00011571084288483697475067598558716271287315534271081067173890917261455114177698974965665769829546780625483925548199298,
    "10": 0.0000449833459114994363981972182211822365715697284867440431368261581004148087853716343205361548651404412886600574266,
    "11": 0.0000136060633599658182577962786528487573500026824611609842104158189558093616645381885090581079820659022495372889303545,
    "12": 0.00002474596732092695135202676135756300882708987622894527788021556203638781707727919581362326467181293413178582012157028,
    "13": 0.0007141488841470950829769608317284540248429022396132303879634930040308898608322744035440659884343988710528920333502561
  },
  "setupType": "Multi Region Model Regional Bidder",
  "population": 0,
  "id": 1,
  "worldId": 97,
  "implementation": "org.spectrumauctions.sats.core.model.mrvm.MRVMRegionalBidder"
}