{
  "gammaValues": {
    "1": 0.98558,
    "2": 0.94231
  },
  "alpha": 1163.3687440176936433999799191951751708984375,
  "beta": {
    "0": 0.210835936594202910665529770994908176362514495849609375,
    "1": 0.0918511209652512483625486083838040940463542938232421875,
    "2": 0.177096139731133861427991860182373784482479095458984375,
    "3": 0.099248721196670441901943604534608311951160430908203125,
    "4": 0.1661295485966296781032980334202875383198261260986328125,
    "5": 0.202183642249563477744089823318063281476497650146484375,
    "6": 0.20124378617708182925838400478824041783809661865234375,
    "7": 0.14813302365791736203703976570977829396724700927734375,
    "8": 0.203853072406027291396668488232535310089588165283203125,
    "9": 0.1207806227685732924914674413230386562645435333251953125,
    "10": 0.13403781545302051458889991408796049654483795166015625,
    "11": 0.1244876372051712254407362934216507710516452789306640625,
    "12": 0.1074497947833976396747601711467723362147808074951171875,
    "13": 0.13036057551110380448022851851419545710086822509765625
  },
  "zLow": {
    "0": 0.0000016090649902886452119778331265280686200372656745122399151395,
    "1": 0.0000017902496243335137545823828439512572633719720519748054589728,
    "2": 0.0000013153147037550392090093229841478420425204734963632097454220,
    "3": 0.0000010544585221217596646297731082820062969778239591743056533103,
    "4": 1.849470577359070758722341590588637269219355199609060406920E-7,
    "5": 3.678914511421214642698681985914229638050537940606187336028E-7,
    "6": 0.0000045602283770257604978714888286579403671152957374485625047478,
    "7": 1.168136629536303502072779851282529716904590396657261072789E-7,
    "8": 0.0000011079661474646108827526193313315942051076730610961883173343,
    "9": 0.0000011965380843120417128983053588441519957969138184722463116505,
    "10": 6.326240220933602456716532407776945888764829491335276062543E-7,
    "11": 1.922165368592994280628916800739873774801917825225979211249E-7,
    "12": 3.693538698562904026618343633420676955849294486290823528945E-7,
    "13": 0.0000128026517675927088826566294981010350583869906497268598223960
  },
  "zHigh": {
    "0": 0.00008219682213550420877121301758592938597423931673263095323169772571556077319557799730547652212235947486455944117723,
    "1": 0.000070151132210270730303701967946863961765502942872883042194647746293370009610322454561589841409764905372878467139503,
    "2": 0.00006275315676931291267613990126156130778105315403860537412775931117946851856878912737227064062439951795957295282919,
    "3": 0.00004209912165120435758857827012152710295901434877728677629368817452786860646916633668403945632464144391537109375508,
    "4": 0.000008620928853671317216945252937882846790731057171416202194601426967789381580581431302113393695736696903622574966987,
    "5": 0.00001847490688870278865127630214887066982687389238597342135968124062345202599498905888639277575511295329317999974076,
    "6": 0.0002285786137532561194322063321817139107235915848172101270830869571486161233881834075140485960183968863832656298522,
    "7": 0.0000052348059983967214643272519115885008560472288622894792548040563030268106033789464193407480403708594542464269809,
    "8": 0.00005582521475219136983737967979587877251949742286125068837637962685143077372241750413812288167199106257737406952039,
    "9": 0.000050348004028313656909443331690635432977095787665554760206445673587044968658980387037873091074713532123196587919880,
    "10": 0.0000274582748552505467069221226806917958216728894130637391337596846897922458502067490027908583804196775708610597108,
    "11": 0.000008159354356316471811126529694874349355454135390209711668730546112611541030848905818252713526608558300285949167574,
    "12": 0.000015049315847539928401889791418744017764591425474246589439829547157638861362325557894383619734585851637321524546380,
    "13": 0.0005509756582769448586399870522359308210184834244089204900123805365776770461835777613988422110633487354036579422678
  },
  "setupType": "Multi Region Model National Bidder",
  "population": 0,
  "id": 2,
  "worldId": 97,
  "implementation": "org.spectrumauctions.sats.core.model.mrvm.MRVMNationalBidder"
}