{
  "regionsOfInterest": [
    0,
    1,
    2,
    4,
    6,
    7
  ],
  "alpha": 77.247664506481413582150707952678203582763671875,
  "beta": {
    "0": 0.09682716413395626997573373273553443141281604766845703125,
    "1": 0.1113095374040572738127963248189189471304416656494140625,
    "2": 0.07407903169649347752123702548487926833331584930419921875,
    "3": 0.0967401482790484212870296687469817698001861572265625,
    "4": 0.107647783578050881825305395977920852601528167724609375,
    "5": 0.09904540185505432414725390799503657035529613494873046875,
    "6": 0.1030183169224902772764806968552875332534313201904296875,
    "7": 0.11463135119735139155761061147131840698421001434326171875,
    "8": 0.11328820027302057005247348797638551332056522369384765625,
    "9": 0.0827952071918613696777100585677544586360454559326171875,
    "10": 0.1140357146375024222084704206281458027660846710205078125,
    "11": 0.0818064440413177607069883379153907299041748046875,
    "12": 0.088623887552312652360342326574027538299560546875,
    "13": 0.075954077136112629897723991234670393168926239013671875
  },
  "zLow": {
    "0": 0.0000035036523820847662100597173091291555187097207845850629328953,
    "1": 0.0000014772897151278557715684409480321381362667162523264650175391,
    "2": 0.0000031444411627972645014891347611142505405579285301153773013888,
    "3": 0.0000010818017311038289013859223599298125899428971889009386032400,
    "4": 2.854231661320134807774094859720237591188789811911467368732E-7,
    "5": 7.509852264847540165475104749138807272572608528555553255864E-7,
    "6": 0.0000089082956491641439906891787661058495287186286958966233711323,
    "7": 1.509531285912114879780017572375701802862871675711628725096E-7,
    "8": 0.0000019936966315839623427794013908700161643634055190179460450188,
    "9": 0.0000017454949373413729828722717270853654863026255635288095706839,
    "10": 7.435875873979138261667962681084169839665237657730279625489E-7,
    "11": 2.925024157423264220180543630284506317511418837150375581040E-7,
    "12": 4.478137736294386426943610147170603204385802045330687395199E-7,
    "13": 0.0000219732911704106874064159235360323131436340062994713264051240
  },
  "zHigh": {
    "0": 0.0001390344438893878387136695430639619929344129700348156437643742378609604707970941745895468833321688506680955259707994,
    "1": 0.000060762334934100990813283711069290387952345268883432828951636384793023819072572175343118441573727019136962418373021,
    "2": 0.0001176269505405796714505342545705535627221768050511704008067641785970142077053738872583317764227294956213586856049020,
    "3": 0.000042919417920666434691262747670961291747966545669085764791581407123665128857872062384847644678592811865909287830,
    "4": 0.00001163521210555450936410051274527764775663936100832342308003610289286255070068050519304345466444517507550733827320,
    "5": 0.0000299677201489817652196055704385444027304401041498215191191897224521490379613104909071476189835660445561560708786480,
    "6": 0.000359020631917407624216737030305151185571691573570651953074620582738732669325407082443339331972965706014863997481199,
    "7": 0.0000062589899675241555974489650748680171139220726994525822117245595237916769534431786562951282344598887167200758793296,
    "8": 0.0000823971292757719136381831415820314312971693965989034202069145666473658402153070655843155129701688778548834807341223,
    "9": 0.000066816709619193595008662322737871837692267140017251657977447938745709028911102096348208268949406905941344796488218,
    "10": 0.000030787181814387154121776413500613467674374113912248749822597382670972986338354243086295621787789296306845268595913,
    "11": 0.000011167930722807281629781410183508246983582638425982900778103043591783207343558199371787782379160404072809192,
    "12": 0.00001740311296073437560286559095999379651020094815136618103859189284582901252729162767069738478983464091611351,
    "13": 0.00082609484036148421435276587337386916357589389390125448749422134553409835826699059811595821476979257820373547922901
  },
  "setupType": "Multi Region Model Local Bidder",
  "population": 0,
  "id": 0,
  "worldId": 97,
  "implementation": "org.spectrumauctions.sats.core.model.mrvm.MRVMLocalBidder"
}