{
  "homeId": 13,
  "distanceDiscounts": {
    "0": 1,
    "1": 0.42045,
    "2": 0.17678,
    "3": 0.07433,
    "4": 0.03125,
    "5": 0.01314,
    "6": 0.00552,
    "7": 0.00232
  },
  "alpha": 707.19670167986487285816110670566558837890625,
  "beta": {
    "0": 0.0975169730752410146568109894360532052814960479736328125,
    "1": 0.048767930608808018888566948589868843555450439453125,
    "2": 0.05350814210662589720524096037479466758668422698974609375,
    "3": 0.05072262785083482550252398368684225715696811676025390625,
    "4": 0.0753124365150499019971874758994090370833873748779296875,
    "5": 0.0646767252826550842481623249113908968865871429443359375,
    "6": 0.0949153594127448985151573879193165339529514312744140625,
    "7": 0.04188654011164204271633337839375599287450313568115234375,
    "8": 0.055009346575704477777524203929715440608561038970947265625,
    "9": 0.05882656552867716881483062252300442196428775787353515625,
    "10": 0.072483279563409552803676660914788953959941864013671875,
    "11": 0.0561739617610006181092074939442682079970836639404296875,
    "12": 0.0505675335058585473380077246474684216082096099853515625,
    "13": 0.0853862143191637112948910726117901504039764404296875
  },
  "zLow": {
    "0": 0.000003648054840039936521352526612852845109822759055926271768545,
    "1": 0.000003535794958324063443179654661944614594734172367131754340471,
    "2": 0.000004565015384173543940723381489964613451335514502694168313146,
    "3": 0.000002163595267111721114568024832242486150751066807640945190933,
    "4": 4.27810028599924025421350725236239812024563483109832771722E-7,
    "5": 0.000001205982586219922409164448639411695164549131378869692892028,
    "6": 0.000010139018677782575811769194414053076592022594798529248386015,
    "7": 4.33205926143382720225597210078113784938771854800907476985E-7,
    "8": 0.000004305569598140175993070755016594196105156460374388249562387,
    "9": 0.000002576164815971074111829222160511019167384531162929459338600,
    "10": 0.000001226756965079464962216811424676652721596749157070775920417,
    "11": 4.46689007960196865459097268713539577041864282585819744497E-7,
    "12": 8.22999972269084015894747900622345787570129213254483159362E-7,
    "13": 0.000020496598325711770142282035178306688633761351029355150567559
  },
  "zHigh": {
    "0": 0.00014501637176251581127685013784090161484364915358994978356355456961362742645748032696420941128949409160586104043188,
    "1": 0.0001233171890671740200039896978067189711296511578304048620626954267547420156298779783114651614725453199768388483,
    "2": 0.000161377010714735458513371259439661791560617146274839407278275603502695025914853584867812537774096577130250777779676,
    "3": 0.000075882181768705173334375364204258905985429327460332761231362473963086111657792966445017052564111150103768351108880,
    "4": 0.00001605624241994106686996179075835802436297511514746312421204406576451428280725763408581344140758904468539359290342,
    "5": 0.00004397937802905885434380099696862103903352212057902143676451570663129476876191065343412954256169514880529341880398,
    "6": 0.00040040542052290394858542023348841429532273425507680825553900574874583585797675996800950683703491362223867711403446,
    "7": 0.000014810727524502065662518574587524511075538173335494324595012387171490540250419486861260228976284729319750737443691,
    "8": 0.0001528517449671962392657024037204004504808621345107802102826817865996650502855355189459174728202984167787184719157015,
    "9": 0.000092439637315071718421607226655760756695514841127214967417626864189297634223460323913489166180077072394458484439943,
    "10": 0.0000456946457580054197786345968599516528399735780471225710438880656247463162834798647926847038411026807640607164339,
    "11": 0.00001590989936402744590706492788298030132401975884216359268599998307245549567041283992265069554642068928149621349476,
    "12": 0.00002885170703537627660532140404911497021675501670962346361014893162215384698013627681598133339199311701534105475447,
    "13": 0.00078991064351665683409271339977343280523152665179239286828126313924130215300393104706276034495990927816556299495
  },
  "setupType": "Multi Region Model Regional Bidder",
  "population": 0,
  "id": 4,
  "worldId": 41,
  "implementation": "org.spectrumauctions.sats.core.model.mrvm.MRVMRegionalBidder"
}