{
  "gammaValues": {
    "1": 0.93050,
    "2": 0.72198
  },
  "alpha": 930.017264608783307267003692686557769775390625,
  "beta": {
    "0": 0.0806801931222644597152537926376680843532085418701171875,
    "1": 0.10908015230364041803223784654619521461427211761474609375,
    "2": 0.09336568768704801846158858324997709132730960845947265625,
    "3": 0.10595885384520753458303943261853419244289398193359375,
    "4": 0.196351201200324509965611241568694822490215301513671875,
    "5": 0.155537890519109767151206824564724229276180267333984375,
    "6": 0.205751766248846779117087635313509963452816009521484375,
    "7": 0.168446961974109299386981319912592880427837371826171875,
    "8": 0.10109247601377109593290271050136652775108814239501953125,
    "9": 0.09465611859273033446005030100423027761280536651611328125,
    "10": 0.13436027178593601405509616597555577754974365234375,
    "11": 0.202600905609386650052528011656249873340129852294921875,
    "12": 0.19248267758156012430248438249691389501094818115234375,
    "13": 0.20927248059916403466473866501473821699619293212890625
  },
  "zLow": {
    "0": 0.000004409350694960165451616605966980914044264409019261728518170,
    "1": 0.000001580795401665078267409976461940706519789238006796336243055,
    "2": 0.000002616223346568641826667722708827090332322611223835123114247,
    "3": 0.000001035715596866085109631766537458549298834684164928125191281,
    "4": 1.64090748732227322834348273104121388893658313445683810768E-7,
    "5": 5.01479119745607398983880753560801641876849066546562868703E-7,
    "6": 0.000004677231303717474761347777384940780685701500009851606497982,
    "7": 1.07722319176019611874228682938199832853971174465069672488E-7,
    "8": 0.000002342870405089748732922002698171978302146496357886191073143,
    "9": 0.000001601026226433859668678275509808400896988369945594684098520,
    "10": 6.61798066305506147570830645457214487832932262795160099578E-7,
    "11": 1.23850834608771141592241917873976752757966281986901389164E-7,
    "12": 2.16212072670296670006071000814663819058895313072642640977E-7,
    "13": 0.000008362910079922034436721088236178620536730825247419848244890
  },
  "zHigh": {
    "0": 0.00016785524741012267918477251846474368287689865249001348605230666509079859399262635309968369205319336316331781117468,
    "1": 0.000064667202367404464730899351806601728881303127020342319140234994789834590271777274954763495938786505911301682073305,
    "2": 0.000102913249586588395091701496005536097990230047909068051311316905111482417158031983802950375519814023652370473898342,
    "3": 0.000042045791661336093186287615360740800427937848178948161241796077381031378692348135283503094019579240947399873315,
    "4": 0.0000081446640239101657923517171943944716690479600575386553834212116717846528321711737898026115380413212700307767641,
    "5": 0.0000228442740348294040383839603930942333533536512093275360647517298935542796809531603329069208736529020679350288200,
    "6": 0.0002365517993009509170727777226150454181331014114164789988980203934855730050238496284862167422552388021457862066658,
    "7": 0.0000050462193154811724119775187733270925129941529254191904600853344704360697169904402005666805254076197604946326511,
    "8": 0.000093970769175683421461239834167733916390563214015718455605372571775224504366749551846670008766079592447195604048103,
    "9": 0.000063185479628955285127078827134682208583630004607171710215221417982288392120058985288255318713899373021027226208773,
    "10": 0.000028745878794786655339255173483368505827059071218854096418718393204942997200240578518728055727692662538045739,
    "11": 0.0000062247541634846741910592673577934165955028188241960420260168420314101265481691075217784029437407814057165415917,
    "12": 0.000010648070047412656228661097054884511161417999704168248058597044436604728838319494406631481530846616848175010178,
    "13": 0.000425899996142964762925884991509590762320610878334333798601167385314196328669137555164910980414012696785177774056
  },
  "setupType": "Multi Region Model National Bidder",
  "population": 0,
  "id": 9,
  "worldId": 41,
  "implementation": "org.spectrumauctions.sats.core.model.mrvm.MRVMNationalBidder"
}