{
  "gammaValues": {
    "1": 0.93795,
    "2": 0.75181
  },
  "alpha": 1101.296158316866012683021835982799530029296875,
  "beta": {
    "0": 0.151966713073785231191692446373053826391696929931640625,
    "1": 0.1366580486461125010233530474579310975968837738037109375,
    "2": 0.213026804863041707704951477353461086750030517578125,
    "3": 0.1305637487283809183846727819400257430970668792724609375,
    "4": 0.10384149900447237069300854273024015128612518310546875,
    "5": 0.15025661010801538708392399712465703487396240234375,
    "6": 0.148245457345582976049769285964430309832096099853515625,
    "7": 0.1782859984741111958328474429436028003692626953125,
    "8": 0.146603394615695215019712804860319010913372039794921875,
    "9": 0.1443154513696088547813900504479533992707729339599609375,
    "10": 0.19277894949574514438239702940336428582668304443359375,
    "11": 0.126066835254479758798851207757252268493175506591796875,
    "12": 0.159521442327236473435192465331056155264377593994140625,
    "13": 0.1971546637028183113216073252260684967041015625
  },
  "zLow": {
    "0": 0.000002340955189577925769114608157895077969563867786483354102589,
    "1": 0.000001261787394762616232424055430217991764079368498352148093930,
    "2": 0.000001146642048414205619528510038836065612230249354702515337096,
    "3": 8.40533751691217174488456916088434113946328575671454051051E-7,
    "4": 3.10274947187018135135344075877558139890711678126267976814E-7,
    "5": 5.19105311696706451106774013035289972101266580834122162331E-7,
    "6": 0.000006491589146309448429501914847185874142995880964206648284592,
    "7": 1.01777467424850737677514772757590051173754797200909824442E-7,
    "8": 0.000001615559931956398465458925123728963282466582324963853040316,
    "9": 0.000001050108820096230945331702182534010197102744717039927381100,
    "10": 4.61250402540331629868503369613639717180519018248289505466E-7,
    "11": 1.99039590401106305843439516737261612946576926330876150557E-7,
    "12": 2.60887051081608218686596894732665748768895416334262922917E-7,
    "13": 0.000008876923855532509846681501673604695453213430979165169885618
  },
  "zHigh": {
    "0": 0.0001058033822486554887097125841921686006358824155066622535848884486770305306884495423252883092313820672508483630671,
    "1": 0.00005509696216033060368132172085492028621000704176701667466648813929242452429388724183085617105975891585970084714712,
    "2": 0.0000588258106419553088775251159058053563874591918350898179967839716797565396069829062298838196482800429194263162,
    "3": 0.00003619033630609005513198832671963734488128718050124802703490872060897257299036960257821415642587288749944866444701,
    "4": 0.000012530189977553890161381591277597574198959560997956180364794075339332347300492901880842015460572756372714270129,
    "5": 0.000023373059793362375602070758177328883260086176637954314873596502024273716603674613286666751519914482836929754,
    "6": 0.0002909825345787101271174018464823982218519328400471302524963153039121105421560287682991623833446916605345965399891,
    "7": 0.00000486787376294610618607610146790879906258766160749439501871428278226025755608512525490586757907371036310750,
    "8": 0.0000721514549816829134373475069344434658001657930280483146205625133114399976961560203302744493732134155377110835882,
    "9": 0.00004665795743882642342668162731645048758706124775052900869261490004345461765233833616750133754972132599655525819159,
    "10": 0.000022729448881831419808185355208061262707486673882447978595369863867771798119234809395278135452121889175478628603,
    "11": 0.0000084804168372547291185951953236919624011611381545152848678107412867658343595124982005933308557452815891469444338,
    "12": 0.0000119883193997520026890768738724245690527180028020168565168214858989893240690976243971179031429320356669031235464,
    "13": 0.00044132040941127902522469739463237300981508905028669344782303326372569724086038901487781267940004738426886
  },
  "setupType": "Multi Region Model National Bidder",
  "population": 0,
  "id": 8,
  "worldId": 41,
  "implementation": "org.spectrumauctions.sats.core.model.mrvm.MRVMNationalBidder"
}