{
  "homeId": 10,
  "distanceDiscounts": {
    "0": 1,
    "1": 0.42045,
    "2": 0.17678,
    "3": 0.07433,
    "4": 0.03125,
    "5": 0.01314,
    "6": 0.00552,
    "7": 0.00232
  },
  "alpha": 781.553748971165987313725054264068603515625,
  "beta": {
    "0": 0.0923740409076211077543661076560965739190578460693359375,
    "1": 0.059641963806090388111602607068562065251171588897705078125,
    "2": 0.06056221569436166796140952328642015345394611358642578125,
    "3": 0.0718679217438735751244394123204983770847320556640625,
    "4": 0.0594415764899911269747434516830253414809703826904296875,
    "5": 0.0705156212625210609967751906879129819571971893310546875,
    "6": 0.0677681249029462307031934642509440891444683074951171875,
    "7": 0.0943622090902280497015652827030862681567668914794921875,
    "8": 0.0834256976637840208521623708293191157281398773193359375,
    "9": 0.0770133913740899400668382668300182558596134185791015625,
    "10": 0.0926535621223022742842800880680442787706851959228515625,
    "11": 0.066424950382518221925209900291520170867443084716796875,
    "12": 0.09571029233480855824556243760525831021368503570556640625,
    "13": 0.0652887081354534826171942540895543061196804046630859375
  },
  "zLow": {
    "0": 0.000003851160587084667057682038751317250122535531266483141469722,
    "1": 0.000002891142279203639980073678681042584480736879739061531229801,
    "2": 0.000004033298469924251448760485204793382994829368763532933141051,
    "3": 0.000001527012815879715184248409117988181214204441693621962470664,
    "4": 5.42035011888667197150294013408436622384464407146665174322E-7,
    "5": 0.000001106123764183130947986306201720317103970801623796504783153,
    "6": 0.000014200608372630780491492882227283948961858163154223032501479,
    "7": 1.92296233597661182720224384374582972862115017741089985367E-7,
    "8": 0.000002839012161269910481897067199222045462621531812434866543371,
    "9": 0.000001967799698928474390013682791964525515765696470850461595691,
    "10": 9.59697242280243405710370971496497177271625993679867884114E-7,
    "11": 3.77754008211035279468238098390120487771587691173927112570E-7,
    "12": 4.34823441218369199407451514051729974625638567777527106043E-7,
    "13": 0.000026805966719728559357227337838113011242203148750271796926287
  },
  "zHigh": {
    "0": 0.00015110954417385772736673550199483376522503231990665587459888973799284240681981813172045459526647256114125580910410,
    "1": 0.0001039776086935613161108104183796580677097323789882981687426171386631537326316121179989400176167217471548444614050021,
    "2": 0.000145425503287256683754484370884524877865432774100002352115415956149203549567527338678577885645919909196875239965267,
    "3": 0.00005678470823174499542478689277662975788903057403976327962329586494252533715155538636368038877150571093163339467,
    "4": 0.00001948299191860336202183008940352392867377214286856809629003202913319638928544981813500369937336108816890850527812,
    "5": 0.00004098361336795511050845672383787969721617222792682579349826454152845175910156060258979443321185687176261607078646,
    "6": 0.00052225311136835008897713086788534046641780130574762177900292243323946259408278456947714811852038702905963269343084,
    "7": 0.00000758343674813041953735738981641858671323846822369979984646339640040537787339833552439742308634074568652380658911,
    "8": 0.00010885502186108827393049176919923593120481427765217871971219667588912668754085346481913109831390569173390745541612,
    "9": 0.00007418868380379372676714104559936594714694980036484503513036338056031655108098912570384250414718718699519844130300,
    "10": 0.00003768285407402877308344138326454698651021988314539532995479897783066466161408189368255929633248906730063517446664,
    "11": 0.0000138418493715525983273391527732777286459114610998068137281964361393880280239572435240851115907328312931625161211,
    "12": 0.000017206411103854832110702512451996495828420297345314782010595669382536269825750866654469962444813061630028237366398,
    "13": 0.00097919169533716051054107247956762248348478058341989225904308736440895588590428701246871989567831509384398740215395
  },
  "setupType": "Multi Region Model Regional Bidder",
  "population": 0,
  "id": 5,
  "worldId": 41,
  "implementation": "org.spectrumauctions.sats.core.model.mrvm.MRVMRegionalBidder"
}