{
  "regionsOfInterest": [
    3,
    7,
    8
  ],
  "alpha": 70.567433695747553201726987026631832122802734375,
  "beta": {
    "0": 0.103896394333184483027565647716983221471309661865234375,
    "1": 0.07687488796388153300398471401422284543514251708984375,
    "2": 0.10474312838549904025597925283364020287990570068359375,
    "3": 0.1067163210974310383338803376318537630140781402587890625,
    "4": 0.11277974047751999908673070649456349201500415802001953125,
    "5": 0.089628359129140189320850140575203113257884979248046875,
    "6": 0.11746710441721451567698153439778252504765987396240234375,
    "7": 0.080915541096245657826102615217678248882293701171875,
    "8": 0.110397164964498195605102637273375876247882843017578125,
    "9": 0.051817980402531167716251303545504924841225147247314453125,
    "10": 0.09391284304258473714099864082527346909046173095703125,
    "11": 0.054510713415874260945326312821634928695857524871826171875,
    "12": 0.098138461246531638604295721961534582078456878662109375,
    "13": 0.0840175528616813049875844399139168672263622283935546875
  },
  "zLow": {
    "0": 0.00000284521901392563508524301061090690472394377192733526945508,
    "1": 0.00000186385237445337675943825990620556625955160272490125837637,
    "2": 0.00000193780996043812693933222161120632350602385863201982208212,
    "3": 8.5451862044549326176659432092700472244102108927257673169E-7,
    "4": 2.3738931966117920043578541390896152394438421311973118768E-7,
    "5": 7.2313306726958935866859585370293312390514309424904475860E-7,
    "6": 0.00000680754880826950730763898581098447538361489016063668241732,
    "7": 1.8634233894484215939182534674481766681911844051339009616E-7,
    "8": 0.00000178272266881461763648656539556959405249126416896069648079,
    "9": 0.00000243019578562159644715575917790582261002891407785544125561,
    "10": 7.8676673041156560819533125404984436405352860789341192864E-7,
    "11": 3.8250142852958590918204217002709005829476513802336521247E-7,
    "12": 3.5237651396876914732628639834614924872473970001610758033E-7,
    "13": 0.00001730908573378053324044245455872823014022429924948552145529
  },
  "zHigh": {
    "0": 0.000114917370081278262134454743078792574286743480077809278011817686011150100268137356289618031391266207689598263990,
    "1": 0.00007024391548033309369629581322187024570417623844692415773245972176514884330995706845128087622532458529926884766,
    "2": 0.00007843152656043076278337646664260945161689679876274771139615521601417602500373208653816679325992841913624096729,
    "3": 0.0000347546669616843036921638599329896854937604843294825280694104013282828342224327191734442317459029673928601413061,
    "4": 0.00000979895017618765861570973053885284156827986286392057248834750314581760938530127972939305141426662503088971652777,
    "5": 0.000028175315043227225363326925733135471853023826759615826212248211378319168529958894082405200271945126402576090812,
    "6": 0.00028419276891671306462164598023644224844670497644015347061184063732502827937529117393249435706462367071469206957870,
    "7": 0.000007098069286831456129694629685289288409944784797424117312602767983469699788228710663223010596504990726409132,
    "8": 0.000073162432919946311709448105087551419722890488759617184444197832570528075760877876884783022290765754967279473783,
    "9": 0.000085498657328013265377888987693620960315254590916754594362772913243108495431346956654808232831904381202518109985477,
    "10": 0.00003099175195877386232111064964273477832314726539106904890372083187626966860812551218667862013945685382346866217,
    "11": 0.000013560085431061454115915210966076148300029583409222203562458355506846098905430753567895760504711503696326580870652,
    "12": 0.000014029464305094270977516009012802764086428816794037572432073630383022129486343248109606602428384701177283264041,
    "13": 0.0006646992745759439663475329268771471630619675877556229913290448329891092986000306821928103564365859504466595134746
  },
  "setupType": "Multi Region Model Local Bidder",
  "population": 0,
  "id": 0,
  "worldId": 101,
  "implementation": "org.spectrumauctions.sats.core.model.mrvm.MRVMLocalBidder"
}