{
  "gammaValues": {
    "1": 0.95756,
    "2": 0.83025
  },
  "alpha": 958.388275825380333117209374904632568359375,
  "beta": {
    "0": 0.213692430751190709514730770024470984935760498046875,
    "1": 0.1328632153444332664182780945338890887796878814697265625,
    "2": 0.11238850878136368016679824677339638583362102508544921875,
    "3": 0.1047446971838731644144360188874998129904270172119140625,
    "4": 0.194084239159205307334588042067480273544788360595703125,
    "5": 0.14544869241503410872695667421794496476650238037109375,
    "6": 0.153368249332070216706114251792314462363719940185546875,
    "7": 0.19824922152455093371514749378548003733158111572265625,
    "8": 0.106680783244962384959109158444334752857685089111328125,
    "9": 0.1900297678556021330198433361147181130945682525634765625,
    "10": 0.20176087848403601032742926690843887627124786376953125,
    "11": 0.154778233685641863903725834461511112749576568603515625,
    "12": 0.181212540588763459936672006733715534210205078125,
    "13": 0.1423295150099772310436918587583932094275951385498046875
  },
  "zLow": {
    "0": 0.00000138333396085179281373497041975203446638398385477599354906,
    "1": 0.00000107842823234310076320113302846503682542933430648108349177,
    "2": 0.00000180598781560243027782330060742651427379122292479049825265,
    "3": 8.7060334255503614513563946433185797647412073468672528095E-7,
    "4": 1.3794374020015839860604495539743457127234050324814080991E-7,
    "5": 4.4560888912258185102751205204222351497610245448588527403E-7,
    "6": 0.00000521400648549402288852941604243839074924986824990840293042,
    "7": 7.605573968417663650576282057828634812130722775544235325E-8,
    "8": 0.00000184482643048434265711629295996852946477100650328919362793,
    "9": 6.6267426948257112353091395246139729381953163026934402681E-7,
    "10": 3.6621321744549781375860706086238949268601177086883821862E-7,
    "11": 1.3471161451607246309795593396494071115930301780079334576E-7,
    "12": 1.9083496510757650239681730769646874828885451492856760771E-7,
    "13": 0.00001021760683666586137962721293329837835009810738238368716166
  },
  "zHigh": {
    "0": 0.000071060818489062993989213537344146466559949837901031000831334639132361415040415126011200816205286258366314102,
    "1": 0.0000466811912170248138091820068896543626805081858943189111944325033406587997945625591282079919068337854319613596353,
    "2": 0.00007447686221535986293810883652921517464991772754586799651201909969148567299169421339599743069369664171492541922044,
    "3": 0.0000352372086249705901932352142351352831147534736919069845473706590512483120380825589877967241304826616924802572512,
    "4": 0.000006815582792357034560817516783507032988118551567772861155172647161722261669852494710174976350555141014545326491,
    "5": 0.00001984958969881700013409441168331418358515260756672104167521922662969676442188177050816158680971073103274636120,
    "6": 0.000236386499233448532048358887180059709415754319118305086004795141117184485236242415614407584939475255519923924620,
    "7": 0.00000378947130901149044311275390029334884901044841468568502543680635255367296631955987083182928060131741419941305,
    "8": 0.000075025545770038062328339932019519482091282758789472098858461518609048099251636235607677442828515537114537131258,
    "9": 0.0000324730118438425056691436309302882008289731174891716774987382188692067087282664016971347681157772873347641234469,
    "10": 0.00001837514656979182848800892384711113218212176028033183760302766466141656308288707740196808739246753745160329295,
    "11": 0.000006126391010656050733392623884211667885965719802545047561236886481073257045821730831147522293148683976412903230,
    "12": 0.000009183217839258491629631936293312349073352261241411373253475406971519049041164556373576909165049457344715,
    "13": 0.0004519549076625038105230756781142516093581818317425679625200804730153521136511554716866212648074112027738273922770
  },
  "setupType": "Multi Region Model National Bidder",
  "population": 0,
  "id": 2,
  "worldId": 101,
  "implementation": "org.spectrumauctions.sats.core.model.mrvm.MRVMNationalBidder"
}