{
  "homeId": 9,
  "distanceDiscounts": {
    "0": 1,
    "1": 0.42045,
    "2": 0.17678,
    "3": 0.07433,
    "4": 0.03125,
    "5": 0.01314,
    "6": 0.00552,
    "7": 0.00232
  },
  "alpha": 784.963515303317763027735054492950439453125,
  "beta": {
    "0": 0.07594236973625055620029655756297870539128780364990234375,
    "1": 0.044675335588161717292887686880931141786277294158935546875,
    "2": 0.054222031993397680482704714677311130799353122711181640625,
    "3": 0.0935110176815242277736928144804551266133785247802734375,
    "4": 0.07133083704753355458461072657883050851523876190185546875,
    "5": 0.077860808169662287792078814163687638938426971435546875,
    "6": 0.0656522054644488040064942424578475765883922576904296875,
    "7": 0.048380994636362195659984308804268948733806610107421875,
    "8": 0.049341212445763733829284802823167410679161548614501953125,
    "9": 0.048927981604334473686446216333933989517390727996826171875,
    "10": 0.06189222708747177392751837032847106456756591796875,
    "11": 0.0965468969101622997985856500235968269407749176025390625,
    "12": 0.0535459769705230737013579300764831714332103729248046875,
    "13": 0.08914271021088042423752284548754687421023845672607421875
  },
  "zLow": {
    "0": 0.00000389253058156790302480044858826792456840684758552650948173,
    "1": 0.00000320721580668519559042190561001208545398438651356690181391,
    "2": 0.00000374335431578042606911756513983064946626123130019093025938,
    "3": 9.7519079295842655939303376163427533859909256803659233234E-7,
    "4": 3.7533144109443140957085531217883397155392574715168878035E-7,
    "5": 8.3242431943635148999937026945782510699577017065863388347E-7,
    "6": 0.00001218029220845143442265000663078625385021040063292359069377,
    "7": 3.1165112040771469508979549361858960051922015090638945504E-7,
    "8": 0.00000398870475206522901637080281957858079717081903586544074673,
    "9": 0.00000257373865556101167994723609532268630933822535994592773154,
    "10": 0.00000119380904422528447592306310921406713511917528275639492741,
    "11": 2.1596163542304487592886708437085033759882027069553875005E-7,
    "12": 6.4583169113431432464417864847281278649641530048487894830E-7,
    "13": 0.00001631391980550056602252396581644212329814783773299296294839
  },
  "zHigh": {
    "0": 0.00014633671711054630032117788239962316962063574982354647881158516433773027748670285797119863885545527435733951456912,
    "1": 0.000110544818447287658625805184336065821537159752106893460858475176869396718941930594478748732134054489398908431938118,
    "2": 0.000132597857220699736676936772501339230424017978807880956714039417997784411639943056855636914158811032987841961421205,
    "3": 0.0000383748321370723026209570431542078039785026286924029960890756164145140765631600694851096656943244019126576776910,
    "4": 0.00001393721381918522488976182748694901499656610888487930026840392895465463236067054160231084581488790302480748584637,
    "5": 0.000031454052608230089303250158205782231345742639051903499958298521633212525937336359625229049297931246865938591077,
    "6": 0.0004453750709221708780719766048304956024445702906087607189052097059697693038422330546224668637251309466285911015348,
    "7": 0.000010857332730717632200633734091502446420947836109214098078998762987520433833950709546909841756389902609314293789,
    "8": 0.000139341895417464653105975227807821022063277134766759512422534144969013083973000446751972905397972511270861228612749,
    "9": 0.000089804943426195722361633295216126871294533929379469188640488091130757272713876181501527161886432245671435982671752,
    "10": 0.00004320302137318542835294260529766146145511666563695853886689930516502968599707543730572769168281513901775344,
    "11": 0.0000085638916378652231183199583963889566791512373893874096899759867807803560975684557870320917860966722822161786440,
    "12": 0.0000228331196200606262970527765166026702195790848081007134712528666191205400190583642274305509069623126015518966562,
    "13": 0.00063484429672754494980997826460856395779967374226084623612199515749876568058978223275924335601662756155502237124416
  },
  "setupType": "Multi Region Model Regional Bidder",
  "population": 0,
  "id": 1,
  "worldId": 101,
  "implementation": "org.spectrumauctions.sats.core.model.mrvm.MRVMRegionalBidder"
}