{
  "regionsOfInterest": [
    1,
    6,
    7,
    11
  ],
  "alpha": 71.695076271165675052543519996106624603271484375,
  "beta": {
    "0": 0.05129186770083922486396232898187008686363697052001953125,
    "1": 0.074925515960432897966114751397981308400630950927734375,
    "2": 0.10702685953334052648688867748205666430294513702392578125,
    "3": 0.09234740341738496838264182997590978629887104034423828125,
    "4": 0.0678773392815043286052656412721262313425540924072265625,
    "5": 0.0682396033706713367461560437732259742915630340576171875,
    "6": 0.0509735508910482970623689880085294134914875030517578125,
    "7": 0.102399989196193474949581059263437055051326751708984375,
    "8": 0.0882992968781081966067603161718579940497875213623046875,
    "9": 0.0866209616170755258846014612572616897523403167724609375,
    "10": 0.09038715483532709649150405084583326242864131927490234375,
    "11": 0.1095674621999514763981409259940846823155879974365234375,
    "12": 0.054757216361171860696810398394518415443599224090576171875,
    "13": 0.062220188580829567659424839121129480190575122833251953125
  },
  "zLow": {
    "0": 0.000006416309844769707733263859815318971905091273240499655212581,
    "1": 0.000002129040524658726120804514186902232849308237512993573576476,
    "2": 0.000002111356675742976787751658402368346522020737436855888746277,
    "3": 0.000001099373717824582236031275365994764535190528161169670110292,
    "4": 4.39121923088171719757634892088780175602242351017002644688E-7,
    "5": 0.000001057413464591460469923532493902691677958463784548607109216,
    "6": 0.000017465450900927297675383342345346646647402556996776192700575,
    "7": 1.63931056343082830100388574914075820656910060331230363252E-7,
    "8": 0.000002481430554306864065919765504718171478872498099027734631032,
    "9": 0.000001618513805791392529609822173961063111174675497500468065241,
    "10": 9.10084928239438760912267660371440462067345818706471415406E-7,
    "11": 2.11860985394213493930577125259623694227568732623437122209E-7,
    "12": 7.03108745645064302988758857519883428730399642606788282098E-7,
    "13": 0.000026021390312936902404777862790724965947914354181009153996500
  },
  "zHigh": {
    "0": 0.000225399746911643243275801174159365736301128110732220077914963847407526055763877061721333372213749584434532333651764,
    "1": 0.0000798231617208343651071862417579870316700814043015382436442270125235746089588200164196006953248992208415541079193,
    "2": 0.000085937887708241741427083353188761561206565778484936887194643278131642160254503868487720394743790725363971921820586,
    "3": 0.000043133642357379171432172457404102031059411922744622946802101984611746565755120405362030682909143535293389082453784,
    "4": 0.00001615430046858539967742813261287614854303665283999694942115687704775076033365605721373597344749330107099543625551,
    "5": 0.00003893815147999668230483358398621750236939638629381402821763372960971445454195912712428375081048655360612135522435,
    "6": 0.00061299113206117122397337260860775184435612825100186195657737831906553138114409541798257239512890364880675009938573,
    "7": 0.0000065965855301377114654590213876735565285727286092790194205131357209721911100662264874465600522836226189168174224,
    "8": 0.00009635377394892095938116565609989227107881246751651695001667533428061057588155092965369291446574148662592560022245,
    "9": 0.00006257513639855808031861816672941121492603864968082858369640501389558341289751535318274687860960527462642128842889,
    "10": 0.000035528546579390732909675581728475170503496739125524027692119081688729927904117066070750618126096649631087812896122,
    "11": 0.00000867713661270890070160368362652475157290240294207953038072703282315066294917335177305337054534844536628726828473,
    "12": 0.0000249432901404238230206100830886755477400479341158424046123589048312115309124344397770400761084530674012166304672402,
    "13": 0.0009425472906287376506556576201199520565740798084779896736584446757904119661619438233614819722168737431216949692349332
  },
  "setupType": "Multi Region Model Local Bidder",
  "population": 0,
  "id": 1,
  "worldId": 26,
  "implementation": "org.spectrumauctions.sats.core.model.mrvm.MRVMLocalBidder"
}