{
  "gammaValues": {
    "1": 0.93152,
    "2": 0.72607
  },
  "alpha": 962.6462107377063830426777713000774383544921875,
  "beta": {
    "0": 0.162600524435954463253750645890249870717525482177734375,
    "1": 0.1810682571948036834186268606572411954402923583984375,
    "2": 0.19961530528888149493838000125833787024021148681640625,
    "3": 0.14424361594725498836311317063518799841403961181640625,
    "4": 0.1212914144819063066993436450502485968172550201416015625,
    "5": 0.1547068355515150150925052230377332307398319244384765625,
    "6": 0.14411321035112034660841118238749913871288299560546875,
    "7": 0.16320164717418272903870501977507956326007843017578125,
    "8": 0.195564849938720419775251002647564746439456939697265625,
    "9": 0.147090189485955369352865318433032371103763580322265625,
    "10": 0.135358511429357009081542173589696176350116729736328125,
    "11": 0.1826940407151601830637588363970280624926090240478515625,
    "12": 0.0899009112424578871181068961959681473672389984130859375,
    "13": 0.1732846787177229064269567970768548548221588134765625
  },
  "zLow": {
    "0": 0.000002024006483540886083643097689984152920015498093376164169314,
    "1": 8.80990750571512772453742272307020156881944527000750648089E-7,
    "2": 0.000001132036814674605690164158945441317899444054977718741047560,
    "3": 7.03839179014626541253411959855831261302797492727461833741E-7,
    "4": 2.45742271921883359239345928471441502411981504911724016989E-7,
    "5": 4.66414267768416373740812181527464495691621130974034073591E-7,
    "6": 0.000006177615835248110314334108152884268971805247153758184944003,
    "7": 1.02857653026848674619937637594776193130496382585285993666E-7,
    "8": 0.000001120388317562216828968254426851593166821274129467915391414,
    "9": 9.53137817947739559558640142095962716847901735967181491149E-7,
    "10": 6.07719355461490973413317046397031263172024116718555560778E-7,
    "11": 1.27059812230091579683412664548862184300417842890830521096E-7,
    "12": 4.28252363392466358077284348140973225914594841833331187772E-7,
    "13": 0.000009343329279813096566516265310311843396421584013146944110962
  },
  "zHigh": {
    "0": 0.0000936306460747785937871783103993211667488548563185153466169370397203925842780344271985592445197931770279008159674,
    "1": 0.00004238166849821796465666308432013065089729261472175355579260269092738115860411663886547671393512515425309266363,
    "2": 0.000056558291876190608499458369480950702529265304710822456233122432711328857674358193911917630087979231732155694392,
    "3": 0.000031267606193080500588836555219934032842780002691356698505548327064198584165378289732545646587828263193101035911,
    "4": 0.00001035291093359674886187946370435598834732882745683859059017602261484619092146144798319818196216865352537850313174,
    "5": 0.00002120817557530535941935197461496068690139110668657683714887510755092099765651012565395482077574785573757487610294,
    "6": 0.000274356080090795603141895582833880514088208955711321723880220147938995429859043492657303016118859899746668930647,
    "7": 0.000004764383430650686801045493268094567702780318276900688332921159110655612487665928661373428626494675806551485894,
    "8": 0.0000555225068465815422726203237638949217172757484297223728281073993974749901360657124054039953126634780207626233204,
    "9": 0.0000426138567632484912170827057734582030962354368348299864736677298014956361035785702619410118590716750526542702781,
    "10": 0.0000264575793960522992847070633092428945366370880658865520533021792019710148741215531765855741262297769204720299253,
    "11": 0.00000613310141778524327418874980520190627508787625010133234734222250635502350547600734575499403762682276480322661263,
    "12": 0.00001669759867284588467326584780730824165557379009263869178259070505483155538531836831048496785499276086538444528512,
    "13": 0.00044220545963502347550780969570755838002929670344212337709230708818978836464596676615913406851377907666298296564
  },
  "setupType": "Multi Region Model National Bidder",
  "population": 0,
  "id": 8,
  "worldId": 26,
  "implementation": "org.spectrumauctions.sats.core.model.mrvm.MRVMNationalBidder"
}