{
  "gammaValues": {
    "1": 0.98642,
    "2": 0.94568
  },
  "alpha": 1049.421273791432895450270734727382659912109375,
  "beta": {
    "0": 0.15555881667969895243430755726876668632030487060546875,
    "1": 0.194376410086704864976780982033233158290386199951171875,
    "2": 0.1474009130215963303545123608273570425808429718017578125,
    "3": 0.199432930454070900250229669836699031293392181396484375,
    "4": 0.16735519568358803166319148658658377826213836669921875,
    "5": 0.165257687536780661918811574651044793426990509033203125,
    "6": 0.08436669796879096849817614156563649885356426239013671875,
    "7": 0.176133679513415686290755957088549621403217315673828125,
    "8": 0.1177808113838595682754117888180189765989780426025390625,
    "9": 0.1033230133984235632471637700291466899216175079345703125,
    "10": 0.09481980412514111333788235924657783471047878265380859375,
    "11": 0.134697820024860082099849023506976664066314697265625,
    "12": 0.14325593142903703114399149853852577507495880126953125,
    "13": 0.108962850109609321602732734390883706510066986083984375
  },
  "zLow": {
    "0": 0.000002115627533752444440989700363523409833126446377902694231604,
    "1": 8.20672939373504626574955664678117460704888641702902084331E-7,
    "2": 0.000001533042568918255507545242150947871964701120122568313471001,
    "3": 5.09064917189280016486730504589820346162974723935441616575E-7,
    "4": 1.78102792910931406744142264564993198235510906293203146306E-7,
    "5": 4.36636119614519697149899132045736908045239416807859870107E-7,
    "6": 0.000010552458159057676243610157653601908423862053989381435571436,
    "7": 9.5305670356893183789051333096543446359470417032242160632E-8,
    "8": 0.000001860307894153092467046948627631628630852792704884348062695,
    "9": 0.000001356882824425077058940587731025850702077615604090043969365,
    "10": 8.67540152408570263289627684208344197531397731636302682519E-7,
    "11": 1.72334418660529999968322941713470076144699993659168017460E-7,
    "12": 2.68751718177828881846509918685913933553769236206995586307E-7,
    "13": 0.000014858787291059697780581703086091636461404495353966328722396
  },
  "zHigh": {
    "0": 0.000096379277581125344507576390605498874142183304854311248485645698519601962912051944957326765269875390252601871048,
    "1": 0.0000405721341622777202802994860912635700119809381628180988798737406284504463892333234386633272400661822478370185064,
    "2": 0.00006858846450350010302089086564614732448697725905630962893637324072940644054649700774682366289945334635264620915106,
    "3": 0.0000254243783383201048458361115619537053885853196275960919905794268296083278671108316062251694304017674472332398663,
    "4": 0.000008323726563268190287023353787162539222034709498282964469681478281186220965932669688521745228574037315948386160,
    "5": 0.0000203148311306884591216245831305088592719996552615916110443665798138092254075606636023182640974379816683462072553,
    "6": 0.000405601349805082581020177067855409697649913160780019242703209639438685402384895130328818791600363415082746847425935,
    "7": 0.0000045378239505520220761189041331475852996495393103093733419032485982981944648148998889257831631278397945349974757,
    "8": 0.00007772009414430781141498114978729598563822130569221535296654754472472095730704101745648017603691691712787770099231,
    "9": 0.00005472620695756861619854113344135484265312685287851586082015128866929164134063702609171127108755290430276095667040,
    "10": 0.000034252203304464677980996382443582282567418296513418965705508532835192705155423477188579863151966327126127652381994,
    "11": 0.0000074913396106983958827360581201401430304163407731514572382663950673749761359846393846922401392295099276835977,
    "12": 0.000011912579316406760386342614923656462884749021923848623738633167285598893230254462809059881984776761145570755318,
    "13": 0.0006076691999724215119297728289809521719787840436667049154353303201934521407660401351376160927267849122647012814353
  },
  "setupType": "Multi Region Model National Bidder",
  "population": 0,
  "id": 9,
  "worldId": 26,
  "implementation": "org.spectrumauctions.sats.core.model.mrvm.MRVMNationalBidder"
}