{
  "homeId": 13,
  "distanceDiscounts": {
    "0": 1,
    "1": 0.42045,
    "2": 0.17678,
    "3": 0.07433,
    "4": 0.03125,
    "5": 0.01314,
    "6": 0.00552,
    "7": 0.00232
  },
  "alpha": 655.30571327815187032683752477169036865234375,
  "beta": {
    "0": 0.04609611931325365008493832874592044390738010406494140625,
    "1": 0.069758671456188192649960910785011947154998779296875,
    "2": 0.09078422998400859089684900027350522577762603759765625,
    "3": 0.04901409842781545567191869849921204149723052978515625,
    "4": 0.063191009677187770510187192485318519175052642822265625,
    "5": 0.0831241643998438528573302619406604208052158355712890625,
    "6": 0.09570435929864451463089380922610871493816375732421875,
    "7": 0.059531707860142592247942872063504182733595371246337890625,
    "8": 0.041252850065141399849011349942884407937526702880859375,
    "9": 0.053477903812118664228503206459208740852773189544677734375,
    "10": 0.07576588504059932061007742731817415915429592132568359375,
    "11": 0.0690330257176194617141362641632440499961376190185546875,
    "12": 0.0814366094445371502263952834255178458988666534423828125,
    "13": 0.04512302200857358502883442952224868349730968475341796875
  },
  "zLow": {
    "0": 0.000007139527591228169012330567990641742080185399671512035240383,
    "1": 0.000002286733053838499817850560415873761094755972711357386487634,
    "2": 0.000002489109335391496338406502105274850785491807883684289169206,
    "3": 0.000002071328688743198266983363496630756299318029367799506632536,
    "4": 4.71687790900463028691802315828990812787515205174703642689E-7,
    "5": 8.68068580821297597306285967195975593677198986766240743562E-7,
    "6": 0.000009302356307045797703711670501607935486392213919110059031866,
    "7": 2.81976429063462416372655002366189213662652593488194195771E-7,
    "8": 0.000005311356011794608332053763184251209083483175688457672493267,
    "9": 0.000002621591578097585347464545486668677856435170708126093323860,
    "10": 0.000001085712748923826347954209166543815132479079558055170108598,
    "11": 3.36260366216285261104156140857065678949292189145544670460E-7,
    "12": 4.72763760344661263530053815344867873174743893576983341259E-7,
    "13": 0.000035880925973856042163422670971464818211259117302854262966673
  },
  "zHigh": {
    "0": 0.000247096279305397081647802419419048841553951903662591478748998121396742184167779086545184823657153217874430740707729,
    "1": 0.0000845539375962275760185676286271328790335134602524526309789480593775345267513689360036310514256836992438203522,
    "2": 0.000097270467497697327946728664275956689110697891889788899882527199140430758983019663974234544313986918852743985452,
    "3": 0.000072292291484937652360735101323181783983236958943518042469412239772338488714278136469710428830656591463277226351,
    "4": 0.0000171312765029541389454531553250824676585948384647279793611600453366953560396346611299541710791359565923740612682,
    "5": 0.00003325780496689179612631618818501601984095844236034303724800243630179688306854683508646215983078119955173986655867,
    "6": 0.000368098294244726224823222453295590509525817958671877946516099420890629708042713964219556632440461663997153112801,
    "7": 0.0000101379467117490990536270142112369583187450046039879343960827997078675228530444580315982983620423489607632393164880,
    "8": 0.0001812515376735532873651855864858833992171327951994150858837169750978234716547666346601810986318224640161397361542,
    "9": 0.0000926674695677438648542598661106396572838535059995973414549977069408309218249147350224129551317709473341957768990296,
    "10": 0.000040797381199922360520933826913646410615848751305984988487900495167354903821503111060348159129232295672368388099505,
    "11": 0.00001240911803737105371681105409444801111455410663774275682827728405049507773033475284803733339346238798216350627455,
    "12": 0.00001803294058141173183684893182342508107337826164494825638719995968161005226951041525247283704844368944417960926062,
    "13": 0.001238333360456311843415001865542147624474422702133342942763641583642903634599031353728257908681334329013834923936463
  },
  "setupType": "Multi Region Model Regional Bidder",
  "population": 0,
  "id": 6,
  "worldId": 26,
  "implementation": "org.spectrumauctions.sats.core.model.mrvm.MRVMRegionalBidder"
}