{
  "regionsOfInterest": [
    6,
    7,
    8,
    11,
    13
  ],
  "alpha": 62.73113006959459880818030796945095062255859375,
  "beta": {
    "0": 0.0858290943552419693940436218326794914901256561279296875,
    "1": 0.051591840696057177095834589408696047030389308929443359375,
    "2": 0.1000632580196799958915931938463472761213779449462890625,
    "3": 0.102455937277102726579158797903801314532756805419921875,
    "4": 0.11541846652366651027055155509515316225588321685791015625,
    "5": 0.0859360533703119877646514623847906477749347686767578125,
    "6": 0.0996685792274139836788293678182526491582393646240234375,
    "7": 0.0988008727692518406993116286685108207166194915771484375,
    "8": 0.11964974963193407420103397953425883315503597259521484375,
    "9": 0.05434274529751419169354420546369510702788829803466796875,
    "10": 0.1023549929991747486912601061703753657639026641845703125,
    "11": 0.0960714681486278532229761140115442685782909393310546875,
    "12": 0.1081671373957611981264648193246102891862392425537109375,
    "13": 0.0617396506218047258496284257489605806767940521240234375
  },
  "zLow": {
    "0": 0.00000368581984112441305042904960507683999375672087924748891330036,
    "1": 0.00000297212752379471999483948552500122605245150965030944421212071,
    "2": 0.00000217077364841014797065162331071275047125449490792467091964325,
    "3": 9.5250595713789443614812512644994885843231175161901337962500E-7,
    "4": 2.4823866223720815269085058929698896568984749303653111438172E-7,
    "5": 8.0712484790227429828758576712761254306560042308406351214557E-7,
    "6": 0.00000858620424664710145817663410703873521685713465509563064458229,
    "7": 1.6331841612034444705535413887047834643588200262760355546818E-7,
    "8": 0.00000176028248948077769205306645871919905734420100890241831873662,
    "9": 0.00000247989119584279482447438414807335730128297388947800120155196,
    "10": 7.7252829936820571692012510799603161907913051102915904457409E-7,
    "11": 2.3225921571463186702907307573013291366312251329027218851059E-7,
    "12": 3.4213958004250985587044321134790079901192437993554338060137E-7,
    "13": 0.00002520765491074065297001779089960097311057624663230228459109015
  },
  "zHigh": {
    "0": 0.0001422096531257614127721493986030981872602700613409588156880508023801049784268521191755858929608009883596254042665211,
    "1": 0.000104497578687440007945179096841512541402272473545930491821762408373530932888207276619622379325619554000394154478379374,
    "2": 0.0000868446778206231133883267284987664916331564584056413592750915855193348060061062483274238936554825487108846086056681,
    "3": 0.000038334167774195514131288227984772870466488407179854249075060517338514138026237336024603123314196502120034038827313,
    "4": 0.00001031229243984674128815158656071331498496281609319346266139846315008093956957113622650264228961795077964755054687867,
    "5": 0.0000311498578376517079205388682357690283412164211345422980621343400528878622511211226866113537415689695055713429163835,
    "6": 0.0003431636052213835466668382623282009608165412110479613138694783686300677890177225260541923317912921535195823064034532,
    "7": 0.0000065131526888085214646704157750149260383268178691774337159018887050144013908887718491990836033645740545426029244402,
    "8": 0.00007387021059920859841171952196740353096478136451513700790146825474888324617427124387389139962607875922352836210994473,
    "9": 0.00008787314543740713311951522956524871425317140388231564628712913075710681557106849100855223266221363768409840252283262,
    "10": 0.0000310830618483958785663864703123453187512573702272814328952283885308049842819923907416836722940114095888546164953683,
    "11": 0.0000091991248559143101276703624229039144192246614931677133920143054008997262701843515361542317404807677140980185173744,
    "12": 0.0000139650132975739156289030660156926567454751279028013124014824682595276205544354682682249357098605231766942286673877,
    "13": 0.0009118608280406343997230827598772823293949494943431724803850341514918187146518753897688437728649627723695196020283665
  },
  "setupType": "Multi Region Model Local Bidder",
  "population": 0,
  "id": 1,
  "worldId": 169,
  "implementation": "org.spectrumauctions.sats.core.model.mrvm.MRVMLocalBidder"
}