{
  "gammaValues": {
    "1": 0.92073,
    "2": 0.68293
  },
  "alpha": 826.094786965178855098201893270015716552734375,
  "beta": {
    "0": 0.143884590774382647992979400441981852054595947265625,
    "1": 0.203109651789207756866773024739813990890979766845703125,
    "2": 0.1973345363416872111361755059988354332745075225830078125,
    "3": 0.10617258924225438099231411115397349931299686431884765625,
    "4": 0.125890909937927009121239052547025494277477264404296875,
    "5": 0.1348491359329377636822044905784423463046550750732421875,
    "6": 0.1204486681431789218965633381230873055756092071533203125,
    "7": 0.1738608828356083824129285630988306365907192230224609375,
    "8": 0.196103917284465578685370701350620947778224945068359375,
    "9": 0.206827655828273837546049662705627270042896270751953125,
    "10": 0.21355827184100417692746987086138688027858734130859375,
    "11": 0.08326560652675685236800973143544979393482208251953125,
    "12": 0.15253042910492220496365689541562460362911224365234375,
    "13": 0.10547886682886821463345228266916819848120212554931640625
  },
  "zLow": {
    "0": 0.00000219864112771006731249251071105792337333463383552632470196761,
    "1": 7.5494949838780472735690173593879366460262187791009367880369E-7,
    "2": 0.00000110074337574177491391549363200056999154383877737595482755516,
    "3": 9.1916276410962912487593294878310158648418047637861665767405E-7,
    "4": 2.2758851883294883743305244289354332343435017796594545720891E-7,
    "5": 5.1436090803228418524097830826116263211340655502131760851260E-7,
    "6": 0.00000710489199600309613250473711605135572239218359904896670215594,
    "7": 9.280984767136516565835761285109215291918742043169923584630E-8,
    "8": 0.00000107400893395889743288197266986026985898594171465335438041539,
    "9": 6.5157676850104447275497530834189787284796764774713814391696E-7,
    "10": 3.7026020107695428444494074063468498092232298836453683046224E-7,
    "11": 2.6797959896663036497299902150861738501548443734350926379127E-7,
    "12": 2.4262869500963025456404291793404150359579522652250007588850E-7,
    "13": 0.00001475472626861976774142911397002919423178341193355009757373593
  },
  "zHigh": {
    "0": 0.000097594291723331040634053231782530688647607450029323889348068217165571849061191281290877682256360009472472308292,
    "1": 0.000037982237925232549920701583169639569766805840373949975822251681687480442410363284229731281724494923068139218752795,
    "2": 0.0000547437696405719216862428381374010772418367744891798765124488567634205257646055896305193086055706017818317654662862,
    "3": 0.00003733387198334755479312246265476745230804446892264234741653202829443803532599363384826048485877833719423750206370657,
    "4": 0.000009692788137718961830417642168609945717297896641075892946214042457700350483415860326759913430953871339517868319794,
    "5": 0.0000223669396415520045291406444697755310126506050926599209531452466911767985813606974340829174331849442632642334848283,
    "6": 0.0002987242377020633868966813525985795759825926793665613955966876824098802321132984212211630746929832313606228994137930,
    "7": 0.0000043978956353391430227605199944333402328259804033003041272454061875721974359330112151013806975460816305937538176636,
    "8": 0.000053282003933552190636586708301635655014033585687665089751831214003785789682696731883452777265314455178902680268513,
    "9": 0.000033023712617154622567932964373304931400121216630389754558079355151779526376186084856693283070779508776902215542419,
    "10": 0.00001901501889965833559213093929150491960655314454734276647187290528348648250022380423726918699247968656130890220815,
    "11": 0.00001027073635347426506598814079625844855979551921476482565043440978222215261123533602245333240220289360876245807341,
    "12": 0.00001097968674658752758971105721327687788299125330041001326009635773091689125733763290241695671730745005387135520192,
    "13": 0.00059827296877700784286542245199012896303116445338060686986440761568811621910791887714501127907621076886120626308053046
  },
  "setupType": "Multi Region Model National Bidder",
  "population": 0,
  "id": 8,
  "worldId": 169,
  "implementation": "org.spectrumauctions.sats.core.model.mrvm.MRVMNationalBidder"
}