{
  "homeId": 11,
  "distanceDiscounts": {
    "0": 1,
    "1": 0.42045,
    "2": 0.17678,
    "3": 0.07433,
    "4": 0.03125,
    "5": 0.01314,
    "6": 0.00552,
    "7": 0.00232
  },
  "alpha": 709.76476314190904304268769919872283935546875,
  "beta": {
    "0": 0.0583830186179069843266375983148464001715183258056640625,
    "1": 0.0594529109509682740508651477284729480743408203125,
    "2": 0.0635697653108645288622113866949803195893764495849609375,
    "3": 0.0985456420533944166262330099925748072564601898193359375,
    "4": 0.0931249779335930616408489868263131938874721527099609375,
    "5": 0.048268090034247833342018196844946942292153835296630859375,
    "6": 0.09250206904498121940338961621819180436432361602783203125,
    "7": 0.0467584729577799895761103243785328231751918792724609375,
    "8": 0.07940543187985941997464323094391147606074810028076171875,
    "9": 0.055691565757449122686661979741984396241605281829833984375,
    "10": 0.085159989072500608120463994055171497166156768798828125,
    "11": 0.04457405528011045003911050343958777375519275665283203125,
    "12": 0.0953036447335437741923414023403893224895000457763671875,
    "13": 0.04464725524769748432607485710832406766712665557861328125
  },
  "zLow": {
    "0": 0.00000621750403159879324516330366565960674752279957027215413184094,
    "1": 0.00000295943855104994768045788184750576193505534632034897714198258,
    "2": 0.00000392078077428166833063733793311834036419702555655382864978105,
    "3": 0.00000113632194925226369835111122784336296163262391427543156091285,
    "4": 3.5303074325805880712723883180787298520275744572188417181485E-7,
    "5": 0.00000164888359070608162454903431220829865014051400043291578666662,
    "6": 0.00001061553834786270049815109655664282238387127230031242574454157,
    "7": 3.9597667885603059166814356648338212021117439760868304107832E-7,
    "8": 0.00000304353246502830710194059480892426710379679154472872817165132,
    "9": 0.00000277663478994549488142955930571279597920296863320587697135546,
    "10": 0.00000106542239481918471644787924879068715277396659558108672131329,
    "11": 5.7440633802549432008078892424398745820085737294440229517386E-7,
    "12": 4.4557737681191224755522143870437942455792910510389230972166E-7,
    "13": 0.00003999777517967851847220240140279252439803676125878116569005121
  },
  "zHigh": {
    "0": 0.0002228247863113382054563560287102287070093805716660524483848596973516238756898045068153929702740674503890037393309672,
    "1": 0.0001063778801955419420139897675089951318578371037402131696130888720395195390904544728009515729732048875664647508,
    "2": 0.0001425477345940935866946846445545960600457737548044704082159226985106991502822704743916308340811485071600609433213068,
    "3": 0.0000452876160844108103192546537166574049584870271082966776425347676559013425152253581789946859725500176313767627359016,
    "4": 0.0000138785203153204326068178830627371737070226993275651296955721937634633981959667617577018572944248785902067469786944,
    "5": 0.000057425353882401948918067971931968743208961569938431211683349835385740470851530718896070168974145637812398779406767429,
    "6": 0.00041666207655624515329619443262336596900644963389038459231932400989734076577127901214607205581578862000272747738870867,
    "7": 0.0000137308268487010415299213159764067937832177106739577901741340571373624339865886605143018489270519186595533167345251,
    "8": 0.00011547327493344379925659347303411762247406622478509199271054038483969919432052479496166810936618736614043377033290469,
    "9": 0.000098762557597231892474064845438805414894543432984384904525901737220367990786947269857277382336808999017680441575472810,
    "10": 0.000041035807794615461390558526958007302031636601154834119086544403635813030147299810307715096471424151353408118989832,
    "11": 0.00001979255212720424890993440137551795028119140928879042752882593780137270712654684144387757370611628404355066484594634,
    "12": 0.0000176138361064560524748142301682398506244690459515419267702200089205282148510032257655428134589045936472435796655566,
    "13": 0.00137851234316906814645576372286571955564269473964515540080906318233767675335985889478451661041128556113635539558675735
  },
  "setupType": "Multi Region Model Regional Bidder",
  "population": 0,
  "id": 1,
  "worldId": 102,
  "implementation": "org.spectrumauctions.sats.core.model.mrvm.MRVMRegionalBidder"
}