{
  "homeId": 8,
  "distanceDiscounts": {
    "0": 1,
    "1": 0.42045,
    "2": 0.17678,
    "3": 0.07433,
    "4": 0.03125,
    "5": 0.01314,
    "6": 0.00552,
    "7": 0.00232
  },
  "alpha": 674.946589087169968479429371654987335205078125,
  "beta": {
    "0": 0.09225894051987550137372551262160413898527622222900390625,
    "1": 0.06522942415061837306833325555999181233346462249755859375,
    "2": 0.066485406130143032132906455444754101336002349853515625,
    "3": 0.081796006326165071609324286328046582639217376708984375,
    "4": 0.0738948249609386598191207440322614274919033050537109375,
    "5": 0.087054931454977613203283226539497263729572296142578125,
    "6": 0.06349272560351355843000220602334593422710895538330078125,
    "7": 0.08249932718801222808480133608100004494190216064453125,
    "8": 0.043179890754527390506201101061378722079098224639892578125,
    "9": 0.098765218721403924551083264304907061159610748291015625,
    "10": 0.059757079295635569249345309117416036315262317657470703125,
    "11": 0.055463488553921636015076046533067710697650909423828125,
    "12": 0.0699028734982223010074875446662190370261669158935546875,
    "13": 0.06997790585396501672477143074502237141132354736328125
  },
  "zLow": {
    "0": 0.0000036553627220293191127754768525668952178317304775312007987765,
    "1": 0.0000025059662972694003078576297041701098193624940448159434582785,
    "2": 0.0000034828371004409701226882540787068708182855950478701671188606,
    "3": 0.0000012718709243655261290374970402474588962189330507724485537440,
    "4": 4.133338803826228406204566142069744964979026372337398055401E-7,
    "5": 8.493624407542018933204891785320386023192594755449655658797E-7,
    "6": 0.0000143683143115462137138414755894980570299742476853299173425666,
    "7": 2.085046964366360828733556404931014057628402517543206125354E-7,
    "8": 0.0000051997556047361607590132822821750504092195512342240879778271,
    "9": 0.0000014545896037661906162742216439560393886944070394985764705828,
    "10": 0.0000014106016118222586496786134996187945822870889571318263366876,
    "11": 4.288747799665141568993389156328151779996514853735554151905E-7,
    "12": 5.643830129039718026214642343271947153017954468534115122569E-7,
    "13": 0.0000237086037664815244738250860665501540635952875516113362663997
  },
  "zHigh": {
    "0": 0.0001433848708559068891916867325733762688419172802098070214745191754736015217423185162230139857657021053833127587434397,
    "1": 0.0000915252627692560413923057023330591252409468153546987811944424546473761044218799883813890921222488340999406449323721,
    "2": 0.00012764089692402386951236425301651992438919500727237621255517729447561508465836086811026286410074884339184733609732,
    "3": 0.00004855952394851258312786562973235885639065695411448467013053804973782302735870935111657683775528231897550264007381,
    "4": 0.000015454339885608632472488003156990070265663520817057455340201004739737593974267729048724574967348136675394725463640,
    "5": 0.00003287499212865500978180931344839784395819149590494379708906918484110819386083692290272699580312193645262004919633,
    "6": 0.0005222777731431904685078590950718177801789939238218929110617209137282611157124549762939710681562242493038713139968602,
    "7": 0.0000079752906102554032386171846323467540607947798951821612494699018779334075718417742019647013903448283326433272067,
    "8": 0.00017844515603835971560120637506220133607510581831287964408449679739778747732247175325343748754321236238268478847559597,
    "9": 0.00005800397414957052708962794178121038421851710866872362865172414730108355216696529941504818122835307343685273705927,
    "10": 0.00005074739159188916494859797390970801076776383964599072020715304536676187838120320641998328199097419070087089514011532,
    "11": 0.00001524493254396926651774755589914550529186660478936276710313437209235340241192855080420753273354939274657425609014,
    "12": 0.000020876689822676344623922391830353205405394769522908254379583411019873869052661137120087944520754824112740751334551,
    "13": 0.0008771659572244261857996406663140988544328808529708311274185134544891526076291420774342389301112959685232306851575
  },
  "setupType": "Multi Region Model Regional Bidder",
  "population": 0,
  "id": 3,
  "worldId": 171,
  "implementation": "org.spectrumauctions.sats.core.model.mrvm.MRVMRegionalBidder"
}