{
  "regionsOfInterest": [
    1,
    3,
    4,
    5,
    11,
    12
  ],
  "alpha": 97.3351985461529380927458987571299076080322265625,
  "beta": {
    "0": 0.10211518640933225920974791733897291123867034912109375,
    "1": 0.07234319277479044074663505625721882097423076629638671875,
    "2": 0.10091226641752049086875331340706907212734222412109375,
    "3": 0.0852198841357643122051968020969070494174957275390625,
    "4": 0.11622548770258935013632850541398511268198490142822265625,
    "5": 0.0761298801881231390620285992554272525012493133544921875,
    "6": 0.11565837558812784580108967702472000382840633392333984375,
    "7": 0.10863109186471052447497953608035459183156490325927734375,
    "8": 0.0563596381429442294663800794296548701822757720947265625,
    "9": 0.09936198596159072360389785671941353939473628997802734375,
    "10": 0.08885833514339773475665396063050138764083385467529296875,
    "11": 0.087475238848746916797693984335637651383876800537109375,
    "12": 0.050339571454244357029406131687210290692746639251708984375,
    "13": 0.10708065230475243001517782204246032051742076873779296875
  },
  "zLow": {
    "0": 0.0000033025439585296880172138455301869641772401582817819899589035,
    "1": 0.0000022595455390061588312566196673868769682219742070763754654192,
    "2": 0.0000022946451143004389954424416930549638409735194471339181729303,
    "3": 0.0000012207709882558729954008175508264447432790083769324562840983,
    "4": 2.627929152636200094669856779187484788329131850395825780868E-7,
    "5": 9.712505638728817769109126675742758398206725313682395158890E-7,
    "6": 0.0000078877420967486340987481782096612233181313437758431119702094,
    "7": 1.583478254364413622758095878979443093166316704660470120300E-7,
    "8": 0.0000039837885117943686780354413593708427742078469967489423782506,
    "9": 0.0000014458533510127531770680615434633693842066074627000136547641,
    "10": 9.486271854653034524908768711206019928374868980256649984774E-7,
    "11": 2.719271391858470522831707496746534046207164710671265512674E-7,
    "12": 7.837173264661459351603336173185174220672322956754688147623E-7,
    "13": 0.0000154937274530048007603912980631156189160168270650224828974988
  },
  "zHigh": {
    "0": 0.0001328003079509179563248377929019783376241701143373306962783289061910478697328896229427594825610440582536662187244,
    "1": 0.0000841326400213587970942754012295621397067312202225117414086630497261170518424037429415013310427001129180194060157717,
    "2": 0.0000919951373398079356949898814469627150698327392502887441772673984765811609737630796409817033844012787269325708746,
    "3": 0.000047026525865222989118765245049728431802459213899284902041166552685509678973571246132479391458584314256339359825,
    "4": 0.0000109381109320385475378838750683432897357138372512327385166027004875132451453383643893946260748427975334867971942969,
    "5": 0.000036531635822215406289522018119664961083233887579642015589348870003504645698615756604768172593569564361329775050029,
    "6": 0.0003278606066992630800550601736767127688237068065372887498910054705825428418866807256270235959376659350200393650373392,
    "7": 0.0000064705844802495616206908030544920411674085224565339532343084673476164686335500559324789899827819794662645442284337,
    "8": 0.000141966143250105953171871147378075107024754691188625276097202165575568504465440630328667686885244031066225381750987,
    "9": 0.0000577418865669674039134431387664302840838831213647667441771634503405495766647872148980283656716086330873920362418222,
    "10": 0.0000368881588011805090329658750547622330842757778728058800608471534239870670688614457744622510882783864106206508948652,
    "11": 0.00001053650332054925337926251092040065209049855436016990118544103689635987768220813489679400701208313522993664202655,
    "12": 0.00002745671922954156860008847332009288660835787498756997345474633101104827832009903508153581928140462037422808974361176,
    "13": 0.0006307196678201244743966270262110628000055270383731655263514871356498204893929142699714784039174038983727335494621755
  },
  "setupType": "Multi Region Model Local Bidder",
  "population": 0,
  "id": 0,
  "worldId": 171,
  "implementation": "org.spectrumauctions.sats.core.model.mrvm.MRVMLocalBidder"
}