{
  "homeId": 5,
  "distanceDiscounts": {
    "0": 1,
    "1": 0.42045,
    "2": 0.17678,
    "3": 0.07433,
    "4": 0.03125,
    "5": 0.01314,
    "6": 0.00552,
    "7": 0.00232
  },
  "alpha": 836.7865820772211691291886381804943084716796875,
  "beta": {
    "0": 0.074811059170975802157244061163510195910930633544921875,
    "1": 0.051595660025878030408019725427948287688195705413818359375,
    "2": 0.042006690849320064973237975891606765799224376678466796875,
    "3": 0.056537566026838258215203580903107649646699428558349609375,
    "4": 0.06051591274335567371966959626661264337599277496337890625,
    "5": 0.044125204374443387222992640772645245306193828582763671875,
    "6": 0.04095549761745699568482592667351127602159976959228515625,
    "7": 0.042186865686574336054004419338525622151792049407958984375,
    "8": 0.088606959076530877883470793676679022610187530517578125,
    "9": 0.043850368532643076158183959023517672903835773468017578125,
    "10": 0.0842926520507558396655412025211262516677379608154296875,
    "11": 0.057085172875549317073051724946708418428897857666015625,
    "12": 0.060405912922498881945099213908179081045091152191162109375,
    "13": 0.04538175158875708270489468532105092890560626983642578125
  },
  "zLow": {
    "0": 0.00000421580015437330809499710804835688536171358396662126571843007,
    "1": 0.00000296286917313395692205420008417047657389403987344432584414208,
    "2": 0.00000515522820633638486380859310308585191800393240759884831393834,
    "3": 0.00000172085749851230033984489474348997253602333915004775238326660,
    "4": 4.7201121694367571828881208591757891579753963185550003202704E-7,
    "5": 0.00000156713560486557846433987455307918083349583477998240771574781,
    "6": 0.00002083168792733446043342045255413823529618438472735206756972176,
    "7": 3.8132551506202572607548599945015232735462703549942633109876E-7,
    "8": 0.00000236975537077983423638681808028883565897324156527532883118543,
    "9": 0.00000306392506077491178208833077795219377820218772593276558540470,
    "10": 9.3521378096829683464019818099209312686344779383231975330610E-7,
    "11": 3.8969178221683312709508797062164951197510832743476804562058E-7,
    "12": 6.1079628580597877396561984991943264567399374236616413965254E-7,
    "13": 0.00003418948377299302900383523846940709850044653434713780409127149
  },
  "zHigh": {
    "0": 0.000158012852111382290154774836580470233263836998586531104786891747286402790766036342089486464481610760715954708936893,
    "1": 0.000104173194249836107097855983211464979570219811768038375474935864066142163088824687976389230269385205056251407741982080,
    "2": 0.000176312253942218276899476518359590830005175727750626923919332717918039109311386408367724612177067218713507563736138198,
    "3": 0.000061355034399860900212591401796816539653741647502494638175692421171968273168605345739548604585778408826968453600188101,
    "4": 0.00001701675547015513203855533571447042533469086830704392712241217150517294210388188746935099814930799246920351294387706,
    "5": 0.000053929086030683414574258664279227534002945372656011399228176797064037841746293023300240235170463327315465143633340603,
    "6": 0.00071026785234758922849595000987375309233820688313985956849312749049061516057482284442747356635443283184955286582252227,
    "7": 0.000013048458280539317607928088221832294014820284823960582867192963254856002391237212373464145350814550084086590176414085,
    "8": 0.000092090342839402830002121906813500369536206588351091958030411740764784231819068642221930559502496024180622011801235,
    "9": 0.000105353176130385425092790809800950586726370907136839152897497086857844234892972374300123598550482114459424570762532658,
    "10": 0.0000359395784122721479226918667422204431959108490792622190822485872868115809012833231235900814283294934429970323869260,
    "11": 0.000013915315742107877227297599556413782221189279389447365367684423042923520543040203048731845712753130305944096681676,
    "12": 0.000022013459299557532583595577032181851272741398993161034835388952939934667876962465322838895376811103673991668875509000,
    "13": 0.00118084237914317195935121119461588836329128362772036172130445301536477301367192137562349034925614073493858087746219200
  },
  "setupType": "Multi Region Model Regional Bidder",
  "population": 0,
  "id": 1,
  "worldId": 59,
  "implementation": "org.spectrumauctions.sats.core.model.mrvm.MRVMRegionalBidder"
}