{
  "gammaValues": {
    "1": 0.97371,
    "2": 0.89485
  },
  "alpha": 1011.92047110702651480096392333507537841796875,
  "beta": {
    "0": 0.173784384628556498597617974155582487583160400390625,
    "1": 0.2130380737800405821502636172226630151271820068359375,
    "2": 0.19886507630617689112995094546931795775890350341796875,
    "3": 0.123237843141654146439378791910712607204914093017578125,
    "4": 0.179430837004848964255643295473419129848480224609375,
    "5": 0.1011514067246328252291931448780815117061138153076171875,
    "6": 0.182337405797166118848195992541150189936161041259765625,
    "7": 0.178571408235490114435606301412917673587799072265625,
    "8": 0.0872956962838042083152600980611168779432773590087890625,
    "9": 0.0814064487664301894564999884096323512494564056396484375,
    "10": 0.1246998077078991240540517537738196551799774169921875,
    "11": 0.1889948860977343214617718558656633831560611724853515625,
    "12": 0.1748531118007624340915384664185694418847560882568359375,
    "13": 0.172449798794063580142932323724380694329738616943359375
  },
  "zLow": {
    "0": 0.00000181482631754248757662426772817633062824766270964709877441360,
    "1": 7.1757685302774461440506806557721639323179535587171661148899E-7,
    "2": 0.00000108894976203793599794622628267105174885282281508379181964765,
    "3": 7.8947417420383290779982416223972072420126041889068811403556E-7,
    "4": 1.5919331423325346360868446628041022421471871226516871715593E-7,
    "5": 6.8363042182309915160573133381251434850206258015692803246687E-7,
    "6": 0.00000467908458796781962637149111418978893323176871573078833236399,
    "7": 9.008680866519742833034709915328180230264800193900837622568E-8,
    "8": 0.00000240535130709570384403374646836394779930203819625516260303020,
    "9": 0.00000165041277573558472804214027973058072578846865161185028248884,
    "10": 6.3217138246828931285770377227620658135314068437173379616055E-7,
    "11": 1.1770489252563704999258914094713834102023936606310668832299E-7,
    "12": 2.1100972624280634985722971153764168697301174373663659710635E-7,
    "13": 0.00000899727729683626924571409485218241762563566909155922118505445
  },
  "zHigh": {
    "0": 0.000085983637006457674603589626975053591259859360877306096466397602868894167037683965126191994731864530991975852271,
    "1": 0.0000368144246466497378683820226536671741503524762408600984953430575980926696517263277723625842869442378774737416468,
    "2": 0.00005432390061326481092360551374714682493064243997517522909061201245509473101081257230481719606682079043879785399454,
    "3": 0.000033413534670606877251239284359308985299079285567782710098761396372723990673755227884281195936803716969980527204714,
    "4": 0.000007632218388842464398151507125355364587206240719333987676278866280861756243143939365524365346274685000674656180,
    "5": 0.0000274239305394090351922343677012275394531322066612470087297487608880792715361908819086867469635134658996757543162392,
    "6": 0.000225689752166590004284481166675299701449628402791221191372394578912631824471271482719976547418513318178676876833654,
    "7": 0.000004311297088634468675573921212926178263260913817148044221000620166672710023432375518984394874060042259599029629,
    "8": 0.0000931582209288789182315297584557537337460704872804869711857549455974617813724400631385964898773746811767924293061499,
    "9": 0.0000629478075792056134714050948543021951539593349072116938100212545597473790476760511697307467455039771830623823668778,
    "10": 0.0000268483064572719222692170344807438468306016357954446403678821259022331505987342296023652656975248001804998341754,
    "11": 0.0000057557090513719949142226346661784470925432105482975246487568659614899753758276629652311842196121168997035165358774,
    "12": 0.0000100198625126623598603438728807281225117119390342752085590031778956196844632485719024713852862709348870897108889653,
    "13": 0.000425076184858469166607576886099147937046957670053004234117941627027049128227952476063300637578765653980483841040093
  },
  "setupType": "Multi Region Model National Bidder",
  "population": 0,
  "id": 2,
  "worldId": 59,
  "implementation": "org.spectrumauctions.sats.core.model.mrvm.MRVMNationalBidder"
}