{
  "regionsOfInterest": [
    8,
    11,
    13
  ],
  "alpha": 83.47550035234456800026237033307552337646484375,
  "beta": {
    "0": 0.11618807009686039910523192020264104939997196197509765625,
    "1": 0.055134717701944550849457726826585712842643260955810546875,
    "2": 0.0781446251955654480614299473018036223948001861572265625,
    "3": 0.1097678943094996528717643968775519169867038726806640625,
    "4": 0.11710710434304728855270383292008773423731327056884765625,
    "5": 0.08046167934473651139892780292939278297126293182373046875,
    "6": 0.08332910082449285216199541537207551300525665283203125,
    "7": 0.06340538780724157275070496098123840056359767913818359375,
    "8": 0.056687220854648730228309005951814469881355762481689453125,
    "9": 0.08665773559616962717910837454837746918201446533203125,
    "10": 0.07624627024189502277895513770999968983232975006103515625,
    "11": 0.11194317743196728620613811244766111485660076141357421875,
    "12": 0.08699857473105117311451550676792976446449756622314453125,
    "13": 0.069546378394032715153372237182338722050189971923828125
  },
  "zLow": {
    "0": 0.00000276861562606256084667606278997036064490000532995947040229276,
    "1": 0.00000282799656409083218183795496627195444664743542021170640908604,
    "2": 0.00000282647818494344600480480152404089941965956748905010175922416,
    "3": 9.0403463274910997371713037213269753795002160350776559780768E-7,
    "4": 2.4878090868719334836931097010469153999245467134094797778938E-7,
    "5": 8.7656191999949988210311430468494110471667024651067792138898E-7,
    "6": 0.00001044283358723768950147008993096571889271872466961988260192544,
    "7": 2.5877680557650629162063091981743569910153314775681407952352E-7,
    "8": 0.00000377802273837440053037354852934522318062122277620972147859829,
    "9": 0.00000158132972576676003022742335948901684290777249430438031249239,
    "10": 0.00000105453353847858065608217975032909332781270432703180044009227,
    "11": 2.0268673324111560760426577082285502789446421249343242935391E-7,
    "12": 4.3255574735182996150753961907782727182932693495261884162936E-7,
    "13": 0.00002275504314899108020534170200207955422764594457456618148424335
  },
  "zHigh": {
    "0": 0.00011522647942509881125450776689610015134534962904415160955766485809364642275332066554610920969734719508806382699304566,
    "1": 0.000100431976145046682717606356461748967764431494297924080491810825635030469124615447554259828074691416937573486625300511,
    "2": 0.0001068817533868881508368982149052108999218358727101588170742451602892976305729587159412206732146304792567106678274323,
    "3": 0.0000370444367844464629324366410862379756044908127157351003834183517116855767612596478990817987269060601435370160598144,
    "4": 0.00001037682844383472755952059014942839313467452368783898015038316187806389888259190192616171227678893665738007881714408,
    "5": 0.00003334982201326563026310265514674598776895199932602667648939017453103357517342416702680799420102165572962092342198734,
    "6": 0.00040030420090556366516726628337397146725090522182402252827035467088853697110968494181588764488868633824961225369689,
    "7": 0.00000940408853860494225393125734493103923225031406593182846703804162619402765990480095632309009934745028878938534004089,
    "8": 0.000134757243087643458047082688012392716526019976624938514636720971976713023632858346468587622575469842423626598884057220,
    "9": 0.00006114333709958873246338780640924216044737136907593340365908145038607183952819474505978950298005446372289064413885,
    "10": 0.00003967643106975538610565213765480219933468534455987267185874353159078782746876130281086079876542960468358319720092765,
    "11": 0.00000834954169146507085289387536226826325409523242477037882102674340915439588708045884447704055043391984362354149664771,
    "12": 0.00001673984577168828579328740005016294373367306220717906004353639599318507157830999023769180500105888428895313318703388,
    "13": 0.000840904378590959947962061894625880782740512899848992612986081758301368376627684962299557685495851292655996347950270
  },
  "setupType": "Multi Region Model Local Bidder",
  "population": 0,
  "id": 1,
  "worldId": 150,
  "implementation": "org.spectrumauctions.sats.core.model.mrvm.MRVMLocalBidder"
}