{
  "homeId": 0,
  "distanceDiscounts": {
    "0": 1,
    "1": 0.42045,
    "2": 0.17678,
    "3": 0.07433,
    "4": 0.03125,
    "5": 0.01314,
    "6": 0.00552,
    "7": 0.00232
  },
  "alpha": 799.987417326305831011268310248851776123046875,
  "beta": {
    "0": 0.093167415143756870943292369702248834073543548583984375,
    "1": 0.0452546037614408869220739006777876056730747222900390625,
    "2": 0.0878077105037245730922990105682401917874813079833984375,
    "3": 0.0673482110085360796691844598171883262693881988525390625,
    "4": 0.053017782365752996742713776257005520164966583251953125,
    "5": 0.04981151233685358892255834462048369459807872772216796875,
    "6": 0.0994417589694539250100291383205330930650234222412109375,
    "7": 0.06309291122560589659684637808823026716709136962890625,
    "8": 0.08161143224005484864136406031320802867412567138671875,
    "9": 0.073979797874702601934160384189453907310962677001953125,
    "10": 0.05881175228863690096492433667663135565817356109619140625,
    "11": 0.080459163101405384299624756749835796654224395751953125,
    "12": 0.09225450882142942343744351774148526601493358612060546875,
    "13": 0.0510309596757182737380986736752674914896488189697265625
  },
  "zLow": {
    "0": 0.00000345271043460708886459808559921101610334697134486374020794979,
    "1": 0.00000344541282573485341998119930197319541644198134519408354622332,
    "2": 0.00000251542919316269847440225075463681009828970953436349973984958,
    "3": 0.00000147344638459890466106099303476492496309901032352718059841612,
    "4": 5.4951396554467124698797730893991362261112379038154185304027E-7,
    "5": 0.00000141593059162398115010668377418562136487207472662464432627025,
    "6": 0.00000875076971588597371043139752752274071886643830716034421266029,
    "7": 2.6005843436874895184008170396280570436587159580555441941338E-7,
    "8": 0.00000262421089160841918532546060099341666868799904358628977039915,
    "9": 0.00000185232262323763739711505521605877649463582746775739061869148,
    "10": 0.00000136714595340351181979310782040345116295825787433350631110652,
    "11": 2.8199891805635384984151611627400279288039349154302317900376E-7,
    "12": 4.0791213342401480162883859679149536213627277276888904073389E-7,
    "13": 0.00003101119107437206733036471935863201246640473999545315271734969
  },
  "zHigh": {
    "0": 0.000135749323681434651792168451173319815098758609491279703727375834699225301568841672136603716557006901684486721248767,
    "1": 0.0001189544639943673198619036865327861968582678720473953946059293025323860337708192380503607892528713217547115307760396,
    "2": 0.0000975502836334657249248216918230882202807401340695607564930077172047149213578851258585751341113991390911954297864451,
    "3": 0.0000541267893399403035527525209652047983589604743163175504016716786684960963013048175885476714443128789915023006534823,
    "4": 0.000019398820149559064518080580314485055613234597259056796407909968830796257743286064658630156597894635423979838530933,
    "5": 0.00004953088216200006830320973923176639557361413372944566863582824674299703568617866393515386256024845935096110318380506,
    "6": 0.0003495422847650121914361055112706821220353366309502363765924003340680135950475504391020324441597454418770433604107515,
    "7": 0.00000944253740237222206051478086929213939018046750739403866373399522234011965975380468170445511751024444637402122611,
    "8": 0.00010014288768466401769564005016183852116802326464623556339074667617905671588036457631879650806390376269091108186777,
    "9": 0.000069273124023715053470016762106334949999213018279523712845053963970271342493592070912908843148205169228704071517467,
    "10": 0.00004905480351750332101697997975703293438905195097892384798917104082967715796431377644004520026557059492772258144599644,
    "11": 0.000010728907235922218120011385725802696203673110796258101310522270834549831372568489984796460385750468707154780426995,
    "12": 0.00001600053735385383099692636938157298644288143734166716601667223416468046504896949295053020882154480696392754971985177,
    "13": 0.0010885888163523895617127524153224545299032767624756017499792719628163954774955835943618720120850123757158310404505833
  },
  "setupType": "Multi Region Model Regional Bidder",
  "population": 0,
  "id": 3,
  "worldId": 150,
  "implementation": "org.spectrumauctions.sats.core.model.mrvm.MRVMRegionalBidder"
}