{
  "homeId": 6,
  "distanceDiscounts": {
    "0": 1,
    "1": 0.42045,
    "2": 0.17678,
    "3": 0.07433,
    "4": 0.03125,
    "5": 0.01314,
    "6": 0.00552,
    "7": 0.00232
  },
  "alpha": 607.1861589758919990345020778477191925048828125,
  "beta": {
    "0": 0.075553250472446098484624599223025143146514892578125,
    "1": 0.043715179659550441881865623372505069710314273834228515625,
    "2": 0.06688942079168207210937424633812042884528636932373046875,
    "3": 0.040304271059021436196534438067828887142241001129150390625,
    "4": 0.059991824632146160956036595734985894523561000823974609375,
    "5": 0.05715003090497781934598009456749423407018184661865234375,
    "6": 0.04170141774862978767401955337845720350742340087890625,
    "7": 0.0540509908978009934177322293180623091757297515869140625,
    "8": 0.0793697106642752003846652542051742784678936004638671875,
    "9": 0.064898243389627519039919434362673200666904449462890625,
    "10": 0.0725394650880760438749206286956905387341976165771484375,
    "11": 0.05412101165616985121165072314397548325359821319580078125,
    "12": 0.095593120941762033115907115643494762480258941650390625,
    "13": 0.09024810855518138053010801513664773665368556976318359375
  },
  "zLow": {
    "0": 0.00000425766071506791124190113917079623819179996856032398001449884,
    "1": 0.00000356674256945786576465535962495881432218511310440461713696890,
    "2": 0.00000330207790367522741084253620510667039594566600471092160129806,
    "3": 0.00000246212064906008944840007828131483039049561359784503855604166,
    "4": 4.8563303434811738325907794488423028174455668160298978782305E-7,
    "5": 0.00000123411384063946573035038082731980958018245231504133452147244,
    "6": 0.00002086720260039413886458157964355098411943945229471450950891247,
    "7": 3.0356231107994489280152147846369956236789570885302011736638E-7,
    "8": 0.00000269832921868659012250303592568632334113338348509214926681572,
    "9": 0.00000211152792600486778005481351371591190840433211641220147246176,
    "10": 0.00000110842076180675372479108941477391123893043537109435128650341,
    "11": 4.1923453106275059010682199467622744281789998696732047623084E-7,
    "12": 3.9366570670142844139269107668793108347248502243070528559041E-7,
    "13": 0.00001753533527236918665869300718185572457986324344703700273364974
  },
  "zHigh": {
    "0": 0.000159897832095259323111260058320876477752348525955086897923847264152900932979751277212897451428441833929023200611,
    "1": 0.000122594356306057690202128496222354764030561824823711402328296781888532880871654762139202541356918975782994975630464356,
    "2": 0.00012114974494884159301803025533718402921041882817998341233646216079785185905754382524759623957879427725160745557517032,
    "3": 0.000083787017273775847172925078361701961180858572545853289130437697429030038735396894021262121271958820871991099975249779,
    "4": 0.000017482392213662448606213599392814555387237583995700234451393329675366343493299102761607260406165884908408345315688476,
    "5": 0.00004407637963246460571052065082579204203292546138194637449189395716027401844666847189856344233728279373543593139800826,
    "6": 0.00071303527130025714606061097475152942405252705057686133547996562795738837911556749212594506897947242059378391845481,
    "7": 0.0000107476537037081002893579741043189551302411908988180096023237797042251154961178674048734750146418524265376660695997,
    "8": 0.0001023664374970091458109673099026257213413847978914113482832440453763316529856744346231942130684099283546068971420208,
    "9": 0.000077049283106731964958209511036049012412268157739168038458162559000610392498165811166759469420905363333610012463224,
    "10": 0.0000412930477696005781669194275881467366682172758817491972510777562820576590643042149307281515274980222918365684882522,
    "11": 0.00001484597562611412032797056207786943570179830565898702022733459444297960499051177966410773810067802179434129709787435,
    "12": 0.000015573144552176240189841943778466058082967804831521653362367903623224910393169079894054396066222789661666297085530,
    "13": 0.00068431314229230314156260105001916589330703186602311725046827370064550667570469238672268368580417763003478430144349960
  },
  "setupType": "Multi Region Model Regional Bidder",
  "population": 0,
  "id": 4,
  "worldId": 150,
  "implementation": "org.spectrumauctions.sats.core.model.mrvm.MRVMRegionalBidder"
}