{
  "gammaValues": {
    "1": 0.95226,
    "2": 0.80904
  },
  "alpha": 1117.6654133268093573860824108123779296875,
  "beta": {
    "0": 0.159359724059501883797196342129609547555446624755859375,
    "1": 0.15667033254651052676109657113556750118732452392578125,
    "2": 0.202472050465217379144888809605618007481098175048828125,
    "3": 0.13687693961353841753947335746488533914089202880859375,
    "4": 0.16260591939326551891298322516377083957195281982421875,
    "5": 0.2086394508047682005980050234938971698284149169921875,
    "6": 0.216507131426317001032799680615426041185855865478515625,
    "7": 0.1931762233285196084242585357060306705534458160400390625,
    "8": 0.148008059713575612637015410655294544994831085205078125,
    "9": 0.08340011018162585276769505071570165455341339111328125,
    "10": 0.16082160255754807121064686725731007754802703857421875,
    "11": 0.14483122417553551120050769895897246897220611572265625,
    "12": 0.1401527816772368539854909386122017167508602142333984375,
    "13": 0.08620313305318387520070899654456297867000102996826171875
  },
  "zLow": {
    "0": 0.000002090003137921539609096972063676319368508836145514419131710,
    "1": 0.000001030430181871980106135722816398096104658201926002900603159,
    "2": 0.000001129486313615236468919013295564887862028767146754932274750,
    "3": 7.50639507612659610182410999583031345839616800565961222306E-7,
    "4": 1.85509111094984676995930192588069467557010534110119083831E-7,
    "5": 3.50006867004501975899358181925311462213693094540312773476E-7,
    "6": 0.000004161444915886448597858044309233031989196301636452338471814,
    "7": 8.7942567935219885680935561046572936478239513728650561687E-8,
    "8": 0.000001498185782347165187248156670651529556133105829556803205113,
    "9": 0.000001701235554126841257685958108488470351707383083067006054407,
    "10": 5.17649642795092973945920680996114248430488444979188780416E-7,
    "11": 1.62204184901197537269689496240461323561276544515365734323E-7,
    "12": 2.78005767735486214143767579952728847602877374949178247531E-7,
    "13": 0.000019007737927741221780637396474232347090360623886841538512896
  },
  "zHigh": {
    "0": 0.0000960063264719131492338236145996875478316900679704616582335360855751671980525314115059908776227047658132076163288,
    "1": 0.000047056689382143847805178416630762656072659213196160212369191397308540368494893951862187769222467040923270845109,
    "2": 0.0000567535303974647442372600146581012787646432876017468819631420122006948165218618070781425261640773097104322415877,
    "3": 0.000032793709083883210378870559094650837431150299575352160916515059021452031719317436888896914710085366848660793058,
    "4": 0.000008581761289392281963047584874768141015663841034503942487297376691528738125638729536386913502410717711677036748,
    "5": 0.00001780273006110674291015211127745127746776491590561779135300479458053206297621291919503517809028005023972544050,
    "6": 0.0002149415976093140603562533298352090637351544113207520420932029786763592767876192600242617907508409739807798789100,
    "7": 0.00000433711835241035098765177744394650453059937532245134604173919947903009060025629473589947935406576723956625759719,
    "8": 0.0000671199305439818777173862847681995178609893872156121408666402946852330768805370812413747737554468516889326106152,
    "9": 0.000065225389889713025042634445875059536300183406707268182233072125197785466700371413445021655506239350880503401537,
    "10": 0.000023854413795617706189598784106241358541088821655635096467651333382945837426406898391254252345387838262738761560,
    "11": 0.000007215348613599461408495497880521912273186492670006910126040098556913298228333533805614658943306954170143123279,
    "12": 0.00001223650119910900810735426192106927495588595776335001232585650506693117086888859705084782171722125259738040260215,
    "13": 0.000734084793994749262672677343289935448576629753511608162555332262165654431392284884898878029201741685263704163266660
  },
  "setupType": "Multi Region Model National Bidder",
  "population": 0,
  "id": 7,
  "worldId": 46,
  "implementation": "org.spectrumauctions.sats.core.model.mrvm.MRVMNationalBidder"
}