{
  "gammaValues": {
    "1": 0.91293,
    "2": 0.65172
  },
  "alpha": 855.3812858433566361782141029834747314453125,
  "beta": {
    "0": 0.21704650465829999905764680079300887882709503173828125,
    "1": 0.1248357846497273604402522551026777364313602447509765625,
    "2": 0.1515841930378452051542126355343498289585113525390625,
    "3": 0.08327635639677384571388785161616397090256214141845703125,
    "4": 0.0916540043793359349155736026659724302589893341064453125,
    "5": 0.1023887831442945872684191499502048827707767486572265625,
    "6": 0.203923618625540148396879658321267925202846527099609375,
    "7": 0.1085425016994183422536224270515958778560161590576171875,
    "8": 0.171451967935492444183864790829829871654510498046875,
    "9": 0.117432934209484807208667689337744377553462982177734375,
    "10": 0.208789334640955892563596307809348218142986297607421875,
    "11": 0.0838598301747509322634499540072283707559108734130859375,
    "12": 0.142078526040029295973710077305440790951251983642578125,
    "13": 0.13745091647356055819528819483821280300617218017578125
  },
  "zLow": {
    "0": 0.000001534520557550628541889005106597700130065532638103567168928,
    "1": 0.000001293201622538101490854058398020596409907951827866844353579,
    "2": 0.000001508662646856462496179373308830843290996883936515832077215,
    "3": 0.000001233786431114973782845173502981825065583032783340959436778,
    "4": 3.29116875685884479164698444394441370748316664782651151771E-7,
    "5": 7.13215239669405365332549817562354557261023811321139364534E-7,
    "6": 0.000004418235157849261716765842246656852431635701352801234213839,
    "7": 1.56513926596079015102133824529184952305556547548509128519E-7,
    "8": 0.000001293327649753770260335875234572255968772800267267315832129,
    "9": 0.000001208206484954016141261555259436503994391643779187625421344,
    "10": 3.98723647741914336426687254857596345834567683930709693806E-7,
    "11": 2.80136873836748453218995022473606596701293434290494395695E-7,
    "12": 2.74237654038349726472917768002295585167654913966734325669E-7,
    "13": 0.000011920812197278478771659536318546924148909083486239782017674
  },
  "zHigh": {
    "0": 0.000079341849060785817217584605887328970678390962748136099350075384678359748199469328046715172634885734073406105277,
    "1": 0.00005493983260212748934672848407943766523015171025207852488177243038061633835111008577514853941761299467632172298054,
    "2": 0.00006812882039470152505507081505607994163368679129457387603708088067927808074997767989975717296264011129514110981,
    "3": 0.000047288116788952635558753434196614649023452779058602107350675903701044308557346614766736903490043804823852638268254,
    "4": 0.00001288999422711927602811063242895929811140302495467990452550482552591438582002210490455665665853690218654460173538,
    "5": 0.00002869898124105384459314786034656257031918483740904258908474255575718153816106229958134137264351308333990961168704,
    "6": 0.0002226453048681984539234872679579236770083364028112189143539624889976308764829414522741064252635758377822435900620,
    "7": 0.00000639425911223612487028772534842486500541888633704710304671249245099907096710393170867108023958025207999944561962,
    "8": 0.0000609741865661800299100178416858213102401802203469275196771308246095652147939534213113051536680641539097816706,
    "9": 0.0000504345178145282715499023604035005455807112275908867632411777248320708592611649372893726099468356414258709955822,
    "10": 0.0000202866339440223470640217813220858214632111988241807238693524839745479823611400160035703791850906007495106802023,
    "11": 0.00001075332928166598888697466366751627046738699936326076996720418571797725302655541246337442951412752167873158574121,
    "12": 0.0000121234577881949134772287675625562770828292839338766946699790786633203316941256096902767297273983948496952358489,
    "13": 0.000521477022080866972403341538619372760333083541493555467698677147597161732342576310068628515816457722079696428935
  },
  "setupType": "Multi Region Model National Bidder",
  "population": 0,
  "id": 9,
  "worldId": 46,
  "implementation": "org.spectrumauctions.sats.core.model.mrvm.MRVMNationalBidder"
}