{
  "regionsOfInterest": [
    0,
    4,
    7,
    10
  ],
  "alpha": 61.9961039806101013027728185988962650299072265625,
  "beta": {
    "0": 0.053267708321981570296355101845620083622634410858154296875,
    "1": 0.06413194610942156426158788917746278457343578338623046875,
    "2": 0.07517448083069255826416110721766017377376556396484375,
    "3": 0.0650768771858729611068383746896870434284210205078125,
    "4": 0.09659448618987916124201120737780001945793628692626953125,
    "5": 0.054527044419210905779049625152765656821429729461669921875,
    "6": 0.07070500343191761516425941636043717153370380401611328125,
    "7": 0.07440139372774513815134156402564258314669132232666015625,
    "8": 0.054820156911032646984693883496220223605632781982421875,
    "9": 0.0503199460648170171506166070685139857232570648193359375,
    "10": 0.108282704861524303741049379823380149900913238525390625,
    "11": 0.1119724336630611716270067290679435245692729949951171875,
    "12": 0.0856836637431233894002247097887448035180568695068359375,
    "13": 0.08754148870844880025998691053246147930622100830078125
  },
  "zLow": {
    "0": 0.000006252612207933626737694728791667088424764168765476001522058,
    "1": 0.000002517276475352862621680942003273844055313219036136599864652,
    "2": 0.000003042114922018938801989783154566671549177627078486734428234,
    "3": 0.000001578828656168805754639331602903577781804340073717959392579,
    "4": 3.12283658780805121037769033505763138050807265282591785763E-7,
    "5": 0.000001339248097664884020610919468221947730121669921151582433041,
    "6": 0.000012742839369136993509019917633644301966369990234435925488100,
    "7": 2.28334608968519482205250391613842759581081810037259465266E-7,
    "8": 0.000004044927691387963935245862728167182516311601183480405959647,
    "9": 0.000002819622113193809433965132631966076011279102752509045098490,
    "10": 7.68813867589576796407283635962315670411854201499987216239E-7,
    "11": 2.09803698080961293774934328674414340392229847140777591497E-7,
    "12": 4.54734076115778207468505095003269822905106783136831588109E-7,
    "13": 0.000018717142988990415580903413260868772384731550346163862919427
  },
  "zHigh": {
    "0": 0.0002208845985722757630917563164394106195193500465693091299439747995853939721453887604665704781578938756992768645627468,
    "1": 0.000091662078186570323271534992237035094592309726500171190213975578563687721704661903418993185942209478368516140623325,
    "2": 0.000114132388649575814229383110428154789379109085553700946567645033993296853729761306858389673588632722242222837543,
    "3": 0.00005763938354056759471257817719426723051009199776991210602473282582578361623697751430241003895224618339920156926,
    "4": 0.000012384997719966895284302750102298951130477742969678123545259603121765943638872900524602137076617399738671034165127,
    "5": 0.0000474799669809182042514989498663503655050042207039558811399491512961719519673343064156299975649962724119090749031104,
    "6": 0.000472383431206830407691109529567547163050365069260259652581786127218194163137916233139154039773605706966626816594696,
    "7": 0.000008548879583409338883381222360964599223684644211709613149114476900338814557398915669404225517524752636633944750590,
    "8": 0.0001435221878152058401573174664936691066663442478333202235026721069365577207215348147405913992859432797763874464282,
    "9": 0.00009877698666172207033100968157938770608733499679052935355555392177759929587046897699746326006173606974845612162948,
    "10": 0.0000313893405394522208634396727552274012005297943512590495423301270722866818893050555557750057903109195672145495409,
    "11": 0.00000864333400899237410365284285354050277811509174876926584127319100576695145147464302266706866035443262983725968515,
    "12": 0.00001753835045051776790709638737258550421495284000897961254318088127851533920310136204736591573999946562163336346223,
    "13": 0.000725366945832225076680657846889028207407757547291277894751283283818262804912249324501872811786335022100757585527
  },
  "setupType": "Multi Region Model Local Bidder",
  "population": 0,
  "id": 2,
  "worldId": 46,
  "implementation": "org.spectrumauctions.sats.core.model.mrvm.MRVMLocalBidder"
}