{
  "gammaValues": {
    "1": 0.97626,
    "2": 0.90505
  },
  "alpha": 1185.187290074960174024454317986965179443359375,
  "beta": {
    "0": 0.21683572394558670026754043647088110446929931640625,
    "1": 0.16404284365216803553977342744474299252033233642578125,
    "2": 0.200232530725614144007096228961017914116382598876953125,
    "3": 0.1411530170882977774926558822699007578194141387939453125,
    "4": 0.172505752889623220625026078778319060802459716796875,
    "5": 0.1661187559727639040385582802628050558269023895263671875,
    "6": 0.202608827299159910406700646490207873284816741943359375,
    "7": 0.21816045804964490084643102818517945706844329833984375,
    "8": 0.0978900001959937260398447733678040094673633575439453125,
    "9": 0.10901489336013266140401611892229993827641010284423828125,
    "10": 0.19527066244276747308816766235395334661006927490234375,
    "11": 0.148234290366203447231185919008566997945308685302734375,
    "12": 0.202387349869987465122989078736281953752040863037109375,
    "13": 0.1122991067830249878323201073726522736251354217529296875
  },
  "zLow": {
    "0": 0.0000013576556058604327272661179413939772518286197636934518700926,
    "1": 8.698472430812537462123232640844108955483720481859116105382E-7,
    "2": 0.0000010095000892495379273212069200364383275140960151652852424618,
    "3": 6.433784108097608166308385425123066677320166140926229792153E-7,
    "4": 1.545585223518426380547420077752640007826589819578715113361E-7,
    "5": 3.885521086038207288652768381465254932007455094069017513175E-7,
    "6": 0.0000039305464924027527247594593298565921932682939156323593374969,
    "7": 6.88290414829398124627306459632505046544964998262902632402E-8,
    "8": 0.0000020022008968174668485249134218616414434639545591024968980359,
    "9": 0.0000011503769860402314959503074679047082705434088313524303969074,
    "10": 3.768237340520854001722103185973201932613546874819102208547E-7,
    "11": 1.400781902000153296105876189937451541865169639064922770845E-7,
    "12": 1.701637738524781624725094488152164661180731990908626064950E-7,
    "13": 0.0000128965078937182887096937044686131477940682625328034958957447
  },
  "zHigh": {
    "0": 0.0000701684917923660870134740896160235044985864679438469775567574808916158929015658577610435850226340666761129022,
    "1": 0.0000403646388222423636136755997855778219846290673558634510565158805734010216108520319903976071743277971118374320927,
    "2": 0.00005049847844130297018507341695615297491882732280282250021583891125425336229913069577831201778147947603383180059794,
    "3": 0.000028382832705820028106633700689028388901746317507499380786247936695381315641033003990635348987523843694322557076380,
    "4": 0.00000730297909693650647094110173167384690070653533712190242416604507670346455173422630426941458271892157823838551,
    "5": 0.000018111142549300717246974194515455714490936189824042396403527209263922222855072495782363680118014441646864214991217,
    "6": 0.00019755273631913738950789846993447409674702747573078058035720643134476550354286310740927232455907649337589643238762,
    "7": 0.0000035664487661918103351898054490089863763594481293880296225561251988007843029492744043933322840254576621347988715,
    "8": 0.000079665571522712069840715191191890980594106138436671024022349093732728935385133274983632429153453082055996314222293,
    "9": 0.0000470521320269196104611944209192247283691906238241286014027167487339472892735005356215450485765838040996267293393926,
    "10": 0.0000186629740388133571149715089260229188839735970659023450571471329952075731054723191619261467386548444969550066342,
    "11": 0.00000627878481800859453902690561731376147565038071656127909139192902059854590216400029223977130263988487336220048762,
    "12": 0.00000854881273896223713946343536854497319250557464203799827744522111241075364479866921162048465782790717015421895865,
    "13": 0.000531721868520028138741479111963942928598565135588719572212843455853709732694009740933141380244364141099813240785784
  },
  "setupType": "Multi Region Model National Bidder",
  "population": 0,
  "id": 7,
  "worldId": 130,
  "implementation": "org.spectrumauctions.sats.core.model.mrvm.MRVMNationalBidder"
}