{
  "gammaValues": {
    "1": 0.95722,
    "2": 0.82889
  },
  "alpha": 1167.82068543491595846717245876789093017578125,
  "beta": {
    "0": 0.21657573262000429092921649498748593032360076904296875,
    "1": 0.12180411003439643724544083625005441717803478240966796875,
    "2": 0.165916742537155215142519182336400263011455535888671875,
    "3": 0.18592841498352663531790085471584461629390716552734375,
    "4": 0.1447359105583787275417506634767050854861736297607421875,
    "5": 0.147763563054572888422200094282743521034717559814453125,
    "6": 0.09027290970906175215926481314454576931893825531005859375,
    "7": 0.12488599618948137415230803526355884969234466552734375,
    "8": 0.201464549738325227057345045977854169905185699462890625,
    "9": 0.10898408848472350418656873216605163179337978363037109375,
    "10": 0.191387180128283651558973588180379010736942291259765625,
    "11": 0.177303256358752159282943239304586313664913177490234375,
    "12": 0.168653415759029312592787164248875342309474945068359375,
    "13": 0.09540169752720932538903042541278409771621227264404296875
  },
  "zLow": {
    "0": 0.0000013592854222594443663545741949812203574055136315799241916874,
    "1": 0.0000011714893303497924087945708496963275380138325654469388362193,
    "2": 0.0000012182902975744143816104092788833299907310471477826224481655,
    "3": 4.884396170607826674266683361017322542735059424754012118861E-7,
    "4": 1.842129859891139702629472743163147491544163663910760679797E-7,
    "5": 4.368180597270961216323007891894194216161863141663121005616E-7,
    "6": 0.0000088217319906617314755316065408922935806532307137701017133039,
    "7": 1.202358605063589639141664914895274856103383076149644481664E-7,
    "8": 9.728532708928285528003710265320519386629206544310087552435E-7,
    "9": 0.0000011507021456137182111389252221944216350925117236237029314449,
    "10": 3.844699531242726999612141511514208546693525850032083371733E-7,
    "11": 1.171122941931030194207926303789791717760891810500604107902E-7,
    "12": 2.041998086957520677951655124375942927327184944210863875932E-7,
    "13": 0.0000151807185262268280340325349559804938225561255340810772060549
  },
  "zHigh": {
    "0": 0.0000702173862843364361861277772236407976658932839804411472046018366931047615784757503495665604884589271489679274701,
    "1": 0.0000494139014402985234911430273539353212585928828736942678269496832142946762685756059573050460176112683872005174528321,
    "2": 0.00005676218469104926381374948772155972481533585678134261638695175573274482373319576805652762927683221866163256745662,
    "3": 0.0000237346688933506836305085944967111564979909973589827277663728208641349077075466651072875649575503984869590842558,
    "4": 0.000008192613006054646437187259727905369351859256870118039123475544623994229671623578819319435707062164561033366745371,
    "5": 0.00001955912108299897902998491304674253234339941396682470688085010540368738232725282000990636687184793350269448751265,
    "6": 0.0003442883012669067520310628862655451383685755796749128516314180577393970747810933575266121244446490227111185591399508,
    "7": 0.0000051086533368943848787328808147972958050347023630482551703424604683226064496126902254094641414069081283239460810,
    "8": 0.00004878514274497292096897891933200329545007512129652637973857746197795767904702030555637476729522479208124261084796,
    "9": 0.0000470618868141242119168529535479161293056637105922667774388416860968506553605602865843895753503921348526886705871764,
    "10": 0.00001889236061097897610864162390264593872621353399154128854670504467594627132670935237225088600031326471254937422041,
    "11": 0.00000558980793780122523333305595887078200333754723086832310256182544294349240484901862922996759584763596255044443813,
    "12": 0.00000956989378426045429914311727721630799094493350194471171038950423947002483708711691518988305465037143305433848810,
    "13": 0.0006002481874952843184716440265849633094532010256270470115221485833742248399403009880149866611886629681074955357274049
  },
  "setupType": "Multi Region Model National Bidder",
  "population": 0,
  "id": 5,
  "worldId": 130,
  "implementation": "org.spectrumauctions.sats.core.model.mrvm.MRVMNationalBidder"
}