{
  "homeId": 12,
  "distanceDiscounts": {
    "0": 1,
    "1": 0.42045,
    "2": 0.17678,
    "3": 0.07433,
    "4": 0.03125,
    "5": 0.01314,
    "6": 0.00552,
    "7": 0.00232
  },
  "alpha": 726.270931239622541397693566977977752685546875,
  "beta": {
    "0": 0.05903202888605361964291518006575643084943294525146484375,
    "1": 0.08313136178643841522895030493600643239915370941162109375,
    "2": 0.0771490888371998695394182732343324460089206695556640625,
    "3": 0.0632533189012765284520156683356617577373981475830078125,
    "4": 0.07607518397820291211619547766531468369066715240478515625,
    "5": 0.07342843740381888029133961026673205196857452392578125,
    "6": 0.08852934943426493674678567913360893726348876953125,
    "7": 0.049067527754816632479251126142116845585405826568603515625,
    "8": 0.089980867122068486363417605389258824288845062255859375,
    "9": 0.059556389451859141626055560436725500039756298065185546875,
    "10": 0.07960417967133681660385491341003216803073883056640625,
    "11": 0.0979766843841984591545468674667063169181346893310546875,
    "12": 0.059115226524978747857375083185615949332714080810546875,
    "13": 0.092953478308116010975226117807324044406414031982421875
  },
  "zLow": {
    "0": 0.0000049869239075921476515950363257057257039600724321200495141699,
    "1": 0.0000017164667128227595220951845938680725453782994546812334642959,
    "2": 0.0000026200537256468888699828821680140543898008648507678564053177,
    "3": 0.0000014357318381508560420569666234919041086463446758129231327133,
    "4": 3.504721627942634463590915646731304266355455226725791079183E-7,
    "5": 8.790299125785842175842701218956758957127751853968937221179E-7,
    "6": 0.0000089954734848906361406512438516422197614903525966550384748273,
    "7": 3.060226570221313207262482318694604462134985086755353291744E-7,
    "8": 0.0000021781902358863941458071325804671260608008030665558153065248,
    "9": 0.0000021057056280837362084491175664745062784013811818289862186538,
    "10": 9.243562395380470645726917114035622863480150492041032968425E-7,
    "11": 2.119319637175862432861965760776067403384671712827581976464E-7,
    "12": 5.825740212519857818318786787733781991627544393739928374206E-7,
    "13": 0.0000155805500067913312250037874106541716548327722782021848726731
  },
  "zHigh": {
    "0": 0.0001790465408443175347433416411453759580625300479966449068790765161590086674215496020938023072866420324649977465190182,
    "1": 0.0000657632229144875368901614396790876714795268895507231066692490282685202275236384970728100420966862627322000046421777,
    "2": 0.000098815087533223498464923674395481456787430387870899635101517481999017629362904427565100713746673443799521738042052,
    "3": 0.000052153435526052884869417543118416312129176159359108385391190277608790383178083982546993641986597508374757045121471,
    "4": 0.0000131803883102091307200715884386098396762931315585631303216343309108487251941841939090061412774740619968774061322859,
    "5": 0.0000328254766685436219085439930279302265662970801037421555275387029967103541570945618447791981373853704142229359541,
    "6": 0.0003495005460937738919846520055880429237936892361614609544771203798473681213057155841244282093984221950726494767,
    "7": 0.00001068225723236755558309533302619528462312950839486538160058399917820853660907447676349756263745828922514984367718428,
    "8": 0.00008494525169477988875918176595005551911421159366027057627701677150402931769406892271171781343507816670888632378851,
    "9": 0.00007571199128822475183615872387631866860492979433842527605510900078114937044884564297232012628070590813261504576079338,
    "10": 0.0000350889492033922070469859507102101816765734079175681373367815022888468336956685806072016782712032325713271092077,
    "11": 0.000008434398023535721949295174329829609060208886937849256708249052754643734038116966687911032299642001090908600630007,
    "12": 0.00002092112016094746572024451226728982518384601185053190520521291688448795165593388178509572838914747106398127534611,
    "13": 0.00061224313191221941420078160022517364442150042795068024152069350635646842117067837470813579130857902901101145124921
  },
  "setupType": "Multi Region Model Regional Bidder",
  "population": 0,
  "id": 1,
  "worldId": 130,
  "implementation": "org.spectrumauctions.sats.core.model.mrvm.MRVMRegionalBidder"
}