{
  "regionsOfInterest": [
    4,
    7,
    11
  ],
  "alpha": 64.4850873340403580868951394222676753997802734375,
  "beta": {
    "0": 0.0645609621249886578286947269589290954172611236572265625,
    "1": 0.09170409420738405426032358036536606959998607635498046875,
    "2": 0.05395552193199852630822732635351712815463542938232421875,
    "3": 0.10449438212331084441242268212590715847909450531005859375,
    "4": 0.10264776422055844895542264794130460359156131744384765625,
    "5": 0.10527151981622850929198875746806152164936065673828125,
    "6": 0.100415930616300663746898180761490948498249053955078125,
    "7": 0.10087944151894102928768148785820812918245792388916015625,
    "8": 0.1183345276116796462861913141750846989452838897705078125,
    "9": 0.0883251578970725981232448020818992517888545989990234375,
    "10": 0.11295217981391690587056331196436076425015926361083984375,
    "11": 0.0696446755820525342794979906102526001632213592529296875,
    "12": 0.0862297950863872841864576912485063076019287109375,
    "13": 0.0870499903665923058238007570253103040158748626708984375
  },
  "zLow": {
    "0": 0.0000049067556632272008423830738330942435896140297396158247687431,
    "1": 0.0000016743857901661949509248459539708058322722767241044593342750,
    "2": 0.0000040313367245184006850101954993120902363608135995437912910641,
    "3": 9.352068550504097004483019661177213069657146325301377573010E-7,
    "4": 2.795059261558991967938777519636504812288923799452954911359E-7,
    "5": 6.597828492901752479347968890730375324091936615091076283570E-7,
    "6": 0.0000085340003795070073135996096566342059586559312930102960373458,
    "7": 1.601729092727788429039609608915289262930977250644766128941E-7,
    "8": 0.0000017822904264480806516764631593614862262093701278332838278835,
    "9": 0.0000015278670725155133875719658151719437808235358327624051075858,
    "10": 7.010106348181966276947200239042614230135198628227804015947E-7,
    "11": 3.208302101620277123626954427292184561084370150342320338586E-7,
    "12": 4.297709862739861371386577519246461638036020649271352477449E-7,
    "13": 0.0000179029120281609165508981799033930878777059865614932679299013
  },
  "zHigh": {
    "0": 0.000178881156549834516830649843286083820501990897314075565659829399952211552963399029216964239561021459871237227791072,
    "1": 0.0000655863769290764416239932192975782223989861102815697203239453517522402679363613864340547969753852368170938199279350,
    "2": 0.0001426913894410543874852926276806810403954127556066550636379103076494985678318492210568790735887478578563157797560354,
    "3": 0.0000378285918991100197626193228944664364685437450106533002367590064017621745546025861538635923611028658353101973507218,
    "4": 0.0000112542436253069320545244870689970688706820690167656195013020878472387156202841899442294967920652604506619133374978,
    "5": 0.0000267391198080510966039277373524604584042967843856902093189077677963126671291981167738511042860674766716350948822,
    "6": 0.00034171497038401613732982389268871116999210658481730787203333412212314402863938751828349657376269704766950294467537,
    "7": 0.0000064210026415735593461984961968200625790039981883839549882937474771000126796163941330684470511941732743133064515606,
    "8": 0.000074559362361497688710595202258816959153757447131894048943171917872351277775999164547237124132954715154908553535808,
    "9": 0.000059330922218032480549293313882786759591846095250318726917024846360343944862708000379163381658339359914585548868773,
    "10": 0.0000289483869720911973130572357530488939512471413945992284041023332230537364631289490693570379235309896625793944753341,
    "11": 0.000011859317895226446797553421867790486861496014635619532530153714493811578520316107806479771763442796239950437783392,
    "12": 0.000016599035996267622790625071820831806729798855268927862475980175612674532964804723766366947133168024845224046,
    "13": 0.000692932192803363227078014281368940573887073799073740690226786900488633821448318551357689288051616800425630998669525
  },
  "setupType": "Multi Region Model Local Bidder",
  "population": 0,
  "id": 1,
  "worldId": 10,
  "implementation": "org.spectrumauctions.sats.core.model.mrvm.MRVMLocalBidder"
}