{
  "regionsOfInterest": [
    5,
    9,
    11
  ],
  "alpha": 91.637983482101645904549513943493366241455078125,
  "beta": {
    "0": 0.11675287962641332784041736658764421008527278900146484375,
    "1": 0.09342123779221205015499407409151899628341197967529296875,
    "2": 0.0804379090987233091869512691118870861828327178955078125,
    "3": 0.06196770499837012113886203223955817520618438720703125,
    "4": 0.11267253088919389203415022393528488464653491973876953125,
    "5": 0.07598762999515655536253433410820434801280498504638671875,
    "6": 0.10326704851017154407344378341804258525371551513671875,
    "7": 0.09773600956434837228048451152062625624239444732666015625,
    "8": 0.11757028819121768947741912825222243554890155792236328125,
    "9": 0.0880192138949581204254712929468951188027858734130859375,
    "10": 0.1063999769212829182851720588587340898811817169189453125,
    "11": 0.0882392068210598179422987641373765654861927032470703125,
    "12": 0.1116241772470181192744576037512160837650299072265625,
    "13": 0.109088374988293879130907271246542222797870635986328125
  },
  "zLow": {
    "0": 0.0000027132938180525852867099271032713671143144427354508391623520,
    "1": 0.0000016436094818442480449756745627268733427268652711529907562091,
    "2": 0.0000027041090387874836060000177407317259464458724286501765596691,
    "3": 0.0000015770127759055725442614929639918341980559375386523708120899,
    "4": 2.546375605471661813759331488998360468253824284387609519181E-7,
    "5": 9.140480272629312517691500834113889373266017228441190357636E-7,
    "6": 0.0000082983836795108151452964706500039927796411591796904326285140,
    "7": 1.653244664471755446162486426523152145444701918858702443243E-7,
    "8": 0.0000017938758076150319922787586544892497946405964824273167888971,
    "9": 0.0000015331777512432531144141314257966435308327971600055214202967,
    "10": 7.441794779150433612940801085539848514528370997968702490412E-7,
    "11": 2.532220847017330992592028800871371292801209508606319061422E-7,
    "12": 3.319985418434102439709981232527873408037923527044593205309E-7,
    "13": 0.0000142861081187852712435959942597328268502370229845622937892035
  },
  "zHigh": {
    "0": 0.0001130773011945960501604554413913975262430032871891259974680963066165143336779781794717890074526125168398527119799015,
    "1": 0.0000646630876794180344455180775602602477126237666930256629819699388678321463621761215341665948377478005500726904402201,
    "2": 0.000102874558869126875114987294923270111697964520479846621696057856516632985563826323263047106526793592063827684851778,
    "3": 0.0000570827695247649050770150528306898232012504321943202918804250109241177527904311374783101315882175553626227868134,
    "4": 0.0000105081926570449415919861489770826358385767704715695833247687930594593551548834490093996366402564520492876179115508,
    "5": 0.0000343670751472337767189583331826110005518190262257405515411054852490771863370565998205420052844254277742244100475261,
    "6": 0.0003346464693841303722807297224898047746216634214177119697683816722631819018132393737329121178210277184072299549058,
    "7": 0.0000065755493568054603975671266496436512265451721930257639312022106612915934666915754198921130821364105825934946251752,
    "8": 0.0000749069237965062289286640671126498662066942377697150377735793986041195688108607615655708635988783296074383183705148,
    "9": 0.000059490242579864672354558282201527752092123935067612216298351179530899050458058468443008802001074122524732031122060,
    "10": 0.000030243452264996599321038038292540596804426658503821923827497073766075623199153662295423194975641109825926656524443,
    "11": 0.000009831074131417608404448644988528047056646532710411528698661222647114549507377433080191608830625930811390705557178,
    "12": 0.000013665862663350345995595282960676042039804563902247584659560806077454937678100708719464230097795617482103174366,
    "13": 0.00058442807552209386785894871205913274306300489176581146600585297542482214133031708161193069864718864235692656971778
  },
  "setupType": "Multi Region Model Local Bidder",
  "population": 0,
  "id": 0,
  "worldId": 10,
  "implementation": "org.spectrumauctions.sats.core.model.mrvm.MRVMLocalBidder"
}