{
  "homeId": 13,
  "distanceDiscounts": {
    "0": 1,
    "1": 0.42045,
    "2": 0.17678,
    "3": 0.07433,
    "4": 0.03125,
    "5": 0.01314,
    "6": 0.00552,
    "7": 0.00232
  },
  "alpha": 501.26386731631083648608182556927204132080078125,
  "beta": {
    "0": 0.07259826398121053958600867872519302181899547576904296875,
    "1": 0.0841786238455966284721654346867580898106098175048828125,
    "2": 0.051339421716191512012894548888652934692800045013427734375,
    "3": 0.055200940822602663493601227173712686635553836822509765625,
    "4": 0.08930487228800430832276191495111561380326747894287109375,
    "5": 0.075149425200553843229300809980486519634723663330078125,
    "6": 0.0688569601857921542720220031696953810751438140869140625,
    "7": 0.09828571355904092143873640452511608600616455078125,
    "8": 0.0734415064403452777508363169545191340148448944091796875,
    "9": 0.06684867936027323598313643060464528389275074005126953125,
    "10": 0.09964479747855359281771825408213771879673004150390625,
    "11": 0.06278766220404387310427551938118995167315006256103515625,
    "12": 0.073944155474329475996597693665535189211368560791015625,
    "13": 0.096060566176839945473631132699665613472461700439453125
  },
  "zLow": {
    "0": 0.0000043635322548783443659174442915676317336165393269088195786404,
    "1": 0.0000018240739183685052142758201405271994679929320770840799580976,
    "2": 0.0000042367613382451500665404669831611259321541909486247610594185,
    "3": 0.0000017703296541634870477769448571874558156533093464959101979120,
    "4": 3.212664401307628841336358414773900367604334161448840624867E-7,
    "5": 9.242431742903937186006591543521097429817596552681083832737E-7,
    "6": 0.0000124453590120128614113629638015167272673032184836084221634966,
    "7": 1.643998201650703153707925643505784970953508694623013231920E-7,
    "8": 0.0000028717615678521903727432159582852920500872760452235247102464,
    "9": 0.0000020187250027540289901477838796486981199360988615874845288433,
    "10": 7.946293361928396625537248244883343757600581089833698952491E-7,
    "11": 3.558679383704951748000447501999599779582284086748930787794E-7,
    "12": 5.011763788869810951970354126405204841941477700374896261097E-7,
    "13": 0.0000162236012300445590608291236151108320066683345164228386291787
  },
  "zHigh": {
    "0": 0.0001625844542993688225366809570402854648220661849328654099567478873890966997912872850471484780286524231851011991853538,
    "1": 0.000070077020775145749524522444894270031470605770870958339038623916416875582723274215686829844709391679497580098277172,
    "2": 0.00014885412785285686893120077219615211126921407607908415668854247183451010057372766391284662104793603579863950542629731,
    "3": 0.00006288227587250234018247860962655847172917158642962647345508976486569468858801392360670164745405013662546217474315619,
    "4": 0.0000125070590445528426747172297544092555366283001027532766418271362124792437632061905475693072938322811438801974748270,
    "5": 0.00003467292955805765072390360531083262472147376419846023196640729157971332607595321946348445632270117686300705894641,
    "6": 0.000459055729359191760262724517035186809251525200535251655817859484752559621128143289847873288188906412475705322238059,
    "7": 0.0000065478099683423035202034443005915497030715925203186962972307781438380162289377590748047042562397665852497645,
    "8": 0.000107243496603620980342597786226531133870094624653601275414056740368314457017455160773162699443687487422078600794655,
    "9": 0.0000740566601251879486265678558170893897652229861150711095547506367652480051469203223249592087069191708348961873155374,
    "10": 0.0000317569480133304883588273797705710825336432887794169132137346564373901069935309738014630372090389486751980327044,
    "11": 0.0000129104497414804706706739010919127325169897564448393638777773318539525045268295913067492036547961088927246793636530,
    "12": 0.00001874119777465747153237640164230803634151522642223849382692377735174049719239098747890238556131926074712066357250,
    "13": 0.00064255286885987250237594259272047289775594423772162781120510914725466572679840534533114814862452332960665410577661
  },
  "setupType": "Multi Region Model Regional Bidder",
  "population": 0,
  "id": 6,
  "worldId": 10,
  "implementation": "org.spectrumauctions.sats.core.model.mrvm.MRVMRegionalBidder"
}