{
  "gammaValues": {
    "1": 0.98042,
    "2": 0.92169
  },
  "alpha": 1117.374958108155851732590235769748687744140625,
  "beta": {
    "0": 0.209489413642068689203057374470517970621585845947265625,
    "1": 0.1987581277330485729493148028268478810787200927734375,
    "2": 0.0944589247993389558022414576043956913053989410400390625,
    "3": 0.163973128290578695764878602858516387641429901123046875,
    "4": 0.21848123566540367246346932006417773663997650146484375,
    "5": 0.0987128493460308897855526311104767955839633941650390625,
    "6": 0.1659695089486608043927162725594826042652130126953125,
    "7": 0.09443874889775909220457350556898745708167552947998046875,
    "8": 0.1064374378049899594333993491090950556099414825439453125,
    "9": 0.09647201225654102041406900980291538871824741363525390625,
    "10": 0.108601067057849498542765331876580603420734405517578125,
    "11": 0.1127536039542883783415305742892087437212467193603515625,
    "12": 0.201095622819138897252599917919724248349666595458984375,
    "13": 0.0997156123718274944867090425759670324623584747314453125
  },
  "zLow": {
    "0": 0.0000015121760141609831344313801465674834795918722781817098911903,
    "1": 7.725371233479106750785777947444179274193766364688994745984E-7,
    "2": 0.0000023027244648093418907555306760532744532837024656775585380971,
    "3": 5.959748618249185893066823564891082264153455044146776051942E-7,
    "4": 1.313186385042159670301822170616109795689829310037069967026E-7,
    "5": 7.036200834400403955020723057309660616312845844003093646578E-7,
    "6": 0.0000051632953270539506626614941096026022272989871838281475891498,
    "7": 1.710966507126753392340850032420297404022278580632495510221E-7,
    "8": 0.0000019815066956700554245642533545156869946230102456220052631169,
    "9": 0.0000013988419777832605050549924549339252583032905651439416688639,
    "10": 7.290966969346176544959928390283994604496389212974997575664E-7,
    "11": 1.981676427186728202109823587993750852949286864552949985374E-7,
    "12": 1.842857818631413797260418952068204540908973532030333584700E-7,
    "13": 0.0000156289299390158829369477142347936808334929977392955888838378
  },
  "zHigh": {
    "0": 0.00007704376707784798559209903269028101720132617347105211933324374793754974133109036103043219257832911014661151643675,
    "1": 0.000038530916924527913348605174520786585253399107652502924533647453317759210136819201223646016627837525653414901340,
    "2": 0.000090833021649782623657652682982916566903099421590668081048900269528259694512839190589686317058832654838609986900859,
    "3": 0.00002765163210234528642837073460560804405203267116718949567355568020711395094621237581159587868831094169843127804584,
    "4": 0.0000068086249957564351616136210219358838208847855485179646683035370402687631148175931660969607280012195884098400704,
    "5": 0.000028054236832547051030945999852198314280959512072426261407931615061476706191186721460638580384021186589274857403012,
    "6": 0.000240593818810424437801680426277763058051398261541843418587453921360652950666150242163860918781765778777451131930,
    "7": 0.0000067487148847704542361022174673350870022779021783471431321334862791968858383226830861123880727288253689679190707134,
    "8": 0.000080535850438156931897228908113442982206166650665555692000172165531470713772699175687867563808895919539668503810107,
    "9": 0.0000554601693760648940737841130756462039162387372217648237553663179362464908821380879949488914226082449049839292110350,
    "10": 0.00002979096883558382811709542020677303507433071314884080908325434002649067124542743170471042069589464540379059329327,
    "11": 0.000008179440871925800033002029349895185737090764778251421470518618772185762549166698598406460823573181159127183077056,
    "12": 0.00000923447986394228006824659611929703543841771391720480579773295301663941335686214727588868298759536792729077209567,
    "13": 0.000624712730129012218659500311310958362560684134407810318844881909447214432346378260188763422868348264192854331759011
  },
  "setupType": "Multi Region Model National Bidder",
  "population": 0,
  "id": 8,
  "worldId": 10,
  "implementation": "org.spectrumauctions.sats.core.model.mrvm.MRVMNationalBidder"
}