{
  "homeId": 12,
  "distanceDiscounts": {
    "0": 1,
    "1": 0.42045,
    "2": 0.17678,
    "3": 0.07433,
    "4": 0.03125,
    "5": 0.01314,
    "6": 0.00552,
    "7": 0.00232
  },
  "alpha": 773.8457012240804715474951080977916717529296875,
  "beta": {
    "0": 0.0766794425214270269908212185328011400997638702392578125,
    "1": 0.07803580970844296860189359676951426081359386444091796875,
    "2": 0.045934071682591635921166783873559325002133846282958984375,
    "3": 0.0961039555718016524910041198381804861128330230712890625,
    "4": 0.0732117215729861936512889997175079770386219024658203125,
    "5": 0.08485830706401355227885829890510649420320987701416015625,
    "6": 0.0879015402852852123505300596661982126533985137939453125,
    "7": 0.058630447778071838327296205761740566231310367584228515625,
    "8": 0.09943706197681623226714009433635510504245758056640625,
    "9": 0.052935477271437818280741538501388276927173137664794921875,
    "10": 0.0813452613251029188479179765636217780411243438720703125,
    "11": 0.080865760051788193596422615883057005703449249267578125,
    "12": 0.09531228050906059845459594725980423390865325927734375,
    "13": 0.0945445620580437628976966379923396743834018707275390625
  },
  "zLow": {
    "0": 0.0000041312880755707593269143000465604470591123713537758042274849,
    "1": 0.0000019676611649778656621974527993920260420761341858629750699138,
    "2": 0.0000047353275920771024551975531947947944391178851684487264836266,
    "3": 0.0000010168557776268153948468050117280761884092087633937351857728,
    "4": 3.918861323005126216809649775380407013572128598759033558983E-7,
    "5": 8.184978665796789427628581362690867194356777453489475886117E-7,
    "6": 0.0000097489712604218520288688148900310114107442233296283019904738,
    "7": 2.755932155774050420586813462894861238431940049429354800690E-7,
    "8": 0.0000021210048998604320847858026575299143721915504039595869493256,
    "9": 0.0000025493130010652559170754350337315029245709299215509209717500,
    "10": 9.733901887536016791492576587006252622812719586599602614371E-7,
    "11": 2.763112087161055049365068461714336946293433170476978141088E-7,
    "12": 3.888173054148827053623079132431490641014730465985253653339E-7,
    "13": 0.0000164837435983740535010383831964211908609915105573618337835760
  },
  "zHigh": {
    "0": 0.000155617128920141271366586629690069924586941145738874949422082763001807135189960693261911268555339086269904024144994,
    "1": 0.0000743846381734265629621714246602148286931018341343251923931106579019305276678253827961202417005447131955154339267920,
    "2": 0.00016381111546781544059091335854516216647812490267380311941478347677577574882210387106522212633768000531293539756536045,
    "3": 0.000040278059576402190594574414262777082911848568936561223090912427703520722873404904772780724972901305972645290229605,
    "4": 0.000014625649809645334801137103836228775474531683414683855444174316017650945127697339095837816189089129193268034907827,
    "5": 0.0000315005703267362074487695747683419340150913069008854081265494100957711199150062874420973460064538015031054733049263,
    "6": 0.000378164096811461478787900049690615333554755345915848050627173735330682669778575853834829455927559369089717738253347,
    "7": 0.00000988361183071234532084010775875877850550688658473772100354111649700941100230146462573584895995266162017678528417802,
    "8": 0.0000847207965638682317038753872038698035332228554156831425864334925778441799377393281825571300941815123733932420941,
    "9": 0.00008997430007452475643439739043957353390426791791397420284195225425360558410469182296051781179072738865507463640412981,
    "10": 0.000037119773590153348856693364796939809129279704269714624199374010722180256236374519518522908616883152251224127702203,
    "11": 0.00001052374785184878057476776397105694401712320369602350593766004329513414807006144027901992710889074264308555752946,
    "12": 0.0000153704255704945198373345766603868937387349847190695660036482090275228660852170425303929077081824298347992131764,
    "13": 0.000650357139909757335582220380159783663385639518949797665837030122941660803381115111767453622621661057439016078507955
  },
  "setupType": "Multi Region Model Regional Bidder",
  "population": 0,
  "id": 3,
  "worldId": 10,
  "implementation": "org.spectrumauctions.sats.core.model.mrvm.MRVMRegionalBidder"
}