{
  "regionsOfInterest": [
    1,
    3,
    6,
    10,
    12,
    13
  ],
  "alpha": 93.202689616980734399476204998791217803955078125,
  "beta": {
    "0": 0.100147854166455274604885516964714042842388153076171875,
    "1": 0.061372591621124905625350720583810470998287200927734375,
    "2": 0.0984222626716216575371021235696389339864253997802734375,
    "3": 0.1138948636719387952354054505121894180774688720703125,
    "4": 0.08561257871440897115888901680591516196727752685546875,
    "5": 0.060336113945726486951226519295232719741761684417724609375,
    "6": 0.0560372902246567827777568027158849872648715972900390625,
    "7": 0.053377910503699756150641775320764281786978244781494140625,
    "8": 0.06049696906289266096212742240822990424931049346923828125,
    "9": 0.081940243502050258417312988967751152813434600830078125,
    "10": 0.1173166076151256620452301149271079339087009429931640625,
    "11": 0.081302428500380774512024117939290590584278106689453125,
    "12": 0.0644901995428939500687448571625282056629657745361328125,
    "13": 0.062259114995619042887131655561461229808628559112548828125
  },
  "zLow": {
    "0": 0.00000313794352185461992174618421995960800630163960378924786899667,
    "1": 0.00000248194490680341806233630360321603314590799229547306422384416,
    "2": 0.00000219237061545641393619419665728574583095328018706272731604040,
    "3": 8.5117494127684857280617095315513283422913951974329457358410E-7,
    "4": 3.3244919134567535504127016881114866040315536683175607662478E-7,
    "5": 0.00000114197586245563092895310970594794452336614866288388909038929,
    "6": 0.00001517052092736545923663875302178337198155020413723865933038373,
    "7": 3.0029804761112790680234744351459271637801891630386060891401E-7,
    "8": 0.00000345842756181757531379468851028666478878690165253442062037872,
    "9": 0.00000163378569189633693436075085715820763387460156032072917662406,
    "10": 6.6954854655362848659218915575943428891562999943905601138105E-7,
    "11": 2.7263524709210894758782473716652762314378926468427775117455E-7,
    "12": 5.7006328492968008632583317314158820965368402792851498523139E-7,
    "13": 0.00002483200612693331485043563917676897286149714132366657068983149
  },
  "zHigh": {
    "0": 0.000125564136676565551229731588496872799271944481559447246701497124194664174018870141244667751503890987842754186416956,
    "1": 0.000089690686323240250884826248001957029305308437651050976531691555287383650216923141244382857540190923234895224244050,
    "2": 0.0000873489261224920189555288955786580466464033814260785890573855477795024351311304928411313225849896492946841798135903,
    "3": 0.0000352296936280751749689488264135534311715140062848267694150575435358051293993473378415488132710273011061340777512,
    "4": 0.00001281965899663258475603980470356916308198747166794958963514478135036471546184156841036015431532895923465917478958,
    "5": 0.000041149514449708150448480360481843665111706129309851249181846065182241055614687444472956447639956154276754551286576184,
    "6": 0.0005401271162275645370822885996912683519777700549566761802037266168884077962605017824226356798010767114941484950063113,
    "7": 0.000010611869659316092580272726324166268133716666236546399044733106898099950628252782085418367903016332161724821552459466,
    "8": 0.00012467526537588057436596788381294735551261587553575553428635490317690147526117895216889906853036543384474170814108852,
    "9": 0.000062400850499305258833468468961421388515213939594299939412777463627802551727702633193200287546607204329557687427602,
    "10": 0.0000279413728081398276533419670210698797364591912859995208929338175770920279010080001520110145911470167314233376617681,
    "11": 0.000010395648181102251745498886191787762180522234341580335442596407346925121445850257860784206571195550959884111625995,
    "12": 0.0000207782480476096704215878525517043975524769704611377597956908368242095236946867286831325671317708835978344878977168,
    "13": 0.000899562056310865234786659319777382222787481689026753393096378379670176039257133360329716472978369332405696050257612100
  },
  "setupType": "Multi Region Model Local Bidder",
  "population": 0,
  "id": 1,
  "worldId": 79,
  "implementation": "org.spectrumauctions.sats.core.model.mrvm.MRVMLocalBidder"
}