{
  "regionsOfInterest": [
    1,
    2,
    11,
    13
  ],
  "alpha": 74.536339165820436392095871269702911376953125,
  "beta": {
    "0": 0.052621387388920116967572226940319524146616458892822265625,
    "1": 0.0909373153315876370239578818654990755021572113037109375,
    "2": 0.08614816736844270461670447502910974435508251190185546875,
    "3": 0.099993975590552064414140431836131028831005096435546875,
    "4": 0.0881952740995753103891985347217996604740619659423828125,
    "5": 0.0954819278621546196905711667568539269268512725830078125,
    "6": 0.0734991068695458604764780830009840428829193115234375,
    "7": 0.0996543763760866785350600594028946943581104278564453125,
    "8": 0.11771596538953056632070826026392751373350620269775390625,
    "9": 0.0759333382275040602582549809085321612656116485595703125,
    "10": 0.058678591872926740002913703619924490340054035186767578125,
    "11": 0.06519681102476704293025022707297466695308685302734375,
    "12": 0.0594761166366124249815783286976511590182781219482421875,
    "13": 0.10798339818141722279420946506434120237827301025390625
  },
  "zLow": {
    "0": 0.00000597206432218545628702694610975542337229449989105636753764174,
    "1": 0.00000167503725655365395734030826522387007093335587929222429507233,
    "2": 0.00000250473205849110817095389197216198730024991126302726353960335,
    "3": 9.6950294580403681069256954192325394755214427635258889180779E-7,
    "4": 3.2271380584960724384917497208135395480791481111568680008746E-7,
    "5": 7.2162750902836025915428521603457349829987292661599179542776E-7,
    "6": 0.00001156632944635481292583664810405929516001973184904033489384279,
    "7": 1.6084875439217521141438085621592574405647299692413360959801E-7,
    "8": 0.00000177736626056792435489042789021250757804501100565159264806420,
    "9": 0.00000176303058115336497461231045846731256545243914846405432338382,
    "10": 0.00000133863410160581783881394168761764724929273271484761007820245,
    "11": 3.3998453812364260465610640671662922966400311666069733613233E-7,
    "12": 6.1812198032044569776402683703175068953039371618735690387286E-7,
    "13": 0.00001431718904077526082980609527934215886356750478096245340873475
  },
  "zHigh": {
    "0": 0.000210587760686490642188154445190747260251730290177460836760849304201393668818944693935871875723008713784191813515261326,
    "1": 0.0000654834568157473277349463878621921370560693451656257786685368013235498423640527592099702995455709954394279945951532,
    "2": 0.00009671976941353284599831975502494529072530231370501467576427413856603229370349507188021625945342113459017638474509008,
    "3": 0.000038779533763890822105540784076597064571204148983105598961767964336167960481730851760195395755310618966606156357753,
    "4": 0.0000125275974317505414202769488016753219141302549964675113390251762536119135787881493109415260752666705809731374101893,
    "5": 0.0000285390638468900303545156257844425343597178572218143303330002157900577829778223457307949492259072246704391974898277,
    "6": 0.0004320013717972451477582254521595460473318558863107264471074985334106383258412280166260966886312140844209839467206,
    "7": 0.0000064283908627475117186337287052062589640702886551545890652533827320159869619588435585962271180567065226072542462490,
    "8": 0.00007424342633839104559884006521072263919035915612927069511691919049681273152340498800600856858934179037938895789575696,
    "9": 0.0000662781971770161000410152570006945364625490672385996938155702654815563256626362310699686783144908811361105284957174,
    "10": 0.000048013939459705508219994542976816268547772272748256142897575792523552704005814619558752767328194752928872336456865762,
    "11": 0.00001241612691204826145754733627829081037612864990087292299132992816333752709756529694259217525772959998799883145271,
    "12": 0.0000222200089093326387647336624684092719487782611089030173549350862696625234021385363609801434091105974567714673598646,
    "13": 0.00058411754372612361416777300285457780284959259274562987466347612685841083060181965374897689125093478222187586198530
  },
  "setupType": "Multi Region Model Local Bidder",
  "population": 0,
  "id": 2,
  "worldId": 79,
  "implementation": "org.spectrumauctions.sats.core.model.mrvm.MRVMLocalBidder"
}