{
  "homeId": 7,
  "distanceDiscounts": {
    "0": 1,
    "1": 0.42045,
    "2": 0.17678,
    "3": 0.07433,
    "4": 0.03125,
    "5": 0.01314,
    "6": 0.00552,
    "7": 0.00232
  },
  "alpha": 710.0970403438324183298391290009021759033203125,
  "beta": {
    "0": 0.0918375975140869604818050220274017192423343658447265625,
    "1": 0.09821960726709465239192553553948528133332729339599609375,
    "2": 0.05607031802595884018014515959293930791318416595458984375,
    "3": 0.04068052063875517154745153902695165015757083892822265625,
    "4": 0.04923440068147343084969946858109324239194393157958984375,
    "5": 0.06842859527515943174336143783875741064548492431640625,
    "6": 0.04265954306049402067202436228399164974689483642578125,
    "7": 0.058487497941040356153052925947122275829315185546875,
    "8": 0.052863539295303844933737735800605150870978832244873046875,
    "9": 0.0766462032901567280607224574850988574326038360595703125,
    "10": 0.07286183546557156720524517368176020681858062744140625,
    "11": 0.0815109420369852788468278959044255316257476806640625,
    "12": 0.0812812045883733735873732939580804668366909027099609375,
    "13": 0.07219500528265065941724287768010981380939483642578125
  },
  "zLow": {
    "0": 0.00000342189167308155554702683806953529039110568775145527910108086,
    "1": 0.00000155084504438258108795187476109605136750954347062593825737411,
    "2": 0.00000384834764960843216732260023584407380711866175068709977139704,
    "3": 0.00000238306817060106556469980799225923182921923528915783339197305,
    "4": 5.7808833191165937161819132569475662018400337223322321712463E-7,
    "5": 0.00000100692386689113851857219786311827812085788020667305013220843,
    "6": 0.00001992789474703207962294335328414099151369064353589033371229556,
    "7": 2.7406339600954094466872869538908454243685536673149733747253E-7,
    "8": 0.00000395782022926564977540755471606898561654833259593934457952549,
    "9": 0.00000174663312307009071165548463440407722006730800411249749259069,
    "10": 0.00000107805634614331834967178538453515861277662582581847592818695,
    "11": 2.7193781754273109943724763148283248854051039455680918740486E-7,
    "12": 4.5230007580930219538067805585819825653380807303527895680339E-7,
    "13": 0.00002141448316231628636673352343525814326211202271544874056089012
  },
  "zHigh": {
    "0": 0.0001340825812133736199881512039841432708160659259894281836640228090639135192184666139053599345504807490874185278651749,
    "1": 0.00006175769045061514165329338273835757595335497290563719753759029830095596147362395591510228509010291867085034523316608,
    "2": 0.00013702823714705256588938100293540788593136482833480976271808495873577422052440750981166016220417114288161086793127478,
    "3": 0.00008118649050780168472575793758667640102121687936726293396672596719262717746124288730628714328009446302030984977103020,
    "4": 0.00002018883321361210525334743941007740187541291182999360385014008216101014064636641632157853515450329259050098189617965,
    "5": 0.00003709795458277337813705300519695367303645807562352608043642005008116225476168043043855919768939218118626266069974,
    "6": 0.00068284833081756314867142660756199693794198323691622641166108172300348795884189587513629739696000031195474393932353,
    "7": 0.000009824830111268483716264163880401022915481759749375500901488769949906937789612364908090013318473779376424810766,
    "8": 0.000139657045399322808214353869986416980345458803837903253060757906044789334635571567557423873752805955124871017837358854,
    "9": 0.0000657862734345178721523104822787974761009951329080529888917761965926636490619924044674811976940100296702898730413743,
    "10": 0.00004019660679583052354572985388434160945228906607738211839711067110937073717253501437182503540154070802242999040339,
    "11": 0.0000103747252946209163009815730212769081424238682377562785295056623567085058454349178705880808174498209345936090078,
    "12": 0.0000172453517739983336932331990332026989588806918143406789428509068299991839498425092295248757193445754017857174084884,
    "13": 0.00079703636737235438027559584753205733480592813078021848922813715191934926543680427817213941417452774624673890151920
  },
  "setupType": "Multi Region Model Regional Bidder",
  "population": 0,
  "id": 4,
  "worldId": 79,
  "implementation": "org.spectrumauctions.sats.core.model.mrvm.MRVMRegionalBidder"
}