{
  "gammaValues": {
    "1": 0.95077,
    "2": 0.80309
  },
  "alpha": 795.9285820384883436418022029101848602294921875,
  "beta": {
    "0": 0.1070143806368173133858334722390281967818737030029296875,
    "1": 0.085447307509047387696909936494193971157073974609375,
    "2": 0.194933546115357125838585261590196751058101654052734375,
    "3": 0.1342384123547795404807203567543183453381061553955078125,
    "4": 0.1224007337026642161514899953544954769313335418701171875,
    "5": 0.193897118850731853267888027403387241065502166748046875,
    "6": 0.198586640656702562157676084098056890070438385009765625,
    "7": 0.1890797858594550628907882128260098397731781005859375,
    "8": 0.163720585150307906818767378354095853865146636962890625,
    "9": 0.206527641395652938882676608045585453510284423828125,
    "10": 0.208908065339676429772453047917224466800689697265625,
    "11": 0.1866913240535207629822167518796049989759922027587890625,
    "12": 0.16993279164487518073656246997416019439697265625,
    "13": 0.0996344511838225532773805070974049158394336700439453125
  },
  "zLow": {
    "0": 0.00000340805310262799386600768900818024146650384116630854244504,
    "1": 0.00000206885446942922719887951369751363480135730666509731450609,
    "2": 0.00000128464301164089143120675436611752734084293370892912625156,
    "3": 8.3812324519768753456132102190711015170969940947839464023E-7,
    "4": 2.6986127180710924432131177510585444421275226503837113410E-7,
    "5": 4.1240567066037309262354469294582836826738155598275124463E-7,
    "6": 0.00000496808840383368128582749192677493299042592988773720787726,
    "7": 9.838541016019472974551611555709072666367581785796180856E-8,
    "8": 0.00000148310103053047280568133927062655737345467896890628624196,
    "9": 7.5227369801712799574956111449646366145014583394444954159E-7,
    "10": 4.3636316704206805630783690649406113971820032461862077333E-7,
    "11": 1.3779171602853736631931687945773886649060265431240632677E-7,
    "12": 2.5107375867728420704924962964414470069308636734432400438E-7,
    "13": 0.00001800806050690137668315254997500190730565293479555899774651
  },
  "zHigh": {
    "0": 0.0001387126622743516514708735871390746445642816831309379646304069921012393256242866821440816495005760564948201355488,
    "1": 0.000079743438486955441408728669610084099520855024126055441397998814760906550634942790442942951234604124619039061,
    "2": 0.000063581292124373840019969146148157163466298801611090477803027617908112982338526732287622790981199027748667606653,
    "3": 0.0000363945307352279440877548855186079679230037451482425610751224608494640418083474979896482481119001485963424424898,
    "4": 0.0000113989599209257038436384784526048281014344419792087728897169183742634390110574504960646472743142432891842985488,
    "5": 0.000020368597253686206775060125915228668982228865667337619390328261188049346402338102830842058696355407535744156435,
    "6": 0.000247702250775295465495502666666166886519733405824022123184540397128728603211129631337752407289149001772711065883,
    "7": 0.0000048118315332842692858836281580956698904555284405081943003505173081393698038677528599296572088554451261266062,
    "8": 0.000068774447771461552127693414937202060477989268684126444261082504712873344312399161733037362098558278600575702968,
    "9": 0.000038104742194060152074669908003925761131567580066823434131043771737151457334223756669819802421934326806412752,
    "10": 0.000022206873512487291079898255294155397421597092313097059075544227597099057444777709390305904723685299336809652,
    "11": 0.0000067062032717535590371897604183185183151049042690085293086697096337681875635035305571101587676596748925533631469,
    "12": 0.00001179877923239878712240974756834680711062071560527226303943861926947840531172740218365808651606629809089,
    "13": 0.0007196641377560601043868040394866779256389427075652466349044012371415438801746637641911394506363607068037075256147
  },
  "setupType": "Multi Region Model National Bidder",
  "population": 0,
  "id": 2,
  "worldId": 64,
  "implementation": "org.spectrumauctions.sats.core.model.mrvm.MRVMNationalBidder"
}