{
  "regionsOfInterest": [
    3,
    5,
    7,
    8,
    9,
    10,
    12
  ],
  "alpha": 85.870933615669173377682454884052276611328125,
  "beta": {
    "0": 0.07035479647808572101208568483343697153031826019287109375,
    "1": 0.09254826096359079767861288701169542036950588226318359375,
    "2": 0.0587072002492734779099947672875714488327503204345703125,
    "3": 0.0727338292655653473328669633701792918145656585693359375,
    "4": 0.1018089954460553447912474211989319883286952972412109375,
    "5": 0.06285687770771146432036147189137409441173076629638671875,
    "6": 0.0601529424389510014581361474483856000006198883056640625,
    "7": 0.11698149759208649467456808679344248957931995391845703125,
    "8": 0.077416413221091662233419583571958355605602264404296875,
    "9": 0.10405061926697822816123562006396241486072540283203125,
    "10": 0.1181435516831324250563994837648351676762104034423828125,
    "11": 0.11797285787182065774914008216001093387603759765625,
    "12": 0.057718190657538408216975511777491192333400249481201171875,
    "13": 0.0716317150269227820302830878063105046749114990234375
  },
  "zLow": {
    "0": 0.0000044650551284558848515209274210515984498679152032916432046571,
    "1": 0.0000016452507703631047827294331313076191038019759866059196852365,
    "2": 0.0000036740893497836324513206339969917167440292759470672764192169,
    "3": 0.0000013323559975614101621809044713255634533388121928199630272544,
    "4": 2.794540915549932970436874967545078787171590426122806613156E-7,
    "5": 0.0000010957594396675164863633107050966455963802319779473579374147,
    "6": 0.0000141271484666482442302298751406484330355391455889962110238077,
    "7": 1.369716433639395496542324497776305708470662217916168360815E-7,
    "8": 0.0000027015500613659261447895661790868070871433245192774713144370,
    "9": 0.0000012861198308015428698641124973002569569787584142699545421176,
    "10": 6.646076112451026739861193357823063454378573746215709702154E-7,
    "11": 1.878179886454278793546801436420504511927019879412857681257E-7,
    "12": 6.367043966174935043064197800317182354046274851774454730578E-7,
    "13": 0.0000215746205342063536226542049787804922624067392395525699818478
  },
  "zHigh": {
    "0": 0.0001653654583362712129631065939733170638288929678530092109268447993842808597678620942264148787704143021191168452325493,
    "1": 0.0000645840328755044852853653518600246184559317660004253304572736610056953374650628009781712993385529685262812113630319,
    "2": 0.000131792230412656043281499826496653612512980699643152976277513772636335912583567035624085580627238603168436550831327,
    "3": 0.000049661415291600665565262385284560875055153022276010883237188961182735441033842545664893667492233035209612230912234,
    "4": 0.000011228716780100183507874790348188946589798318929256192539250158473869096732479084890462193424999915924470624022237,
    "5": 0.0000397603848996506468177760882571104369983992497504692153472651429534069536083129359118782284153361451218418823407443,
    "6": 0.000508793408853528000583483416089066965600046546354745689208169711980869227226199555108548485529897855248246645159022,
    "7": 0.0000057114640977544689421497712685933541137055076231373914663630265079492109143841911403306703521095168530037668669408,
    "8": 0.00010196093342979479196635859989806691950565509437939990026218320112191882967331651943445645365355554181188196242605,
    "9": 0.0000519657514086904656354055163878005199405654834045968324194657354942614185904528848142009984274403348592597222048,
    "10": 0.000027790138704166977264095904900830110732384298054332697333309435224205025038909117943712208214308099558634750153312,
    "11": 0.0000078502821473866653119304433229316033504744635256467382359749202603404388954104403589579020008157571271301875,
    "12": 0.00002277607447417094941538662151721881812268227893808507181286704377276164748382515512140665975674675651038031575412520,
    "13": 0.000801781323018217216671195237784856302386270452556200755369412140704418411335398415570400972413688314995023198877
  },
  "setupType": "Multi Region Model Local Bidder",
  "population": 0,
  "id": 0,
  "worldId": 13,
  "implementation": "org.spectrumauctions.sats.core.model.mrvm.MRVMLocalBidder"
}