{
  "homeId": 10,
  "distanceDiscounts": {
    "0": 1,
    "1": 0.42045,
    "2": 0.17678,
    "3": 0.07433,
    "4": 0.03125,
    "5": 0.01314,
    "6": 0.00552,
    "7": 0.00232
  },
  "alpha": 512.962202504690367277362383902072906494140625,
  "beta": {
    "0": 0.0825278208127963874840560265511157922446727752685546875,
    "1": 0.057530237969842301648526472490630112588405609130859375,
    "2": 0.0525352416410818090497514276648871600627899169921875,
    "3": 0.070291557894175460408092703801230527460575103759765625,
    "4": 0.07413141653566478195269695561364642344415187835693359375,
    "5": 0.05866886919774516595538216279237531125545501708984375,
    "6": 0.061940806630224005957519040066472371108829975128173828125,
    "7": 0.09645210611549122348140627991597284562885761260986328125,
    "8": 0.042276265881758638698340035944056580774486064910888671875,
    "9": 0.07477054355962221843245885111173265613615512847900390625,
    "10": 0.06145765003676097182339077562573947943747043609619140625,
    "11": 0.049631515668205221369913004991758498363196849822998046875,
    "12": 0.056538024306460321621869979935581795871257781982421875,
    "13": 0.0713873352584657172581472650563227944076061248779296875
  },
  "zLow": {
    "0": 0.0000038064502580109065685458535164484482143935101940825080608885,
    "1": 0.0000026466968157846262035811816977028280807618497686560325484700,
    "2": 0.0000041057296483966278360747984691770314187748373937117554003077,
    "3": 0.0000013786485397503702219332049068448903741202846664774109027012,
    "4": 3.837905933015058216248606624906683725898431758461611589171E-7,
    "5": 0.0000011739789438262882005397792322083327231827757152317254786256,
    "6": 0.0000137193813702476401477476273563258692052543628771408077800020,
    "7": 1.661254337896654628306422009008528521888728242132491079016E-7,
    "8": 0.0000049470858299813006011424345408757916421749721378947636270024,
    "9": 0.0000017897631670917591351212687457278976587957384794072735898178,
    "10": 0.0000012776131795012121087006497752785147518065459614384548837321,
    "11": 4.464386102645804568524674216775664198087480594357311704562E-7,
    "12": 6.499948699527207736100561512909791017379028971677623630469E-7,
    "13": 0.0000216484767826796868202747360549681862045754605252242239595753
  },
  "zHigh": {
    "0": 0.000145607312222921864473854376835222556764660817576735156613787263826602085884216714210630035717885655307712850136575,
    "1": 0.00009462741423815012791091780885188088776472797946192871635427901318454615433898988132744917080750298679020237662275,
    "2": 0.000144741439371045904824124760662213052755347543042487345710239335321763402567018586347450672290912151542239022703,
    "3": 0.00005105019155726946735783139835014068267859719648573431950059129650643563689762310801742188812659525726713067987539,
    "4": 0.0000143588118324955592453099853202737614059788429262726074672970870816226916886697611521632935957974547729822204310655,
    "5": 0.0000421069700244137982430701440704610508024755618690002415835913957692840433362311948232150516481776682543043570585,
    "6": 0.00049656039596150987810901598255939005069150306499908359189399617612163586005001057177127004495435661042231466253533933,
    "7": 0.0000065860778105262463374420638022900225539597056957863596209650214692711089893840837583290869721178510880348702275064,
    "8": 0.00016932700648825602565694465075173645615660452293791866963914569032408138663131427966989385563395818633637551687700297,
    "9": 0.0000670750514973969535931202038406297409950748853587164038504723268864533538177570481381253427601634917569243496861948,
    "10": 0.0000461803057518502603055318180857163629234449556588392147388093894615469204000243371346290158576505508759541656065295,
    "11": 0.00001560890079596124263686406166399708240895584567048010030588860913790512066751430759021604053439975636797506221098748,
    "12": 0.00002317478867422776749449571265499664411268054129779457851253967035100056890963615136589644595171078311748681684233,
    "13": 0.000803997010472417212599811170070487120651332091126350374701236160716675737536557986577180758946133093943125579414838
  },
  "setupType": "Multi Region Model Regional Bidder",
  "population": 0,
  "id": 6,
  "worldId": 13,
  "implementation": "org.spectrumauctions.sats.core.model.mrvm.MRVMRegionalBidder"
}