{
  "gammaValues": {
    "1": 0.95744,
    "2": 0.82976
  },
  "alpha": 1193.464800757664079355890862643718719482421875,
  "beta": {
    "0": 0.11157888146810303331424307771158055402338504791259765625,
    "1": 0.12369060180172956886490709393910947255790233612060546875,
    "2": 0.14828853558544230484272929970757104456424713134765625,
    "3": 0.18211985106982908622086370087345130741596221923828125,
    "4": 0.206394348021906759438337530809803865849971771240234375,
    "5": 0.152903386364329707536313662785687483847141265869140625,
    "6": 0.194595707681624874307857453459291718900203704833984375,
    "7": 0.15385321130919038523643394000828266143798828125,
    "8": 0.11544585666239981502911859934101812541484832763671875,
    "9": 0.10828221037003193938375034122145734727382659912109375,
    "10": 0.1869688474453658211249518217300646938383579254150390625,
    "11": 0.08434268351643177397125583638626267202198505401611328125,
    "12": 0.15394136202956365533367488751537166535854339599609375,
    "13": 0.201659294669560396062735208033700473606586456298828125
  },
  "zLow": {
    "0": 0.0000028153898004054563752347740302567131838184487746478060675981,
    "1": 0.0000012310159011934267366456768328203980025384485905092889320654,
    "2": 0.0000014545662504515678114157346575730805200383596533836150953426,
    "3": 5.321075823328398217987632167043311778935179606688259282010E-7,
    "4": 1.378474779332816537562148362800354091206494204973824026010E-7,
    "5": 4.504544911264265217662197379704721702787766361388043930750E-7,
    "6": 0.0000043669490898079555902880806054667082556186970088832768020615,
    "7": 1.041456842662970504152791178628087603930772195925246807193E-7,
    "8": 0.0000018116225383451757846058102643201595963788494862816856974591,
    "9": 0.0000012358591904352009656327882621621104963120992241159608523527,
    "10": 4.199582162535555167925296517276737688930000996843402046913E-7,
    "11": 2.627071366056493213612361560908708832411462532872449436519E-7,
    "12": 2.387235325968072351095020847995335292538452733203778027025E-7,
    "13": 0.0000076635548708657744548599846247118022048602938519561418765113
  },
  "zHigh": {
    "0": 0.0001158754984947583586745219922494705058474089749936940968150763923770986938779886561335529701610372821654842584912991,
    "1": 0.0000521569868004141439028526629054079854180259441175264078621412586518797841146169939727984549152951538701116695034131,
    "2": 0.0000652065374326941040843528463140945257932532108326431365612863194686443476604908002809571867769763992454933100980,
    "3": 0.0000256539628347435553537981476459239067917941953114767702655879878668864935685077125450016140794714748239420768061,
    "4": 0.00000698051837144883420925061053395477250190303026580924477781176710935803524574168239072800954348841009778066134581,
    "5": 0.00002040123644341794787986335924332523421535558949621260901707506373865686197921087871087806692990000617162618485524,
    "6": 0.00021598742754831934138522958003361522220243308895135766255578350907689442184281179966676980237400203853201633671621,
    "7": 0.0000047266853248251939649811713111486998000858375571646268054964838560732673578382981247640337897852280597141,
    "8": 0.0000752631077391722811608459224550674947827208433895263317528477728544941945762426207498716265033088846635024823691,
    "9": 0.0000504579321977002085084657893336561261205657076999770217265193932972243791894865202646609397426686629576896793610,
    "10": 0.000020450656854420562548288214379191133436038579806215774367585876657640754437838772527458595864061080591203248374655,
    "11": 0.0000100969565861933085721271236963962163119277914860255135017593841731429999114040389158041397928446761598595519862731,
    "12": 0.0000108366485535503613394790906602532769381588125823730417022077757677231023082507819608183088896438860558059083863,
    "13": 0.00038444935311799984163736862716279560065987709092830791220931605907539137724030041459694025529179506911044688924933
  },
  "setupType": "Multi Region Model National Bidder",
  "population": 0,
  "id": 7,
  "worldId": 13,
  "implementation": "org.spectrumauctions.sats.core.model.mrvm.MRVMNationalBidder"
}