{
  "gammaValues": {
    "1": 0.98906,
    "2": 0.95623
  },
  "alpha": 1183.387618792913826837320812046527862548828125,
  "beta": {
    "0": 0.19980404129617534980667414856725372374057769775390625,
    "1": 0.146797367495989317109916783010703511536121368408203125,
    "2": 0.1682802215265993550641354659092030487954616546630859375,
    "3": 0.211869315767399812866500496966182254254817962646484375,
    "4": 0.1185501549906074758578000682973652146756649017333984375,
    "5": 0.08014911939256387507501955269617610611021518707275390625,
    "6": 0.214690099159408731566145434044301509857177734375,
    "7": 0.217898766080137529232985116323106922209262847900390625,
    "8": 0.086167887154529498872079784632660448551177978515625,
    "9": 0.175903083293496853567461357670254074037075042724609375,
    "10": 0.11989751042988931739596836223427089862525463104248046875,
    "11": 0.09997579412299088807980496085292543284595012664794921875,
    "12": 0.1079338687129710872003585109268897213041782379150390625,
    "13": 0.133147516841342461457742274433257989585399627685546875
  },
  "zLow": {
    "0": 0.000001682902533873257236971949053443658883004295635338420224480,
    "1": 0.000001110260256741564099837136210077712991771261315372784024797,
    "2": 0.000001371989235726671974313244681661438835396846841524200086798,
    "3": 4.89588678086565882232950491447076166000987179439624099155E-7,
    "4": 2.56884082657211419505300378853072901503207742658819480350E-7,
    "5": 9.19839311368082491959731501330543136006994252731251856439E-7,
    "6": 0.000004236840013007231195319111790825709150296374129985657588238,
    "7": 7.8711061333980909483832482539392804591026031361487839015E-8,
    "8": 0.000002598024951908350207163216139044786118520051712472283780451,
    "9": 8.14320462647005151533941824295606771991231594874968367722E-7,
    "10": 7.00983610441520713328122909516775869210941062957552465244E-7,
    "11": 2.37228640050327161759626013635423093842624735790680053379E-7,
    "12": 3.64447948073117646496879371881861866993368212312686805328E-7,
    "13": 0.000012423905513428171902812010091177114927673092803760613083108
  },
  "zHigh": {
    "0": 0.000084112148753742759553152499311809204031622846488672567450205544224206526227928698720144311932347585698070010036,
    "1": 0.0000496061359947552065824486846598692501886024845466067597494618435685622475379711601252703941799653612091903362491,
    "2": 0.00006424754232381956944145141295811659583500055656340293821023281397115366810026881923728274237602869370607699052068,
    "3": 0.0000250605421659636248786139049108134143728389263684850947544114184287773275004770460756433951756102121337394442124,
    "4": 0.00001075188726107958615536087558503853304377264873433456630603966966605767254959687339342379199290327061399208984695,
    "5": 0.000034967610419923892855480846176191404874763783532811970403621984895069252326956612204863088058366980361262318469491,
    "6": 0.0002180659606417242403956855831021827244745712624562122927253848435350122313390642802640997030368816070112059,
    "7": 0.0000040764361541726736867845719257887826196937398431397827493237942764510666509850927820551263111734399308544367050,
    "8": 0.0001003273806453195711031787980590863115668651156762687968165250037473497177435642541552002304009145605319077173,
    "9": 0.0000387537618962696585914380550487262577198496946105533296057603041452659739402260519507919841563319207040312441869,
    "10": 0.000029434127287654991393836936275362415915929827527625306650034134242464557337782905238045768704743779454731761120916,
    "11": 0.000009488571369284676760232697659462832208008301222272153389885868358779165910181137837878835040362501793110068473106,
    "12": 0.00001486706614019708781201591441892304580489876243093581797043971926250590047899662219774883877041463104796423948758,
    "13": 0.0005381383822612876549710089048463715505438836478280961702710147413147034603941357916929766802956895134390056022607
  },
  "setupType": "Multi Region Model National Bidder",
  "population": 0,
  "id": 2,
  "worldId": 47,
  "implementation": "org.spectrumauctions.sats.core.model.mrvm.MRVMNationalBidder"
}