{
  "homeId": 0,
  "distanceDiscounts": {
    "0": 1,
    "1": 0.42045,
    "2": 0.17678,
    "3": 0.07433,
    "4": 0.03125,
    "5": 0.01314,
    "6": 0.00552,
    "7": 0.00232
  },
  "alpha": 708.4595947507128812503651715815067291259765625,
  "beta": {
    "0": 0.08905702448058860909441136755049228668212890625,
    "1": 0.050276371620856664945709013636587769724428653717041015625,
    "2": 0.057242703096236857707168610431835986673831939697265625,
    "3": 0.047197682836214567558830168536587734706699848175048828125,
    "4": 0.06475448096688442289892151393360109068453311920166015625,
    "5": 0.08452671026712010871051461435854434967041015625,
    "6": 0.055530138510266065232645615878936951048672199249267578125,
    "7": 0.053574407265291688895469945919103338383138179779052734375,
    "8": 0.0421928208080142030933501473555224947631359100341796875,
    "9": 0.04493003189933543473078003671616897918283939361572265625,
    "10": 0.041781990222111424493345310793301905505359172821044921875,
    "11": 0.0652299689988606046231467416873783804476261138916015625,
    "12": 0.0724873723377537360068600946760852821171283721923828125,
    "13": 0.0775381726685288874545420867434586398303508758544921875
  },
  "zLow": {
    "0": 0.000003775678890425331954763046731783782877578862924900385499914,
    "1": 0.000003241747120380318024876255522052661175885669212295500343589,
    "2": 0.000004033328966524155861105198155308652446786574237773220768968,
    "3": 0.000002197752347157090374414649827284291639921151414374226958034,
    "4": 4.70294060872891482753667332818055090235727198513745782304E-7,
    "5": 8.72201349796196511042147690954764662319906825896146149228E-7,
    "6": 0.000016380431004091777515272456605297748129222381542483084087994,
    "7": 3.20135005070673164015371291756597617500502396148232892971E-7,
    "8": 0.000005305791757780957753953802289422856823808011735214317174087,
    "9": 0.000003188101012025182685471339630464740640097617744740049341445,
    "10": 0.000002011541080195257458796991198747279219241846844829215238015,
    "11": 3.63592410693356217695613404004451776495697761237243896697E-7,
    "12": 5.42663855943747545851242444594623309423661122524067070623E-7,
    "13": 0.000021334164988077348465417679810710899508797421314298441530168
  },
  "zHigh": {
    "0": 0.000146895439450305001086885429662012923868859865175531525713226273062395325119736721944704224522899574291954,
    "1": 0.0001135507419039178243336222640191176957120347214542882493132394829166323381966983179662043405815090649118880077557072,
    "2": 0.0001440877342477440860452100171675330041766923784508735586753354795755958930342469593505313732546944032279516433924,
    "3": 0.0000763054522380793596440648849859298785904438534165231805207618951580808549314791320230229934022360729855796443015444,
    "4": 0.000017154186607549988052811884203987998705748232409982355364657626422610746544984181250795078088037432272726395662640,
    "5": 0.000033538471572767313427953331864918050664151160727758799187281083919067639951561770816544441570424170976079,
    "6": 0.0005823736903742606299942859275363438938423514848311350877180403246949764946319552888309114945991252340981386712067182,
    "7": 0.0000113191544662734413227307362023049270069780307867421343680037798987292789664896026899674102734956011354174196117649,
    "8": 0.00018156038482149779750689638257042843272550391635852979862562769335970698264629984479706666448892088213230912746578,
    "9": 0.000109967178377614984609559989233800273763041279106505758817456463601336603376318377110205121656402183461289372974312,
    "10": 0.0000687508513802670937579029849522775164168570009837751898331466934587401287175168418236557564467922977467271502979212,
    "11": 0.00001327948448857554843831231937053369268760049198566906868945177157209473689377552732753839306100739989815784844219,
    "12": 0.00002021354337631598479264680660030588907780754973727722592930060567581035691586653621766872459624052660514377149738,
    "13": 0.00080544616650076295184917899643238508797761350314423102368281511403591968594747888354599034566683064345167854084954
  },
  "setupType": "Multi Region Model Regional Bidder",
  "population": 0,
  "id": 1,
  "worldId": 47,
  "implementation": "org.spectrumauctions.sats.core.model.mrvm.MRVMRegionalBidder"
}