m,evef,gwef,geef,owef,oeef
5,0,0,0,0,0
6,0,0,0.00555555555555555577,0,0.00555555555555555577
7,0,0,0,0,0
8,0,0.00624999999999999688,0.00833333333333333495,0,0.00625000000000000035
9,0,0.00185185185185185127,0.0111111111111111098,0,0.00925925925925925875
10,0,0.00333333333333333528,0.0250000000000000049,0,0.0100000000000000019
