{
  "gammaValues": {
    "1": 0.97332,
    "2": 0.89328
  },
  "alpha": 887.1717204101322522546979598701000213623046875,
  "beta": {
    "0": 0.0950452400445394030015222597285173833370208740234375,
    "1": 0.215831233940407873905797941915807314217090606689453125,
    "2": 0.201397845877217263055314333541900850832462310791015625,
    "3": 0.1253603985269442500083414415712468326091766357421875,
    "4": 0.11152974983209958115271120959732797928154468536376953125,
    "5": 0.15496651862416810363498598235310055315494537353515625,
    "6": 0.114656280923369935376143757821409963071346282958984375,
    "7": 0.15538522128490861451410864901845343410968780517578125,
    "8": 0.081021272416745448996522327433922328054904937744140625,
    "9": 0.20910298212609601531397629514685831964015960693359375,
    "10": 0.1354329490268980917822005949346930719912052154541015625,
    "11": 0.175408217830777257706387217695009894669055938720703125,
    "12": 0.189391843452332120367742618327611126005649566650390625,
    "13": 0.103819676537464655741160868274164386093616485595703125
  },
  "zLow": {
    "0": 0.000003031009805521111139633474472031665130049269745513911419699,
    "1": 6.46968667600005008792729377334415890334260511850621650101E-7,
    "2": 9.82162704515113827180965552569500917590727837495690532407E-7,
    "3": 7.08913989543586826922970743774440272821201803654152856864E-7,
    "4": 2.33939239440298945544472531580343743545530056210452938217E-7,
    "5": 4.07593571161637435362300921906747339325631937681558815510E-7,
    "6": 0.000006796897360242169810528222277744240002532160067129777166753,
    "7": 9.4566063160376786273246945180898705274600253909911228494E-8,
    "8": 0.000002367250316508747147096670610494785143751836073249121016290,
    "9": 5.86898573955385408236107424979311513881412239008078558460E-7,
    "10": 5.31677369020722894417639449303396681984578715123909759539E-7,
    "11": 1.15842127862791090759888902276597949377968050587703175643E-7,
    "12": 1.77945275872292563712086268302960840789722528628262091870E-7,
    "13": 0.000013651048841714796284382940965867868041000262639443751239243
  },
  "zHigh": {
    "0": 0.00011973859961994400424528498130572331242093752661741749413231738064615175742574635389921132815021113668046690441,
    "1": 0.0000333726646128892163673117048849947520061098238904854542868960313964345459362927316471580389567724156048504855343,
    "2": 0.0000492454264344819922407992122120687995530058577112658105731016762247721641636203346311224408200287025430357564225,
    "3": 0.00003015439371135860815879785183598738805888836927535463489967843377475409807831729348926970130071848142334330511,
    "4": 0.000009627295668277786869833802058815783297408242436974491906017706911136226016559276595440035754137041112653211483620,
    "5": 0.000018544142808500230551100706749685598488149880614630847826888464351982271084393341247193496498293659283300536864,
    "6": 0.0002818376181215888709047031921516871663183742331057635947614648236841850765378034013819395824699292592398938012540,
    "7": 0.000004306398759833082729538896738803850284875485189073228251596095058446185179158091077471513117420673179952724729,
    "8": 0.0000901972727725106233153741963737249469025681785768498204967611277230740375211529254509767493022829156918840131445,
    "9": 0.000029879181420623981786151877777451644957109334157521717947204980587555102130009471028838492665600639289744710814,
    "10": 0.00002315098447235557186985267226900648705469709202685916302228871285141693516200256649734882957399095498483378266865,
    "11": 0.0000055072299556974538414366211287809801336159232731088089354554700193265798280430075132959033177713642184118522861,
    "12": 0.0000087084966592775054334989826492207492832601078378290335125458447280058752507150992408687456776600408988155247195,
    "13": 0.0005512562127658400586183538886523413233032168145551763364604320560770570642623771866681817389040770830858872391036
  },
  "setupType": "Multi Region Model National Bidder",
  "population": 0,
  "id": 8,
  "worldId": 43,
  "implementation": "org.spectrumauctions.sats.core.model.mrvm.MRVMNationalBidder"
}