{
  "regionsOfInterest": [
    0,
    4,
    5,
    6,
    7,
    9,
    13
  ],
  "alpha": 68.7931378448298573857755400240421295166015625,
  "beta": {
    "0": 0.1031788383838156686334031064689042977988719940185546875,
    "1": 0.076965245699351758634776388134923763573169708251953125,
    "2": 0.1190652882159356773517089322922402061522006988525390625,
    "3": 0.10190068868889567976765420098672620952129364013671875,
    "4": 0.0744020836706028865226159041412756778299808502197265625,
    "5": 0.0523817532067691882247117973747663199901580810546875,
    "6": 0.05740327454762718384362329970826976932585239410400390625,
    "7": 0.0963820502078733543083188806122052483260631561279296875,
    "8": 0.07084184460663427163051863999498891644179821014404296875,
    "9": 0.06310710104258888952788453252651379443705081939697265625,
    "10": 0.0511173493568579939694274116845917887985706329345703125,
    "11": 0.08832935945570029312445825553368194960057735443115234375,
    "12": 0.0763316740609109867232717760998639278113842010498046875,
    "13": 0.06295769065257512953071028505291906185448169708251953125
  },
  "zLow": {
    "0": 0.000002792074993822517849388970004307017764979889058214190250729,
    "1": 0.000001814274021736368581540672611493055053848368033282639399459,
    "2": 0.000001661319230433874908466553757668944517807090419063296413067,
    "3": 8.72121095489655365173097773774087913138588577341934397685E-7,
    "4": 3.50678147216959063779177631753961581336173751163281625117E-7,
    "5": 0.000001205827466048780547843620495811389390232656640028008915392,
    "6": 0.000013576002053622411735750077675978176801566019844963159379155,
    "7": 1.52457523143841977712305295478774410199260894847968236078E-7,
    "8": 0.000002707405966593371602131792579068393966531707472450148747426,
    "9": 0.000001944666130944646377770805366257137745411864135775108765681,
    "10": 0.000001408653518292773391618952202766745223368838051068601534406,
    "11": 2.30044249424542742261261350106891745104137576873006320157E-7,
    "12": 4.41512442190044551059719255984905783825426515716237761465E-7,
    "13": 0.000022511109611133626892967527751807064425496795225484808079720
  },
  "zHigh": {
    "0": 0.00011257055526898620553794984727398389146885610599842585906321411000086101421479137516576767259992445426161268111923,
    "1": 0.0000683918252369801235497500019097539269115330495334459867676550766031547116702640627717587826708224291508707613820,
    "2": 0.00006962012221204482467936685836505210755949673515829398699289064468568062614620197045219203479685061955584635819734,
    "3": 0.000035050606889740664306301662735976817268409972485988081124317933472219466682017070363041727044254291722635649175,
    "4": 0.00001312946290157759041687495506402431843112755328555935251301948094661161438349013229963633078851269946892640709592,
    "5": 0.00004249115965511452392554029396682486001536062168502435082336162506860701015965586230135482452170632152594087811,
    "6": 0.000485210758922996128661358854098705270289390026440765061133520884208682914677066423965620379809891266381529890350536,
    "7": 0.00000604314255933703847271064724774012143261530441721493847913221474733323148602795514955313501183687276387260252844,
    "8": 0.000100401942275049356966427855430933211585964320552880652430850031269084717678970595618028165924905684124262537824439,
    "9": 0.000070612208130301810872192816015786431903022891060532624163821731985904979523780152416623272359751750045815846884293,
    "10": 0.00004946026895051708678589205487290694329622487210519991626829609599799253617111039653226699238688076727945250126851,
    "11": 0.000008933293602550003386477794563689794005401009061667903270873703829986688481962052845985939116947166066136259485285,
    "12": 0.00001661551164881006505392797227967909757433122745046830360036772236987892914316476048724149991193706978762839036601,
    "13": 0.000817058035848404976875891492230517214838112792136408041674762668950599704682101342649097915372765308897911468276616
  },
  "setupType": "Multi Region Model Local Bidder",
  "population": 0,
  "id": 2,
  "worldId": 43,
  "implementation": "org.spectrumauctions.sats.core.model.mrvm.MRVMLocalBidder"
}