{
  "homeId": 7,
  "distanceDiscounts": {
    "0": 1,
    "1": 0.42045,
    "2": 0.17678,
    "3": 0.07433,
    "4": 0.03125,
    "5": 0.01314,
    "6": 0.00552,
    "7": 0.00232
  },
  "alpha": 606.264519301938207718194462358951568603515625,
  "beta": {
    "0": 0.09006611469788265711411412439701962284743785858154296875,
    "1": 0.063856949099016790949434607682633213698863983154296875,
    "2": 0.060545646041799162928587207943564862944185733795166015625,
    "3": 0.09460622529377039902076518274043337441980838775634765625,
    "4": 0.0929739636623009013671747879925533197820186614990234375,
    "5": 0.05002428638344739997290133715068805031478404998779296875,
    "6": 0.09269649824459147424704497097991406917572021484375,
    "7": 0.0730578511040657352371141541880206204950809478759765625,
    "8": 0.0771781552799044867629874033809755928814411163330078125,
    "9": 0.0838018709342204515255758678904385305941104888916015625,
    "10": 0.0731546748625163945067839676994481123983860015869140625,
    "11": 0.06961955654993791375861889036968932487070560455322265625,
    "12": 0.0710690639170508398070325029038940556347370147705078125,
    "13": 0.0981246889035256308897459120998973958194255828857421875
  },
  "zLow": {
    "0": 0.000003198573131631703178465780588565247161198168443726524843044,
    "1": 0.000002186700865278899538232396140567599707525163320187996784153,
    "2": 0.000003267046698184142870009192585163314114135053641542529845262,
    "3": 9.39364613423191932663726593653943706851281477812453101542E-7,
    "4": 2.80628939790674355377515882352093338740204360009849956603E-7,
    "5": 0.000001262653828829255997215227924714052771593715319971133469651,
    "6": 0.000008407081042985436402035089780807659121215435588332545106030,
    "7": 2.01130589363858906178212314891217985656633463747883210684E-7,
    "8": 0.000002485128493637655285657150928045584822520924928822118025192,
    "9": 0.000001464433200017144605981056970235863678064257794133910680803,
    "10": 9.84306664648088171262546566529044379644418774432716260433E-7,
    "11": 2.91867144881366414282451507745526317348597590815423967099E-7,
    "12": 4.74206102818833848839858235797244964121471224471264826370E-7,
    "13": 0.000014443332162177584675601684282177968785074796797232239707390
  },
  "zHigh": {
    "0": 0.000124765499403261765410254164801730773355404487563795896832671381397389037968159797443598101540056934487052279479135,
    "1": 0.0000795646305432560522505017077819902665218369081406067083084622317982484615553536969852207875117827802080346609568,
    "2": 0.0001177919462445528635256460231898831954493356318326709899587569720610234380446901881569772929825047891764515589845941,
    "3": 0.000037067912427746761331020527332372491079790759500103642240014640956592020873052540201629500938943839746757589704324,
    "4": 0.00001102798667878904916482510258196827115324847155095640245759941473466723346119457238695134803380533251607248050398,
    "5": 0.000044195950538528787406688516833904761456192382083318087451109421430491231834269466077401462452373850743392498446376,
    "6": 0.000330143128603886868649909217243589739878872498741846632939759031152653239350541042788683710542485302914261898,
    "7": 0.00000750333454593754632668785783011342869633648148421238771730757599122445057740761387344902710597436617971731868543,
    "8": 0.00009373361808637786747218860590024893726564084424403973076383284079907715945726328274709417252093803925991399709058,
    "9": 0.00005620522020247675771850036413514820988259470081129668161747196554657895580734253369054960427172463613066336180068,
    "10": 0.00003672986334117653017519988578577591798449229380612335804910297232789306626118285402710900462203031240154433417782,
    "11": 0.000010787980466254713547113499292848831172734809479940432679120985537922331287207540296414677919771875022296732011223,
    "12": 0.00001759632146767374398733214167404927298321256871311911554753563320962444249414591430624770816566703341894104796077,
    "13": 0.00057502471237972371035491618814164434562545283928883099050486742330557717625727626265193626058416854397752361644390
  },
  "setupType": "Multi Region Model Regional Bidder",
  "population": 0,
  "id": 4,
  "worldId": 43,
  "implementation": "org.spectrumauctions.sats.core.model.mrvm.MRVMRegionalBidder"
}