{
  "gammaValues": {
    "1": 0.94882,
    "2": 0.79529
  },
  "alpha": 1145.60680112304771682829596102237701416015625,
  "beta": {
    "0": 0.138043299842368460961239406969980336725711822509765625,
    "1": 0.119559921202167129816729129743180237710475921630859375,
    "2": 0.144011754294877947213393554193316958844661712646484375,
    "3": 0.215583981172712768614729839100618846714496612548828125,
    "4": 0.1747407728030028473131807231766288168728351593017578125,
    "5": 0.21160944585842977883061166721745394170284271240234375,
    "6": 0.09897358337303331643486359325834200717508792877197265625,
    "7": 0.08419102136386047430249846001970581710338592529296875,
    "8": 0.148588651215524947257762278240988962352275848388671875,
    "9": 0.10742674770724176813718742096170899458229541778564453125,
    "10": 0.10054028632834455248001859217765741050243377685546875,
    "11": 0.1284822783507195698149416784872300922870635986328125,
    "12": 0.1069437506255415393230379095257376320660114288330078125,
    "13": 0.218810345409575834896287460651365108788013458251953125
  },
  "zLow": {
    "0": 0.000002086903564838485615120573509602806163300371082737872787315,
    "1": 0.000001167916844080017958551751226256661864342440215227157615460,
    "2": 0.000001373536861340221188888307345993657338712069990005253190411,
    "3": 4.12227939047628055712670763081511658082999195871903128854E-7,
    "4": 1.49313662931447324487518761694736361572718639038491213589E-7,
    "5": 2.98490251606104605741935504052291745893359230513954833707E-7,
    "6": 0.000007873888633556036621149509374481954471723760020816744399138,
    "7": 1.74533678439555738308938949602692951764401495294820562841E-7,
    "8": 0.000001290795974009370034632318018462552867695566742030950464159,
    "9": 0.000001142380688597829898926192293393227027763157282989659835968,
    "10": 7.16196826635041836305723421281367952349463346337680928988E-7,
    "11": 1.58151470062434568917760479273175068346362013124154291711E-7,
    "12": 3.15131867303692004988315158017238825609968734188639452615E-7,
    "13": 0.000006477058808581993377284486754251821785464216124898421512236
  },
  "zHigh": {
    "0": 0.0000914154123994652385098979524328575434184705667341363351608012168432691703522319833406846172223922976886675754084,
    "1": 0.0000490011099072896048600823603526621312263552149917815332476642116202626321582284174067827289438968455404411153422,
    "2": 0.0000609866511392352130920194660147934921866461222865526903132267619627297152890457929939987053411101776513778162189,
    "3": 0.0000212538121964798450224888524151995296167422910418871430593909175226410253999911121967696121844695530732641009354,
    "4": 0.00000708852837301223823812518896224756183822389992181564016715596318127024539160392178636003486385362271058596034258,
    "5": 0.000015271043221834245662489744214051930685181699399602728372790294944123227735678529770158665585144376099545544135,
    "6": 0.000314147356321004875223341805053818600394122231716372611733014586197241612752678034226268715631208920233881000501226,
    "7": 0.000006705427218208451290609656871457677679569522430620508282016908496396672709735938520409277033794448157773851919,
    "8": 0.0000579036424975293099414436186127579786208800986403047039328270237714799200414131728101554592545162679968388227978,
    "9": 0.000046543644859897316506854423829869110373561685476969156272434352517433140398976148540528121608470199742215679860013,
    "10": 0.000028686568200785140126495191428345625165643630963272298105759294226895082724956216771918677862743956446878215850,
    "11": 0.00000677651022168675818617276843867829370266774214920234241747968754235424426865032258902372172611362828713302190,
    "12": 0.00001282409440221948867178584934064908882786749400464035433487401393065990694611580533514942315334041677107224213369,
    "13": 0.0003360365117718559714054002623038599356371354191188164446502326858241832198955906388100858960714432182511927853003
  },
  "setupType": "Multi Region Model National Bidder",
  "population": 0,
  "id": 9,
  "worldId": 43,
  "implementation": "org.spectrumauctions.sats.core.model.mrvm.MRVMNationalBidder"
}