{
  "regionsOfInterest": [
    0,
    2,
    3,
    6,
    8,
    9,
    13
  ],
  "alpha": 94.7132210831190803901336039416491985321044921875,
  "beta": {
    "0": 0.10703127950946948743204956144836614839732646942138671875,
    "1": 0.07648841725351047948766591844105278141796588897705078125,
    "2": 0.054079587232899802018426527183692087419331073760986328125,
    "3": 0.0779651873669402750710588634319719858467578887939453125,
    "4": 0.0626730173033792359316151987513876520097255706787109375,
    "5": 0.0966239858684718455617002064172993414103984832763671875,
    "6": 0.082914840167488790267924514409969560801982879638671875,
    "7": 0.060323500450438043152256994972049142234027385711669921875,
    "8": 0.11722624242194022714524948014513938687741756439208984375,
    "9": 0.083738302338437431426854118399205617606639862060546875,
    "10": 0.107477436941530724023863285765401087701320648193359375,
    "11": 0.096774003629523652758592788813984952867031097412109375,
    "12": 0.09180543787281798817634381748575833626091480255126953125,
    "13": 0.116982765838931523916244259453378617763519287109375
  },
  "zLow": {
    "0": 0.00000298955668847302590755799117428199476805480260583779336532712,
    "1": 0.00000202769049269232040888594714548546614378099300671245816125138,
    "2": 0.00000406260584200016077842329865645492143930178490434080950636843,
    "3": 0.00000126605618995801107457980225236577159380397067079466210394163,
    "4": 4.6239485705125322719049652322670156350957661403047209437386E-7,
    "5": 7.2607260383037772031960104024604843802338031566808121741306E-7,
    "6": 0.00001043941329072838360225238906047581212671892105949730748410406,
    "7": 2.7055669323482705239840982067994775312961952065403331143082E-7,
    "8": 0.00000181726472013923410147445069657783226262150063227037492927855,
    "9": 0.00000162779206034736955444216702858978375592985250579951525731964,
    "10": 7.4414061018529861533285165026716357986603480873900959645747E-7,
    "11": 2.3321557501255768079905237330505120245792382359702923001343E-7,
    "12": 4.0773606259838528884690545794526700481064936385073815739308E-7,
    "13": 0.00001345623626155243563204700789085799590574545148007106854870236
  },
  "zHigh": {
    "0": 0.00012168430840752682058788728929797920449528034156967249597507455815085134405068926023649145967172723145613501011794482,
    "1": 0.00007634019842737225678532746672606354176061179864667594490346100087424332199501849138944406990973335894703864965386128,
    "2": 0.000143848579962538427863846054570240784068757538027070308125247882713152088652186627180546102578495652317620000544719521,
    "3": 0.0000478525165054554184550235240797237292050912573006559847757336415788169319808843925434731457717220044315037153433424,
    "4": 0.0000167698137992342729967081444316395222821638973017884431789889813430001712416635228817619593237137993050382068461436,
    "5": 0.0000287977810161104289748732975450860191034143648875346736617826875134740290455724638040414129185336045015823419755048,
    "6": 0.000399740627166161719368608712155032440719030486177161900758596382511464652364290394289098798233005460437963527800575,
    "7": 0.000009748793477666823287731940702907863485650794069594853017147576693077203915439290332429262655084433943753022147407369,
    "8": 0.00007582105306696514497150283874160479451666858988233030023095073556737378388327547533137485180810117260868385036548295,
    "9": 0.000062464616179768688678912419722125365984415463614623640492568056390641550810466982652161788916482489224536092855635,
    "10": 0.000030322050856241221215350429650026156188337562159998235887360557330660798239104224169789146133841982500347129411445,
    "11": 0.000009253387740649400694113715928379846882407854433864026177221686154773703102936437736520529294790261548516200397584,
    "12": 0.00001597532065428990734550994527132967140048028230741710512344660660017529298681865981419364750666286949476130936300092,
    "13": 0.000561101861412425859541669435795526066449903088182934027787235726152117120488336904434734660388726561603443765050
  },
  "setupType": "Multi Region Model Local Bidder",
  "population": 0,
  "id": 0,
  "worldId": 0,
  "implementation": "org.spectrumauctions.sats.core.model.mrvm.MRVMLocalBidder"
}