{
  "gammaValues": {
    "1": 0.92705,
    "2": 0.70819
  },
  "alpha": 1054.2677076024192501790821552276611328125,
  "beta": {
    "0": 0.1061062287220470301551955571994767524302005767822265625,
    "1": 0.208802002559459409791742245943169109523296356201171875,
    "2": 0.0924749968519612830508691558861755765974521636962890625,
    "3": 0.208113459827449609473859482022817246615886688232421875,
    "4": 0.195166576740485375740519202736322768032550811767578125,
    "5": 0.20082353796436980264417115904507227241992950439453125,
    "6": 0.10751192519071757491833096764821675606071949005126953125,
    "7": 0.1320073652342636238987694241586723364889621734619140625,
    "8": 0.1335064029863744783366286128512001596391201019287109375,
    "9": 0.119116840167599991051616825643577612936496734619140625,
    "10": 0.09627135067916869903825727305957116186618804931640625,
    "11": 0.201973234796990031014729538583196699619293212890625,
    "12": 0.15605835199079975961211630419711582362651824951171875,
    "13": 0.212151059423883958654499792828573845326900482177734375
  },
  "zLow": {
    "0": 0.00000301562011379709856774861182863238200287731533149061090950353,
    "1": 7.4278423848861762120479953442499985146903740265036470775056E-7,
    "2": 0.00000237582108142214429815987680546623577180768098019343833008701,
    "3": 4.7430045201781562037695025988759186269753834673530221517952E-7,
    "4": 1.4848690467887483155030192700728046178516062151076001418971E-7,
    "5": 3.4934166444392631954130542781362068604541890239630355659713E-7,
    "6": 0.00000805103510989714137541904628450311960006030727657638231239920,
    "7": 1.2363648632223350436424059387827050771782624161967201817739E-7,
    "8": 0.00000159566215449324141049746281072770102884545011791629625660039,
    "9": 0.00000114432638996876451505580713767661711288412691591835066661175,
    "10": 8.3075935823686771823660758652906801498310975785274718473363E-7,
    "11": 1.1174354327399744800730600213561938486690972788971648474568E-7,
    "12": 2.3986148313029904420380446133061671423040754582403604610165E-7,
    "13": 0.00000741993813244804569770749143656481990951064632311150222183812
  },
  "zHigh": {
    "0": 0.0001224662111672490003936059089284908215399557233392570223003669260713758441138636743369481882892883945842820161489091,
    "1": 0.000037793010801261173154893038394249552991253130524813141298436292771241757920375049397528111230655379853794841491245,
    "2": 0.0000932450371451979334559433990405802140439344203026491728368051108934386648263114829252287037692720836331929379669509,
    "3": 0.000024099844367249554828937964305378337271898287578875188112870420993884431507170667694018927123894169339716634789278,
    "4": 0.000007352575228062921127502306545056889230431417526197080773464546161227860172705471370171011740396152446884004141601,
    "5": 0.00001749585283451688695152442917211318654407552248938134383730484246984651149515645461679339593731601885948834159972,
    "6": 0.00032808928174122445256360842887585166491927207268953414560745078526261847012999591337801742836800939730547338377868130,
    "7": 0.0000053411872702890168467068638988575461232969956985640142195447134036662808325883484519168757065853102597301676898274,
    "8": 0.0000691729760975853642421932021661008575033870744517079400506057761868892668101713928505981718999251058289754549887674,
    "9": 0.000047960646068410537497321622994730366693043695918188702771331435393390952571039900536056201672303922608528061147670,
    "10": 0.00003292061329778829430246310773788328924184981063341036353564528596279322361377778832423581505109169881808287904531,
    "11": 0.000005609226788492593710361324793296892354677431562644643819189263470456288151379738363296773949967282164600447872,
    "12": 0.00001093908327024732000621691537289016268307302776661604178470375063985851494855842995815736641198014282221037454389,
    "13": 0.000380012917539294161511483942166730786562858933474147037981308346115686990224559861586035593073109713399779032868504
  },
  "setupType": "Multi Region Model National Bidder",
  "population": 0,
  "id": 8,
  "worldId": 0,
  "implementation": "org.spectrumauctions.sats.core.model.mrvm.MRVMNationalBidder"
}