{
  "homeId": 10,
  "distanceDiscounts": {
    "0": 1,
    "1": 0.42045,
    "2": 0.17678,
    "3": 0.07433,
    "4": 0.03125,
    "5": 0.01314,
    "6": 0.00552,
    "7": 0.00232
  },
  "alpha": 769.301498627073442548862658441066741943359375,
  "beta": {
    "0": 0.04836672951893168648229703876495477743446826934814453125,
    "1": 0.04396071198837424309768806551801390014588832855224609375,
    "2": 0.098629918541389527408824733356595970690250396728515625,
    "3": 0.04635540813689749406467655035157804377377033233642578125,
    "4": 0.06928146316101269075460322710569016635417938232421875,
    "5": 0.07799360027708475417984601563148316927254199981689453125,
    "6": 0.043985096469373506644640059448647662065923213958740234375,
    "7": 0.06028023506899167494044178283729706890881061553955078125,
    "8": 0.0686356405901860366913780353570473380386829376220703125,
    "9": 0.06265819690210185088918848350658663548529148101806640625,
    "10": 0.088350741516949382603485219078720547258853912353515625,
    "11": 0.046982743780001771927157250274831312708556652069091796875,
    "12": 0.0970906079769469076978793964372016489505767822265625,
    "13": 0.058728511440275299460012092822580598294734954833984375
  },
  "zLow": {
    "0": 0.00000661562360564642936265710995392779748500250181907542541219273,
    "1": 0.00000352803286050149728164205174659478600122648619560136270267727,
    "2": 0.00000222755985480347320216314435355977627852546314717834139539686,
    "3": 0.00000212938062751263003358630921266853659268590779442715699935910,
    "4": 4.1828910006731394074014839873376818867973720624045644272281E-7,
    "5": 8.9951007214374572311840105537878420406437844269901147865181E-7,
    "6": 0.00001967899024720340393152345426477353279036153855613043053192310,
    "7": 2.7075088190251017308974553766148845911483101552100016925629E-7,
    "8": 0.00000310379728077225481455756549411043913164179868823585979274756,
    "9": 0.00000217543035760263937989219987293968461083132650892404175354864,
    "10": 9.0523660734052159538642224662807358507080799155648068300138E-7,
    "11": 4.8037221939203337683060105778345574259943665121229563352442E-7,
    "12": 3.8554077004308587457874121154709366952032978340463642055119E-7,
    "13": 0.00002680380784483831678020545627860051740249120702951050803259238
  },
  "zHigh": {
    "0": 0.00023046631592272892424086085268735328600371131796680145738104284032063740306403710289640028728260336831173875192881404,
    "1": 0.00012135046946164756296801060475934313748397659431334308114623778348795562636925092730356727714985130908016137513000605,
    "2": 0.000088797200346637800576041425483386429245467885312196264796100797805801016264679502953154995680857770728440585172259,
    "3": 0.00007375224963209398722521873288880667917154937100963083163825780416787634011294301717993480749786035960041407200004962,
    "4": 0.00001544664108971609440319770069685152103726871506808797362945767260977785919580666792830192350099546016271387732271,
    "5": 0.00003400090506551146905883729799906809208464430869846258149894520351096851714189794875558599205749143034188415347803765,
    "6": 0.000676927935860412329246740668283964060628309011076155592193167668509618699845087752201193981824521381158799310417959625,
    "7": 0.00000975461913769731690847201221235408466520713891560385875191174367839197019189102703516756429658221120312128571323421,
    "8": 0.0001144170298859557663639962826675830005872775315612948461350211308800477711816361789330656755389187622196385983035419,
    "9": 0.00007889376509742678344241340505262239163145968370835943537943808414881904511607283559977399051019441969350188489725241,
    "10": 0.000035154930770897910616957547540853456344480757644522368483677914071989978827924486925864349304800636515401070940578,
    "11": 0.000016668087072033671575060176462731983086653239262322018282551469707406749817423881025335693777010577711369148848599693,
    "12": 0.0000153094618776309249174650178793844713417706948940340530181899999166354605579152938593443200650093142962488311603,
    "13": 0.000961529008911002293986422887427801711352275754666117212303936183812655595415119822021485721778054520951937069587515
  },
  "setupType": "Multi Region Model Regional Bidder",
  "population": 0,
  "id": 3,
  "worldId": 0,
  "implementation": "org.spectrumauctions.sats.core.model.mrvm.MRVMRegionalBidder"
}