{
  "gammaValues": {
    "1": 0.95871,
    "2": 0.83485
  },
  "alpha": 872.440877313297050932305864989757537841796875,
  "beta": {
    "0": 0.127666744100286722041204257038771174848079681396484375,
    "1": 0.209654988954958543256879011096316389739513397216796875,
    "2": 0.0817717723953327035868454686351469717919826507568359375,
    "3": 0.145678399320618379153557953031850047409534454345703125,
    "4": 0.1799798066775161464736498828642652370035648345947265625,
    "5": 0.10003370796276488119413983213235042057931423187255859375,
    "6": 0.09882634015487246070819082888192497193813323974609375,
    "7": 0.163966144030325111646817504151840694248676300048828125,
    "8": 0.134054074355284547070965572856948710978031158447265625,
    "9": 0.181227872527746802777670609430060721933841705322265625,
    "10": 0.152633239677768595132789641866111196577548980712890625,
    "11": 0.11596084818399383931097901268003624863922595977783203125,
    "12": 0.1883724440417036960493391006821184419095516204833984375,
    "13": 0.1601064959114973096365730498291668482124805450439453125
  },
  "zLow": {
    "0": 0.00000250633851272973609982708745994009794646827012856420301766889,
    "1": 7.3976220284148073598654488917938271813386817300930696326984E-7,
    "2": 0.00000268679570699724880951239111631534910894632265180735135508160,
    "3": 6.7757683038449150629678213654525170578142813254848018212001E-7,
    "4": 1.6101629072694758320347381189140543496919428430254445521265E-7,
    "5": 7.0132388812483939862120119879621871815754311676688514390145E-7,
    "6": 0.00000875861924145559977916852798924533604419478796104819000830727,
    "7": 9.953839497013239646095585449553930620498860210270765745652E-8,
    "8": 0.00000158914315474875618705072688342533567803124863610453799413776,
    "9": 7.5213896070322499124652892509445471833822947549775019708381E-7,
    "10": 5.2399022438145671082373917410498385166734815933619252195664E-7,
    "11": 1.9462780116023630949383668802097107830610011601719321790489E-7,
    "12": 1.9871477462540299280470707683779740101443687347092052248899E-7,
    "13": 0.00000983187925447244608458464978188253393401232915006283191243290
  },
  "zHigh": {
    "0": 0.000107187763135228126355960177867722299847684367251464785545327669075617311236078799044363304330877208335676364921891,
    "1": 0.000037702349731847066598345399036881038991198053635581408964014648234157520490477614170214886617331634870210463312706,
    "2": 0.0001025742759124510687965188283660536141580936704510665635866430427192140217787249868662480846767523851011554804136402,
    "3": 0.000030198135718249831406532920605108132564414981153270527121085211649780133006115936642397528274241185882381254311479,
    "4": 0.0000077284568095051036770974630915806384259524274099506140041529008248542199101830934934036850548359896030232528548279,
    "5": 0.00002805531954494427932392130230159112750743924892049879145643437564288624632584136817592551956295010879707054272650951,
    "6": 0.00034931680568797820467609288001811815824330649322368837648469265184524799676864967109060718605042437188608931843923,
    "7": 0.000004618244529725983609608321717375610077911866513055083397918590273538311699313603470055599092998564190669271162603,
    "8": 0.000068977406105250807538791124347029896978961029997355192176727095558853965036969169378646869385274198626843473530961,
    "9": 0.000036195023190444351783043276617265494856666772705570688685493039088272484568696150398223590690549227348911884239838,
    "10": 0.000023717539282125964080077055365160764342376962677913723652335822248014439199302036205829263077123294680298968183806,
    "11": 0.00000809575452507975955495724536985744315785314320646894581396570555064867672233139604068800473318825460047175620978064,
    "12": 0.0000097046820151004384642439938381055832865939075960225760763239921345200203358701021670847626892043484918995869460223,
    "13": 0.0004523711512000261731177986925262622072979094182826869286991517332058344351388573282293433319902023823430716106935121
  },
  "setupType": "Multi Region Model National Bidder",
  "population": 0,
  "id": 7,
  "worldId": 0,
  "implementation": "org.spectrumauctions.sats.core.model.mrvm.MRVMNationalBidder"
}