{
  "homeId": 11,
  "distanceDiscounts": {
    "0": 1,
    "1": 0.42045,
    "2": 0.17678,
    "3": 0.07433,
    "4": 0.03125,
    "5": 0.01314,
    "6": 0.00552,
    "7": 0.00232
  },
  "alpha": 524.998240259819112907280214130878448486328125,
  "beta": {
    "0": 0.0866733270773863695435323961646645329892635345458984375,
    "1": 0.082632051045865739791196347141521982848644256591796875,
    "2": 0.05997323376137113359884978081026929430663585662841796875,
    "3": 0.0672400224531638224245710944160236977040767669677734375,
    "4": 0.05432992180709460272591826424104510806500911712646484375,
    "5": 0.06580282271461028453796160420097294263541698455810546875,
    "6": 0.0871703341054907154816788761308998800814151763916015625,
    "7": 0.057212781976060521349491949649745947681367397308349609375,
    "8": 0.0703011774009828227516294418819597922265529632568359375,
    "9": 0.0442360510019594865838143959990702569484710693359375,
    "10": 0.0944393980045944159140702822696766816079616546630859375,
    "11": 0.09538631157317112307936213255743496119976043701171875,
    "12": 0.0798693051129170938917667399437050335109233856201171875,
    "13": 0.074959164133291567022610024650930427014827728271484375
  },
  "zLow": {
    "0": 0.00000369174794972009627036536990040573759635403021341979519525169,
    "1": 0.00000187693315732825653072563955050284012860698563506513526180530,
    "2": 0.00000366336836028421419021581259698244642006337734430132990392070,
    "3": 0.00000146799933233077576061117246592097037590316227395960459241808,
    "4": 5.3340185137506469926774502535145421633048565609009542927926E-7,
    "5": 0.00000106615531245917420463734555909701140995506398147632689526994,
    "6": 0.00000992978050761630054883004575526199846439659276420694339401828,
    "7": 2.8526714210557465665494664174046272010690519303198593544627E-7,
    "8": 0.00000303026382350323206739798611795264484699290555994540169031477,
    "9": 0.00000308139041813289520967069254310071627283834160340252004626607,
    "10": 8.4687457985418049262390650242994152001432974515380911290815E-7,
    "11": 2.3660842452655063141607320798569713587840561445316440004778E-7,
    "12": 4.6867050753055350986087000139787086145947612821606379816341E-7,
    "13": 0.00002100007055654190051713687544135213126582289272432361195006455
  },
  "zHigh": {
    "0": 0.0001427500462449389314721086510816914893442571697971325508728115529544792242220024691071151663260099785791448966242461,
    "1": 0.000071817478366450340440518238876584761305391577497256257920078502687068877768417828629570879434912342221235184724190,
    "2": 0.00013187145551106003021762147278606653349160531122588592005181579614653742483784772560973056264408195286396589066908608,
    "3": 0.0000539108107766383590359646304863796926680670053956042594300271781030790270606374506392373386116181765196757756470828,
    "4": 0.00001890002362894861715902559949538210186679116856357714322615114076621137098790862419113787926384978372526536389977102,
    "5": 0.00003900026227497432350440563311061490826136487486178204399748909523694847194779260377539258311628580933115655971591695,
    "6": 0.0003844516436727992277659384129986180308493606373184509780560229657731808755932236116010470049893611570407210529523115,
    "7": 0.000010190106943789251415428045334723312494969364240933431737611280904692065357568749073450346796198623280293073009569722,
    "8": 0.0001122110261678850839492089013828491720478107377125811030620373854929171836929716316354532686811357350476428864533379,
    "9": 0.0001060725669133344583357681851574533414916701365427137841609609398203745544780069118101279728354265533213650645272,
    "10": 0.0000334040699463076775340820752149094943927864102524422213808808803819561237396200238132464515033394319993908957776844,
    "11": 0.00000935517322606918921262434096879922488502230815954808127825238659024952181834687828236044810811332351108318718683,
    "12": 0.0000178033540022549539759288815749077870999450852383768743465564796570922781955518633022359429535875628670759393284337,
    "13": 0.000787416890262109806094365462310350127252226325510510329828101327354122945697214664377038773493993688540534067751036
  },
  "setupType": "Multi Region Model Regional Bidder",
  "population": 0,
  "id": 6,
  "worldId": 0,
  "implementation": "org.spectrumauctions.sats.core.model.mrvm.MRVMRegionalBidder"
}