{
  "homeId": 4,
  "distanceDiscounts": {
    "0": 1,
    "1": 0.42045,
    "2": 0.17678,
    "3": 0.07433,
    "4": 0.03125,
    "5": 0.01314,
    "6": 0.00552,
    "7": 0.00232
  },
  "alpha": 766.774453794979081067140214145183563232421875,
  "beta": {
    "0": 0.050580561373732825514171196346069336868822574615478515625,
    "1": 0.0646488580611965513167405106287333182990550994873046875,
    "2": 0.0982916533558106930712483517709188163280487060546875,
    "3": 0.092328407118464850267258725580177269876003265380859375,
    "4": 0.048240412203573675153922550862262141890823841094970703125,
    "5": 0.0694259627415151625573486171560944058001041412353515625,
    "6": 0.0911354265988382206131745988386683166027069091796875,
    "7": 0.0644954001418384381683068795609869994223117828369140625,
    "8": 0.055409439623198546154281274311870220117270946502685546875,
    "9": 0.043088032522829854131796167848733603022992610931396484375,
    "10": 0.0756588906001910144194511076420894823968410491943359375,
    "11": 0.0722737614755595558779788234460284002125263214111328125,
    "12": 0.06374250151346662340845483640805468894541263580322265625,
    "13": 0.07217435734869803720670233815326355397701263427734375
  },
  "zLow": {
    "0": 0.00000644184282027497772966494969008607446338364008830274244713643,
    "1": 0.00000244293965880290222026047935361748551162693035674979567923106,
    "2": 0.00000227613320913252115193945889076679732346353412723198556642894,
    "3": 0.00000108866590938165063683693628912136649033922282295926912761996,
    "4": 6.1172868727011497274538634616442582740201577844542770273323E-7,
    "5": 0.00000102900941142074562461288662209176010574835251866954441002973,
    "6": 0.00000967157908130765720692990058219304331370767932198264918732443,
    "7": 2.5768689609068146421281794137710383733286000435695436289546E-7,
    "8": 0.00000391503402201578315096789615879436723751060335943388512274630,
    "9": 0.00000322138530148236934263558464860307511187051906478857687620032,
    "10": 0.00000107643695001655993068315146366713746799070813243032013313918,
    "11": 3.1798882659599799300839840308095460506164890911858450588224E-7,
    "12": 5.9799105392638092339897047128303532355888104645670103342736E-7,
    "13": 0.00002220950208530538725284923821017290349909883449965416719964723
  },
  "zHigh": {
    "0": 0.000225838487221335198546798913768104269598049280887085614123733773163998277092256576208396080776534160831738801295922623,
    "1": 0.0000890815156894887423897280618463792715503352110226378928837593088757423979536038211445380379133217830148796923244981,
    "2": 0.0000906564859123459080327358256999535497384725195220819251649093199199000697331507366010844476950973642157735285466,
    "3": 0.000042711456211187799332673703204069397947688755507883654336646860916506289158118870568441551730862989936970911943734,
    "4": 0.000021302865021169585046088397494201653120117483201983306658207038191537430343857478500118513615609344072499999423639517,
    "5": 0.0000380142792484188820112602332454753931832540836382582427899280535379274513728641531528926299283000207770241687053301,
    "6": 0.0003782897209851670346264376153839076309352242631727891102986908209171456440720233019215999666941840428960917404629,
    "7": 0.0000093925688301881283448777803293701907266649736167015025369257764422828934266104803481118127068371622961986507231417,
    "8": 0.000139144004787038664949593676743277394993498630452971614709107271741854507731069056018810463251307832861300268097982549,
    "9": 0.000110521874508354918773831581514249293740374365598596244985106469840527840687895252587107810020865107630876581200645854,
    "10": 0.0000404373110444274170167928713122881155722621716367757034149347800257986418302026438957115322582096465006267208118785,
    "11": 0.0000118378896584091625555840604281045476152406363060574423344434397951936854438948941755790091909395921261327061462260,
    "12": 0.00002175147618378561142438729815039111266715941249399091600908820271236982286755693550203426805582702213337711726516996,
    "13": 0.00082658071656331014339493127396566894502459552684110351061307292331521483611336271615642986417692456463326288514600
  },
  "setupType": "Multi Region Model Regional Bidder",
  "population": 0,
  "id": 3,
  "worldId": 71,
  "implementation": "org.spectrumauctions.sats.core.model.mrvm.MRVMRegionalBidder"
}