{
  "homeId": 10,
  "distanceDiscounts": {
    "0": 1,
    "1": 0.42045,
    "2": 0.17678,
    "3": 0.07433,
    "4": 0.03125,
    "5": 0.01314,
    "6": 0.00552,
    "7": 0.00232
  },
  "alpha": 604.89374843821497051976621150970458984375,
  "beta": {
    "0": 0.06857762570441251759323364467491046525537967681884765625,
    "1": 0.0860205514444972452192672562887310050427913665771484375,
    "2": 0.07098404868039669135537650390688213519752025604248046875,
    "3": 0.0830479206682474269118898746455670334398746490478515625,
    "4": 0.04099079381033461644268101053967257030308246612548828125,
    "5": 0.047456648497557339660968267480711801908910274505615234375,
    "6": 0.05045192734477373097679020474970457144081592559814453125,
    "7": 0.07586623418447778488538091323789558373391628265380859375,
    "8": 0.065506504893694306179696695835446007549762725830078125,
    "9": 0.0943518104389120260133694273463333956897258758544921875,
    "10": 0.0879466966267548333480164046704885549843311309814453125,
    "11": 0.05562548997607430489864555056556127965450286865234375,
    "12": 0.07243020501142971578900642271037213504314422607421875,
    "13": 0.08938179276510872794947459851755411364138126373291015625
  },
  "zLow": {
    "0": 0.00000475128765080435740747461092014885073996945443500061332810982,
    "1": 0.00000183599449901131487487075792285451847113894212047414272483323,
    "2": 0.00000315176297411572858201602851146589605323790660055593841871608,
    "3": 0.00000121032276893374001664112161493019415629115794298212644825555,
    "4": 7.1991882292411896967169521767679420751763141646396001687732E-7,
    "5": 0.00000150537324736790564246274859395458593847971777731080336909233,
    "6": 0.00001747056122228953929387492579694509878357537250447793813272691,
    "7": 2.1906477437992058312672970706066985489729183395786352601185E-7,
    "8": 0.00000331157709631572017265821056468238111889473308314962049082791,
    "9": 0.00000147112338378187593917163468111667950987112682086548242757274,
    "10": 9.2603848197898300257232732939551996125548806520994963733829E-7,
    "11": 4.1316038052298284375874359511787801691975024943030018919723E-7,
    "12": 5.2626450047914103727666963935302719658403525624263676042947E-7,
    "13": 0.00001793381504725444350017671745953809398871974428910135060662711
  },
  "zHigh": {
    "0": 0.00017512183213721658888108875066998755789562371128802174055293558129598054361973788152952293369229641473048879960968324,
    "1": 0.0000708731608957411220280364189234902603356955639343683042518244194387052382796104532750082163300066048604809173064938,
    "2": 0.00011692537886184213093503291432092651163170369372180051073352346012920368166724757450628344350823070661129835838571834,
    "3": 0.0000463611619977504807267992629783342279262468091085693739557143358498595478623164501725103796051872740577992278307068,
    "4": 0.00002454856909078970495387766363957270452358595234253927608252954204178604471719793451701545586235185513729282468162103,
    "5": 0.000052305194326833682546756092401360168165195041397496011561806266662471343788565008516014325589828403934178880280963244,
    "6": 0.00061225918521462349723478837182646929503125505864764777866076528634494803004313623398536097375442100905121664899436437,
    "7": 0.00000823390517886530191229513329987717125359792850472877743041753017427154810292491547436277970412347551474074297068411,
    "8": 0.000121040297016036775600303108919917811435022522164443675751555565304612609703532042453708684504019210791757895333949,
    "9": 0.0000580140169773401166699130824896574256803925982809034115262792242984661874767756422420687574167785591295923652057936,
    "10": 0.0000359253570033001091734681472841395903702055696201645885409080140445627577971564111119939999669436041801778481829374,
    "11": 0.00001469303627621870807809441618921224997098367651540891283389290486277217194580727351911835136394066729577004628175,
    "12": 0.00001959967958036841484071827319249086885791403878756898781915141759417669093323912397075129832880681374837398272837,
    "13": 0.00069831010542178183081475565144662465971322282052451901282246927485427898820079706902963015439060662299502757133348762
  },
  "setupType": "Multi Region Model Regional Bidder",
  "population": 0,
  "id": 5,
  "worldId": 71,
  "implementation": "org.spectrumauctions.sats.core.model.mrvm.MRVMRegionalBidder"
}