{
  "regionsOfInterest": [
    0,
    1,
    6,
    8,
    10
  ],
  "alpha": 92.9987988459198362534152693115174770355224609375,
  "beta": {
    "0": 0.08120918574502111741963972235680557787418365478515625,
    "1": 0.06647686846694877971231107949279248714447021484375,
    "2": 0.0824240059792560042506437412157538346946239471435546875,
    "3": 0.11768799975703070348487244700663723051548004150390625,
    "4": 0.052097075159318884107761959967319853603839874267578125,
    "5": 0.1148589202759800753650409887995920144021511077880859375,
    "6": 0.06253872907023431959583348316300543956458568572998046875,
    "7": 0.05938195889178941866415328831863007508218288421630859375,
    "8": 0.07254797657154628265363527361841988749802112579345703125,
    "9": 0.08413665571167845691480380310167674906551837921142578125,
    "10": 0.1014776075434473956438097275167820043861865997314453125,
    "11": 0.09360118272171218112287505164204048924148082733154296875,
    "12": 0.117253278555313145137262154094059951603412628173828125,
    "13": 0.07159021295470270607186336064842180348932743072509765625
  },
  "zLow": {
    "0": 0.00000401225579522369754895976249394571932743648919155824492012113,
    "1": 0.00000237576262083612755543153829411950583331716632011368683441069,
    "2": 0.00000271431719103786970775012778713544257235522085345900768993258,
    "3": 8.5407849147659619093217733048363791455083971392325446783745E-7,
    "4": 5.6644339323112150379789246851347911784912835447137504641583E-7,
    "5": 6.2198015518786875781548734823248872102534975912911655659092E-7,
    "6": 0.00001409404218095778251666833702115147146474691848612356507162325,
    "7": 2.7987657842279085872445386795946204125816150453581105770972E-7,
    "8": 0.00000299015701770423720967806002648187821640284651540480112103829,
    "9": 0.00000164973463069999382138682723094421649439119405814838112903200,
    "10": 8.0256154447114829753784152404872255953843071501846226043122E-7,
    "11": 2.4553374152996845183501319407868134706674704073883824056159E-7,
    "12": 3.2508639527687310048292410248479610687882189750352566884131E-7,
    "13": 0.00002239072177443758078460207324706256043038342834580939096351906
  },
  "zHigh": {
    "0": 0.00015295087646979679312564329788389361551963475398475068831327474402034439295360059648086463299294826737379615906052,
    "1": 0.00008706620455048550244485983006143988120104228992355462753914802766059696935244403315268013065472877987789178105,
    "2": 0.0001038020053695063647070558925910129072052231213088925888700184734576890521890491830945546908369936156848773301017347,
    "3": 0.00003567383367403616595553093444493754067403726223680321454317145144165958234956047112654939320540713964826635921670,
    "4": 0.000019944306199999780977663581164673251833530860482761726968684997386708533074120745768654678415513246151452656510999,
    "5": 0.0000258034015614325760073382550296972516415640008520454071867638245238917458089778672132925121831399538530595792624970,
    "6": 0.00051096361397467079391859070855266047546640143809701658682765544696382929403876772947561053883683590378764903544365897,
    "7": 0.00001005825930015141018022685812684093684442401862206720338135354004255231621644960029149623983304804423008859115109360,
    "8": 0.00011139769465769228671089859277390272436026592513209909465786698253702901563697149393952699986615874625358106126196790,
    "9": 0.00006337235438488365313636885898448353521599461539939037257005700699686722982484185061628679995939469168692096718234979,
    "10": 0.0000322210488780650680224335731237356683186938491144199672336961334952518514453979485157354846681308059229661968223471,
    "11": 0.00000966423710642827632038250415803634987539358025466505437482393442876076061594850268460861024513307765569054621638337,
    "12": 0.000013564336424300376736905907086443936166757638025395655071506486487911118118481377438379442531298541231554328097823,
    "13": 0.00083201730723727594934751632507235865296313334222576022352922765298718501186574398804933784825458200560802323102958299
  },
  "setupType": "Multi Region Model Local Bidder",
  "population": 0,
  "id": 1,
  "worldId": 71,
  "implementation": "org.spectrumauctions.sats.core.model.mrvm.MRVMLocalBidder"
}