{
  "gammaValues": {
    "1": 0.98771,
    "2": 0.95083
  },
  "alpha": 929.9314446138101857286528684198856353759765625,
  "beta": {
    "0": 0.090410660494326167135881178182899020612239837646484375,
    "1": 0.1350594527219155238650927230992238037288188934326171875,
    "2": 0.147726807060581777353291954568703658878803253173828125,
    "3": 0.1729283970420692762015590915325446985661983489990234375,
    "4": 0.1610759633843039939637975521691259928047657012939453125,
    "5": 0.2186147369802518003467639573500491678714752197265625,
    "6": 0.1662533004872008834951202516094781458377838134765625,
    "7": 0.1070138967775669802673377262181020341813564300537109375,
    "8": 0.1527134176791944686346624848738429136574268341064453125,
    "9": 0.164277958567119963806391069738310761749744415283203125,
    "10": 0.21442940552845513035862268225173465907573699951171875,
    "11": 0.1431062419316277978253992841928265988826751708984375,
    "12": 0.1968053238619965894518060167683870531618595123291015625,
    "13": 0.1862285150670301703268449955430696718394756317138671875
  },
  "zLow": {
    "0": 0.00000360391157800806751676352068140608560349579394278758842124974,
    "1": 0.00000116936101895213439215559746627630936608910837033342857177098,
    "2": 0.00000151445022630154490730364043468869604577318944436633305062740,
    "3": 5.8125091666078415634792596579640693013150114081508616821996E-7,
    "4": 1.8320575839273209230960552665861936144524584341814359793097E-7,
    "5": 3.2678478150545973411456374833441696374801471878540970252203E-7,
    "6": 0.00000530169014916627254613425490065580355636038152786813124638733,
    "7": 1.5530337624487633730185596954628789509715129374960980401451E-7,
    "8": 0.00000142050282524196313819181940010079117860986794017531806604505,
    "9": 8.4492865536874080511724805802331112688097355808527728981040E-7,
    "10": 3.7980810159219837934455431775548988954550400971155447961651E-7,
    "11": 1.6059571053701843447563777303142516339079059629787247794910E-7,
    "12": 1.9368096813615911826271470247707631904097882329734224938963E-7,
    "13": 0.00000860747098512021648177002796605156225085630998810315261240981
  },
  "zHigh": {
    "0": 0.000140700549953327892159756043507704603801413896521630993347133118513986043903696300478615109542849494319457198798361,
    "1": 0.0000508741564939657075465816052261439871842005514301468796599569085688708461232983715154941250673784355472050008309024,
    "2": 0.000067805996427416620693661272017610511407762179036112349690863193858629305743615214885940443228787777926679673362198,
    "3": 0.0000274890064295618049180033935043206111414571050435581655546468642488438699841982842713398981807948191641256341043220,
    "4": 0.0000084471771548480986330149729090274591414143851511647835141390628645221654078247971572594894814710646337056029215488,
    "5": 0.0000169475403509603052963105470327550989232439496417342015646970946298937593140368850243355191612945838938132259558,
    "6": 0.0002471930530209254948025682449377904382148053293493535720705778630138233798025782650704610062501818490917844402073,
    "7": 0.0000063210632348139745375489211744457124595937122984811657704971942165271108884979800176229106841430701930914475630757,
    "8": 0.0000643080688838240645663113739824701132264765678752146030080697999052287229150592616630579682751776503374197972846619,
    "9": 0.000039228175124946062648281483796856374190688000397497257393409071654614451416404893549964491189000916594074094436568,
    "10": 0.00001953844559169657047663495693493868821890604795521273380925463596037994862330273988637544672450792433719740015217,
    "11": 0.0000071160961766397757996012415266186643651148869214360814964491007310652149636292854065281682385110810775850319529,
    "12": 0.0000096221736100789572702996250862123425316223457992101524879561883831742296695562359398942833572614478671841319867733,
    "13": 0.0004185197835577550202625549666420287075773197914945730729959501137141519787640458871674141258853912890277356378383577
  },
  "setupType": "Multi Region Model National Bidder",
  "population": 0,
  "id": 8,
  "worldId": 71,
  "implementation": "org.spectrumauctions.sats.core.model.mrvm.MRVMNationalBidder"
}