{
  "regionsOfInterest": [
    9,
    10,
    12,
    13
  ],
  "alpha": 90.4445748673442295739732799120247364044189453125,
  "beta": {
    "0": 0.09115650210172050738055560259454068727791309356689453125,
    "1": 0.09305732724333293237606312686693854629993438720703125,
    "2": 0.11791100679283635088712145488898386247456073760986328125,
    "3": 0.1036164843769894761127403626232990063726902008056640625,
    "4": 0.0542732794212155977842115817111334763467311859130859375,
    "5": 0.09571269981691184203231870242234435863792896270751953125,
    "6": 0.095967200263348984012878872817964293062686920166015625,
    "7": 0.07977874023538646108821836833158158697187900543212890625,
    "8": 0.06198915517532314900517320666040177457034587860107421875,
    "9": 0.1053925624450653686370316108877887018024921417236328125,
    "10": 0.11311397441017066733959239854812039993703365325927734375,
    "11": 0.0785320505637930599274199039427912794053554534912109375,
    "12": 0.052979968412958260148837297265345114283263683319091796875,
    "13": 0.119932595260893670729984705758397467434406280517578125
  },
  "zLow": {
    "0": 0.00000357442440877411467713579885295683627924482079815683480076345,
    "1": 0.00000169716092147200417741735303708216039001788003843977436630693,
    "2": 0.00000189740468230227236185949402729863719921288512840001520456550,
    "3": 9.7006562133181697127258721941365447231955035316603551480272E-7,
    "4": 5.4373062297624470500017861439639254423196755124777593870634E-7,
    "5": 7.4640010358732072965683140836550961476533015969601872527608E-7,
    "6": 0.00000918463269784477920244121606255761933755869767154122604257984,
    "7": 2.0832140775400570684371906966978636508021866069105298411604E-7,
    "8": 0.00000349948052449032026278870578807858790958173657378686928601592,
    "9": 0.00000131701091062462679777628143240894556881736151383245611612797,
    "10": 7.1999968053446200655870916390770087885096963073600066553113E-7,
    "11": 2.9264801364919556482174819413331587010636736778733575942331E-7,
    "12": 7.1946901445525910441734070001655946447332462751203558032524E-7,
    "13": 0.00001336547863868464177719915190141307601726354962118802558261552
  },
  "zHigh": {
    "0": 0.00013981593487630930697092438865422712407388470218270838473254438957621117978275811664108845381643643879652666130545271,
    "1": 0.00006670815356956180110443427235031951790206370147333725349603522491580959604615420765160367188328305420345713813222,
    "2": 0.00007929463010743844433033687979590874601095304955712281430900617889450519167107105876158929347284884704100654094648753,
    "3": 0.0000391534475696927893657432311128380374070985814140866459521294935284002379024491913023436900156416456398115217705355,
    "4": 0.0000192629230923534770137321655411606546250160363860537537374001543975834681262425685603148103923286494021520426044213,
    "5": 0.00002953600001341613516257857683368787845376341286905247224731879624704335729117766877206887241442447561717271975548467,
    "6": 0.000363681329481280694491777079794844911650754813659546415956353057100264151818091708919228848438414780486728464654825,
    "7": 0.00000791160418008785562380481417815066655908573330672446117354327410769463575376642666121121404670896456400862121068590,
    "8": 0.00012667739986127477830421796562180401515563262688356113960719580875719983762757930883895218321519695169789521023798850,
    "9": 0.0000533906427826226424280524850284254074487796390699126221829362089912828640195957032683459065805885933562839917992765,
    "10": 0.00002974419295996447929305960231950501789807001658594611938669317354858641574222930421754112959861059488683963452768460,
    "11": 0.0000110776652700050897099845541596753855665821900661199799406755744348870921406607638379732463014074291611682831439773,
    "12": 0.000025395814999651956854938405012396836894592719925650952416024428749947711272270985822725785366809914378694780646085941,
    "13": 0.000561260013164687779125428684702874120569536980487119262102121434177165282317149587675219070445461275954931408689395
  },
  "setupType": "Multi Region Model Local Bidder",
  "population": 0,
  "id": 2,
  "worldId": 71,
  "implementation": "org.spectrumauctions.sats.core.model.mrvm.MRVMLocalBidder"
}