{
  "homeId": 1,
  "distanceDiscounts": {
    "0": 1,
    "1": 0.42045,
    "2": 0.17678,
    "3": 0.07433,
    "4": 0.03125,
    "5": 0.01314,
    "6": 0.00552,
    "7": 0.00232
  },
  "alpha": 562.68572089713552486500702798366546630859375,
  "beta": {
    "0": 0.07761169317558536118184520091745071113109588623046875,
    "1": 0.068032851772148961178032777752378024160861968994140625,
    "2": 0.0640098343725616636401554160329396836459636688232421875,
    "3": 0.09585961991863400921687343725352548062801361083984375,
    "4": 0.044913009526869253351666344542536535300314426422119140625,
    "5": 0.09295263870606527978335265061105019412934780120849609375,
    "6": 0.0411745463062034577905734522573766298592090606689453125,
    "7": 0.0943895652402161611238540217527770437300205230712890625,
    "8": 0.052150818311865687615380693387123756110668182373046875,
    "9": 0.09930770123326448928224863266223110258579254150390625,
    "10": 0.053599788323818571555978707010581274516880512237548828125,
    "11": 0.06492664757450515577996696947593591175973415374755859375,
    "12": 0.041519495040578092981409241701840073801577091217041015625,
    "13": 0.0711739484207953576611060952927800826728343963623046875
  },
  "zLow": {
    "0": 0.000003988450504058654324443743043218592109700720287037217317239,
    "1": 0.000002205426141332876112069691678357273641813779436806476838510,
    "2": 0.000003320513178136156244216841328228257845698333229145715491977,
    "3": 9.96166332847045029986410423958835322243128347470372970882E-7,
    "4": 6.24216574798631690751623703954919348063030356032850972318E-7,
    "5": 7.30158475735427783806047934390746718564114113105115884277E-7,
    "6": 0.000020337304521308161732813633736936544040492658919003713645873,
    "7": 1.67276404936750782588180786498483340136632631510257411210E-7,
    "8": 0.000003951807371654548044425464220714417425389393198478825962091,
    "9": 0.000001327865243857636648983686303976163554253251895900238131461,
    "10": 0.000001443520936994772146962273888369402441581942610709907876515,
    "11": 3.36284720558848633074476903480819888585026556639955464363E-7,
    "12": 8.72186424927450081752185178141577299898775562112960589265E-7,
    "13": 0.000021396280585704059445564494362751817644472677849828007786175
  },
  "zHigh": {
    "0": 0.000150608554798460535306602446179826404067443340002388150587811065211103662655353215684372309623308286519915366230,
    "1": 0.0000811669272167584839539861726222334982295266760565747670632003394979035582823281403229113324775208012588145796649,
    "2": 0.00012086994520052505776409019776585780491613845265298659863328159832798085140052268559020373271409370943458129096859,
    "3": 0.000039434202589657070303641538198669264489501532147459057935876104471951340240764451337401574286264274968704098276,
    "4": 0.0000215300417410350146233789668757549062790000947245820936137420325563768304439223756104968477178051022516280543107975,
    "5": 0.000028691769971383488616140134186413529420400505850880922646737012226433017568249336790304842622810932867748369439582,
    "6": 0.00069385706431484123718516871227324017058054126451989783242543287816288759454498205759377408697692937023375696064524,
    "7": 0.00000659720686179514894988677708313358228753759266530726772531490454015413118834218702726359748562225695908512974653,
    "8": 0.0001391632199739012230549303478404691405552423075881589546786697961800070427340381059250737821506639406483771093177,
    "9": 0.000053022681807234106954311991565727899413605790074965528901278249531833850662491593985224548276915829184920353463,
    "10": 0.0000510428697762351676102959946118338065805355986761708661350913746350721404857580327778331291277026569600110192894741,
    "11": 0.000012271925570406990361948615260753584028935172789305556618653677819990882717731718056677754211091713182502529532423,
    "12": 0.0000297868667422469825405543977838831858962173942136083870679601225866377081721677989269485280477571699258012444036789,
    "13": 0.00079417419465149836457155847637953981356522268470518969595083191952505981182664488163879704258128803043287160583527
  },
  "setupType": "Multi Region Model Regional Bidder",
  "population": 0,
  "id": 1,
  "worldId": 60,
  "implementation": "org.spectrumauctions.sats.core.model.mrvm.MRVMRegionalBidder"
}