{
  "gammaValues": {
    "1": 0.96381,
    "2": 0.85522
  },
  "alpha": 762.441263411392128546140156686305999755859375,
  "beta": {
    "0": 0.17187884183815160810127053991891443729400634765625,
    "1": 0.1205416060890069918087874611956067383289337158203125,
    "2": 0.1048181453725436085289146603827248327434062957763671875,
    "3": 0.1708951873201000892787959628549288026988506317138671875,
    "4": 0.1429915378660731872795253138974658213555812835693359375,
    "5": 0.1283957616736020879155688589889905415475368499755859375,
    "6": 0.14232732229379252419931844997336156666278839111328125,
    "7": 0.09062054661123408738632178938132710754871368408203125,
    "8": 0.08989304596577644967947406939856591634452342987060546875,
    "9": 0.192943116991035557017397650270140729844570159912109375,
    "10": 0.211001838748605952122971984863397665321826934814453125,
    "11": 0.1961958286651665217537043872653157450258731842041015625,
    "12": 0.1016235763843203188105945855568279512226581573486328125,
    "13": 0.169784095826527925421345344147994183003902435302734375
  },
  "zLow": {
    "0": 0.000001800980233846902519988006756576382803175635683570209516665,
    "1": 0.000001244727315620239636871683528564862320939184922486038854808,
    "2": 0.000002027754811048951589973335647360531090476968102047844551313,
    "3": 5.58775981582166807595311686978807326847067619510682765944E-7,
    "4": 1.96063664949312040725507604786534181255046187952005532579E-7,
    "5": 5.28601225683296987698755012115847578631671514768099718741E-7,
    "6": 0.000005883475310716819286515720676775521049191015208043630772823,
    "7": 1.74233633843132202583551776642845695546537595647973042689E-7,
    "8": 0.000002292613249762491996771533813146985578802092423137908493497,
    "9": 6.83451407707779676969713967393032352942501697492420075749E-7,
    "10": 3.66690722331116256385084898253987673483379712069475662411E-7,
    "11": 1.11285951821522036666197333107018157800185432587354356434E-7,
    "12": 3.56341916242795490919145260190331630824451539693274833967E-7,
    "13": 0.000008969378217614107148977907915952540221092804661413265024306
  },
  "zHigh": {
    "0": 0.000084984446692107981172930357580560124871690801898377916570587408973816585563327303169291925076838809867112542,
    "1": 0.00005234596244537938969804592812846115860328884062696162755212771841218123541011413237724452206841566254886210135,
    "2": 0.00008208719418790891813678502733982600225949749884005047041334316564502295113789893119091532658078002289270121950812,
    "3": 0.00002631249205171072363190857608926842462761971030866835178773752611837452158616910365712763539578987743275156164924,
    "4": 0.00000868545444555542512259548390070335127476056968215673042155078605241892323869832807783189203094120080833707383686,
    "5": 0.00002264505246981956473292134651816655522242722790077043768066073825868824345517454818588028109841323442764371057074,
    "6": 0.000260242187997100963796231320468409480841491953191095346233923456220562962279119005914665312700530208238752568289,
    "7": 0.000006805923728986591549747906787464452949834741589438736669666458840877687206704752737878434406229730971141020533,
    "8": 0.000089387396317139541625312435613446185157623284327931430620832782692373979928851842413617926701748548210821070246008,
    "9": 0.0000336902667227383977938928214682339633742832841227309872299309685563695268153267397407934727981953175268365970445,
    "10": 0.0000187379633363254908929803249083713635375787117169578997119547927084608229436345299931073023242995687067652058519,
    "11": 0.00000552196250828719246970022814953953210538993906772752338079917950062331372638126458684395644767312352004525918002,
    "12": 0.00001431153148170734481556320024534581582398767354101781440902670405053534175179959416219362976645368096330267944124,
    "13": 0.0004213671236087997956739608829755614908638264890527474130947675536059700159874418185265315988145794160119967202666
  },
  "setupType": "Multi Region Model National Bidder",
  "population": 0,
  "id": 2,
  "worldId": 60,
  "implementation": "org.spectrumauctions.sats.core.model.mrvm.MRVMNationalBidder"
}