{
  "regionsOfInterest": [
    1,
    2,
    4,
    9,
    11,
    13
  ],
  "alpha": 87.272599448413785694356192834675312042236328125,
  "beta": {
    "0": 0.078556627691747260566756949629052542150020599365234375,
    "1": 0.059218324467699930135911046136243385262787342071533203125,
    "2": 0.11261330200938308998548365025271777994930744171142578125,
    "3": 0.07751444507321307575420377133923466317355632781982421875,
    "4": 0.0656705571688012412767676551084150560200214385986328125,
    "5": 0.057643742519204954621869774200604297220706939697265625,
    "6": 0.07821294283700515326263058568656560964882373809814453125,
    "7": 0.1012804391926418745573101887202938087284564971923828125,
    "8": 0.09997411063010719356469735430437140166759490966796875,
    "9": 0.11387116454580760438464182016105041839182376861572265625,
    "10": 0.05516385301485789149911198592235450632870197296142578125,
    "11": 0.086649271639141378642534618848003447055816650390625,
    "12": 0.097751162124070922754270895893569104373455047607421875,
    "13": 0.0745427353690776561823128076866851188242435455322265625
  },
  "zLow": {
    "0": 0.000003940474608732838539632016630292433491989622647344401087702,
    "1": 0.000002533699342499308160876421335244626148579615774458970649777,
    "2": 0.000001887392472930898793505002111359852162400595414626007492460,
    "3": 0.000001231926848631426572789137540964881608750254765960822644181,
    "4": 4.26910417383815255898188497168573890012048585514369911761E-7,
    "5": 0.000001177407191606174761004236405357691458353516399524086108245,
    "6": 0.000010706403011852557063771591272564838145690122617030123778100,
    "7": 1.55895326509142469149135477725290717104567879471276834078E-7,
    "8": 0.000002061433574589698201033320190348335754130810488096750880078,
    "9": 0.000001158038959564720042239236985885822770866311228590571772660,
    "10": 0.000001402592684073037140768110192432968030889430701775926461903,
    "11": 2.51979492999598267269126177443296047379287993940275343812E-7,
    "12": 3.70458408446046751872973346408590089521206807674097024944E-7,
    "13": 0.000020429325047756275726048078892060514872794112404859920874646
  },
  "zHigh": {
    "0": 0.0001491692779386860617622506537920416455361104108116036637016951387135159329118395222647789991532861747824405344459,
    "1": 0.0000910151232517514454181880623288540734325017661861495814012151247396915193650682726327126535255487332457268880222794,
    "2": 0.000077876324044367334242735021259805634417206318217395358647749680096098569787766965831236975717695743609847233558517,
    "3": 0.000046507018063188516587723351708850653084715324702172548134845337944580057758254530479074996841839124261797934445817,
    "4": 0.00001561085701859052157777591067216454253747064160902766179700537484948282544712453820154182835476188546094001814206,
    "5": 0.0000421092314475058979320857883154218716140825744434500293657868576434119957371305246548603907797966771253447025810,
    "6": 0.000404930019031173097113907438342088993736465175460690136392215068803799563746533178339291179476816464327554776741415,
    "7": 0.00000625577450896689954671541781993780359657565010413785041133402649876962869403575215435372822326818119111034970352,
    "8": 0.000082452006061955727753166026929486690417484826276696702218274432318116485530796951832145064128638572291166951713,
    "9": 0.000047927893278446608751978512023017675911997570055675538137252896416597479959682508100696605469555562252408248193798,
    "10": 0.000049815022188583117424471083733740774259760241408151423696735213867812811375505830348140952688252448625014451549028,
    "11": 0.0000097427687436294793877880934796278687927630159083151530021313718839857657658835210856842036140818171083331121,
    "12": 0.0000147350262478048826441780428318935695848903315804424801383335926046074458447289216272109206509524996549803729174,
    "13": 0.00076516552851306485298606601225880073041486572135614708860495994355320311605361485129694690078160982310873983671080
  },
  "setupType": "Multi Region Model Local Bidder",
  "population": 0,
  "id": 0,
  "worldId": 60,
  "implementation": "org.spectrumauctions.sats.core.model.mrvm.MRVMLocalBidder"
}