{
  "homeId": 8,
  "distanceDiscounts": {
    "0": 1,
    "1": 0.42045,
    "2": 0.17678,
    "3": 0.07433,
    "4": 0.03125,
    "5": 0.01314,
    "6": 0.00552,
    "7": 0.00232
  },
  "alpha": 618.2020893989573551152716390788555145263671875,
  "beta": {
    "0": 0.08850629913580630725444819972835830412805080413818359375,
    "1": 0.042020858436403928093394455345332971774041652679443359375,
    "2": 0.0680185694059390610899384910226217471063137054443359375,
    "3": 0.085408246521521402616627938186866231262683868408203125,
    "4": 0.076285530171828430656688624367234297096729278564453125,
    "5": 0.049996949621522908391302308928061393089592456817626953125,
    "6": 0.049102660980014735392362723587211803533136844635009765625,
    "7": 0.0889697013361687438770530889087240211665630340576171875,
    "8": 0.08013983752734170351583742331058601848781108856201171875,
    "9": 0.064443880995312896597937424303381703794002532958984375,
    "10": 0.049919153342336479439733665230960468761622905731201171875,
    "11": 0.0738599907993112425597104220287292264401912689208984375,
    "12": 0.06442542196854701697095180179530871100723743438720703125,
    "13": 0.08561940842813252350307351434821612201631069183349609375
  },
  "zLow": {
    "0": 0.000004135350355401289743333140967808546899888326848868436861839,
    "1": 0.000004221836396898964497489146560592897637775438946147179934618,
    "2": 0.000003694703093199924911098787825791416985823312185770896704613,
    "3": 0.000001321973906340409291930418987392535081844140075699840283057,
    "4": 4.34530645426357996022330923750594219439254371495349438063E-7,
    "5": 0.000001605057042460418737676153344310719411325833384999330703654,
    "6": 0.000020163796788076343994588167602825438848992183038069803452925,
    "7": 2.09831973477276410288324441671215667785262317104154312466E-7,
    "8": 0.000003040629907143854582111455752891440584047664211019142450465,
    "9": 0.000002419415015325211892509912852635333762199422995078051607519,
    "10": 0.000001832626984527479364836303551401898320777419677865198776788,
    "11": 3.49523186457342922668194868748031980476047312408000037331E-7,
    "12": 6.64598321503595897189867677685386606542876353459569720790E-7,
    "13": 0.000021030144023176784695005217050150812116973942328222528091399
  },
  "zHigh": {
    "0": 0.000160660966220689639897943763770551331149572756640732319044720435282265846794499000569164933227356972578624361897572,
    "1": 0.0001443956108645438364117147989024023323780838907896045048282528935776264104121119080991022034897404995099911098194886,
    "2": 0.00013597193467391343013496971379433432266698058576256921080605486259294041863961634920797185727447781663339256098313,
    "3": 0.0000509499645189863109982237723360956445603926498875848675515576941719661555194086584458515418504665925239900477928,
    "4": 0.0000163507594290163913378849790343786783124589097652520936936049283331976842491343460609513536595153878272473028385,
    "5": 0.0000561765068829689732613026475979077616282244038739586941399409992547357785890126203308417977235373645682023768274322,
    "6": 0.0007039235114177725945357766559926056464872359681042707490040386501780371058285421957061645227458202688295048425059741,
    "7": 0.00000816182800542350865533020122680817219182543497557874710905998198052292380772190656382063745063332476742154784538,
    "8": 0.000115586455888244097138999474359406528933187109221970919372735305283240531147584859554954774434918686636919851349161,
    "9": 0.0000881740997923454650904335391608455302250748047670740690635008069925132507192306392708098087852244071103032348685,
    "10": 0.0000641271282818174754577889867768091973883684348005713532420937546045439915972354086488923405150417234700116923120209,
    "11": 0.00001306727352730881729659502286868809661926305859403751485849334073940779614087031014787356052963930136969695237190,
    "12": 0.000024219652375353600962349962260193274305949133643892349129426932283551355808319846389267743278369883424704484787799,
    "13": 0.000810963169737585862370712812327970927004321018922616702957025842546841855080248036009040848257330288624905787297722
  },
  "setupType": "Multi Region Model Regional Bidder",
  "population": 0,
  "id": 6,
  "worldId": 11,
  "implementation": "org.spectrumauctions.sats.core.model.mrvm.MRVMRegionalBidder"
}