{
  "gammaValues": {
    "1": 0.97272,
    "2": 0.89087
  },
  "alpha": 940.3291869875976090042968280613422393798828125,
  "beta": {
    "0": 0.09278195218345043626673174230745644308626651763916015625,
    "1": 0.1800578350020224094318876950637786649167537689208984375,
    "2": 0.153054715337496205496137235968490131199359893798828125,
    "3": 0.1523519099645118668462373534566722810268402099609375,
    "4": 0.126767964093901064348557383709703572094440460205078125,
    "5": 0.13612163734061388797869085465208627283573150634765625,
    "6": 0.153361248772321767663839864326291717588901519775390625,
    "7": 0.14112574476251893429434858262538909912109375,
    "8": 0.1411002142536233738834283713003969751298427581787109375,
    "9": 0.150390740149727475394314524237415753304958343505859375,
    "10": 0.1199105981730614611802110403004917316138744354248046875,
    "11": 0.08741856243984334751129239293732098303735256195068359375,
    "12": 0.129624294595445055389149047186947427690029144287109375,
    "13": 0.1795853212968692436124484856918570585548877716064453125
  },
  "zLow": {
    "0": 0.000003944781791860097266391859620234986053272663195383786176248,
    "1": 9.85267814498360484837703178493456511519768812376327959788E-7,
    "2": 0.000001641951495744540954504872926655158771949813094317965700687,
    "3": 7.41096539676072686472583355489914577541903169715110144611E-7,
    "4": 2.61488783062749509232074670241234336657674100882391802927E-7,
    "5": 5.89531228534678784932107417684085624603897517949477126720E-7,
    "6": 0.000006455972976750517090128105744723197523245617255351535126961,
    "7": 1.32284070794220612085328786903607970554728381360237102556E-7,
    "8": 0.000001726968226294008941860226043012450517298490988143293009966,
    "9": 0.000001036742642337302314494672213109911934547057456019571276038,
    "10": 7.62928288689690803732319270360906649958777799094870972488E-7,
    "11": 2.95312329731460607817451577264511057315980250619251690790E-7,
    "12": 3.30316376541051690056724881768320699749906837839783559345E-7,
    "13": 0.000010026367842426848337142919701255443531327550097124884706887
  },
  "zHigh": {
    "0": 0.000154943909314453865589705323343344505751102847036192798476963375909619871073169330807415922533515183533732722955510,
    "1": 0.00004729855339252571603217149743941909859041378677647894558335164065733990987689147861349450702535749571043131846923,
    "2": 0.0000743893867502519114371522668202465762507756130189812806882698303947157324787369854787204865019841817104762942610,
    "3": 0.00003352364351905621283448870337901702943132554270804296339819392741012161878721455833951956516382729718352306808,
    "4": 0.0000111595035581081367341772914290978818290115016468633646395501893187846612770067292437754630548879494810253579847,
    "5": 0.000025710732465196774678981269799108748026566327862463086831944432862625741884603759687199548656287291278149391750,
    "6": 0.0002926887970779977874019748002495384067148389946227226992251013752064432353530954701021533534170745259155498474553,
    "7": 0.000005835390924931834709240331583779941274909416903261230811768621695329125010122938200168538352878534500,
    "8": 0.00007617660546274872793146258306303682693071191253569543615775749871134773213412851583780526326553176655820911950991,
    "9": 0.0000466939286027081777499763199750828753955038385953196591190916681825296391010543601906786389168951235324253145924,
    "10": 0.00003203616740668381862466945834557944726380917843746151911311018952222898024972618997762461163015844857246300232999,
    "11": 0.000011440947825532347851072724124182468924461046740375064462278386250447998692388141071084035755324483538111984548576,
    "12": 0.0000141911940264772747483556783826812971021600481752987642860659264251510382876876113964722432451544885102161306099,
    "13": 0.00048084988431508777163484389186110986943492925198968740142165936093186808130332587918306196987861856571784883699135
  },
  "setupType": "Multi Region Model National Bidder",
  "population": 0,
  "id": 8,
  "worldId": 11,
  "implementation": "org.spectrumauctions.sats.core.model.mrvm.MRVMNationalBidder"
}