{
  "gammaValues": {
    "1": 0.98553,
    "2": 0.94212
  },
  "alpha": 1010.740261924088599698734469711780548095703125,
  "beta": {
    "0": 0.167471110801728439998470321370405144989490509033203125,
    "1": 0.12195383574678986260408919406472705304622650146484375,
    "2": 0.106237071468483990077658063455601222813129425048828125,
    "3": 0.205051924082052028364131501803058199584484100341796875,
    "4": 0.096872437526759613835025675143697299063205718994140625,
    "5": 0.163588787941819913118735030366224236786365509033203125,
    "6": 0.17823346394665662284495510903070680797100067138671875,
    "7": 0.1449173145568438680896861114888451993465423583984375,
    "8": 0.214895393705115622662304986079107038676738739013671875,
    "9": 0.1540873244871685254775428575158002786338329315185546875,
    "10": 0.149472185996785522643648391749593429267406463623046875,
    "11": 0.15866358646022338252379313416895456612110137939453125,
    "12": 0.1156003848335860062501723177774692885577678680419921875,
    "13": 0.156502590735782598496683704070164822041988372802734375
  },
  "zLow": {
    "0": 0.000002185478760093899174607622704251744538699116170240130741862,
    "1": 0.000001454691346847766319333895099669043605917145214156880274829,
    "2": 0.000002365543546197141944878834945055628251189768105043906051047,
    "3": 5.50628694625465309623715818121725681130031624748117471115E-7,
    "4": 3.42186090373742757675855534475769521934301326638401387168E-7,
    "5": 4.90546797865536888929843616451824597273514855045538624259E-7,
    "6": 0.000005555051536512514598320408396046330375258621314454417613693,
    "7": 1.28823033107816554010947317773163882122199739629211200162E-7,
    "8": 0.000001133926523681851522788701015298136766121669098041494973025,
    "9": 0.000001011870988381493248387164991421266724567826427543785060790,
    "10": 6.12041543715018249685712173130496183363612053264466563713E-7,
    "11": 1.62707650267046346709277988602504811882029119142042845674E-7,
    "12": 3.70388276510454812055855987978140749793806350345238938115E-7,
    "13": 0.000011505167307183359187775089272371440914973057262379958900039
  },
  "zHigh": {
    "0": 0.0001021648183614679228361782158638472603138964362818831354453945477775589031348596780457667293890343924983104289562,
    "1": 0.000061381259363007891067057255074686711422335078829895515034575851152677157325562835107448054636365723862122961335,
    "2": 0.0000960971482638299411483711273722606606279742633407594911990668163596314739849219487265178565876373751189949185261,
    "3": 0.0000278096081675379915290226772579713625389693963590331831932934044652451809981774210272329722253055759287990917619,
    "4": 0.0000135804227774379341874907173561339373873103184195436521667779544767297975694089914268969923094112937818639191470,
    "5": 0.0000227411995451225177989133557621409172066548479753449317580939985174625738020614092809639698436719348255498569867,
    "6": 0.000265661153870857712647743879789232392275229116395809173827078807663530840378587932910010869361094214874279188815,
    "7": 0.00000573155979433971296700888750986661862193355765133045373995514489986767557380518990084199900124880720984778542,
    "8": 0.0000583853543843840053593168322316074143954072558326414950495129656535749855510690923476915623560540018542113690097,
    "9": 0.00004594777898403390576675110332442351909612690774104607266163693664017857043790208062072844092049946999546244234408,
    "10": 0.0000275095650574436420032712454286671332659542060625493868498544719188325050549609076950168428681409828395235396045,
    "11": 0.000007462807441599920017827516464322281561442512796058799108792045349008732383320048472404648731108813222160150221,
    "12": 0.00001539335102555936840832961156897589860347703355046242564918897869100638887567701514537563706257254317085787701407,
    "13": 0.0005252138682577830971538089789945897909442944669473396272162209362279346499167317278594675027929334259666779483019
  },
  "setupType": "Multi Region Model National Bidder",
  "population": 0,
  "id": 9,
  "worldId": 11,
  "implementation": "org.spectrumauctions.sats.core.model.mrvm.MRVMNationalBidder"
}