{
  "homeId": 2,
  "distanceDiscounts": {
    "0": 1,
    "1": 0.42045,
    "2": 0.17678,
    "3": 0.07433,
    "4": 0.03125,
    "5": 0.01314,
    "6": 0.00552,
    "7": 0.00232
  },
  "alpha": 671.268828928839184300159104168415069580078125,
  "beta": {
    "0": 0.04965949473632073896123273470948333851993083953857421875,
    "1": 0.08808700843049548090402112165975267998874187469482421875,
    "2": 0.047429956821867229332934101648788782767951488494873046875,
    "3": 0.0906191143967849666029934496691566891968250274658203125,
    "4": 0.047419585150633276893206158320026588626205921173095703125,
    "5": 0.0819904543854792777768381029090960510075092315673828125,
    "6": 0.05061944717887838229852803806352312676608562469482421875,
    "7": 0.06303458133135904362109869225605507381260395050048828125,
    "8": 0.041280092830234198231220688057874212972819805145263671875,
    "9": 0.07784720343228179739725192121113650500774383544921875,
    "10": 0.09733933872205972892555081443788367323577404022216796875,
    "11": 0.08372687095560803205440691954208887182176113128662109375,
    "12": 0.09006498815885610742526523608830757439136505126953125,
    "13": 0.04702975612064176635929158010185346938669681549072265625
  },
  "zLow": {
    "0": 0.000007370283518386572150076684038812016898693087702119953617623,
    "1": 0.000002013976779739653690438094831536298660643611625616929700775,
    "2": 0.000005298516710082538974530594567313763522557107742393122423804,
    "3": 0.000001245956485442613353491644085509025248474740879248195459888,
    "4": 6.99044509920471664790497548328856249057391466305861689835E-7,
    "5": 9.78747546809256768358620495276066820512383656780134330735E-7,
    "6": 0.000019559598789296006278847714495539743604237616274971572897184,
    "7": 2.96165812745149253904085141994224807381808466850859008131E-7,
    "8": 0.000005902980590218360929577367531590459206205495405185763257932,
    "9": 0.000002002852850860862051254660343091648280570262691900060700538,
    "10": 9.39837774336537367406028926350609435142457535835786607646E-7,
    "11": 3.08333263159599222336074312300112569997437065795017961425E-7,
    "12": 4.75401464850434602801814894493538689381109937338745961499E-7,
    "13": 0.000038286154106432403278926497346008311172988447708495766092264
  },
  "zHigh": {
    "0": 0.000257708961110248112100250055900655431113715582238277821718212687511252214500418095878610164260567100293718742763704,
    "1": 0.000078159822349764512200183247030704363064129071173696997812977927851221618533030409263624184551678867984877263671611,
    "2": 0.0001840863431803918520379239160400047187689944524612359823817852048019368605851805736968166705837073973434376033873046,
    "3": 0.00004866944189205243284506052527959034955931067399403552285649053001942439071143636539245055283528455602862090246883,
    "4": 0.0000242861753638398014009299777717265392010030226095674612467808162711607350442951596728386367167967280048185869296290,
    "5": 0.00003738722201343411418177666212686818390382091202738280295238195279656449503494375160276108457162853416034572337768,
    "6": 0.000685797571454362463063563062774034789144598965211323832331799658500729516631669004010917644824030658632917254958357,
    "7": 0.000010751843183459693963803022236498446379721819467979887979019107046922258862455169467103686109177061083988448772116,
    "8": 0.0002014569763804792875629768277203770875979220450469695435967177736772561875585492813831451800031579460651568923741413,
    "9": 0.000075677234858414969852775963874534965776199995671734341854063810823896398780392948619961890030053164137628458985,
    "10": 0.000037343451976089215534880748025270530819319570539688988167836115539272070492459335216969373923390991226261470112624,
    "11": 0.000011831575828376506286631406175250514304904751195648052581309194058545113510916314122232041953552425999089101731250,
    "12": 0.000018543746675758762130708378764437836791096141160267636350685762425267421115135944299244842402906449452785381743,
    "13": 0.001328643472235254419888351221203695898684756180330813842982977601192684260435370941556419057203433246037378712155002
  },
  "setupType": "Multi Region Model Regional Bidder",
  "population": 0,
  "id": 5,
  "worldId": 11,
  "implementation": "org.spectrumauctions.sats.core.model.mrvm.MRVMRegionalBidder"
}