{
  "homeId": 12,
  "distanceDiscounts": {
    "0": 1,
    "1": 0.42045,
    "2": 0.17678,
    "3": 0.07433,
    "4": 0.03125,
    "5": 0.01314,
    "6": 0.00552,
    "7": 0.00232
  },
  "alpha": 572.75629314906882427749224007129669189453125,
  "beta": {
    "0": 0.0787981103973664775974583562856423668563365936279296875,
    "1": 0.09535277691655193177400207105165463872253894805908203125,
    "2": 0.07550411297996796611275982513689086772501468658447265625,
    "3": 0.0734471834713424087670574635922093875706195831298828125,
    "4": 0.0810517565919210702940489454704220406711101531982421875,
    "5": 0.0622181372120771125633353904049727134406566619873046875,
    "6": 0.0770096668351334390223428272292949259281158447265625,
    "7": 0.041204583505275317600879958490622811950743198394775390625,
    "8": 0.04598650089057566836547863431405858136713504791259765625,
    "9": 0.044686285502373183919910815120601910166442394256591796875,
    "10": 0.087324231590064915753401919573661871254444122314453125,
    "11": 0.07010866204858101635721823186031542718410491943359375,
    "12": 0.040419910264046933490167390345959574915468692779541015625,
    "13": 0.05952201934491631318824289564872742630541324615478515625
  },
  "zLow": {
    "0": 0.000004644839244758612437320219829537854243175264937234651252031,
    "1": 0.000001860514138261598040458660138878301222734706775477577222371,
    "2": 0.000003328407008050430179821524280015850229330927897576525592312,
    "3": 0.000001537260762787377857198760289305322836450011448141727445642,
    "4": 4.08978189444454564923512036631932428794401792187886804792E-7,
    "5": 0.000001289783971159895881744538685453575912219630772932700179391,
    "6": 0.000012856776537866022457122388847906197318991443296066210209372,
    "7": 4.53073090974504305218903390707595233924356839225325711524E-7,
    "8": 0.000005298850358697822121504982531628122523186799208360163291513,
    "9": 0.000003489135236304452369713512825649798263129520221418937017947,
    "10": 0.000001047626595666937464513876919991828759088077914912979557505,
    "11": 3.68225246090084267505328735082938654803383181845621387790E-7,
    "12": 0.000001059305352801401844526849856575387235712355447739297005102,
    "13": 0.000030250796431969655446038156196826161691663282969377430749820
  },
  "zHigh": {
    "0": 0.00017594563290140932071755612962243055144818089929171875075045842354219186543206754851123589973031403042728342473536,
    "1": 0.000073555943105422842700800206250964439926861925669516423460840398755784596089769924618065631094222780115577737019162,
    "2": 0.000124983052119428588196651807421067319972209057116738077437026988554240039531247573197174355679983472000087084043979,
    "3": 0.00005740857021239536795627401139347927719856879106084148242910302435291516068840888601830199266200500791379886893350,
    "4": 0.00001558418574955928840492041242081882459311333238602821469549172016623849522575596488513236124619293279735562111661,
    "5": 0.00004671831474395328758335420783219345665503832551195977841206819082574515445600513660029834537610831537634912776073,
    "6": 0.00048471290391146294841180329334502840058721377584416295169743097861187237471068217193432235365630400831300405168,
    "7": 0.0000154590615303403455032475696978995591759982706392138890808057552053918456393749705494557867746114992620373672482806,
    "8": 0.000183333069434863123320805277721506987107361159142201544604159765973539876815599802380138420115273645923242940433494,
    "9": 0.0001202657064217226794065415383512794652529777215573006313763427626385529309587888850855815263225336560746694164662018,
    "10": 0.0000405771166160012184481161878345071105376881819120047766636077900937164028172114190297686926797183008397104363950,
    "11": 0.000013628335316291057641709038858735296849083134677166155372254997085181574795880834573624358723187589003956727249,
    "12": 0.0000360608633142877793824594276268932931810335064722841676587901300569829210265636369995998409564568153374934143706657,
    "13": 0.001087582742001371984901700986728231414245001238157263782709641816131560866087860684676559085870835719938795837527801
  },
  "setupType": "Multi Region Model Regional Bidder",
  "population": 0,
  "id": 4,
  "worldId": 11,
  "implementation": "org.spectrumauctions.sats.core.model.mrvm.MRVMRegionalBidder"
}