{
  "regionsOfInterest": [
    1,
    3,
    9,
    11
  ],
  "alpha": 72.15736230192078437539748847484588623046875,
  "beta": {
    "0": 0.062474908688377080168141475269294460304081439971923828125,
    "1": 0.1190565466942858641186120394195313565433025360107421875,
    "2": 0.05987866771595946879802596640729461796581745147705078125,
    "3": 0.0992205647944670865445715435271267779171466827392578125,
    "4": 0.060585069919186974873870354940663673914968967437744140625,
    "5": 0.097278700591193867364125935637275688350200653076171875,
    "6": 0.07488386185285871021743986375440726988017559051513671875,
    "7": 0.0503185655999584813269365213272976689040660858154296875,
    "8": 0.1108504869288081950973179345965036191046237945556640625,
    "9": 0.11327413253473368748291960628193919546902179718017578125,
    "10": 0.0976890222987856493563896265186485834419727325439453125,
    "11": 0.11367494953570415894272827017630334012210369110107421875,
    "12": 0.11150290211149715968730333770508877933025360107421875,
    "13": 0.11421903335462137152322981137331225909292697906494140625
  },
  "zLow": {
    "0": 0.00000526981702867199197058695937842753395361999018369558391461093,
    "1": 0.00000134037930564648439691171143146037599193086724143636316160469,
    "2": 0.00000377528362462650034735060838026097165867176554694531610560178,
    "3": 0.00000102361270881946037313396496056464613370798831188764038078247,
    "4": 4.9216603772857498277248298401793608816281398976095367647507E-7,
    "5": 7.4204611296252206015169512906278189308941501854760797100648E-7,
    "6": 0.00001189333856979510211047409282564166902108915140032669765221011,
    "7": 3.3373382111300525853119923686706305323273375336865046930852E-7,
    "8": 0.00000197737523575583607918889353318975565179678277435304386398575,
    "9": 0.00000123815777507142752708088632553581566137421811904909822988337,
    "10": 8.4238417645788171889051559132220741474397838456994926132777E-7,
    "11": 2.0428437285817074579481754699095134566757541908306216600094E-7,
    "12": 3.4541804065987096867962267659478716278429150326251523923215E-7,
    "13": 0.00001418047128984136483279572453494284928639309648416368592187415
  },
  "zHigh": {
    "0": 0.000191017644627233491093282372679151309126597313435432831760345432476147203829508625531299257562431833480312018712451174,
    "1": 0.0000561694723084700452880189480527332277829839951811838767673421472367338669277496816916693573244886834861708161871899,
    "2": 0.00013586440410804633763290491759225014085542227747867207696520206447806558821082738515874251826852193044506922646611634,
    "3": 0.0000408647243745699350863985474664866530665185499600805291907674206541433625518514642980795967003111355130428085346431,
    "4": 0.000017746772512620742479007756991978403547058357873773878189901683868258624835409759247505134196481343533953589844195930,
    "5": 0.000029479911553649702406321772165276337136243612365757148642896005295628822977279940378241175192466340229998258367421,
    "6": 0.00044586206933683432508785581274074450019792130464026451834231222143699464815060882032314996383692980155090713028561084,
    "7": 0.0000116913153504501141488497863165707798595761311261935252247812360537306408852327539567421393343523330701541562405028,
    "8": 0.0000812405578451252154223603037206613886496642951943904134536688637193269233061282472903711120043111981986745601374964,
    "9": 0.00005116985804337801220048515851381539546508931632888462930076575040502305968640418925267189319997210725711762425965230,
    "10": 0.0000335006939535502708147763763165662444929946790219186342755804946117800405475847429235386553347420017612849620874975,
    "11": 0.00000845073276330367556470921794606659559723315024672461130053781144299378356854646030240351040948658243866322231659757,
    "12": 0.00001421405261732040289955449102471996886008203933988412290192262325020605876077258559507223866952697645040281271669,
    "13": 0.00058738211101910510420901801910839746528530846702155036260246103701107694383709732149036787720641406292622753060705644
  },
  "setupType": "Multi Region Model Local Bidder",
  "population": 0,
  "id": 2,
  "worldId": 14,
  "implementation": "org.spectrumauctions.sats.core.model.mrvm.MRVMLocalBidder"
}