{
  "regionsOfInterest": [
    0,
    1,
    2,
    4,
    5,
    7,
    10
  ],
  "alpha": 98.9864407421363239336642436683177947998046875,
  "beta": {
    "0": 0.0979436868307022312496457061570254154503345489501953125,
    "1": 0.0799662314321244738213323444142588414251804351806640625,
    "2": 0.11920369101469414918614830867227283306419849395751953125,
    "3": 0.05515605396129845405805980362856644205749034881591796875,
    "4": 0.06824703435290879749430814626975916326045989990234375,
    "5": 0.06380875808750073596709029288831516169011592864990234375,
    "6": 0.1061989656400721127038622171312454156577587127685546875,
    "7": 0.05068166426111837818968552937803906388580799102783203125,
    "8": 0.10571129421382426116782227154544671066105365753173828125,
    "9": 0.0517912933931375107921013523082365281879901885986328125,
    "10": 0.0992197910343110833775170931403408758342266082763671875,
    "11": 0.11409824319240781387296834736844175495207309722900390625,
    "12": 0.05673194895199933085461196924370597116649150848388671875,
    "13": 0.11761459592134347607039757122038281522691249847412109375
  },
  "zLow": {
    "0": 0.00000336143500744280503056959029841970618194692571368696666710985,
    "1": 0.00000199560400099894422833635475704791824111553219036687101951067,
    "2": 0.00000189640901022642960954660079794854263138985803540324942472335,
    "3": 0.00000184138319922461486105050654857905354290578172330818158979279,
    "4": 4.3691149498811947857887844716207646232448817858125692069421E-7,
    "5": 0.00000113127545201166541096420843479136329424700413226569907696336,
    "6": 0.00000838632577127243531511946306849907617754240520978124083795558,
    "7": 3.3134285180691493950496869375598099326923419749656351006982E-7,
    "8": 0.00000207350604639401568643859721843424121740558441408655334350777,
    "9": 0.00000270800821380791276054023749286070570657583462293232837838417,
    "10": 8.2938782414569889281512925689528764278442849328721698592103E-7,
    "11": 2.0352649721718715260028289303707533193502304253235216210467E-7,
    "12": 6.7889636592302193313216452849052058480089768604736762666130E-7,
    "13": 0.00001377107756525241717702410621435502539398633260121240365517976
  },
  "zHigh": {
    "0": 0.0001337661839903578828927613002789164759764053793351743143353132045560608893542726055036658568186222595359121896818423,
    "1": 0.0000758262131690438402307582478203594952585239436490991125045216696982541720315445424249472104218794407509300547520417,
    "2": 0.00007949816567604421549878469012287727003696505213241007653884914458963848742749133486260451037439023937978805878355465,
    "3": 0.00006539783908672456972389479510691887534245235230269676546107707449724637988214293974442066007039220029061568646975732,
    "4": 0.00001608913623040707735319962088630261477190858353838297551647602745266309358621190480363439811513332369686445871462,
    "5": 0.00004115679172512400293069717133713377917097128577729988182160242283323829050668830905402683664706925230889602088957492,
    "6": 0.0003406516853811543212272169200264667148915189189239008139146762386460126170757410057360260717252519287933183784725928,
    "7": 0.00001161958627126740457806287002323831806067114445003091644762010618932038137126592432491490275385617719224013103764361,
    "8": 0.00008412448216427060363985141427799595561792834438639569783932949520986086979742007766430340561400056477045526648463292,
    "9": 0.0000952653712054725692042656935335620968211378114453815337557896635605071535984639011987758315654298646352929976531912,
    "10": 0.0000331108033841847860325147862837586513342081822834366660133784499696914491963863215444408722311741985741665409172906,
    "11": 0.00000842799649407416776887317832745031518525657895020331118364955481511441958404696810690985437703319306473926436611831,
    "12": 0.00002421840237521493183313074658159197152058022482342969452479741119073059954277995153440406880489411939118386540913995,
    "13": 0.00057510029928143667453586946949076274851310555053301189460162929962089360583392066029972098288143493674075148827158424
  },
  "setupType": "Multi Region Model Local Bidder",
  "population": 0,
  "id": 1,
  "worldId": 14,
  "implementation": "org.spectrumauctions.sats.core.model.mrvm.MRVMLocalBidder"
}