{
  "homeId": 5,
  "distanceDiscounts": {
    "0": 1,
    "1": 0.42045,
    "2": 0.17678,
    "3": 0.07433,
    "4": 0.03125,
    "5": 0.01314,
    "6": 0.00552,
    "7": 0.00232
  },
  "alpha": 533.07678055042606501956470310688018798828125,
  "beta": {
    "0": 0.054001087584715813660896088777008117176592350006103515625,
    "1": 0.053933616681056166519692141037012333981692790985107421875,
    "2": 0.06978889529143454673043578395663644187152385711669921875,
    "3": 0.054579397530290528484098189210271812044084072113037109375,
    "4": 0.04377912848806010670532629092122078873217105865478515625,
    "5": 0.06539613267990117273509298456701799295842647552490234375,
    "6": 0.0704308917126279243614561664799111895263195037841796875,
    "7": 0.0795678987310452223713497232893132604658603668212890625,
    "8": 0.07760289079104205900438984144784626550972461700439453125,
    "9": 0.0939021039268888857431960559551953338086605072021484375,
    "10": 0.043426103655234450651168032209170632995665073394775390625,
    "11": 0.047990153681934655249818888478330336511135101318359375,
    "12": 0.0745385885338682163681056636050925590097904205322265625,
    "13": 0.0790546145347685580428986895640264265239238739013671875
  },
  "zLow": {
    "0": 0.00000609675383211950792988281067375291004832151960774441855388695,
    "1": 0.00000295883979623430116084624988065702745383929625972354677906314,
    "2": 0.00000323918229037017493331252633486605016949869298356165910082730,
    "3": 0.00000186083825940906483298695286852413023604014200572797593865048,
    "4": 6.8109884407057526235728859762344658599733506403816780860847E-7,
    "5": 0.00000110381575621712273261381777002050797296078101868528259850424,
    "6": 0.00001264529101894259900759601150065667241226710915387045010938376,
    "7": 2.1105254051465092764630791091484634119396848191557216729172E-7,
    "8": 0.00000282454694007099353179536657015850135807229279633969420163183,
    "9": 0.00000149359004800946628984405999665625665822967654941929321842291,
    "10": 0.00000189498204240156375380475776936426783453261830150226222444502,
    "11": 4.8389125672517265313500243337134136597707434481472484929986E-7,
    "12": 5.1671375502022774601180823154495766808852945949161442561661E-7,
    "13": 0.00002048811107068644947096599649829546908817910952772143118925522
  },
  "zHigh": {
    "0": 0.000215825748730658969872157911538912591967643196156897870938625973947841259553947409473731688984479234997476277232027910,
    "1": 0.000104723287026104548206055101528632771640236865729799385291095538914699485469748219195848719378074725055392094560033605,
    "2": 0.00011978136408035657521176245623040249618023010057716236682196761037213097753571636434149633828349406889589359095982637,
    "3": 0.000065981490892258068881988184705271176136483160775290595926807727463925598131265630376362828353454606783334601182025834,
    "4": 0.00002341475670288075086655192540014371848209399010209030215390385386891826136578092192026505820510615212899721850533564,
    "5": 0.00004033300085128772258018545139400811953238459236988738746782894947231361195681294006344708979082538520918312656260781,
    "6": 0.0004684206428112592320015133729911946019332600372465770920575217571427040422480499695452349509379710535014792424346182,
    "7": 0.0000080108769324994842223030465380042784984131729826011761642770718208959528698174059100766009403539413137083223125937,
    "8": 0.00010665570897457993900055449482972375983792959585398992358305120460033136364720484793708703903176371539129102845311437,
    "9": 0.0000588328262315191750833803686474286253707530692399904789569519863681292192309293601941302227408035338439891856793943,
    "10": 0.000065078629931860731862203641657828057086653876529888023169098024996857992837752979704979039583013084692010040428517914,
    "11": 0.000016838939279313732784914764537478296206518118018674491799505438093524081849519718534840653941967758652531713444487,
    "12": 0.0000193529240481311062195200576732250840192091780267570984934566278867806628663219886400415938488007191080137288449044,
    "13": 0.0007766113044444576433541261780089760593388888583282827206238932106038951878373305596472290583153870082768185722552879
  },
  "setupType": "Multi Region Model Regional Bidder",
  "population": 0,
  "id": 3,
  "worldId": 14,
  "implementation": "org.spectrumauctions.sats.core.model.mrvm.MRVMRegionalBidder"
}