{
  "gammaValues": {
    "1": 0.96681,
    "2": 0.86723
  },
  "alpha": 964.134768515659970944398082792758941650390625,
  "beta": {
    "0": 0.2179795967416264801386205363087356090545654296875,
    "1": 0.139492989725904681375112659225123934447765350341796875,
    "2": 0.1127895580953327259177143560009426437318325042724609375,
    "3": 0.18183543983612249217429734926554374396800994873046875,
    "4": 0.2172417262080816868774491013027727603912353515625,
    "5": 0.09131752618341697214088270584397832863032817840576171875,
    "6": 0.209464880424661215041481909793219529092311859130859375,
    "7": 0.174951280115306306850442297218251042068004608154296875,
    "8": 0.1088735921497092917764604180774767883121967315673828125,
    "9": 0.171382198497433246853205446313950233161449432373046875,
    "10": 0.16549789943336190578548894336563535034656524658203125,
    "11": 0.123198782631487147032345319530577398836612701416015625,
    "12": 0.10770169635813743591601365778842591680586338043212890625,
    "13": 0.085876937303375588950160590684390626847743988037109375
  },
  "zLow": {
    "0": 0.00000151037685449514205666599310093075953157906300105735511632101,
    "1": 0.00000114400681858150755285135153672694819200663387755841583906007,
    "2": 0.00000200425427238080185495167615149734358658890520948943314740303,
    "3": 5.5854585438017111266096560269118474342752044885827010292674E-7,
    "4": 1.3725684438299065182185329999432669728161980952745741641688E-7,
    "5": 7.9048660935855561408058905850998851164321200268544100885462E-7,
    "6": 0.00000425187802663723354834655000915952661655323136762313146609931,
    "7": 9.598676362660327325886441972557671729136627054166509112047E-8,
    "8": 0.00000201327983578510601637648020446935120107576682427258584115945,
    "9": 8.1835365132424985019849082375173422494429900250218789112014E-7,
    "10": 4.9723704578663321092292109551181529242880578893000323460289E-7,
    "11": 1.8849225032561684345886205114088291212537496347814578328668E-7,
    "12": 3.5760916752108999356514076593102039032285890901670547744839E-7,
    "13": 0.00001886047376744275654794793637162094707264547710460358652804646
  },
  "zHigh": {
    "0": 0.0000782344394019279936756533843542480764653694979562859678116477778684807358025365256396116393123027993571464834,
    "1": 0.000050278297696520739966208151210730393785256994264845457091003556597787169462896887103441652852358110813514411131909,
    "2": 0.0000827335235406753828609369507293412986929364673549955882192396000053469113957098934693434729884090771275322283984182,
    "3": 0.00002691271874139125727220856673028281135810451406919942085509552301766477548998583628347161416749322931538532978104,
    "4": 0.0000070994967122532125504888664712701218206225324667689903881561748561891700991767108612964324953375677112213677,
    "5": 0.00003093312644553070902418859004869253569285752188989213977834017892889624770705622093174172234420296461692362290605005,
    "6": 0.000216618253042098268224029528246280228061843703659157532758988295950570740759276369352110585760335947894711276569498,
    "7": 0.000004558903625858054590679741802326189781335106641383963879139767529556051532131677308521876111566684301417086517043,
    "8": 0.0000823176958460033135379879038590492551280338166919766727688798962185843707515593699502519449755024227883572901766917,
    "9": 0.000038575734330962681894013293460292952372191742832477319137868988510408927889772387395630871301871465577329796967028,
    "10": 0.00002314628003341281557574854144225448082353950115272025347383406481666049662940816922492721540865712855959934600553,
    "11": 0.000007976969087327058494630553070564542590967136578577119819109940091925286943041532324291727198766925565091428781565,
    "12": 0.00001457978642315697364612003370480696568623906151250983004840997915403557036741953483504908689174199291182264604175263,
    "13": 0.000727782185347146855663584374208740398872879885634747380787630224619786639333118765048867548782774862377469358054986
  },
  "setupType": "Multi Region Model National Bidder",
  "population": 0,
  "id": 8,
  "worldId": 14,
  "implementation": "org.spectrumauctions.sats.core.model.mrvm.MRVMNationalBidder"
}