{
  "gammaValues": {
    "1": 0.91003,
    "2": 0.64012
  },
  "alpha": 776.333845566240370317245833575725555419921875,
  "beta": {
    "0": 0.182809913474892782314640271579264663159847259521484375,
    "1": 0.1326935358289019484256954228840186260640621185302734375,
    "2": 0.13761925660697904572060679129208438098430633544921875,
    "3": 0.08327846607386786559334979074264992959797382354736328125,
    "4": 0.09194724995857971039381340006002574227750301361083984375,
    "5": 0.204618781431822271965614845612435601651668548583984375,
    "6": 0.1598361380454853819532701209027436561882495880126953125,
    "7": 0.2169308842167081419205487691215239465236663818359375,
    "8": 0.1770088241470535450616807793267071247100830078125,
    "9": 0.2005806272760548847333694766348344273865222930908203125,
    "10": 0.1590663360556095196063353114368510432541370391845703125,
    "11": 0.165801701743200080585438627167604863643646240234375,
    "12": 0.216067243646910878140943168546073138713836669921875,
    "13": 0.0859646169025947148867317082476802170276641845703125
  },
  "zLow": {
    "0": 0.0000015465297423446779006560748429884909702032287703057352049495,
    "1": 0.0000010327330648180243186294570241462350895265624187358381953396,
    "2": 0.0000014105853166541123336763652699824776269607134782598300043037,
    "3": 0.0000010472768416533192929919461551862216703062423596506040286061,
    "4": 2.784808678553553725252469438415700488415581217133040040556E-7,
    "5": 3.029423670829934263568177348680139543861146906534653966529E-7,
    "6": 0.0000047849112967150716807466964700041674536194832410439253624214,
    "7": 6.64758562697790933120686434286324795082216628240390442099E-8,
    "8": 0.0000010633803530850755493291612204832380049463937258119962735489,
    "9": 6.004468933804738419976669496483183763768988301742033902632E-7,
    "10": 4.442572653924505423622172035656733768141679390024367496471E-7,
    "11": 1.202729006884443873909209625749632971384646101858311923030E-7,
    "12": 1.530731815364065317922998293579522215652219000808133452062E-7,
    "13": 0.0000161795435887544907671963678493799234121442242262427355511155
  },
  "zHigh": {
    "0": 0.00007466798910877821655031899671379846530482378271756334271512194338730148564489920969048012664362183283596874022268,
    "1": 0.000044685692138352952377504647688576191590197410765818141905012821754147894185027032606748656777520774784278796993513,
    "2": 0.0000617299297654892778214087772729421207556839359384140346807456730487726272263425883057136880819492202220192254575,
    "3": 0.0000401398661423569227404432933895617838832644869775252742722584259977778287102881904694760600733481982548539453745908,
    "4": 0.0000109149810321985177837645095048338283855817865808558589029748796092673380458143459302910166920596965495161995819930,
    "5": 0.00001528704081214919298676101502760611785349036499257324889423103193584924827112959614213008530838917281377059412268,
    "6": 0.000220027513157167416601133191519450336465419913656073438301153185096697530674666481287493942254702777378932568233332,
    "7": 0.000003436342316059970848532742117401219177791220988958114824220195908737366589609602678332729118118074679070324301,
    "8": 0.000050724181184619051040675935770978605258626568700406949791972006690318617190883744327019800763419256558268427,
    "9": 0.000030057208253435604332494755245528325027091549357782550978040606285284510037381587026136747988468498894181547858982,
    "10": 0.000020394355508979680565353422473892712144587530263572616632440899941895678611626739973874609829590810611517764747778,
    "11": 0.00000560233218142682961744902619729672545189643845406114999613206927194924069201585151513768692107447907680490483,
    "12": 0.00000789960548717565292767887792379898559792901407701172581720004042226502105644201044606763421505271386606722655,
    "13": 0.000624473134289245947972579904893798625686505283714925435709092675088910489179827866514642470015717875244079051472
  },
  "setupType": "Multi Region Model National Bidder",
  "population": 0,
  "id": 2,
  "worldId": 93,
  "implementation": "org.spectrumauctions.sats.core.model.mrvm.MRVMNationalBidder"
}