{
  "regionsOfInterest": [
    0,
    1,
    2,
    4,
    7,
    10,
    13
  ],
  "alpha": 81.56748209359426482478738762438297271728515625,
  "beta": {
    "0": 0.1069926343224522347075122752357856370508670806884765625,
    "1": 0.0975073228209655251674803366768173873424530029296875,
    "2": 0.11368896778727376195572418282608850859105587005615234375,
    "3": 0.05774096250591143064667676298995502293109893798828125,
    "4": 0.1160219569787777904590342359369969926774501800537109375,
    "5": 0.09856551234015457907400303838585386984050273895263671875,
    "6": 0.1073214233996215571931287513507413677871227264404296875,
    "7": 0.09005867252804898581697301551685086451470851898193359375,
    "8": 0.09397983721120339861698766981135122478008270263671875,
    "9": 0.09097810163420981532933495827819569967687129974365234375,
    "10": 0.05320796888405253388665272495927638374269008636474609375,
    "11": 0.0747787112912860763014322174058179371058940887451171875,
    "12": 0.0658540228332287203016903731622733175754547119140625,
    "13": 0.0501245715378752232371795116705470718443393707275390625
  },
  "zLow": {
    "0": 0.0000026424339411283216555128576973137710598554378697501220312065,
    "1": 0.0000014054021582536694758571597175819584351448694290375120599244,
    "2": 0.0000017074981542790390791347728074869365124532253374666631900064,
    "3": 0.0000015104633719717512509268018149316554470711671064021491635715,
    "4": 2.206957254656738552574061177915892069008934725116861093353E-7,
    "5": 6.288984506332317758885602450464251132967098502072463042520E-7,
    "6": 0.0000071262728198203300057589999115218176215861969609887505085867,
    "7": 1.601252369689840808060362036843691805216524893979480818042E-7,
    "8": 0.0000020028520106675508920935561931009995096653537213049901962009,
    "9": 0.0000013238132293027148042916630881609387213767840264294705580894,
    "10": 0.0000013281163884690538158196913436226706303595394613133636966495,
    "11": 2.666728439603203856224288446592652866243067625767994941009E-7,
    "12": 5.022335612600721972275020030815507261309730484904685203419E-7,
    "13": 0.0000277482325253422215935030319386013554938092962695149577067137
  },
  "zHigh": {
    "0": 0.000107545115072287529196022482343556867994390055700894947502831639917002321372911818063429283100636122105309753777613,
    "1": 0.000055865764941422307094335728491647891958746621074868357842558794658858034727713222383998918159838097075173700004,
    "2": 0.0000706373148942370801851610033980758873204592917146190302518277824275357313385151948602910915827280214162810407693021,
    "3": 0.0000540354620519098814784889631819247971862122293800716283212221890194196005612963554633971597833731873574576737014,
    "4": 0.000009181426760508072265729284723334403127361847104807322061368391565782482645789011003721175240119837048521629173967,
    "5": 0.0000250657233186563434727132903329584526208082197791866761222050568644119930556874106716072335999825671765825535348817,
    "6": 0.000290268358850325166351502294764979841504421325254418192686111376894158756527139525121977022631256968853961345202367,
    "7": 0.0000062458237370361204733517689250733202081941457861753859520479218836767485892674173907189670451073877580826334045482,
    "8": 0.0000789083309120933113236077849495114504001953685651967674715322581325553395827927775012849091819003138911854805946,
    "9": 0.0000517581983311028332013146394009069353770881052454405660128251691962373924724328220419281265693056469142388417635564,
    "10": 0.0000469101292012777787690776466756026297509486759329004250425112339957262858456326190717097034335585690322701619384076,
    "11": 0.000009994330479583109564394262659825785136471703025790199050069311523274083528332853407565216787777539084185140147456,
    "12": 0.000018374416878885622890734943135506940734901548529301381071271783568968088068497218448797036744490914848311979232,
    "13": 0.000971533802386877872761779827570441588136457445013092100377039282376235270447900927271933674195641941959788413198057
  },
  "setupType": "Multi Region Model Local Bidder",
  "population": 0,
  "id": 0,
  "worldId": 93,
  "implementation": "org.spectrumauctions.sats.core.model.mrvm.MRVMLocalBidder"
}