{
  "regionsOfInterest": [
    0,
    5,
    6
  ],
  "alpha": 61.4031998181362297373198089189827442169189453125,
  "beta": {
    "0": 0.0770671885907620313194144046065048314630985260009765625,
    "1": 0.094428740756842211023780464529409073293209075927734375,
    "2": 0.061666312810725376625242688533035106956958770751953125,
    "3": 0.1058966831543138031879180971372989006340503692626953125,
    "4": 0.0553714586742769798721752749770530499517917633056640625,
    "5": 0.109484172937803270198031668769544921815395355224609375,
    "6": 0.106312681129657582435044105295673944056034088134765625,
    "7": 0.07862212223274474276468737343748216517269611358642578125,
    "8": 0.08632079597148599459099926889393827877938747406005859375,
    "9": 0.10224810966785495558450946873563225381076335906982421875,
    "10": 0.08953137889892208434172715669774333946406841278076171875,
    "11": 0.107001054955208896313223476681741885840892791748046875,
    "12": 0.1057101086322264904548973163400660268962383270263671875,
    "13": 0.0570750861657005337246317822064156644046306610107421875
  },
  "zLow": {
    "0": 0.00000480685611491835486898300942365983502973622430602152155923591,
    "1": 0.00000190154351985986428869290503282985781682988861648142159471226,
    "2": 0.00000412480292531716319836193372651113826171791942771066460253983,
    "3": 0.00000107915661876232802061627910565528659017583271197353823660386,
    "4": 6.0592763855053914400939193251219938111171078414163035101617E-7,
    "5": 7.4186825109345845008720765235594709493348280520813304224925E-7,
    "6": 0.00000942619493647414143633327993635309410517586799605335185984434,
    "7": 2.4033287572766927636507470010756802013407651770668374859905E-7,
    "8": 0.00000285720059422152331120633508363117742257885577718362657215929,
    "9": 0.00000154340860995653963856558299927557985493576198989390796381599,
    "10": 0.00000103421340436146563632350364767088371541790056623919975315521,
    "11": 2.4419756457934485905892633612191185160927788365888588264492E-7,
    "12": 4.0996250711430773634773691931983569617352757962132377831436E-7,
    "13": 0.00003193096484322248157804750300512941517533801326318444990914408
  },
  "zHigh": {
    "0": 0.0001812507721212577002742847588711839501802585497413431789844714123048537044183888368092191198459211278289495435962380,
    "1": 0.000075002341603265964988882046567817517856920583471010297808408104288196281795462651929230917526139408526404052559668,
    "2": 0.000149180226507035224938634493599527244570173758525791942670504258755306410425628323285717495923480728246047561342638,
    "3": 0.0000438026092159653271002732353093385995161871553381820365775536375811225111249146289328878177550877793440121982594334,
    "4": 0.0000215329388762765160435626154363209524803672015668506661308789241466365599943383380368423532426085114178347500671886,
    "5": 0.000030378330722781939998190337118913531303757704072027549785357484392495339801078462376122925417818405240852166618450,
    "6": 0.000382998253748961074119445710710512000231731232383963961148747300538919916538553895998848033737217991729311614511152,
    "7": 0.00000909953434503086488706829931230252701217072871454447609107405394832460939068537442282367318444611981055994984322000,
    "8": 0.00011037960078098616527195544709944920145889339265549046521978803905378981126100539082361015277209547820384053946148540,
    "9": 0.00006208331958001097304478235128587817066085098309698027389142584690755266034640349272179219066230027426668809974320759,
    "10": 0.00004028585734766701885195034148547129836606403555541895677381307867259181634517154660562092582103960798963199963432303,
    "11": 0.000009938866640128611041067758430968560332364679993821070225152697725172671897578420822481450560619398995925901052944,
    "12": 0.0000166325933296485717149845524310156774215214609070836415462485689275839246501479553184522482818917849340696550200326,
    "13": 0.0011401752022747622043479146444621705483689978022694134255897344864429902778620477298828711507110860930741662428875963
  },
  "setupType": "Multi Region Model Local Bidder",
  "population": 0,
  "id": 0,
  "worldId": 158,
  "implementation": "org.spectrumauctions.sats.core.model.mrvm.MRVMLocalBidder"
}