{
  "regionsOfInterest": [
    0,
    1,
    4,
    5,
    8,
    10,
    13
  ],
  "alpha": 80.094800425606223370778025127947330474853515625,
  "beta": {
    "0": 0.056851286499404012075853387386814574711024761199951171875,
    "1": 0.0702894001849714289420489876647479832172393798828125,
    "2": 0.05839231313355712493784466232682461850345134735107421875,
    "3": 0.100522709807043586494046394363977015018463134765625,
    "4": 0.10238794546605377300263484130482538603246212005615234375,
    "5": 0.07463060884801307748315224444013438187539577484130859375,
    "6": 0.0656424281901053230381393177594873122870922088623046875,
    "7": 0.0695918413727699414206284700412652455270290374755859375,
    "8": 0.0798181241567126331659665083861909806728363037109375,
    "9": 0.10760122972442764943679094358230940997600555419921875,
    "10": 0.117323757453757504531921540547045879065990447998046875,
    "11": 0.08989447290151686420500709573389030992984771728515625,
    "12": 0.06872347187288808945115903270561830140650272369384765625,
    "13": 0.11510357253571905367106609219263191334903240203857421875
  },
  "zLow": {
    "0": 0.00000651613902775892472056106469466276254617205086599373996249687,
    "1": 0.00000255458660341637329228599171032467300444500693836313764234495,
    "2": 0.00000435607657626815067836584577323980172453780863633516829139567,
    "3": 0.00000113684864594594696301639908780284988946020301821514797974909,
    "4": 3.2768600878632847331554157252153218263592493370182986502223E-7,
    "5": 0.00000108833135831966745421209203538139415292700078725780961810670,
    "6": 0.00001526640747726673037135091690969028231140935001956440558978901,
    "7": 2.7151861998871226719463318794896479824125872793235631910224E-7,
    "8": 0.00000308997276181493430542819750928498098542381904130967939467503,
    "9": 0.00000146662462145933678646215057145718953703941089274754735091376,
    "10": 7.8922252558034647573324548947410203137171130951348205750059E-7,
    "11": 2.9066744799881628368243669485002852640748967293318713888914E-7,
    "12": 6.3060232524850407156965841105462945218000034096214238413992E-7,
    "13": 0.00001583324070341369461484571678801929132680919356448496140104047
  },
  "zHigh": {
    "0": 0.000232529259506474795821626417001271775673333346540509731082300211907593511863542314870827873369955685489930263465326469,
    "1": 0.0000945936341099612350966746468926619734853741331274617792373887594504307171034486285155749539498599901232790108618,
    "2": 0.00015611843603556484933875185500138714845477043478452705333617963174920337096778331287915826779405226765281245746657675,
    "3": 0.000045533370031473895372276834773765498494718264525430328871910592087182074821014239698619786324245643787930096377,
    "4": 0.00001318568998335019592274710463660093652609362605365665155106089573118934761740598676705790177038285472200063001744894,
    "5": 0.00004077222393956821012193686860967694304356324353351784706108090820489618547988206403393706101105337726746041135611261,
    "6": 0.0005582046299727387421699748199106276464187356930892955730470873910986926711515863512256084222622842019791346531755265,
    "7": 0.0000100351066728621546119550539475444303553861950213146532061694945495733781278096848467390519670379154140905875516231,
    "8": 0.0001173627658087884950986113198690633083442422905792720498952602794016667953394519723111008435863098487347115954156,
    "9": 0.00005977979992509488748167937845132646112396045018258945550435873339092892432117445539237979023171202675762677643053,
    "10": 0.000032936130984233444034242596739567847844678357853647425904174373002183144010363800102056525450819925531758789266054,
    "11": 0.00001133296314271275377977306919281206057631103367205010791247930575646156006409122929444213180382832034124877271444,
    "12": 0.00002325178787367446177164219718305949010171564374730819972101555455873193143086722710421328446187125721331521756829427,
    "13": 0.00065724347808049859545186105794886683291313321130842877034662635252972553533513845827983694003488575726808443967312879
  },
  "setupType": "Multi Region Model Local Bidder",
  "population": 0,
  "id": 2,
  "worldId": 158,
  "implementation": "org.spectrumauctions.sats.core.model.mrvm.MRVMLocalBidder"
}