{
  "homeId": 10,
  "distanceDiscounts": {
    "0": 1,
    "1": 0.42045,
    "2": 0.17678,
    "3": 0.07433,
    "4": 0.03125,
    "5": 0.01314,
    "6": 0.00552,
    "7": 0.00232
  },
  "alpha": 544.796233794589852550416253507137298583984375,
  "beta": {
    "0": 0.0631316990729826332806595701185869984328746795654296875,
    "1": 0.048045911399169971556233349474496208131313323974609375,
    "2": 0.0558430534921659227354240329077583737671375274658203125,
    "3": 0.05790871434909765358423072711957502178847789764404296875,
    "4": 0.0666883742071483764934924920453340746462345123291015625,
    "5": 0.0484479842007665972847263446965371258556842803955078125,
    "6": 0.09685220034919693465891299410941428504884243011474609375,
    "7": 0.08645945815422691194118698376769316382706165313720703125,
    "8": 0.040871962670452975652235494408159865997731685638427734375,
    "9": 0.06849140085603329375363301778634195216000080108642578125,
    "10": 0.041456291193443135789653553047173772938549518585205078125,
    "11": 0.059806540015091391726542724427417851984500885009765625,
    "12": 0.060255119568150029840669645864181802608072757720947265625,
    "13": 0.0654875299420761558533143897875561378896236419677734375
  },
  "zLow": {
    "0": 0.00000586790617355023658809514240186941415061927747837665696631918,
    "1": 0.00000373726618656259688556398646503883211894441030299910346105039,
    "2": 0.00000455493336357201509016663780771302697587502228141143160271242,
    "3": 0.00000197343539423156934881227768111515297640062361428577846360946,
    "4": 5.0310264114981303801224265785932494958297027337294949554883E-7,
    "5": 0.00000167649559088356596656737773975206268245624184881837007626742,
    "6": 0.00001034694155563062104911747569013210404767251828944361174421669,
    "7": 2.1854729529188109755667272826237983808631231448498372917491E-7,
    "8": 0.00000603435248588396806256286831768044709245378360200574733858757,
    "9": 0.00000230409381091300257849789181278039498506949031272829807801764,
    "10": 0.00000223354645344819361036360671089614113993687170924533295274355,
    "11": 4.3689865725202032940893953075181162858128685663978669294874E-7,
    "12": 7.1922819957527381523520892677853579155282779577006646307960E-7,
    "13": 0.00002782915421291426263027206163480774123959143613064314300941302
  },
  "zHigh": {
    "0": 0.0002130822738802141518476487482174713238067501449119972411969693714020701505263391711129887471353064836131113126587791,
    "1": 0.000130074021604347942895014489534086746920356234066540753798551862036282301836048213368024326727707710102527354083009,
    "2": 0.0001620841396546807816927756160355839059948868441368149526756821071710505944410015572559890408686920334329840114695348,
    "3": 0.00007063097248004256694615319257313459110293088240754924338772162470783032448668268953151121722182382999940224589221368,
    "4": 0.0000184481889542547328636481371967347195345049862437902404668588869444234727834740871482930252636420333077650452852409,
    "5": 0.0000584171509164851654925954397407969989294404753803346608059024071559471154101220690139948289042202201388125923217431,
    "6": 0.00041062065232365546250297158332388229850663074118567175767991759567634421670476310769772392799418718274208980608399764,
    "7": 0.00000844596693195721952281624015694688155073780261789347550834983002975084991208934022822195164160008744562758939836077,
    "8": 0.000205694157530859507812651444120927291555141227400154088212636559393323380315757717918746462144454354453031668280981690,
    "9": 0.00008490387560870486124275161569102262456486283278201197731747523575644057201540808806254822068529396090337717078417597,
    "10": 0.000076265848820268858073153433382229021101633169845602952761463136316259481671260777329603384143093405311263735539185977,
    "11": 0.000015719899420308875151568154269865553641524949183248094534267121847456692585596270318191252142351140716067446842889,
    "12": 0.000025910564103477554081608712654776680282900467391545922089205811650101181717249045916888124202951193040391443248019985,
    "13": 0.0010171208833655156359146514033525203302966004882931742185978028366511766734360046700416085870969865392296592500724916
  },
  "setupType": "Multi Region Model Regional Bidder",
  "population": 0,
  "id": 4,
  "worldId": 158,
  "implementation": "org.spectrumauctions.sats.core.model.mrvm.MRVMRegionalBidder"
}