{
  "gammaValues": {
    "1": 0.98628,
    "2": 0.94512
  },
  "alpha": 807.316793233712132860091514885425567626953125,
  "beta": {
    "0": 0.096379226162276676603823943878524005413055419921875,
    "1": 0.11247030545852344796120547698592417873442173004150390625,
    "2": 0.11086474707154490848548533676876104436814785003662109375,
    "3": 0.1402808764084730042132065364057780243456363677978515625,
    "4": 0.153856323867380684333738827263005077838897705078125,
    "5": 0.0802686140591304109204173755642841570079326629638671875,
    "6": 0.209090760445670154066277746096602641046047210693359375,
    "7": 0.190087180636031416458564535787445493042469024658203125,
    "8": 0.1792405864895660061453241951312520541250705718994140625,
    "9": 0.19000583178058405575683309507439844310283660888671875,
    "10": 0.19108466878983898507016192525043152272701263427734375,
    "11": 0.171483711198588462121250586278620176017284393310546875,
    "12": 0.1853281783829963114129668610985390841960906982421875,
    "13": 0.08947680935941547397671769203952862881124019622802734375
  },
  "zLow": {
    "0": 0.0000033185043422160586337031032177196118066274155748376868061939,
    "1": 0.0000013783762440057364854008624336288592288022015181750637707618,
    "2": 0.0000019808559818835760476420597053371712977223205816502378893323,
    "3": 7.033371420036911173355397070704284108268849362507762685271E-7,
    "4": 1.882723581263223925705667170943312197769991922215879570830E-7,
    "5": 8.736300212276322449207604762160853009490586591623723304440E-7,
    "6": 0.0000041379175432592765951793138958849163812884366803831484384297,
    "7": 8.58223303462635727022675119474257520915150021667425001379E-8,
    "8": 0.0000011879960547937240628429383299486365814928737547381654216445,
    "9": 7.170748026356861581032591172343084800556755205619233288176E-7,
    "10": 4.183644542746409713190846532092422270335370023455176226241E-7,
    "11": 1.315532860201568585499961138704672898547393285050688348168E-7,
    "12": 2.018898052262680466056282014320280089873349128200302518881E-7,
    "13": 0.0000175850381455554990431904762122832088458910332746767643071811
  },
  "zHigh": {
    "0": 0.00013153861831837563019480344158311579828139486469661005090446092826352228739609435542639533554500926020916087683,
    "1": 0.0000568539270401818377872247951407206994285117760892282173887932255412920362275345140976744825336790979878162357234913,
    "2": 0.0000813863891981752216216501455886968957229966195087401611469344320582868110621966881828577797229788208460999920917115,
    "3": 0.000030966589329201575574288857392006183279473076465428547797472451952977618371978791588978561731353136601973640107050,
    "4": 0.00000854486003450556574373761995261084282172699359233558084364387267901968199550290792672658977317076281694640128,
    "5": 0.000033221407737268039442532897544056283476870401283166792041183513487871113217593562884566880662712566365056530977985,
    "6": 0.00021065755887593443479079645579375895441086074773898228629614450172848233083556696476679266142109519449766162436423,
    "7": 0.00000420604239150144362162881320664034985738489734371805097183826252131711764065388408220838443396717199059042129603,
    "8": 0.000056933592604663491286091580500055703168188136917078784618954764713003369455466640560332379660306687898801740223939,
    "9": 0.0000351370835114397543878979398826966620316822922906159586894604960735059688776533987260778980901972490082181319614,
    "10": 0.0000205452369460903798173144800579490723784680773830196808255257902702759099983531595390460044008951714851276895522,
    "11": 0.00000620252315131529412289942113982447961020325171729699911776020674228954848204879703864910746508015711150520028424,
    "12": 0.000009798281140456259951227160084564216389967408520980460173178337776364811291823528184198704963402157590090254513,
    "13": 0.0006848964549394568119727870262663862751371603532190215672082646196874892695133572410437595416357560721475556025699300
  },
  "setupType": "Multi Region Model National Bidder",
  "population": 0,
  "id": 8,
  "worldId": 156,
  "implementation": "org.spectrumauctions.sats.core.model.mrvm.MRVMNationalBidder"
}