{
  "regionsOfInterest": [
    1,
    5,
    6,
    7,
    8,
    11,
    12
  ],
  "alpha": 82.2734893692601332304548122920095920562744140625,
  "beta": {
    "0": 0.07716466270067957877731856797254295088350772857666015625,
    "1": 0.09597072154365371421391728290473110973834991455078125,
    "2": 0.117404366025263495743047315045259892940521240234375,
    "3": 0.05840087328991720727611181018801289610564708709716796875,
    "4": 0.06479242635122427207416961891794926486909389495849609375,
    "5": 0.0866587314554028986801625933367176912724971771240234375,
    "6": 0.0856235790616194092361723733120015822350978851318359375,
    "7": 0.07241794828938115380356776995540712960064411163330078125,
    "8": 0.086837449360435192691198835746035911142826080322265625,
    "9": 0.09523312629371483151174970771535299718379974365234375,
    "10": 0.09438885504457995845317697103382670320570468902587890625,
    "11": 0.0907413407278593597826699124198057688772678375244140625,
    "12": 0.1118183628353927316911864409121335484087467193603515625,
    "13": 0.11910194851747281374887421634412021376192569732666015625
  },
  "zLow": {
    "0": 0.0000041448361118297478047557168060197029231436733520546159063477,
    "1": 0.0000016153509602361524715500170592532803092635727027416514193796,
    "2": 0.0000018705190007109578285370847581591665383452586005388219835179,
    "3": 0.0000016894396458955467419578898726554523178222750896304719951371,
    "4": 4.470722048613572510648381632949789766195371605362666216375E-7,
    "5": 8.092095259954170938781402597630370481637633604569413827859E-7,
    "6": 0.0000101046970386383394149265293905661819834716109011376436344745,
    "7": 2.252718448463347514972010291293751117042937732242657734754E-7,
    "8": 0.0000024521345476728836865395801392124620958520360020464410812426,
    "9": 0.0000014306827847221873551285455628096221433209323472987247394497,
    "10": 8.469541572546284795515588371481551172564298145613774468071E-7,
    "11": 2.486104517097988573589590635814239591590912466057062676952E-7,
    "12": 3.346129283949712768956561864419687088115484542014811484958E-7,
    "13": 0.0000132109770269382743619713232510289747555930934857346162047802
  },
  "zHigh": {
    "0": 0.0001563285714067863053263818492321185317768825980131179239090735687658328718432012000531019923699567174795210837084598,
    "1": 0.0000639631685270943173716994339094533318423529116262258468473267140379015560880041033134684325242457252517732620291,
    "2": 0.00007807627976299667504850089717335675294168476007539768397250160098209073931279340284968658875018065191448634644,
    "3": 0.0000605496644459572443129593623595569004893347810668194195957741561810078110215792337328898113500151200267002918646907,
    "4": 0.0000163088554365566114985657633386302755270031326417759407802795062565105801110830587557924464271222707490667666170299,
    "5": 0.000031288792880301584911254291050464835893311542322003863611442329480111061489741729858556291780869093440905149696947,
    "6": 0.000389660943737306319383212920634196922476355974361617142177487423115732611221871404230267393286546614153223092302059,
    "7": 0.0000083895278265035789854768187220988306457682604754437491719636908772366689586536075834675358135395365274074834330412,
    "8": 0.00009485774739103827999699083477797046859896300433632705440689743854120950256520336198289363980796111605426595474869,
    "9": 0.0000565453229740347902986565332499560719296399970927200010084230844853765337637195928602234893642675103786960551164,
    "10": 0.0000334029280354900050642887055761164590851548617494954755510161736999208721636158650927908724444318906267205817464084,
    "11": 0.000009714238122004554087168309631153179689333809260316122104110522985954159657504328075732259590388410637169152058170,
    "12": 0.000013779974835517356859927999634862437384693814762423987071410295641055383627661500342294560313458827497819531504689,
    "13": 0.0005536746213809400715362124374287592524282221595507571241362372328971760812527302032510541727535098056617429110488705
  },
  "setupType": "Multi Region Model Local Bidder",
  "population": 0,
  "id": 0,
  "worldId": 156,
  "implementation": "org.spectrumauctions.sats.core.model.mrvm.MRVMLocalBidder"
}