{
  "homeId": 1,
  "distanceDiscounts": {
    "0": 1,
    "1": 0.42045,
    "2": 0.17678,
    "3": 0.07433,
    "4": 0.03125,
    "5": 0.01314,
    "6": 0.00552,
    "7": 0.00232
  },
  "alpha": 501.533490755811953931697644293308258056640625,
  "beta": {
    "0": 0.08838838565670682767549948266605497337877750396728515625,
    "1": 0.06348142667154395291095880793363903649151325225830078125,
    "2": 0.0767256182803599806607763866850291378796100616455078125,
    "3": 0.0834528336675402215849572939987410791218280792236328125,
    "4": 0.0844308298853285454921291375285363756120204925537109375,
    "5": 0.06205669922735967958260516752488911151885986328125,
    "6": 0.050949359664076161735568604171930928714573383331298828125,
    "7": 0.049298008026535618253394233079234254546463489532470703125,
    "8": 0.077855405928803411708116755107766948640346527099609375,
    "9": 0.08426759977453202044017643856932409107685089111328125,
    "10": 0.077797245605592368900005340037751011550426483154296875,
    "11": 0.051859762067544869224011705455268383957445621490478515625,
    "12": 0.0648706941442278861575942983108689077198505401611328125,
    "13": 0.0988337501103464521889918614760972559452056884765625
  },
  "zLow": {
    "0": 0.0000036185170499792914991658250019015684151435540665784388660772,
    "1": 0.0000024420748765180041225058037502367991554355892931650210896357,
    "2": 0.0000028622395275359265706716292440759028619891182711371587111851,
    "3": 0.0000011822816117181772784161103232137035064885871011366066133430,
    "4": 3.430843087353389320905044366054076525498384793620461872922E-7,
    "5": 0.0000011300161284355556209139789824313053375391454794738192156551,
    "6": 0.0000169815740862314446378294362711572104596105310619009937343844,
    "7": 3.309205678727258623581867420213874436152933006918506602927E-7,
    "8": 0.0000027350330663389349892652856385596841928467272622788942993549,
    "9": 0.0000016168538642163829331363754380045326249658143701782811821507,
    "10": 0.0000010275817936254145521128440914919042482519756864553732358343,
    "11": 4.350048054158740830774252961804506250322207529250485692551E-7,
    "12": 5.767761595628216841759400718549061250697088779944564726628E-7,
    "13": 0.0000159202003766039513534053828141011814965427214693223961604903
  },
  "zHigh": {
    "0": 0.0001405389995512726161586850951085744965368790194488326127009602505879957470598495342565409830152321907916757238789353,
    "1": 0.0000887648860155498669003730346389588972275134093389269369550082581737337853319318594021868914721590110414497725558123,
    "2": 0.000107827895567745737312537231750858842651000550193347785802517891741061875381998195610516591770338577102472677009283,
    "3": 0.000045334923420636160406705975876304436149324141412003458141951724792195241878578104070002663204934018000164246240768,
    "4": 0.000013189218552776061929335751537943135804912172206549327749921289342618500180352617108509640818618609862393154732731,
    "5": 0.0000409129909535057407223294527305128845745730058925101985975181948128299871095453708199086989249953002490034349,
    "6": 0.00059596725516509947607030012705192777676052357918451764517478443575348174747220671341447135463959529306501135122031568,
    "7": 0.00001155898951729531231130639010885920060309824629947129577648395431338809457688425346624642280223649722004609455036161,
    "8": 0.00010334470295101981907876199975838713150880374214330065095026570495342505103627676831260389903910188734435792804127,
    "9": 0.0000621304553588606576388914295058033863789864577791066942894514178597161584208273931341569056375194440400163424451,
    "10": 0.00003882175712661358724112726320642893301502123790631534922183333189186818522203329925143934995239311847185997198233,
    "11": 0.00001530606873318681085872229660912397966552769444989639115090822156324836517061551669671925052290513929510150729430076,
    "12": 0.000021044871770552869078336516197250559872438627476213246796420720157175691042986951714323651126088497318923313331124,
    "13": 0.000634951321870910381279234224320925454656710999058390522807539203304326075348241531790365312850839948536535847944
  },
  "setupType": "Multi Region Model Regional Bidder",
  "population": 0,
  "id": 5,
  "worldId": 156,
  "implementation": "org.spectrumauctions.sats.core.model.mrvm.MRVMRegionalBidder"
}