{
  "regionsOfInterest": [
    0,
    2,
    3,
    4
  ],
  "alpha": 69.056091767020433280777069739997386932373046875,
  "beta": {
    "0": 0.0881642927141772780874617865265463478863239288330078125,
    "1": 0.06283541765186902161577364722688798792660236358642578125,
    "2": 0.097726629518396113116551759958383627235889434814453125,
    "3": 0.07869753757833149176992293405419331975281238555908203125,
    "4": 0.05535678070792966753987940364822861738502979278564453125,
    "5": 0.107884818711590446671522158794687129557132720947265625,
    "6": 0.113122063514931869843138656506198458373546600341796875,
    "7": 0.0757087615201257613239960164719377644360065460205078125,
    "8": 0.0748439114313927678079352290296810679137706756591796875,
    "9": 0.059730335818378534062933482573498622514307498931884765625,
    "10": 0.06294755205097520012191836258352850563824176788330078125,
    "11": 0.052646310658273041960253380011636181734502315521240234375,
    "12": 0.06670426658178663092968463388388045132160186767578125,
    "13": 0.11803398133909770439942121811327524483203887939453125
  },
  "zLow": {
    "0": 0.0000036277144711614931943704867939987060019927595456837482248481,
    "1": 0.0000024671817741229928179861564385649388436172904947916733919952,
    "2": 0.0000022471571822226862352706361641895988826803090210039716626581,
    "3": 0.0000012537209387612997312128839749128281803965545541092250499147,
    "4": 5.232763274293790780033949968601899488092334586459462090760E-7,
    "5": 6.499994331163197958180050565537420977792822299852064895055E-7,
    "6": 0.0000076483782110936897946086506553124023312170558279523864130161,
    "7": 2.154800116073575595594217851104171643028715571362755678987E-7,
    "8": 0.0000028450825930404630986498224352749249472555799721828064582337,
    "9": 0.0000022810585685970508782154623700563412560656580907252704265603,
    "10": 0.0000012699943138975967242187750977120514361333823358196834374636,
    "11": 4.285057286072302920436232673626862998526154766352633626508E-7,
    "12": 5.609216884321228600621753842093540503104363017462808142826E-7,
    "13": 0.0000133305094675030341293470190004273167826851583971961063939152
  },
  "zHigh": {
    "0": 0.000140814922186738667014824948871488624142355183821991893464087546840482466449155186182028117405414919683111170920911,
    "1": 0.0000895180929436995277647836152888030878729644453877265060257940295793165952799354491029120374190205570739580944920872,
    "2": 0.00008937542520834852725050743935426972327173627268935217434670716371228584845402694121390135861387730352980570825944,
    "3": 0.0000474781032319298339906091854272781763665631650011820112391020905925794551022979201760483230002380977529444233186419,
    "4": 0.0000185949791135972663067224683455866046926940215850663284034342857276478418714904376350748407397949950163939911518791,
    "5": 0.00002651249009392866596945023495418598738177710840785181681302912132153598919013605200609954767305102064553210617565,
    "6": 0.00031597137891096683077367655857658353290871932216605942553373749437297982600748769750344242467199500770443283434079,
    "7": 0.000008095772829334263227343441401530092223725593992804043004662045005251920854788005655601438095274866729828647510329,
    "8": 0.000106646188752065662360298103659844354141069323440418015716630973419702737930788922858685809848736327537388233292714,
    "9": 0.00008205659649028069599126403746735764531198176939551637162174091132498179687098089617688937897196727885593822322535521,
    "10": 0.0000460941327347790524043051933930333486514634373872446552707098166582357730688717078005688572300238204376652807809988,
    "11": 0.00001511109642892749712770823574459104991013953616120283495277976412305738573669616204924806511142505367546598978264108,
    "12": 0.0000205692376366319043549235755678839976296604501887679770450142597164775287108658208099359370194481173285143744189,
    "13": 0.0005572605945978828645574833099107095132409841068946018298102879602215365245667601023555517900646485487153197955330
  },
  "setupType": "Multi Region Model Local Bidder",
  "population": 0,
  "id": 2,
  "worldId": 156,
  "implementation": "org.spectrumauctions.sats.core.model.mrvm.MRVMLocalBidder"
}