{
  "gammaValues": {
    "1": 0.93427,
    "2": 0.73709
  },
  "alpha": 1064.56060697251496094395406544208526611328125,
  "beta": {
    "0": 0.1732065301006994462174048976521589793264865875244140625,
    "1": 0.12273383164175057091771492423504241742193698883056640625,
    "2": 0.19219062037429512912467544083483517169952392578125,
    "3": 0.13808900864155682075562481259112246334552764892578125,
    "4": 0.20836588366005825978533039233298040926456451416015625,
    "5": 0.17063176717615657906890191952697932720184326171875,
    "6": 0.17578642928375798337725655073882080614566802978515625,
    "7": 0.17089559718242686159328513895161449909210205078125,
    "8": 0.09082183031358083413753234935938962735235691070556640625,
    "9": 0.0942083949639861695235509841950261034071445465087890625,
    "10": 0.1620557344612352512758235434375819750130176544189453125,
    "11": 0.2002238692357825033951712612179107964038848876953125,
    "12": 0.192768141891543454136126456432975828647613525390625,
    "13": 0.15352439424029007408734059936250559985637664794921875
  },
  "zLow": {
    "0": 0.0000018465520920775442978581943884736719661483812472825827076624,
    "1": 0.0000012631105468344381565731573955295733457736833408614289509853,
    "2": 0.0000011426525237755626574942785721210457698172403839278610860377,
    "3": 7.145011153423258465065960133022356091821240766342076350316E-7,
    "4": 1.390193653506992759287880308262654576109272951994766275529E-7,
    "5": 4.109731274833196840913657074490404185891282609716307406041E-7,
    "6": 0.0000049218834998061063805522550279920017018806228300255460880459,
    "7": 9.54601820064496044040706797730225869484680472059461451132E-8,
    "8": 0.0000023445586691361430490438240142957172250365873471854918646514,
    "9": 0.0000014462447255977188532204209078025047922451625882236536748504,
    "10": 4.933057965784875204521946697054544424054042129462764500487E-7,
    "11": 1.126701116765466292886673589072725407199154408403775938004E-7,
    "12": 1.940977874743087014858859920254848889644247393917577916481E-7,
    "13": 0.0000102488800787268650826993645947796783673453655145146793436278
  },
  "zHigh": {
    "0": 0.000087380050814220200119456176705737603067023834869956927948515845207816261289952998202323088008379352856632870496222,
    "1": 0.0000533959561250428879223936439977421229376562307698191727954977104163727790325631643895502930225531517270422869785071,
    "2": 0.0000562402854549348199172167115922131298858442135770688570480976070585552860045748312053583778379286805073961003,
    "3": 0.0000313015085293606174494205465789603992301302506769314887926082917891147401168068129728302669016574601546408472400,
    "4": 0.0000070672702512368722444842593645688699567448366816722409577399480661328955315149159002975085708302054367203920248,
    "5": 0.0000193417009249386626176510544810449370060724893374445443459882715721057528458700701540838486640137900379386909,
    "6": 0.0002341765375723393283519846897569715140286263322282542157846308906908620314770097501271429677424750170495849123210,
    "7": 0.0000044951779413070245726829082414082549030934886948941603210972079359930700587804634310070760151859148514349579,
    "8": 0.0000916304710349360608721181510304681224744995446904985779091618107360921836410779929402311563598217175725280876696794,
    "9": 0.000057012181200300735241412793599742551397366904320467869070443296729193892600103293302468065775744944516438883282915,
    "10": 0.000022793477215205776291307780552835438839624093701042445648265480590449336979849223984867474907431819106482572461011,
    "11": 0.000005636027921006987245059558490928637136158535087356261887266301411625899056218569102209950290093331686457707103,
    "12": 0.00000956452060789747959763489380236792278928010331813228636597963483655064742613982885052643868575571609089356505,
    "13": 0.0004648117129345977931580536777412803607807903204141590183016650356273090897223052435746646460463745129571152941603
  },
  "setupType": "Multi Region Model National Bidder",
  "population": 0,
  "id": 9,
  "worldId": 156,
  "implementation": "org.spectrumauctions.sats.core.model.mrvm.MRVMNationalBidder"
}