{
  "gammaValues": {
    "1": 0.96854,
    "2": 0.87418
  },
  "alpha": 700.72459187099093469441868364810943603515625,
  "beta": {
    "0": 0.11065666314751566867702337049195193685591220855712890625,
    "1": 0.19754917402440341778202537170727737247943878173828125,
    "2": 0.1656532406485518305050419485269230790436267852783203125,
    "3": 0.09078559384614683092085130056148045696318149566650390625,
    "4": 0.202638571804782452456805685869767330586910247802734375,
    "5": 0.11069098740435968919459952530814916826784610748291015625,
    "6": 0.1145787519322321312831292061673593707382678985595703125,
    "7": 0.09755785140134208555107164784203632734715938568115234375,
    "8": 0.1814837261779914390213974684229469858109951019287109375,
    "9": 0.09421075045745953835396591102835373021662235260009765625,
    "10": 0.09150621018844130871716657793513149954378604888916015625,
    "11": 0.09699049696638695206019065153668634593486785888671875,
    "12": 0.1440238329313523191199664097439381293952465057373046875,
    "13": 0.0801898860093639698209955213314970023930072784423828125
  },
  "zLow": {
    "0": 0.0000027806034778919900322100345315749039916523090120891995623037,
    "1": 7.549553069192566668630301445487265953243561206757332052697E-7,
    "2": 0.0000012753730681450554495886099713641427083027315098627083087845,
    "3": 0.0000010455285353962298107595060339691705536079465836218597183261,
    "4": 1.375215010838735169247608077319856076874703619535045755739E-7,
    "5": 6.094693342883322382699783343462080039186630010457835377691E-7,
    "6": 0.0000072644609454981420164670116799836886374468671797041839780035,
    "7": 1.608724631799691130467253689143483239215936881407178901398E-7,
    "8": 0.0000011287674401716847336626184018279181962750278900156039859464,
    "9": 0.0000013913030458411246576949989419519639073439134497667635079900,
    "10": 8.404673742664754017618739063571072031820386501734053171668E-7,
    "11": 2.237619283950246426135651211744282454389608618389840047217E-7,
    "12": 2.499264887028738849390736868156587749831790091271964608216E-7,
    "13": 0.0000188766539431376663996182780010637489543597225850389459208039
  },
  "zHigh": {
    "0": 0.0001141873345767501482423528975906201822176152415019642840883267645658536660880718129942485018111828719441212528784343,
    "1": 0.0000375627389383016129053201629844721494521503180972229508148387671442478799648895325515674743990253880667465139114,
    "2": 0.000059388160221763139800290021697892507085256141993520220786552849661815597122492516241889222789148387268531217013989,
    "3": 0.0000408577489587907813424770305791134457677671788907047520257553055032149516206486605834821695632574331320748589552744,
    "4": 0.00000691236108972480265996270771482422924488446609104569661948784367914389378037129403811513873505315012388800002513,
    "5": 0.0000250303562691552940105486077939165637204858308187601408927977872873568715404588949484239377684210537376746040664098,
    "6": 0.000301169115224506269985230398427440256150753377054617164151979642626807253247304992961057033274180102319604039166836,
    "7": 0.0000063956110811470036709618987695536879309339876309532596080176505326736107351138611051245070931366562780744005574560,
    "8": 0.000054348315308225578625785247348513677891177234508620992607117642231616994713919786819081900358387369333908526604746,
    "9": 0.0000548466617814778981214386361603329598719726527256340005069999168202723163990508132670972680512276891194322736554398,
    "10": 0.0000329048196486098086542873851502412536878203167563318042930987919212444414992515738671204631891344141702490440972796,
    "11": 0.0000088831359155697924772160446382750773088107335321119217380124828221118448047173586560951082714800260587077961546,
    "12": 0.000011097331746492438666630626320239483124805846499710954798941303478633536069155379785748156392220919360757465022470,
    "13": 0.000717671291087972028862182077267966875856506467047696155401893501255823535554538921072529969330998226298877324668298
  },
  "setupType": "Multi Region Model National Bidder",
  "population": 0,
  "id": 2,
  "worldId": 127,
  "implementation": "org.spectrumauctions.sats.core.model.mrvm.MRVMNationalBidder"
}