{
  "regionsOfInterest": [
    0,
    1,
    4,
    8,
    11,
    13
  ],
  "alpha": 87.388525947722882847301661968231201171875,
  "beta": {
    "0": 0.1112900358209946982679383609138312749564647674560546875,
    "1": 0.0791723366224722779893596680267364718019962310791015625,
    "2": 0.05722629285773740692722100220635184086859226226806640625,
    "3": 0.1072883924590341264693194034407497383654117584228515625,
    "4": 0.1193847611048109713660636543863802216947078704833984375,
    "5": 0.0854131314395605301115210750140249729156494140625,
    "6": 0.0652118081825449891208990038649062626063823699951171875,
    "7": 0.0688324896800440455546521434371243230998516082763671875,
    "8": 0.067811665353972705450047442354843951761722564697265625,
    "9": 0.10947018853285554740306650955972145311534404754638671875,
    "10": 0.077120814420203742667325741422246210277080535888671875,
    "11": 0.055004929295411876533083983531469129957258701324462890625,
    "12": 0.11366728061261170690254829196419450454413890838623046875,
    "13": 0.072097012205133814699564709371770732104778289794921875
  },
  "zLow": {
    "0": 0.00000265810467308202580463988653747931620796438819681137190341029,
    "1": 0.00000181106787722503908282241709932423488310545220813786704493327,
    "2": 0.00000354938651282754195997353644655134952684213153564932679653200,
    "3": 8.5057344645211340011897910769330964363470599081009649987240E-7,
    "4": 2.2441689793959255891970128094260084806370768796759889315478E-7,
    "5": 7.5936610052175555860360195316664014838651271231506001580739E-7,
    "6": 0.00001227136765099613946104309585163376409581524920001574359766270,
    "7": 2.1921092250564080017773520963362226601779837199562338489315E-7,
    "8": 0.00000290435353734917621985371698500393797147363648466257411325645,
    "9": 0.00000115116628791915634581054340702564496014670365825104230724609,
    "10": 9.5876362959059128589625388093547761650019819089269802541787E-7,
    "11": 3.7933725710856399866030658744338853764257442944416337238291E-7,
    "12": 3.0445486063394964206948197839866182811303161726485559931014E-7,
    "13": 0.00002018547959960208484416291757788845240552756551698446972408914
  },
  "zHigh": {
    "0": 0.0001093251966207859795102816810347420743485013596630845344538709713334850824388663487535369951931049577648850013457457,
    "1": 0.0000686706838789318813854697397800826713999012411085079507961570533114465414751398854165667637632088016125863348944006,
    "2": 0.00012679341858966348335309061286739135095810042112224174223029594182350521360897292649967206632312697809394285036718289,
    "3": 0.0000346428691673821610726255907401955137642805659879717639350538646057308608353828411047782588879127223062694532987093,
    "4": 0.0000094117027130278770823924805110077687836427697966917956163465554431308808710030646823909330330132498868606583509640,
    "5": 0.0000292669666711137909152129690377309808558493105359877904569954132146322928650932509467574864225869810690594692,
    "6": 0.0004481648368693089767937336843916512549821603678677382733160932378195249574695478370186783176639970269343510511692310,
    "7": 0.0000080852110312814695440009032854592474882524022160751264017028954119525834451411003943842354094195992769581379434882,
    "8": 0.000106825511134910207100170501793461386738924342344152666934397348959239583595743762719438764880174644800456192290127,
    "9": 0.00004713682769469244202215543452767453181529761647126923014112971508609480598103444850678681454077895547782569168572255,
    "10": 0.000036156972082767433796577801942046927039943096054704805445177516530692360964444085543591015429515116859246238905519,
    "11": 0.000013466659613894123859771207782520949686912977095186776700961039326098516948301512847260402803515304402625434332613606,
    "12": 0.00001259430142677376359395975272048360489332832913787690640918913506903818223495407404515544138990438920657798342540122,
    "13": 0.000751095664893961659129012498799474485795119552735116528998659927619104135431066293419323465159665816057326806467476
  },
  "setupType": "Multi Region Model Local Bidder",
  "population": 0,
  "id": 0,
  "worldId": 57,
  "implementation": "org.spectrumauctions.sats.core.model.mrvm.MRVMLocalBidder"
}