{
  "homeId": 8,
  "distanceDiscounts": {
    "0": 1,
    "1": 0.42045,
    "2": 0.17678,
    "3": 0.07433,
    "4": 0.03125,
    "5": 0.01314,
    "6": 0.00552,
    "7": 0.00232
  },
  "alpha": 562.64937590322597316117025911808013916015625,
  "beta": {
    "0": 0.055025057419074652198531794056179933249950408935546875,
    "1": 0.058214465404938221804176379237105720676481723785400390625,
    "2": 0.08996740005322036159984833147973404265940189361572265625,
    "3": 0.0747751902914267907451772998683736659586429595947265625,
    "4": 0.08449120047384971188275670783696114085614681243896484375,
    "5": 0.044746496448924900912746949188658618368208408355712890625,
    "6": 0.07106294551697951711322076562282745726406574249267578125,
    "7": 0.04125588665666903021023159681135439313948154449462890625,
    "8": 0.0903579921235027061499067713157273828983306884765625,
    "9": 0.0866982174229527779996118397320969961583614349365234375,
    "10": 0.057885863083397375017380426243107649497687816619873046875,
    "11": 0.05810202204422598715183312378940172493457794189453125,
    "12": 0.08449482360309761019845353757773409597575664520263671875,
    "13": 0.0738824101624864504334055936851655133068561553955078125
  },
  "zLow": {
    "0": 0.00000537610641694132414708576268720922349056461606262165411200851,
    "1": 0.00000246307296003518548864745324083498782340815032237345632108444,
    "2": 0.00000225768702805924507684166982203269840256564306697533926116702,
    "3": 0.00000122041358079499868148306362625905955262939827771302940533538,
    "4": 3.1709761014335684595406466482869823016203884601162547186347E-7,
    "5": 0.00000144949530582007371107406214422267877440975685540245913309684,
    "6": 0.00001126097528849324162902705663921945931156800751988566820566565,
    "7": 3.6573771124328361856661372141352179628247887421506274698292E-7,
    "8": 0.00000217965279568359804090661655445972776137533716877294904971858,
    "9": 0.00000145352919952671349210117860622520540838434189079620263400983,
    "10": 0.00000127735215494617633154396537003193585996431937066385119521878,
    "11": 3.5911691662795726556342800723163002266536192058864343913024E-7,
    "12": 4.0957013224990098328477575837239215368659147543647860645964E-7,
    "13": 0.00001969768942104600407966984898411801457569856657161243707706275
  },
  "zHigh": {
    "0": 0.000190865248936564929783657965526639292826508195637393000711817680547539060953495352749273173625937934081966657101959,
    "1": 0.000088230836363236273560220824025405259608982184535575629080692186116063896192283003143772346979488395051831486999978829,
    "2": 0.00008804243404661457685913461413183181722980576706202211616934657012447342466622283822679053554050829991520269383435541,
    "3": 0.0000457380731976687195135481262971680110341213345950597510989430433111893645430231702080200788353905080167389541884592,
    "4": 0.00001219212407914080569342338202759069024659270453801259297760747073342028542952878969122812504082880827242886915001613,
    "5": 0.000049970842830063335489326774769412139636546634828609763975678632053309544446554698250646229613726711845450030457458328,
    "6": 0.00041785306599422204183325250801922211145474311746383601155618166216539025447390184622157361717028452898791354003051939,
    "7": 0.00001248101469341075409566725863885623339619281728265830726439598956071336546533547419437916680616008317972058362732032,
    "8": 0.0000850844888849428617317574888771350804359753628674639150282612720846655381896809907052064427086304041390308051943,
    "9": 0.0000562077150429191564108744905036613452624267634476240399440417035545129060976161286908839163340603226931792416803224,
    "10": 0.000045714627843434985166009146614940674343866731447839400539204776870645206285925256649947858302023869608181777592803457,
    "11": 0.00001286004939947592186686485037616819423759660182952117870338070494717663861663846983714962992861115807859749814391,
    "12": 0.00001574775957525230383041856611969551466053512488302559662367417138785944662620124291538059299709659566133475297036530,
    "13": 0.0007364619595372792361942204409863613509002495843739555495878682668135598210458463320729380365402091080275807776148444
  },
  "setupType": "Multi Region Model Regional Bidder",
  "population": 0,
  "id": 1,
  "worldId": 57,
  "implementation": "org.spectrumauctions.sats.core.model.mrvm.MRVMRegionalBidder"
}