{
  "gammaValues": {
    "1": 0.96284,
    "2": 0.85135
  },
  "alpha": 1058.735672225327789419679902493953704833984375,
  "beta": {
    "0": 0.1047198517695797637117038902943022549152374267578125,
    "1": 0.08789810140369801183535258815027191303670406341552734375,
    "2": 0.181573807033471978922278822210500948131084442138671875,
    "3": 0.1284227180474394602871512915953644551336765289306640625,
    "4": 0.19070604619993269945865677073015831410884857177734375,
    "5": 0.170927827006655486119512943332665599882602691650390625,
    "6": 0.20900428474993704153206408591358922421932220458984375,
    "7": 0.08161310874867912235064437709297635592520236968994140625,
    "8": 0.1750319458767833624701637518228380940854549407958984375,
    "9": 0.1952391614118506868447155966350692324340343475341796875,
    "10": 0.15801292286588475288766630910686217248439788818359375,
    "11": 0.146304950372738773456404715034295804798603057861328125,
    "12": 0.175272674522228444349281062386580742895603179931640625,
    "13": 0.1344061575826373255981849297313601709902286529541015625
  },
  "zLow": {
    "0": 0.000003079378832944587684536103157806223255260040072935756619802,
    "1": 0.000001778248592062244735661075990551862653709479908898479240916,
    "2": 0.000001219437331158681944730129039776985872379692728728646931428,
    "3": 7.74616028307084095193632043273027164577953800409113118301E-7,
    "4": 1.53145332540900094958584231920253470284458902354410559622E-7,
    "5": 4.13644121042965254617216042546732538882979903043198950294E-7,
    "6": 0.000004173763131837042334459539200763385412125072533503195374146,
    "7": 2.01539197469237695359782896536572782281138914230036618093E-7,
    "8": 0.000001226592620321388516933381965184101956798258921120041867675,
    "9": 7.03608006917884324004349781486336405591589742868822701809E-7,
    "10": 5.10098832243849360918388745950660839146134898158583664684E-7,
    "11": 1.55464726458497082952640744889303472943004877174897402751E-7,
    "12": 2.15232547540892035876491252725610172069447975520975096060E-7,
    "13": 0.000011803232233369679846891652275270097845137898904767158513462
  },
  "zHigh": {
    "0": 0.00012462857448117150535782049516425685396739251118689679600016997555242382112046382922375698806696603185953079260,
    "1": 0.000068977925268474382792472150808713182770024440817282797982730203148389939373415700137720183515298264807920702693130,
    "2": 0.0000587249078004823165871435171390207406157395441678368792851069757424404531742826428180585957710890600989987577053,
    "3": 0.00003318631042904332730300913529403490055191673443997015064399813556575274273581248118536153996355388716315083652845,
    "4": 0.000007514934062511897862254722975356607469582367998623852082519091750548536086036918295382244926885083545651195388,
    "5": 0.0000194796527076841603699406854754761793907217699275962527192846596624128988909395420148843564422197426966428309662,
    "6": 0.000212446331763637091327474016591153372803945648715565402037220194227740271897615566963318013668372027215153058801,
    "7": 0.000007690999968094972079752601548024891671525725560483274620688339590021588027189725001076306923833479580468535464348,
    "8": 0.00005826706792293717143260058030628807896547280468695209886639762696731175148111811395487630451432631859178596207261,
    "9": 0.00003484542393086766694335384080045168756562053203576424728748994459699800795928714272910695805708032519916406820753,
    "10": 0.000023363185710648006362781648816657358984913935644949885992360805237309217411061111755373192292693971927538542795,
    "11": 0.0000069384677026770949138199852316804978771519335586149525242974844157073054530023486141686249182608453428579126461,
    "12": 0.0000102294148513992440711936658553535754693507050299287502458985734685399410415028544754161817149887295290998232935,
    "13": 0.00051273967615536534444733527065009185028141106268512945074436954607795848664756396804835349886994905780736410648142
  },
  "setupType": "Multi Region Model National Bidder",
  "population": 0,
  "id": 9,
  "worldId": 161,
  "implementation": "org.spectrumauctions.sats.core.model.mrvm.MRVMNationalBidder"
}