{
  "gammaValues": {
    "1": 0.98612,
    "2": 0.94447
  },
  "alpha": 996.895854770351661500171758234500885009765625,
  "beta": {
    "0": 0.1200213665240522920019117236734018661081790924072265625,
    "1": 0.171760423493808433992313666749396361410617828369140625,
    "2": 0.180848095187085944335336762378574348986148834228515625,
    "3": 0.138218183500128433127684957071323879063129425048828125,
    "4": 0.1815889196102629388196447735026595182716846466064453125,
    "5": 0.184540562777476158107248238593456335365772247314453125,
    "6": 0.082034254498796588261910756045836023986339569091796875,
    "7": 0.11403246602940220189026376829133369028568267822265625,
    "8": 0.145699586657837498737677606186480261385440826416015625,
    "9": 0.1883570439723805112208765422110445797443389892578125,
    "10": 0.09603469932516082996354356282608932815492153167724609375,
    "11": 0.11606144633385041819995109335650340653955936431884765625,
    "12": 0.11009187996314596935665264254566864110529422760009765625,
    "13": 0.115019906594721277315329643897712230682373046875
  },
  "zLow": {
    "0": 0.000002686789063209968644387205697224590512480213846631802095359,
    "1": 9.10015659525343620559820570326713045477276774138352062394E-7,
    "2": 0.000001224330720365970752713572658098223536624093539245605164583,
    "3": 7.19719311013920311503970530772155982100833900067927735985E-7,
    "4": 1.60834377590505344675584255443771643707795669653308805610E-7,
    "5": 3.83131435711550887262992568052185449307673037339925451854E-7,
    "6": 0.000010633781990400790818479477026642571319596568592049867589179,
    "7": 1.44241732314526879170341224075672092947610363399280833588E-7,
    "8": 0.000001473531243689402463954395910356737061569609617482472786819,
    "9": 7.29316166447455566927787997372894236948133770231365009118E-7,
    "10": 8.39302960281229268979083461293643311392570259174416567457E-7,
    "11": 1.95976009326948688726903274300215864335994868620733347981E-7,
    "12": 3.42662731023880532683032291809959321795915309520173719155E-7,
    "13": 0.000013792630671598519301991019495728129131292723746054756365329
  },
  "zHigh": {
    "0": 0.00011285088138913293415335357134680787168399772439777816026687730685259206380771728520509926110345090057107943877517,
    "1": 0.0000429309372923673493394344882019586945230583467744789826270635713103082366240561432347303335423997358181852958653,
    "2": 0.0000588717094767009808266468256886578705430715684833456262797440405702072335410416818925278690493014205578835899011,
    "3": 0.0000315394089102484137923192899190087650776031374297345891745324787757614106409057099603453704444034703628308838475,
    "4": 0.00000774560541400005535376472368106215267228247101759079946216758551650832873381846887822045698756962490432906194932,
    "5": 0.0000185642721477417293493139812406397667034625639564980477660944001702673303453348734080775605909597405802901614924,
    "6": 0.0004062468975205495458480721513675289500280905304719655684882099383655151862837764824975345890627174857690998475988,
    "7": 0.000005972076013453647594069351374197870991519869035560601085531837565069899946468458320429497187443507830534940284,
    "8": 0.0000656752266239775898432309986614671321086133255778250264407254825742517359122052198240742441150537402245435416778,
    "9": 0.00003561666871675480423105698727704842250631685285664051650675654703416143180335457720638654911030078646089306072,
    "10": 0.000033239309551769403604602490276946833152306996475424873075544665167542234464036427906929666081506229532184774141059,
    "11": 0.000008153806188730643087047861114007869618941633301990030881188478347770974583231536431906850636324069723310440819582,
    "12": 0.000014052320355888898975389897027884049961144725049904708938732842647098114525156178639518477353719525634535591555650,
    "13": 0.0005724216293022305281003162872638327888660558079237573863003579824663550195669078147767916830128963313146128
  },
  "setupType": "Multi Region Model National Bidder",
  "population": 0,
  "id": 8,
  "worldId": 161,
  "implementation": "org.spectrumauctions.sats.core.model.mrvm.MRVMNationalBidder"
}