{
  "homeId": 8,
  "distanceDiscounts": {
    "0": 1,
    "1": 0.42045,
    "2": 0.17678,
    "3": 0.07433,
    "4": 0.03125,
    "5": 0.01314,
    "6": 0.00552,
    "7": 0.00232
  },
  "alpha": 755.712877257833270050468854606151580810546875,
  "beta": {
    "0": 0.05042269854810520202104129339204519055783748626708984375,
    "1": 0.059683566840237289863324576799641363322734832763671875,
    "2": 0.09474030776949944609999221256657619960606098175048828125,
    "3": 0.07615202899363125721432510317754349671304225921630859375,
    "4": 0.08847988217768065766222207457758486270904541015625,
    "5": 0.0998645853793077853399751120377914048731327056884765625,
    "6": 0.052907234376974247858083089113279129378497600555419921875,
    "7": 0.042933097332882037833190480569101055152714252471923828125,
    "8": 0.0885958549139267692584809310574200935661792755126953125,
    "9": 0.087157046869884735595945812747231684625148773193359375,
    "10": 0.0604112475478122135097436284922878257930278778076171875,
    "11": 0.0946503638446567208131199322451720945537090301513671875,
    "12": 0.0731692538009323933945182716342969797551631927490234375,
    "13": 0.07278915793832541059060758925625123083591461181640625
  },
  "zLow": {
    "0": 0.000006395375579129068508361094670912481252871660122424687943942,
    "1": 0.000002618889643182206488597755787895500491758645453000061989734,
    "2": 0.000002337103223222814199915295564482733179580776271816895358061,
    "3": 0.000001306311822717522188000739733207074491285912776812918960660,
    "4": 3.30083405900106348370298120315996158190879912318688961851E-7,
    "5": 7.07991631822285041373736795261668106032536194202846304956E-7,
    "6": 0.000016487998066005634377311725930828847211283965134257230914452,
    "7": 3.83113296314190364406567607769220069816006746757885044222E-7,
    "8": 0.000002423283722940932375254502056289723773462744066881549811002,
    "9": 0.000001576141484444642074885195881068143733975325237965289570812,
    "10": 0.000001334225176686394306531984177376809772129069899800339840193,
    "11": 2.40308205540045138299869825908846446658252906281193033851E-7,
    "12": 5.15576998425588827875838011875434861660299563257702452256E-7,
    "13": 0.000021794826818671765452984802725368362674144809694257238401395
  },
  "zHigh": {
    "0": 0.000224108476866705930072570240557444593895741112671564735724372996293176013892477665958772190550749267619565274642433,
    "1": 0.0000941971568020732353805725447290223179114994071403302804472732910181325987211352911815219507839125282423548808644,
    "2": 0.000092254884562406284242698512880193159831772050460484332084095439872071028040246698011346911562472048861360992550328,
    "3": 0.000049137184261356470087222365992056320353155503732084325914770136664819967613469078518357148857655596950655791851311,
    "4": 0.000012823076263288085464606139627228888106774998297552204149382071816510684328407594940907723129112938503616353,
    "5": 0.00002831007803106375397263630805692424640520845866238567335915272918396932792556717082609343423313408370303505200435,
    "6": 0.0005818733797886948526130396184931172267787124267381864682464103157989190713542393185312034216179402077539134650380653,
    "7": 0.0000131382229334435521511561428850043102975717605363187274045512901536239435351025081913652625641938569601530547219211,
    "8": 0.00009416780100152348718223418303945673346540735905979733716619840141198972705229206479034293610105962147528500706992,
    "9": 0.0000610214282566703994697792237879059074171325968886582533575866376518388521184718717545109164913150683999184205929,
    "10": 0.00004808697604392435473118951175944182697440198569420257125761951250041677075030639719158004772308355691324370047377,
    "11": 0.00000948377207512353657423685766226678708860937443180382145729573819437343036437560756282162432668835537934229508794,
    "12": 0.00001923974837794014783117406862984831615707625266203057093175460880010155183369065127860188811259415453094859573833,
    "13": 0.000812487513714427912630129784153039795151618386369831847382360190279527460029379699874746306602827950708378967559
  },
  "setupType": "Multi Region Model Regional Bidder",
  "population": 0,
  "id": 6,
  "worldId": 161,
  "implementation": "org.spectrumauctions.sats.core.model.mrvm.MRVMRegionalBidder"
}