{
  "gammaValues": {
    "1": 0.97379,
    "2": 0.89515
  },
  "alpha": 1037.50250533999633262283168733119964599609375,
  "beta": {
    "0": 0.1800534655128518124467262850885163061320781707763671875,
    "1": 0.080306163281489373328980718724778853356838226318359375,
    "2": 0.10472486599732598600009936262722476385533809661865234375,
    "3": 0.2098187371152147040476165784639306366443634033203125,
    "4": 0.200418948051063583459807659892248921096324920654296875,
    "5": 0.119265085773072765373825632195803336799144744873046875,
    "6": 0.0915087077264324644243487227868172340095043182373046875,
    "7": 0.2012611547098976938485748178209178149700164794921875,
    "8": 0.1148208915811196051404152740360586903989315032958984375,
    "9": 0.11724589953744324333229087642394006252288818359375,
    "10": 0.2079276523145991983909652844886295497417449951171875,
    "11": 0.214938803570210057447553708698251284658908843994140625,
    "12": 0.11393575443983240680356772145387367345392704010009765625,
    "13": 0.08491145191882802645277905639886739663779735565185546875
  },
  "zLow": {
    "0": 0.00000180626707813629593117075068497790874745076326500982467950045,
    "1": 0.00000196297334552130799826391551954920487640626728014781518413778,
    "2": 0.00000213232885719399127639666159457771854813899133158235801443169,
    "3": 4.7816235298261786567819312856130700594916973843624048101552E-7,
    "4": 1.4696731543276360485615876707910544493161376357429213771599E-7,
    "5": 5.9788494106371978266473462954069791625632439673010078931776E-7,
    "6": 0.00000961417178459085181876170191475563186074906275469975325076928,
    "7": 8.242345171291217597728466916569165382245449467104048722513E-8,
    "8": 0.00000188576714831674111741823646754779821362004368092585202281248,
    "9": 0.00000118165679229029696481160514590334771232664315918711190276447,
    "10": 3.9095430336889904195895332659143825473550058732685465111189E-7,
    "11": 1.0672529727363622385793151696128770683064547260493449504810E-7,
    "12": 3.3392846374134902119656882852925047032973175107810227264115E-7,
    "13": 0.00001884278803731244500098536854693769658787901793465235221865727
  },
  "zHigh": {
    "0": 0.0000867104770501101948808972305937431607495842389488720973872924191079735111344899126814898173263536168855597463921525,
    "1": 0.000074653086165903801645324610121428782447480756785373103231073889164059960001080399540486986883173830976251334982577,
    "2": 0.00008630065109900693781282789671212088966007341270927067186515074782724520521529632325646953154523142987185102420903346,
    "3": 0.0000243776126933637757219296358983723466488134065273522746281036153781484117865969175191797192580831655294866001684,
    "4": 0.000007354522938675240565227146418843967947828964386496911755138200619545902257112446128367943735169691031852266643490,
    "5": 0.000025067228109750902985860810060014535737659214583772487070395440389778621324444584637999528966344752685933301060266,
    "6": 0.0003764031971245093422471363493771529514566219049077529025616811267466899013240348011925671246608742735919168484408432,
    "7": 0.0000041315674580789852321060508611842888797651450738799244877335371656563019791479274926093061499283438533962653322,
    "8": 0.0000782255609779135961160359995057306572435023830993938035081082881080386801903904408229850108263453687371646853653885,
    "9": 0.00004930414512436946850139179240793189161306404055875542252783672531841625375501605867347837248395773375368590983,
    "10": 0.0000198576501472454490654614540735109057427432063987767736561044655476192723949810690054914384827525555747518855555,
    "11": 0.000005495699688876123846035065581005483784023558402115987840353350445297149712738849653006080789468548868680382244860,
    "12": 0.00001382249305677095279737391366660121762250338846796265813833499641423795702840111680409679155929156717793348140139965,
    "13": 0.00072528049016406570908788026101187000715422343062469601458839197906397778400153919415170249951684190221485637318821374
  },
  "setupType": "Multi Region Model National Bidder",
  "population": 0,
  "id": 2,
  "worldId": 96,
  "implementation": "org.spectrumauctions.sats.core.model.mrvm.MRVMNationalBidder"
}