{
  "homeId": 0,
  "distanceDiscounts": {
    "0": 1,
    "1": 0.42045,
    "2": 0.17678,
    "3": 0.07433,
    "4": 0.03125,
    "5": 0.01314,
    "6": 0.00552,
    "7": 0.00232
  },
  "alpha": 800.764786376550546265207231044769287109375,
  "beta": {
    "0": 0.08918024841481077269467192536467337049543857574462890625,
    "1": 0.047367904098132636303564169111268711276352405548095703125,
    "2": 0.06677387972254590631226989216884248889982700347900390625,
    "3": 0.07374852308639179288007881041266955435276031494140625,
    "4": 0.0797160626743515787762106583613785915076732635498046875,
    "5": 0.0633421074791702676254345760753494687378406524658203125,
    "6": 0.04667221008580373087237802565141464583575725555419921875,
    "7": 0.0919480518547513003824178667855449020862579345703125,
    "8": 0.07063480312964809382236808232846669852733612060546875,
    "9": 0.045708618388034312485235233225466799922287464141845703125,
    "10": 0.0574404790763356765115332791538094170391559600830078125,
    "11": 0.042599742286996568341184143946520634926855564117431640625,
    "12": 0.0638053527736039127749023691649199463427066802978515625,
    "13": 0.06568925125463558056804203033607336692512035369873046875
  },
  "zLow": {
    "0": 0.00000405643855912660528011624573635680403255792075815090129279278,
    "1": 0.00000370176836987898444378347249299194361096581929921371428304610,
    "2": 0.00000371986788869692844071573006792313729326028955449717452413260,
    "3": 0.00000151320040993092239316975977853048090282220576052276354373295,
    "4": 4.1100189911172656330981678074879918612433883568489552015714E-7,
    "5": 0.00000125218518151547378668796120014327090212584151023249200829273,
    "6": 0.00002096747155257346196571465606988945783333383248939984887180949,
    "7": 2.0067734882931828984254133246981036933729847775707177405636E-7,
    "8": 0.00000340973298191642104340689565546140326177595406028888083007066,
    "9": 0.00000337148361511537147684619807577238790351704518943640341579597,
    "10": 0.00000157416525906967241055372215747035714673743216815440810398698,
    "11": 5.9897039531887523070028396455550189448861677624245262515794E-7,
    "12": 6.6326409316516441518304369245237224706680315922948757992066E-7,
    "13": 0.00002709238553451475068198379131875994812577112358409372705566007
  },
  "zHigh": {
    "0": 0.00015786857661203093194135187504805600837360422191566688716471956116823579281901737461225078147445852796608372050555343,
    "1": 0.000128587552010162384900704265364842164919923448103425801313682790171888257410695574594875352624159696267178286866045678,
    "2": 0.00013643503775926880145871619174289466268977652130110952605391705984175123397117374609947950243599429443438227476296547,
    "3": 0.00005655564183454048728756256039374085561820795882637066163052532086347168176022883195358227127936685171391301212403,
    "4": 0.0000156064022882385888186810974897233465803537851525856028175198022370842583119276279724452069122420856708650211227646,
    "5": 0.0000454971602806019607301845321162041038813372562349256003991340510745598342929490975255212102687348090351986428489151,
    "6": 0.00072688397030418605331764996207461808818010339659587915047822264265371621758297508599003127622684318797098583618812372,
    "7": 0.0000078655095925027660231593062156660756807057720632818377786420423299206369029363071116351271631964156137347965505,
    "8": 0.00012637657124772606574368922673569989100132675521112788222222171637553753935449975020606356183038578796055206470642,
    "9": 0.000116555094249943031046364674526831712697236436544448591967387596134889506605385193838745003159645112482853459741605049,
    "10": 0.0000562670384347187770793443594659201260484757132934961791292594307046421636114040917356357795525092552729837086827239,
    "11": 0.000020520710307378710976258742399082132437518915218902459859666658408687220919495609062847615876023381361605477899710342,
    "12": 0.0000241299027396017131879209925848517917382932380743663481784270257805686893648607010858077015686948971390097438450364,
    "13": 0.00099073941808186191449007790856333891989192562270538349625761574154796392276247675137887311528904350143686247047629597
  },
  "setupType": "Multi Region Model Regional Bidder",
  "population": 0,
  "id": 1,
  "worldId": 126,
  "implementation": "org.spectrumauctions.sats.core.model.mrvm.MRVMRegionalBidder"
}