{
  "regionsOfInterest": [
    0,
    4,
    10,
    12,
    13
  ],
  "alpha": 67.6489917916652103713204269297420978546142578125,
  "beta": {
    "0": 0.106525417659288301752695815594051964581012725830078125,
    "1": 0.0510130024038990270707216723167221061885356903076171875,
    "2": 0.1083403589849614989670811837640940211713314056396484375,
    "3": 0.1163839501728008152259263852101867087185382843017578125,
    "4": 0.058401778796573433627514759791665710508823394775390625,
    "5": 0.0856756191626318608367540718973032198846340179443359375,
    "6": 0.074235391340033818341481719471630640327930450439453125,
    "7": 0.067862513653953016046216362155973911285400390625,
    "8": 0.072773195789189337734370610633050091564655303955078125,
    "9": 0.10371534734982636172251346806660876609385013580322265625,
    "10": 0.085601432431228474673190476096351630985736846923828125,
    "11": 0.05100074966578914403836364499511546455323696136474609375,
    "12": 0.0826115593367203471242277146302512846887111663818359375,
    "13": 0.0590268257599155798942547335173003375530242919921875
  },
  "zLow": {
    "0": 0.00000304970436738752802019848053324700721448124790442637889385984,
    "1": 0.00000308681023307710941079293431919237916676617784860339214035148,
    "2": 0.00000205892849254805659844485017523207004758819305098729816032775,
    "3": 8.6110099585601830926499886278423211581967873000507432431037E-7,
    "4": 5.0380329178416455894971510317707690230923432186680324225601E-7,
    "5": 8.3138316185149679317150026127963110848060724345556848110100E-7,
    "6": 0.00001183834068772537365863395534657753025366561457176224182209001,
    "7": 2.4417902325175041048697804106573901417555288131954173945989E-7,
    "8": 0.00000297211130527297686496842123592920780774524975080266481827001,
    "9": 0.00000133436157956597315936324966479531874956006944997272171830910,
    "10": 9.4860356424632236157815624096458770305456467068378577785706E-7,
    "11": 4.4929664605884927608132426886796063646787764716971423793047E-7,
    "12": 4.6004486594991382541424187074240412954335529204040804072827E-7,
    "13": 0.00002707631369121657141662696578472362490651856423715760919974857
  },
  "zHigh": {
    "0": 0.000123978234168957044223307459470266958025147852650704574421616726903065232213325040757073934633005232341894369502060,
    "1": 0.0001083510527763475521656671164567936617728282101936141712168538824332957529976933594148925018306260289617137581111570,
    "2": 0.0000840743599771439057899399031862646526045655881228939977364369828139842375518190025865098308605545803842752997273209,
    "3": 0.0000358548634152261488959858845022162601864329158776318312166314965901863218661825022101452165845446962364311538185643,
    "4": 0.000018056399593901368818152036495781373891274171138438085633592140310898440134814045917024155813412392482087862798822,
    "5": 0.0000320644215708462602463186549671294473554220479605888168957786060987138935993800036980258555512227188611299188868869,
    "6": 0.000443032606008755029863456027936034204307290407824386429944272314570680506897454572960339288097935354913695891732506,
    "7": 0.000008982430927495594636122267034895214205261239984550190507330129622870350438473496071766851465790014252112404,
    "8": 0.000110792342950778648579657836842665404021798691485203706681008654579916493057167543136834233761748574191970613136045,
    "9": 0.00005387022485847398200268911997412438808284541935817858762143679220005721364946768216063160388063538126736673378499833,
    "10": 0.000036578289318275077143765226357278445952642583288136232189817681176813263710042330550671647211518564799786748115606,
    "11": 0.00001577034595889808233814814934586338622010718489666822934891098604833871541691862283495410363805364165427061481575371,
    "12": 0.0000176018483525949011612770693205746773678518067510982986721214561156496461341418308066897414089212096677515755852140,
    "13": 0.0009721122957837228643156921502103593213498809288508393871035680901385977341255867005764400838212980025649093270207
  },
  "setupType": "Multi Region Model Local Bidder",
  "population": 0,
  "id": 1,
  "worldId": 151,
  "implementation": "org.spectrumauctions.sats.core.model.mrvm.MRVMLocalBidder"
}