{
  "gammaValues": {
    "1": 0.98436,
    "2": 0.93744
  },
  "alpha": 1053.266744088906534670968540012836456298828125,
  "beta": {
    "0": 0.2153557037295572573754043332883156836032867431640625,
    "1": 0.15449430674813224850794313169899396598339080810546875,
    "2": 0.09656109328425245552640632240581908263266086578369140625,
    "3": 0.146978465311764505685232506948523223400115966796875,
    "4": 0.1842551258441085249017987734987400472164154052734375,
    "5": 0.1228446925713260473589372168135014362633228302001953125,
    "6": 0.1840865021359980868709271817351691424846649169921875,
    "7": 0.20269958387008746303337147764977999031543731689453125,
    "8": 0.08757450305660674505503493492142297327518463134765625,
    "9": 0.205642493433934980817667792507563717663288116455078125,
    "10": 0.210709050198438607726103555251029320061206817626953125,
    "11": 0.1869022587957658299018248726497404277324676513671875,
    "12": 0.16588392456997735902035628896555863320827484130859375,
    "13": 0.09391785862907807425070672024958184920251369476318359375
  },
  "zLow": {
    "0": 0.00000150853228332082462144841930126475710263609505569707784202863,
    "1": 0.00000101924440553694638768948109594081658753128018835021330031464,
    "2": 0.00000231009244427641916384867210804017987517973811292028087099395,
    "3": 6.8185727196754368633198601509632797634529334271352865768584E-7,
    "4": 1.5968624085203493408327864559657451152544851291142440708255E-7,
    "5": 5.7983186462578714562875155731884784811929830990354526362489E-7,
    "6": 0.00000477397225528619750485869534600655983554441614453929201520596,
    "7": 8.174956249565424009381118481684475888474527304657242885264E-8,
    "8": 0.00000246978321745185396455576792547208492832018124923725412117143,
    "9": 6.7298238026572297947526529572926874895792343391996677253931E-7,
    "10": 3.8537416324728790982542720350152236728998344826660908405724E-7,
    "11": 1.2260133140694367813881098389431960543825878417988091593670E-7,
    "12": 2.2910612851423479663150624612232667302352605921060179304614E-7,
    "13": 0.00001701730505573331671141074676373785966048238419034188118072453
  },
  "zHigh": {
    "0": 0.0000777430716469559422608056225107994546697932671888255428666803737469983085617136724559794553012527055509049442638,
    "1": 0.00004632407795014266147256351975924678439578128038601880601574871984627040815319988807850222870976455060353897698711,
    "2": 0.00009160927852899478275205456117050794743231193998088347905642280463744275521826496817468129953679058056817187954337758,
    "3": 0.000030477551698571910207995499071579136002201354258885461217895627748081245836184428523648152932562472962191839069,
    "4": 0.0000077328880659374800721589427683663021677605968697767205783885532901159002338126043823415693154145184008545274307,
    "5": 0.0000245178826540749708200361938483059495445827799540281203714952154921872013105224913243132657990285091143811147856999,
    "6": 0.0002311015530355797452501982279189050917636544550076979357377509959091584673385819157221112578816480862495638073131,
    "7": 0.00000410954710481270952432726134742838654653701173636111118911254044145812746661696460860130411991566475090370644493,
    "8": 0.00009572250031614496156727823752895171763904663643824138576805139593780515702970837856297901104919942543127751418756,
    "9": 0.000034028848879466476606049588902142888064781038876595939248343017692896978663709195557339454988450202868897953116963,
    "10": 0.000019681407288304043591183355233386485879705146615620931375823134647899156717558065597472751349113610539289579613904,
    "11": 0.0000059694865193409143998727507966541552892186190069732296890978551863696768574219031158381716606424042098600824227,
    "12": 0.00001067368622952453029779500058197235367225692976620411124165749731568332318122869716055055659435915588672122766808,
    "13": 0.00067034203671922522315920557958078636396879552744636754653284703008407741758875780031557001229767621085078254819016262
  },
  "setupType": "Multi Region Model National Bidder",
  "population": 0,
  "id": 8,
  "worldId": 151,
  "implementation": "org.spectrumauctions.sats.core.model.mrvm.MRVMNationalBidder"
}