{
  "gammaValues": {
    "1": 0.93757,
    "2": 0.75027
  },
  "alpha": 1102.06585674335292424075305461883544921875,
  "beta": {
    "0": 0.1928556989140806365856661841462482698261737823486328125,
    "1": 0.1445253749899446660265311948023736476898193359375,
    "2": 0.08932550147181383959349432188901118934154510498046875,
    "3": 0.18817001670892785636368671475793235003948211669921875,
    "4": 0.1984223643899113154187574536990723572671413421630859375,
    "5": 0.09024698529244008782246311284325201995670795440673828125,
    "6": 0.12325005313986647781376859711599536240100860595703125,
    "7": 0.1220849335148916081639214326060027815401554107666015625,
    "8": 0.09226970680898048671192412939490168355405330657958984375,
    "9": 0.1368169334875583287303157931091845966875553131103515625,
    "10": 0.10066406045325364260190070808675955049693584442138671875,
    "11": 0.12972194298288552971598619478754699230194091796875,
    "12": 0.1966245745549517476291612183558754622936248779296875,
    "13": 0.08383706430681352184119958792507532052695751190185546875
  },
  "zLow": {
    "0": 0.00000168452907174936895005200167190033926289852492156454290391325,
    "1": 0.00000108954886193029062270838454932946279690760461125322922768153,
    "2": 0.00000249721578196131373486845833012057006336688409583224103297148,
    "3": 5.3259460326497950543219959102123162285703150665171653688890E-7,
    "4": 1.4828473843778226065184752853573189513815312398135667882568E-7,
    "5": 7.8927032212986707746983892968793324703347623269392300158959E-7,
    "6": 0.00000713041358913356708233488144505448550600716735510729359519606,
    "7": 1.3573011691413653018863864926326519660756002509332362014329E-7,
    "8": 0.00000234410669986915149963980116668578902339628395279678603540817,
    "9": 0.00000101152519053888118402833331637986418234393765491649995584052,
    "10": 8.0666151894958132180964589900226664282040710928949643343978E-7,
    "11": 1.7664294293178441641728249187162600555745465475563165847601E-7,
    "12": 1.9328725225215117595997084909799953489891298659357416671175E-7,
    "13": 0.00001906351163040864689849451329794946031633415851003222218977241
  },
  "zHigh": {
    "0": 0.0000830229752998122721189130936298669194776661631648494947232190817773458506089759464422270355660509592535763780761162,
    "1": 0.0000484332116419429885231306233609061706770710130731092838367554311714211276944031277847027824367600784477490021,
    "2": 0.00009722297865954161988264814783291965307792631946824228391574873184519651216526584755779308209595795050167471946206,
    "3": 0.00002599967163749498478100190634932624539755349917703109759398738542993507347467868814596025785118482671695754363891,
    "4": 0.0000073908429935098998692160092565410236761417352018746887306821960508401431930342140998478808306742635680291327850069,
    "5": 0.00003080103637919736877526881501937851151200811763773945251043608555977765004162286571160255973636114696452192494070353,
    "6": 0.00030179479305100083257448381089034286187753699132473798313745382561738367526040413448992670170705253783826938572587,
    "7": 0.0000057289637373671782271720852808209996782214542977636469278320466695835213996211837527257925275498126612896055567737,
    "8": 0.00009195220478866388761979923476536284049132971754502734319515358833526674329993249532140509461868571648798414193121955,
    "9": 0.0000441851331876612227426416295216607510663614655064919347473792305994718734123817694176454194262726626819140114237666,
    "10": 0.00003232002795937284595070991609840881414561785644630755185729938485249914870361582148986739653766924172430920722401523,
    "11": 0.00000759073486508613654822689603597334729279449512424575196527700863223950586640258248000519265986658125444271302,
    "12": 0.0000095991199416620216776489386712425395285185375876932824516257413165578978235944410658934776573112718249430829588,
    "13": 0.00073172823395948512877171857560713438364434875703707777680428351813221975971423421960602446952196598906129946200597163
  },
  "setupType": "Multi Region Model National Bidder",
  "population": 0,
  "id": 9,
  "worldId": 151,
  "implementation": "org.spectrumauctions.sats.core.model.mrvm.MRVMNationalBidder"
}