{
  "regionsOfInterest": [
    0,
    2,
    3,
    4,
    9,
    10,
    11
  ],
  "alpha": 89.5870448459774024740909226238727569580078125,
  "beta": {
    "0": 0.06200425477544692365317047233475022949278354644775390625,
    "1": 0.08853095105425012878441748398472554981708526611328125,
    "2": 0.08682796843546942977543068309387308545410633087158203125,
    "3": 0.11983053113235563047478393627898185513913631439208984375,
    "4": 0.089613369578550539085171067199553363025188446044921875,
    "5": 0.08771746245090376870034987177859875373542308807373046875,
    "6": 0.05448889823487142181068776380925555713474750518798828125,
    "7": 0.09305000809158521513086981258311425335705280303955078125,
    "8": 0.05028224235970250866056829863737220875918865203857421875,
    "9": 0.0725358709050936412143784082218189723789691925048828125,
    "10": 0.0769262815600348925926255105878226459026336669921875,
    "11": 0.10660570794978986575163304451052681542932987213134765625,
    "12": 0.0820843307164510760376430198448360897600650787353515625,
    "13": 0.10328588449174957997200863246689550578594207763671875
  },
  "zLow": {
    "0": 0.00000523949578379511104408827138295406285502583758215954738746916,
    "1": 0.00000177867125525229649635427818580748969203618066410981548861922,
    "2": 0.00000256904608073151091734621568626055879864297443331802759382262,
    "3": 8.3633389961997661187633826167065346272712282672194713810928E-7,
    "4": 3.2833279835520080724631208415536184465949879901939726109976E-7,
    "5": 8.1203063977005956623848059856968868436580803076862538573896E-7,
    "6": 0.00001612849373429824082705759429133656058357274113409750685840024,
    "7": 1.7808276043480915433782779108245953885256242355353975206104E-7,
    "8": 0.00000430151933914613689984700095206700074628047370073572264073372,
    "9": 0.00000190793565980648524214167428254342878947818369115257541683467,
    "10": 0.00000105557973506729877417106164404813431792258651612917975608080,
    "11": 2.1494595563418148159214882344708059111814306797106679537770E-7,
    "12": 4.6299973952712049180573461541300817637254096970718745460990E-7,
    "13": 0.00001547383612326932113971594321078308954828872633263825774133158
  },
  "zHigh": {
    "0": 0.00018967197666118453494000118496147862724148554298269962922989631463032881336603467101358204911699693968422709891958186,
    "1": 0.00006910688344160316473250743245524697753092829465880687166488598522047204076679172943515059932332832325336679838095,
    "2": 0.00009937788762264753535698086851711931513620902959281588074128299749389584300566528970439394270128891889389780547245971,
    "3": 0.00003511185052814489797432606646880890059365623877913801563059881758074708343227590988842566990999480160310967444654500,
    "4": 0.000012792284791032456267049945925129922161782105453015906198904851655472019086493100259519788081284048187145695365759,
    "5": 0.00003148384590840314343832806508583117463197807157998052403491723835216444454422811136099995617483360573580058161389847,
    "6": 0.00057173719740594104491616519627880511420450420469444438103357936650582460091651542288949699624023668914973904314811770,
    "7": 0.00000699954304298735695164775953539682994557152625157013088536452667540723535464948387539467363340952347221216113938685,
    "8": 0.00015067458396697344962601522832679919217785540998319544135491997784204368654381122793386544664872225596017642929306577,
    "9": 0.0000710774472656893444860418585065676892803888465935741985772039264240285272015236709623534433520904079545773656485302,
    "10": 0.0000397875744429043695215523884497848443986832386514980515365300992903402755050194032163827054568813459023632453961,
    "11": 0.00000873982524615804850347288598323698485961514752070880607232794417309109644805328816333346402960048945730398426842428,
    "12": 0.0000176904945599111011530218516606927987727273770811016810885702802849280271108139331119916493787523665814399514147524,
    "13": 0.00062403796874530535600836147299214326060298579171525884335105845297841385765052827276603720131328598540846543627328
  },
  "setupType": "Multi Region Model Local Bidder",
  "population": 0,
  "id": 0,
  "worldId": 151,
  "implementation": "org.spectrumauctions.sats.core.model.mrvm.MRVMLocalBidder"
}