{
  "gammaValues": {
    "1": 0.97196,
    "2": 0.88782
  },
  "alpha": 1065.097204996998925707885064184665679931640625,
  "beta": {
    "0": 0.097017427633822261867635461385361850261688232421875,
    "1": 0.197519874991309796197214154744870029389858245849609375,
    "2": 0.17848700438391318368047677722643129527568817138671875,
    "3": 0.0915512219254147330271820237612701021134853363037109375,
    "4": 0.1486328775421105474752181407893658615648746490478515625,
    "5": 0.214221692781613681777486135615617968142032623291015625,
    "6": 0.10959041179936639121006436425886931829154491424560546875,
    "7": 0.145387833436479374515926110689179040491580963134765625,
    "8": 0.09464485421056922920257648002007044851779937744140625,
    "9": 0.1169093237761768266924633508097031153738498687744140625,
    "10": 0.097645030349801820168664789889589883387088775634765625,
    "11": 0.1008585173792087841260212144334218464791774749755859375,
    "12": 0.20114610235238694624371191821410320699214935302734375,
    "13": 0.171199786388109675971946899153408594429492950439453125
  },
  "zLow": {
    "0": 0.00000334858426363858097514536745713245354571787441494546155358157,
    "1": 7.9722335712935587807852802286448809630640458058524340578987E-7,
    "2": 0.00000124975514479039942823179727813714177885281764097936148078963,
    "3": 0.00000109466955533485087956581267239276233670162896984700203945079,
    "4": 1.9795760460486420569912090026340364562743514414958784628318E-7,
    "5": 3.3250258752099200523032510383621473277244289548711906038313E-7,
    "6": 0.00000801916736455788384923764413935334971096284736366020681913297,
    "7": 1.1397516496227723885288937229106041548612653401004569026377E-7,
    "8": 0.00000228528048069770044733592971405603488019675356420458281039021,
    "9": 0.00000118377020963617133741712567166846652572505624961146547854261,
    "10": 8.3160221895531286249117276919031736327883544941482829907437E-7,
    "11": 2.2719415639605350086200116184749991027426022797543071157813E-7,
    "12": 1.8894238216156947909719013241736900908501723867723487544821E-7,
    "13": 0.00000933546054110765449502748744972445105623793339098411317937013
  },
  "zHigh": {
    "0": 0.000132944631056488632871714067186830347962246647966277054213268608096824738420886344652912055588118553496549565280,
    "1": 0.000039663446497914946184234927566956929659035012153069709180005620492780617288095300715861055701685572851203548572948,
    "2": 0.00005979915954441419068354831627341680454250432582265589735029322908855763968343969766982004460490160884652028312619,
    "3": 0.0000428619201995911260050102987904721668128914230728896626708439731021125876015807241085737502190317614987664452632782,
    "4": 0.0000088810289785223582206342104083711761908201958069216237544072070987851102631815664329672660986735829465104431998015,
    "5": 0.000017098004340931116608083400243826956084177117521535334274242360046043965947625955903525944894639194084777358486939,
    "6": 0.00032845740631373033558156669171930878802620739158132537985556109923454766740286112889429135147780566243686795957702590,
    "7": 0.000005076315178811399487099606971654856244578449565265309031446557374412694623253403314123287467817623129100662647274,
    "8": 0.00009018741821352035605068309118647021619534380588726124644461470279741335474870584857408108948341112561976197660729,
    "9": 0.0000493524837605799273443054001803188213677950233473409004284420361461978479110364072097456951878169768030092574700820,
    "10": 0.000033068248959544792171155722204050335759370706650067507826337020387380552316108597458304100256042244657014767723504,
    "11": 0.0000091072712690142090815684561352495644342986623208397235583407058881373063060909511036483778780934944022164651369764,
    "12": 0.00000946877383894457077176551717082362375410166515020310371371966160542130312943640302788059262663126942760691866386,
    "13": 0.000439886701280455356667707800160384105841462003465634506492214977726479988636872153565564553467817997453621273961761
  },
  "setupType": "Multi Region Model National Bidder",
  "population": 0,
  "id": 7,
  "worldId": 151,
  "implementation": "org.spectrumauctions.sats.core.model.mrvm.MRVMNationalBidder"
}