{
  "homeId": 3,
  "distanceDiscounts": {
    "0": 1,
    "1": 0.42045,
    "2": 0.17678,
    "3": 0.07433,
    "4": 0.03125,
    "5": 0.01314,
    "6": 0.00552,
    "7": 0.00232
  },
  "alpha": 672.3729841317514228649088181555271148681640625,
  "beta": {
    "0": 0.0735503249391268043577696289503364823758602142333984375,
    "1": 0.05510990029533764655855776481985230930149555206298828125,
    "2": 0.056909147066824851413091579388492391444742679595947265625,
    "3": 0.079587449182305591843800129936425946652889251708984375,
    "4": 0.08305458988153997801351380303458427079021930694580078125,
    "5": 0.08964301200418266224456687041310942731797695159912109375,
    "6": 0.0890963212127871828638348006279557012021541595458984375,
    "7": 0.0810468460201173857004874889753409661352634429931640625,
    "8": 0.0861733741188515367515066145642776973545551300048828125,
    "9": 0.044698964160821634539200175595397013239562511444091796875,
    "10": 0.0485761713038304343559303788424585945904254913330078125,
    "11": 0.068578948436685827072523125025327317416667938232421875,
    "12": 0.0845761620438560957069284995668567717075347900390625,
    "13": 0.04860351158256563663950799991653184406459331512451171875
  },
  "zLow": {
    "0": 0.00000441698975146864840453673008858413309980266767561223772627671,
    "1": 0.00000285733519742304097417955612550160300770034597418829362975970,
    "2": 0.00000391966956990395132383017187824279972279174498639842178530730,
    "3": 0.00000125922286020114336606198991130611381400490763392573526950717,
    "4": 3.5426107630812572050530465837549821013166044332104553569200E-7,
    "5": 7.9458806169620975058375061854178082275521928135951151108687E-7,
    "6": 0.00000986375017292867333180028753419509541383630511623668151059074,
    "7": 2.0445709010462518275288824066640789397932161436884223906038E-7,
    "8": 0.00000250994045594156666028441243375398901734862577626491198452732,
    "9": 0.00000309612934691334881726845390814490742864028996634225473479635,
    "10": 0.00000167163903060534042934463509828064206432041903217058926831674,
    "11": 3.3413264994113132160626663973156255100941766066973057548049E-7,
    "12": 4.4935857601658196871106314421130247102901811091451393554686E-7,
    "13": 0.00003288299134018849859345533083954596991387674929165503746913538
  },
  "zHigh": {
    "0": 0.0001649967956913906557534549461303807345847904457862803393941227338795437780957076018894418566002332572850560745991794,
    "1": 0.00010146680170672549906726577064607037700085325396116121589910051132190219044067689923118025774068917996611371672878878,
    "2": 0.000139896592297820747551499554276586542860672146185227706485823505772715142398982076337784709324306221137250309960291464,
    "3": 0.000047798519345579900599895615957872711131989782995251659572535329419667565693550261558247035863581849834906566444575,
    "4": 0.00001357013312962020366481972315173401312594695478206535443667189646672263066984086290593279891659684193498177190047959,
    "5": 0.00003096056856618764896868616568499393878366040909770710779535466016912909629519312953775935697562617927236422762026903,
    "6": 0.0003837948905648540200584459935645611591124111241586196205992943521162300132615424833150382177233243393430601591079302,
    "7": 0.0000077907729330818378040995730229152805993743019760292054953446764336510832172753585198792103722279008835634882430028,
    "8": 0.0000969272174708363424391375727774088403098999722490711216687279223161044878519577170005447193231611680669269584153258,
    "9": 0.000106723257878895251739845247274612048455252034849264578116054214108070456959850114382668863503831335802808366735304688,
    "10": 0.0000582693533090456191767595920767600767906182141327403369036082647304990219424776517895549756776957007817523463023369,
    "11": 0.000012315426075366543703896420471771443656353385301668719475411389425567705031935553491996014588486037891800434163178,
    "12": 0.0000172812596545949454601817075246416276124216913173214755166791676852681853422692186036561575056645559737729955306,
    "13": 0.00114631262525288067962054310185502967157062648048576223518517243748383932292341652612606389047022078725676533553455871
  },
  "setupType": "Multi Region Model Regional Bidder",
  "population": 0,
  "id": 4,
  "worldId": 151,
  "implementation": "org.spectrumauctions.sats.core.model.mrvm.MRVMRegionalBidder"
}