{
  "homeId": 4,
  "distanceDiscounts": {
    "0": 1,
    "1": 0.42045,
    "2": 0.17678,
    "3": 0.07433,
    "4": 0.03125,
    "5": 0.01314,
    "6": 0.00552,
    "7": 0.00232
  },
  "alpha": 719.863459278664095108979381620883941650390625,
  "beta": {
    "0": 0.0906589679655454283579985030883108265697956085205078125,
    "1": 0.0882328540783372805567097429957357235252857208251953125,
    "2": 0.07738764211011946170248876342157018370926380157470703125,
    "3": 0.0856324535128147046325608471306622959673404693603515625,
    "4": 0.058115394714723100921816012487397529184818267822265625,
    "5": 0.0420888610365338922125744147706427611410617828369140625,
    "6": 0.06075703441939002413807457969596725888550281524658203125,
    "7": 0.087957582735748995883540146678569726645946502685546875,
    "8": 0.0690090152321239658217422174857347272336483001708984375,
    "9": 0.0948737836406150503165690679452382028102874755859375,
    "10": 0.08160673481467066447958558228492620401084423065185546875,
    "11": 0.05411325867140155676526802608350408263504505157470703125,
    "12": 0.08233407389330098247182121440346236340701580047607421875,
    "13": 0.042852339080671264515132179440115578472614288330078125
  },
  "zLow": {
    "0": 0.00000358344065417530396902018734484715404680553628844378427847330,
    "1": 0.00000178468054201823368531871003086353735938712724397392567728748,
    "2": 0.00000288243763377115945390955902100947767572323282325578296125805,
    "3": 0.00000117033123873367177356103813817158054739188251184202926440006,
    "4": 5.0628595999727798824133952983321560833574562005155415020693E-7,
    "5": 0.00000169235435216898060092701801234704484069720779888311454361398,
    "6": 0.00001446456138236842591338836786160222832838071686519430447704127,
    "7": 1.8839310704130979723959758009300890752973011348335508788392E-7,
    "8": 0.00000313422872646948843604746172010103621107783525078930737500157,
    "9": 0.00000145871461434686689104179100450417912577401851402193839586713,
    "10": 9.9503826606056281544157877938687474140755229496010760517995E-7,
    "11": 4.2345381398064205692976234278973519220542195688712532785915E-7,
    "12": 4.6159532674438813567907517176100625679435819770088732193210E-7,
    "13": 0.00003729618697041313552739343919157856094848885437514108358234017
  },
  "zHigh": {
    "0": 0.0001399903227725903226879586638182713629948765041712267359600205584923737395857985841479441680089344420432831962812178,
    "1": 0.0000692871620445812804014403878069284075514566920547301773249338651566743129809145606679255402996154988112028386888606,
    "2": 0.00010877963421383699145388116855958688144861678129094854176434602996706471677238814708411599047912864451435364381453469,
    "3": 0.0000451317707015557528248670627638367131335990293327404794193222125713618963328595878716285440932003876452736303240309,
    "4": 0.000018130879640294771696900769295465535072069510083980612872119787390375652680043913333992959461182951428993876142353,
    "5": 0.0000578935572803707744789841874991518593219200646234151987711678753877807606652663616926576765464865430148600731622424,
    "6": 0.00052181922684804659750608840338677514654874347662734830959281020240837039836034789936720891082273138011235096800535429,
    "7": 0.000007308853441182376238700853205713311005886556949464590960051077087749771019439621869899965066356643188219187287262,
    "8": 0.0001156558655866739957120290513678202561217762564848029833829555972373455450311156797178316929940380344279110985494161,
    "9": 0.0000576008159019007939530453601653901993692638912796550879481775446334399553694615472004303958820893336991745935794,
    "10": 0.00003797133037270229075966790250994705710323221201642588700950452926216847416482440630007196617145136665542958236413347,
    "11": 0.00001499506099655186576360129156351662289223351418819056204677146510882516325792556817358086380195586027243921156698989,
    "12": 0.00001764836217642913046922206835113274118538189392091267710823624004021434976723638701756044904765405418691094922466588,
    "13": 0.001278708494159619787638686352416007402608989632990343618581316166762422274803409270128699658689555862028678757744456
  },
  "setupType": "Multi Region Model Regional Bidder",
  "population": 0,
  "id": 5,
  "worldId": 151,
  "implementation": "org.spectrumauctions.sats.core.model.mrvm.MRVMRegionalBidder"
}