{
  "regionsOfInterest": [
    1,
    2,
    3,
    6,
    7,
    8,
    13
  ],
  "alpha": 99.04647979732925477946992032229900360107421875,
  "beta": {
    "0": 0.11905255844551178301404803505647578276693820953369140625,
    "1": 0.0874384477945825133726742706130607984960079193115234375,
    "2": 0.10439082228348979530796469816777971573173999786376953125,
    "3": 0.06453337221901810083490858005461632274091243743896484375,
    "4": 0.0866331795902574863799117110829683952033519744873046875,
    "5": 0.09864283769355335074191515332131530158221721649169921875,
    "6": 0.06656195677445451985843050124458386562764644622802734375,
    "7": 0.062698728933363534476796985472901724278926849365234375,
    "8": 0.0918662567787624506632226939473184756934642791748046875,
    "9": 0.07458729341314150607100685874684131704270839691162109375,
    "10": 0.07268176564468564748722201329655945301055908203125,
    "11": 0.10715213705681590761198407335541560314595699310302734375,
    "12": 0.05426777499757863554297188102282234467566013336181640625,
    "13": 0.076701949425235282919999235673458315432071685791015625
  },
  "zLow": {
    "0": 0.00000272880344374959123897006488423212734533214209064976888167075,
    "1": 0.00000180089493594714775633863857041625656164200527402412292368933,
    "2": 0.00000213682627579322667688775960794658206052978827795616006137990,
    "3": 0.00000155296913750807326522647828646992088213688942938889710881612,
    "4": 3.3962747925129999313759317374606492399668917544224223543904E-7,
    "5": 7.2209264066689195112196390181032850639840722724316298249359E-7,
    "6": 0.00001320309522671992131045339796998892677065704931841605401678796,
    "7": 2.6428928594457037727394067314978053408623146393237212857400E-7,
    "8": 0.00000235440133853255182257204579203694161932465702525037745566426,
    "9": 0.00000185546047298405289965493119102763361446192237468508908192360,
    "10": 0.00000111722415090766835186147973282422486662475783695202229770893,
    "11": 2.1384982512458868319132666196574047850669336930997152513427E-7,
    "12": 7.0032397205654006568061048543538468887311809735917070346228E-7,
    "13": 0.00002083687393147836747601122111435446551786174667814365323392150
  },
  "zHigh": {
    "0": 0.00011435120645981894078645498999982056195067467823740627405594411000998384835386607603887751095366960209252409078609597,
    "1": 0.0000697735938624487025320382439935099836191030329562360947169893424777016134588087414655813344716107663258204567716827,
    "2": 0.00008641129347449900814322718616770001299281344493195985476800152444022232501292171443673270581346567366451455701428352,
    "3": 0.00005661090766478779757483026721278692317594923685914651475180399289901998263314152858577800558665582671660867787949412,
    "4": 0.0000131311252179154318437883786128510145418978167457012554290832146272921789875295658887241690458347893091569796850249,
    "5": 0.00002878570593530811498483256418305036929295604747421665193755614536765053548610953982087011178894818681929336395106720,
    "6": 0.00048397524217859145941803930663837609981703345022400079578521091695763706199424213131898834120959587193665882420865762,
    "7": 0.000009585738808280193639731145997416459802581597462935102180753254703158744225861539195085166569135237054757343697004,
    "8": 0.0000922610439485658973077665735258974183691809097186350858028361093630878154264761836747477706479341662547314948649526,
    "9": 0.00006950319166101637421143956576109383402990100709954960852987160177746278923186219373033672868909365961364558329201228,
    "10": 0.00004163690691811545685226493111306756085974837827618332778537386640350088974213275342809721639845134304019591008,
    "11": 0.00000870694133087026455144822113879678148127165656087594796502491739252816537764081094908117505552112326682030083219226,
    "12": 0.00002481022153579368836926812776136409414774469091066117855414187104583233157026775875052850343672769125468045945596383,
    "13": 0.000784929102991576746097219810099284539690176402080420708128755985883523414986462169190160678526613655201031960091231
  },
  "setupType": "Multi Region Model Local Bidder",
  "population": 0,
  "id": 2,
  "worldId": 151,
  "implementation": "org.spectrumauctions.sats.core.model.mrvm.MRVMLocalBidder"
}