{
  "homeId": 12,
  "distanceDiscounts": {
    "0": 1,
    "1": 0.42045,
    "2": 0.17678,
    "3": 0.07433,
    "4": 0.03125,
    "5": 0.01314,
    "6": 0.00552,
    "7": 0.00232
  },
  "alpha": 590.7219143296688343980349600315093994140625,
  "beta": {
    "0": 0.09552535868733348645154279665803187526762485504150390625,
    "1": 0.0530100146197635957445726262449170462787151336669921875,
    "2": 0.09572392471119550716451840344234369695186614990234375,
    "3": 0.048508430068564922787999194042640738189220428466796875,
    "4": 0.08514166512522462759715580205011065118014812469482421875,
    "5": 0.0546393729376835890487740243770531378686428070068359375,
    "6": 0.0942279292835289383756247616474865935742855072021484375,
    "7": 0.080115472971712564653756771804182790219783782958984375,
    "8": 0.050651666862303830474179022758107748813927173614501953125,
    "9": 0.08048458262905555660182699284632690250873565673828125,
    "10": 0.06763238080303758670286384813152835704386234283447265625,
    "11": 0.0951721702960491022782463232942973263561725616455078125,
    "12": 0.0409956003039846361701847854419611394405364990234375,
    "13": 0.0659593040031400679179540702534723095595836639404296875
  },
  "zLow": {
    "0": 0.00000340088784734800925870532687321125094237655688166876907255696,
    "1": 0.00000297052281478968855740057616315430909229496865888189830357148,
    "2": 0.00000233029571948728545960858944180339823910626909786844010899481,
    "3": 0.00000206599832758555534304697387100206481982160755050834881020396,
    "4": 3.4557708450368640058332032031243553262769100118609087812400E-7,
    "5": 0.00000130362526733699547389591213237760875633061708243867657201998,
    "6": 0.00000932657504470446633650115862132178495198469340811018183227048,
    "7": 2.0683398206088886362916041762272417919980389422804875334933E-7,
    "8": 0.00000427014649910488123810196964415570719320058803702817917979503,
    "9": 0.00000171950664579810654995819953381260815668601232217992220315443,
    "10": 0.00000120063530138520613986324078024593539318062906819574061629405,
    "11": 2.4076855345472028692823027391619159082905830042362939221822E-7,
    "12": 9.2705128011702519028920588818602975043525408278195664287281E-7,
    "13": 0.00002423052933360503182952527196202326266142664052498896677132934
  },
  "zHigh": {
    "0": 0.00013451373856777148137851284966919426986200712196797627978253040774922269543940942548395025986914626871662687647688356,
    "1": 0.0001048624302277249265638963717756515595386919345019693561134538603706413332193631447386049032984190420204196292968209,
    "2": 0.00009221537678532077162485208118340449835010786952932825619644863544297501316935272911310842765285235522730057884202,
    "3": 0.000072001783367112259909445134748751241306490780492730065793439263345125232793654689199282011187482656743326283988425,
    "4": 0.00001330961337548702406716019300984213280082787151801671470963199850568560919433915607037601172536912914125823297829346,
    "5": 0.0000462316847354112206680510111000687767909223431300820596233479874583307742143746636593708366865909773504610763699390,
    "6": 0.0003676796367181278101994721261783618452568627729148246302496864603316741164413785264652089626301123729070711678408663,
    "7": 0.000007862079691769748230387738331604769155988770371805400924013364152626236033227518465265433871763991251600276767463,
    "8": 0.000149733398765735779773664289089460385585458840071969137526759406793455951084399751874161810050654806176603144223749037,
    "9": 0.00006542457684543798372053761604464307029662370552439460216679670993772250610399833401992579057683156001906339481153,
    "10": 0.00004413924143244159049231776253571887665642451521349487734292743437197071226436082746214596889008644574675178208014167,
    "11": 0.0000095145031807742126635553294973103148509426044942856839775435238707243195052245594836961469345254644878055372354369,
    "12": 0.0000316120407776082421075259898438834459946087704733447567364577042934808898931329484426851655701363244802752571262,
    "13": 0.0008867387650553766767026413355293484539971232174857801142509914101335188084567404427232089481813498556608508217313375
  },
  "setupType": "Multi Region Model Regional Bidder",
  "population": 0,
  "id": 3,
  "worldId": 151,
  "implementation": "org.spectrumauctions.sats.core.model.mrvm.MRVMRegionalBidder"
}