n,evef,gwef,geef,owef,oeef
4,0,0.0266666666666666649,0.0500000000000000028,0,0.0266666666666666684
5,0,0.0100000000000000002,0.0400000000000000008,0,0.0400000000000000008
6,0,0.0166666666666666699,0.0200000000000000004,0,0.0166666666666666699
7,0,0.00499999999999999924,0.0150000000000000012,0,0.00333333333333333355
8,0,0.0149999999999999994,0.0200000000000000004,0,0.00166666666666666699
9,0,0.00333333333333333441,0.00833333333333333495,0,0
10,0,0.00111111111111111198,0.00444444444444444444,0,0.00111111111111111111
