n,evwinners,gwwinners,gewinners,owwinners,oewinners
4,0.752777777777777768,0.724999999999999978,0.741666666666666696,0.794444444444444398,0.811111111111111116
5,0.75,0.798333333333333339,0.690000000000000058,0.798333333333333339,0.765000000000000013
6,0.626666666666666705,0.665555555555555567,0.66666666666666663,0.712222222222222201,0.688888888888888884
7,0.469047619047619047,0.509126984126984095,0.573015873015872979,0.53730158730158728,0.568253968253968234
8,0.381547619047619024,0.477083333333333304,0.416964285714285676,0.519345238095238138,0.492261904761904789
9,0.448611111111111072,0.49884259259259256,0.515509259259259278,0.520833333333333259,0.515277777777777724
10,0.337530864197530811,0.407808641975308639,0.393765432098765411,0.412901234567901232,0.408919753086419757
