{
  "regionsOfInterest": [
    0,
    5,
    12
  ],
  "alpha": 87.250401010136698687347234226763248443603515625,
  "beta": {
    "0": 0.0908371912319015650805198447415023110806941986083984375,
    "1": 0.090109889190932490610208560610772110521793365478515625,
    "2": 0.1051680416419873143052399200314539484679698944091796875,
    "3": 0.0810339821154995865182257830383605323731899261474609375,
    "4": 0.06823749731895777104195843776324181817471981048583984375,
    "5": 0.0881967476259637173097161166879232041537761688232421875,
    "6": 0.1008078227347415090076054866585764102637767791748046875,
    "7": 0.05612725806819375551359740939005860127508640289306640625,
    "8": 0.11172184927814966803882867907304898835718631744384765625,
    "9": 0.068977289527493212961672952587832696735858917236328125,
    "10": 0.058350948298239314893098850234309793449938297271728515625,
    "11": 0.055171841634819328292760332033140002749860286712646484375,
    "12": 0.074322501292431508712610366274020634591579437255859375,
    "13": 0.05972435916780106934798055817736894823610782623291015625
  },
  "zLow": {
    "0": 0.00000308985402195714541899858989812104086182981998519840071707540,
    "1": 0.00000150976388443428395471753007730914053737417359332056430358485,
    "2": 0.00000183247652011132703633169049328020354174816521116989073443333,
    "3": 0.00000106849052491617830771639057619523625946406709459967643376650,
    "4": 3.7252434276452533755196505441294661863835063864074974824306E-7,
    "5": 6.9774475006631875217355464866774087481780629972366720307709E-7,
    "6": 0.00000753179122322517047073764638461273721568354325131588795657026,
    "7": 2.5506750806646538977460010325788253913906494101039472840962E-7,
    "8": 0.00000167258836984319060619562987975021462144172020738065766244153,
    "9": 0.00000173340921844647627311628161494862934484811920065054449973073,
    "10": 0.00000120228806907399531786340350914496758313571360898999788369058,
    "11": 3.5882519307854637747973711393020432477311672382637943586773E-7,
    "12": 4.4178540326918025912095984210418591290380068967066423420703E-7,
    "13": 0.00002311948411923700292545320617865056242648195839184522285527787
  },
  "zHigh": {
    "0": 0.0001207629867258325021502127860462853340607528358423856949717373115405962575409710874339949482483410792188172816875668,
    "1": 0.000058897382166113032005771760843726799875576369544815688406914678310039350058634921320288641902375379692463737814316,
    "2": 0.0000742460923008430156894529674869124603647727513163427116837978171414338750853807791502244001148458355404244427767018,
    "3": 0.0000407131199561491850637658246102124376594665117766962011198980854300632065854334939094220535698796460803011450553380,
    "4": 0.00001371774316699984047202592380582675365639636614754891247978446975564535655941104189703755768483176583610231556401772,
    "5": 0.0000270862242648835871343724771086830778914152425883980450466806843338796150920095370974774395579212906539870322804832,
    "6": 0.0003018800841473516040837771316938246100125883734061434586539061688611442402904048030103997396194796384141311433047843,
    "7": 0.00000908364922699972122968766486885296596177526371024742458925982177004831831867059602960086643956310125787062504877162,
    "8": 0.00006886411767129641762797846660183946329290482061072125010855713029081400536904302989587994165843839101165538105437610,
    "9": 0.000063958863506435120487298335257857407548558733736672065207365131093397605306782703502637891590300359181418454445674,
    "10": 0.000043084106968032527432868705298783286353978276532884634274172715400569028325722741837271266926718975584843844623730561,
    "11": 0.000012744460465067694253800201618666927125136885847976666498406798109047614092871344180994127225879298487897709949369902,
    "12": 0.000016537021718620510281920112075374347205036746505747338354667513141724769801996293449351107488731026947921378218181,
    "13": 0.00083166416090826846044214029209419977543479804597018643476227873221876963547623076879855607423742664014034116285647995
  },
  "setupType": "Multi Region Model Local Bidder",
  "population": 0,
  "id": 0,
  "worldId": 128,
  "implementation": "org.spectrumauctions.sats.core.model.mrvm.MRVMLocalBidder"
}