{
  "regionsOfInterest": [
    8,
    10,
    12,
    13
  ],
  "alpha": 98.2763649898819693362383986823260784149169921875,
  "beta": {
    "0": 0.08388027688171384443904798899893648922443389892578125,
    "1": 0.05224568163835152656560012474074028432369232177734375,
    "2": 0.0883136242652094172189691789753851480782032012939453125,
    "3": 0.102273880855300924874740076120360754430294036865234375,
    "4": 0.05611326354455466181025968808171455748379230499267578125,
    "5": 0.098530477827985241123798232365516014397144317626953125,
    "6": 0.08940849073376366806797932440531440079212188720703125,
    "7": 0.1083671768206807828338611443541594780981540679931640625,
    "8": 0.0589054258069949543408228009866434149444103240966796875,
    "9": 0.113755785582669466382554901429102756083011627197265625,
    "10": 0.0983574110400829149103429926981334574520587921142578125,
    "11": 0.0980821331527056139432119152843370102345943450927734375,
    "12": 0.0505871862862858900911078308126889169216156005859375,
    "13": 0.08366986017040227430197063540617818944156169891357421875
  },
  "zLow": {
    "0": 0.0000042690370471350760377860408543681919495623946011500228984520,
    "1": 0.0000033221497757862794137538540858106001088347820335358431776203,
    "2": 0.0000027840858156698872475697365248689460438401904034040381635943,
    "3": 0.0000010800932221001459626630273369748666408794965199820555838042,
    "4": 5.779634030539034668201608941879411530216654959147231706213E-7,
    "5": 7.968318390351685407880747182520030283613830405791837331550E-7,
    "6": 0.0000108343251298463172598227623028647606137979906402743026269928,
    "7": 1.685463401626577840860446730097701945529667745325491590695E-7,
    "8": 0.0000040472497861674095589330882666521323894364322811534362201799,
    "9": 0.0000013409786168770084205752592650235470284473465939281057613248,
    "10": 9.099918174229125473968179731804202223332833699602726356775E-7,
    "11": 2.575126841304942481161495525022765103210602832991029519653E-7,
    "12": 8.280933093082039369471111031603823537398190508989496453339E-7,
    "13": 0.0000210546833656340053733574635256197007675089390518897028752497
  },
  "zHigh": {
    "0": 0.0001638799123672507065548481003137369841316143040566197741694914437746275842257850444227668460383275048948512971695,
    "1": 0.0001170212912276534683406744740055287419813359927215955302848195431909552164522637871629248515648817170383039632939,
    "2": 0.000108109845334813568143659882933498173948077221419085722435465762476282660562900293709400043503312603027836137836987,
    "3": 0.00004344932921397321967799840291084712421189948797005888364306529052690384900487723294787892370920747876788440757549,
    "4": 0.0000205820433670842393945064943996345016884697108427722143028843981915243365241947765879039586727227839743489211225493,
    "5": 0.00003175617735592379407143189782617609977366635223398637772053821799944147751374331618643317246545519618370862631984,
    "6": 0.0004218978196932342484525639667561221071275694338190259816483655167372399983703202778915485960276940905619264085214,
    "7": 0.000006882879309568268233010804565370482207701315135161439015133975064863520555155290621616843580751051601630097864529,
    "8": 0.000145257990785168340529201611262983490199141313067034088773281416638610136666465944107354797473330900654431530765593,
    "9": 0.00005548376610755081626328695754703489788621157601372676468681462798827624708353628152781621722969003259863147862553,
    "10": 0.000036250198445625125904728217710483488585547788716769171384024219272723467743490520881266532640703293905122180457829,
    "11": 0.000010251119861254603316261957376738640956420877646165441267656515379787740956691790611740977424464216001797792941465,
    "12": 0.000029031890329286225510219934599833325772328040948615798161203468234038319489275658756929747974371100489382045445,
    "13": 0.0008078047422824893583047209842374338755254453703974168927091040230542628971054541088075310702810160380150830753248635
  },
  "setupType": "Multi Region Model Local Bidder",
  "population": 0,
  "id": 0,
  "worldId": 61,
  "implementation": "org.spectrumauctions.sats.core.model.mrvm.MRVMLocalBidder"
}