{
  "gammaValues": {
    "1": 0.93359,
    "2": 0.73435
  },
  "alpha": 962.2554532599771164314006455242633819580078125,
  "beta": {
    "0": 0.14377304040087113268242546837427653372287750244140625,
    "1": 0.1945841345920510112588175388736999593675136566162109375,
    "2": 0.1263381232298712852912814241790329106152057647705078125,
    "3": 0.1902734537579324480827125398718635551631450653076171875,
    "4": 0.0811936495997542528879620249426807276904582977294921875,
    "5": 0.1536778875664009114121455468193744309246540069580078125,
    "6": 0.11477283223480817808681564429207355715334415435791015625,
    "7": 0.12002578274687702997169935770216397941112518310546875,
    "8": 0.133884224353927050454871050533256493508815765380859375,
    "9": 0.216267529350201048732316166933742351830005645751953125,
    "10": 0.152856223759735565526085565579705871641635894775390625,
    "11": 0.09375219489235241121516395423896028660237789154052734375,
    "12": 0.153360986880348770799997737412923015654087066650390625,
    "13": 0.2020638351925320985724709998976322822272777557373046875
  },
  "zLow": {
    "0": 0.0000024906478191847055736115964570550163255753161605675316300601,
    "1": 8.919945087226104896818300298848297248121777624368418636202E-7,
    "2": 0.0000019461481804649410815998362927110458050098244077394697463826,
    "3": 5.805608892253743455710101653690976069462910205696358253714E-7,
    "4": 3.994328733163574084996814938310232364012002575449895543732E-7,
    "5": 5.108882162032838673180827630387556510535584467349771857997E-7,
    "6": 0.0000084399821727555739803377067570581347475419585644717339815204,
    "7": 1.521747297029028058908581516297461646183778396292981689255E-7,
    "8": 0.0000017806800849906684101004556279595490131349158312158807997293,
    "9": 7.053489558545411243764999735370409222647664502472311911951E-7,
    "10": 5.855465811458453468363667395732104659924041552048473122645E-7,
    "11": 2.694058886023804886942338896527218885744643777344508400055E-7,
    "12": 2.731523274109085236366057778633214922974338574735465026331E-7,
    "13": 0.0000087182469413992345119023875035360075683201109259526788449539
  },
  "zHigh": {
    "0": 0.0001105282355287395926296147683943417154120019508391450361177347409135696016293011288248043675276470188693860409856,
    "1": 0.000044116633215743400618513752327755630460657864588625490864815279257341111409798470245445074241139364432243391067037,
    "2": 0.000082971716278665183164562875968761166783166241549148669919116117354232050721317541259212996805058856079692100815023,
    "3": 0.000028463359227730071165237887762674053193903322987686290890080847180154713672306380676061878812871231477179845689650,
    "4": 0.000015226127474957857644892112388926964189855753691680205815442169506878071689899541992100327336329641874128026199895,
    "5": 0.000023177868670967253867332139169778678454431614418660181299876954900726109116717487448035809507917638670124633478594,
    "6": 0.0003500675309805119500680123003819233311398884715449489222841938692876483797390714044878170845550458676124210787794753,
    "7": 0.0000063917309957756188871552089239697613096636470880639093108152360855368092478345209035607034954888270777455413211,
    "8": 0.00007726089974986610606422263210220598891009581956890742615976251377692921824561272959921712554303379852296711007682,
    "9": 0.00003641487627687679737732417880243971470073417170330052758292519062457227414694732218381717878457016325934878040567,
    "10": 0.00002651684135731310988791468070226719589532141227410641168163526725139599314204678653677436386267186342566817984965,
    "11": 0.0000106079159954111905336044874912520023040230004792258779088649599198303052197490891912008799515328099275052351164228,
    "12": 0.00001238366087236736311090477484092149992905648514585370388017884983225869867609191326794654239771082137289119664148,
    "13": 0.000437711649555446232461068703574923079549780526619306171800231190671406719575416927464360471085940275158534820701030
  },
  "setupType": "Multi Region Model National Bidder",
  "population": 0,
  "id": 2,
  "worldId": 61,
  "implementation": "org.spectrumauctions.sats.core.model.mrvm.MRVMNationalBidder"
}