{
  "regionsOfInterest": [
    3,
    4,
    11
  ],
  "alpha": 76.832479600512186834748717956244945526123046875,
  "beta": {
    "0": 0.098436600716489242035578399736550636589527130126953125,
    "1": 0.07674673959699580827464870935727958567440509796142578125,
    "2": 0.08754548555021390843222661715117283165454864501953125,
    "3": 0.0713531809720841792010759263575891964137554168701171875,
    "4": 0.076005803799475690762932345023727975785732269287109375,
    "5": 0.0907530348252876262193922229926101863384246826171875,
    "6": 0.107862624094314407674488620614283718168735504150390625,
    "7": 0.095586508672444281398128396176616661250591278076171875,
    "8": 0.0935450214471652274905721924369572661817073822021484375,
    "9": 0.055986570086281002567307751860425923950970172882080078125,
    "10": 0.08383168532717488741212719105533324182033538818359375,
    "11": 0.11360024955088336706676699350282433442771434783935546875,
    "12": 0.0542006596096865356226857102228677831590175628662109375,
    "13": 0.11142423021247249703691295508178882300853729248046875
  },
  "zLow": {
    "0": 0.0000030700439199513369850140531044475338819500722165742841064292,
    "1": 0.0000019086271214327075751834149420176436844096627580501129005247,
    "2": 0.0000023702163372765872900924300261951341947189244284111187886013,
    "3": 0.0000013065440455534660217958458818880759641364189727222232848407,
    "4": 3.601061418991267418464555855254439085655741121648372813084E-7,
    "5": 7.301087079130696795430366600399269753604724674180284881357E-7,
    "6": 0.0000075791597995571715124484696962900999087908254767306060454567,
    "7": 1.612619489354167053590752091492950886594609277720129022110E-7,
    "8": 0.0000021508298096986138801572026924858460005957319446023525863489,
    "9": 0.0000022994443422809076875979559662140227964360246333135340915184,
    "10": 9.010477284952375041593283241303066008350541675607639982856E-7,
    "11": 1.876379416785032331800049707469695921346607416677541781714E-7,
    "12": 6.522688601489842835779877743505345698185500514389392405707E-7,
    "13": 0.0000133428785440947953283380607882728669022225225796762204782510
  },
  "zHigh": {
    "0": 0.00012232178635157363149851196342276000778966000523863055510981483322971337967955165400387426864327913260524962571440,
    "1": 0.0000719069045106171977945584258309157763125437506541371390168700262351342399834513123335102000149509308025488934928845,
    "2": 0.0000918566641288904595246574248492744225103620232308648803999224311281484406870581059078646525150359562998941758920,
    "3": 0.000048518928739641526332773085171750776124010329244828537683755080909941720454369487238464293052629465912456323574396,
    "4": 0.00001354019993379092021095291207710247754883674912715767875155789568987188820960546520611176075670393945286887878338,
    "5": 0.000028529219336940146797053417114179219720054159069298325498867386487489039840523187004871917420909349918443159003,
    "6": 0.00030912560042775259782508120475257814382863261855414674614761354775382677745652973259381213953307484605234691525689,
    "7": 0.00000637930513610754873665994110612843781296187652251077458813730390288074945686590158107010227983452288967539010178,
    "8": 0.000084644836358704330428474258952405772839603035057924285823771433048054324781119817337776584000582435932866962490760,
    "9": 0.00008185713045128846673943481645265779483925805644569068436029565900606211351101446080146115941138172522510180328968428,
    "10": 0.0000345850668188549714820051778932182797927899364572216777718111126894364649147780090409833082001014922177956120429,
    "11": 0.0000077607099503443036291886631569703551422237668063417282006737512994285667417703412615508975401210257027552021249379,
    "12": 0.000023103406050762861306275845763115410933181527501460824561718964313143107998328483971786461142802311246484382353334,
    "13": 0.0005489583533822716936893154683984214958318043018722534602256665005406169098188633257525379926212012188804106089203
  },
  "setupType": "Multi Region Model Local Bidder",
  "population": 0,
  "id": 2,
  "worldId": 9,
  "implementation": "org.spectrumauctions.sats.core.model.mrvm.MRVMLocalBidder"
}