{
  "homeId": 6,
  "distanceDiscounts": {
    "0": 1,
    "1": 0.42045,
    "2": 0.17678,
    "3": 0.07433,
    "4": 0.03125,
    "5": 0.01314,
    "6": 0.00552,
    "7": 0.00232
  },
  "alpha": 753.6229467937199615334975533187389373779296875,
  "beta": {
    "0": 0.0928005707820997727264256127455155365169048309326171875,
    "1": 0.0627020453932682075848248359761782921850681304931640625,
    "2": 0.072321849504473123548820012729265727102756500244140625,
    "3": 0.05754446565666204715938647495931945741176605224609375,
    "4": 0.085481085157513236882920182324596680700778961181640625,
    "5": 0.050399450750829292988708374423367786221206188201904296875,
    "6": 0.06518579504008513436641436555873951874673366546630859375,
    "7": 0.08755565692557228107961719842933234758675098419189453125,
    "8": 0.0785281618812242732108330756091163493692874908447265625,
    "9": 0.069920038630894520981229334211093373596668243408203125,
    "10": 0.09731677003921189450519335650824359618127346038818359375,
    "11": 0.044188100188522504152555114842471084557473659515380859375,
    "12": 0.057463490991825134923676188236640882678329944610595703125,
    "13": 0.0486346621303408721548322546368581242859363555908203125
  },
  "zLow": {
    "0": 0.0000032564959997921396189587753336126016203582820503661971692445,
    "1": 0.0000023361424297665117521035582970934832611047679326495677266986,
    "2": 0.0000028691431638939816710231548203090560665335572310193231640326,
    "3": 0.0000016200701955702750147019819540476219964875718148127825895316,
    "4": 3.201896269535778002560414413200695790079315005780635330140E-7,
    "5": 0.0000013146885533150438570607607535956801700848987122970469667459,
    "6": 0.0000125411995651454255460319129977741012626569903879240925783290,
    "7": 1.760533496259839039278919344439777817173894176280322775232E-7,
    "8": 0.0000025621307803151955319979921052001613421570598203367421786941,
    "9": 0.0000018412175443468480445050859230676375461749886889296913852911,
    "10": 7.761904716889243722377027983218611186161106948140451427704E-7,
    "11": 4.823859117941587503996949851793392192421436086418031432438E-7,
    "12": 6.152324171875107621019855666680707673117846517796996351790E-7,
    "13": 0.0000305691435998849853332263095315508362331474669531115023745644
  },
  "zHigh": {
    "0": 0.000127915348746797710516853630297712039941906300252387946994273501917232476099382777677267884677621722743618945767987,
    "1": 0.000084732363760631323102162726483190963613396905892120783802087610055593145660059286361452468920198858983901371090282,
    "2": 0.00010682446892741229095257916867269207866480100730911101166286084506939616668311315171146116521546322820892756203906,
    "3": 0.0000579247132401457961199571673365371570945449145075453168244827076148411642025844174130155576126269639512431332300,
    "4": 0.00001234270448542445196324048775094124766210747077955446630272625908817310234503023365032196690206147427670102028526,
    "5": 0.00004606661469899937212258513992085181556178694641566887985717096097212351848709184121652866910146316618262447484208001,
    "6": 0.0004579867933954002188325845037970981844446175658899513421337846581116775227078467638747019322416118417310771833578023,
    "7": 0.0000068230471568245646937244428649689186046997312181913558475036489892830500696074384312613981686499207295796704323036,
    "8": 0.000096983865477201779983697941333835233086442871329955973594127499827824936050662324565473005979337188667963436125320,
    "9": 0.00006811032651326667744664871515826623733142697811417540317347898155503774182223871631619973624664499610417211260691,
    "10": 0.0000308393491146655775243564121189649153262216322748201121063562581977898804666257257990561978500942936254525821953253,
    "11": 0.00001660314905381396914577936358994144395544825281556319715284581198703995322560238394154696647303910199102088475515523,
    "12": 0.00002199231276191865566199577953264149685797856551168363639996887311930172244400647007093253502910261353320113141479351,
    "13": 0.001065746305055977393835962930696760575759552633075311917115067676524340617512015452926136023419622515260087276568710
  },
  "setupType": "Multi Region Model Regional Bidder",
  "population": 0,
  "id": 6,
  "worldId": 9,
  "implementation": "org.spectrumauctions.sats.core.model.mrvm.MRVMRegionalBidder"
}