{
  "gammaValues": {
    "1": 0.96958,
    "2": 0.87831
  },
  "alpha": 768.8377647071638421039097011089324951171875,
  "beta": {
    "0": 0.12861001712095465610019573432509787380695343017578125,
    "1": 0.1430251015194936581309548273566178977489471435546875,
    "2": 0.10989850018582721091764398124723811633884906768798828125,
    "3": 0.182877370040366304948520337347872555255889892578125,
    "4": 0.127013037903302816733486224620719440281391143798828125,
    "5": 0.15597749857703735454350635336595587432384490966796875,
    "6": 0.0817713847088050449496421379080857150256633758544921875,
    "7": 0.10501603247368161697661292919292463921010494232177734375,
    "8": 0.1316453842707670796041696803513332270085811614990234375,
    "9": 0.08478241874594259763764370063654496334493160247802734375,
    "10": 0.148452023430192536768146283066016621887683868408203125,
    "11": 0.1663587188983091380567458372752298600971698760986328125,
    "12": 0.171211594347124129722459429103764705359935760498046875,
    "13": 0.1472786261651067574174334140479913912713527679443359375
  },
  "zLow": {
    "0": 0.0000023497756574133639444729948188486291214309718183980434335500,
    "1": 0.0000010241622422927980706147014664249112744755889565232609370399,
    "2": 0.0000018881216736812970488723312069311320638381912868142397911694,
    "3": 5.097737008674051695134702761173133401525150336781249336906E-7,
    "4": 2.154909229791711999454699073176485812279336591787982678618E-7,
    "5": 4.248021772368334793430208030339984568242132759563349818295E-7,
    "6": 0.0000099974834389999786007362727752314732778173906930565526668498,
    "7": 1.467820323940874600111716352393526547680397195844314545996E-7,
    "8": 0.0000015283439050444330386690066862443080348281060956120133714660,
    "9": 0.0000015184516286847894433338611214363854992862892355333155787391,
    "10": 5.088266760843334887543431343951148545632309104703211356379E-7,
    "11": 1.281310480211248984962779250689605472737750517329124982322E-7,
    "12": 2.064895347639589637698679333256134926602208598030290391667E-7,
    "13": 0.0000100946078144943474332785433813223672126428092792548420147578
  },
  "zHigh": {
    "0": 0.0001007137384754344402822802148547928649740869932933433349234392625485702583490027468960422730277749181869354522065,
    "1": 0.000045372958136419912657497021563133804014521536608331580112325957681314744205915591212996654835758590074930180716,
    "2": 0.0000773938242210317522880544602713543585839400289829585104769635101916957834348931655191126265033656288316067368536902,
    "3": 0.00002461581839905970076430181699862789740449321107350558714925125003777473488112491798699938773413902099727917511,
    "4": 0.00000920174336619225395392334173086861772870753553757650834816207947954262586753496916548694017197812251131811766954,
    "5": 0.0000193700234166530607910529414040013641639663833254475203096789334187416855262343041962880830367532729258668199741,
    "6": 0.000381675309611036810473715297120819344899429575043925144789408302637918728661226503709688082854215119568391465277854,
    "7": 0.0000059449076398676713762228338888301647962192402768833311597943333138897010806112919983462846983900935781661507030900,
    "8": 0.000065970259219078905183828378765159633866574259588214109377283988053200555762720170465642254392681094038448337884802,
    "9": 0.0000584273490434049194115119711093286759247659945122841289769183249517442278653472378396039828326261121569760553709316,
    "10": 0.00002281843524652785101985562220116252740463523874450839189238097066142932620098475910488467142132433908532986348792,
    "11": 0.000005975503140622953588676851786630083796397196108296477802499550088556112252943065163635556216863138268736598712821,
    "12": 0.00000973002628921210171203225053236777861843165175238351851959944536584857236320830670520808899454813092099465936006,
    "13": 0.000451510231494258256837529946189906505144412902859612106320871259268965603360448164962822782522186111566770582863332
  },
  "setupType": "Multi Region Model National Bidder",
  "population": 0,
  "id": 9,
  "worldId": 9,
  "implementation": "org.spectrumauctions.sats.core.model.mrvm.MRVMNationalBidder"
}