{
  "gammaValues": {
    "1": 0.94061,
    "2": 0.76245
  },
  "alpha": 963.5795206603146425550221465528011322021484375,
  "beta": {
    "0": 0.08222709662520137630092875724585610441863536834716796875,
    "1": 0.09090181246660701541717486406923853792250156402587890625,
    "2": 0.17015113477116183826609585594269447028636932373046875,
    "3": 0.10759936261004009183661622728322981856763362884521484375,
    "4": 0.11898813965536414460899550249450840055942535400390625,
    "5": 0.11949838126604649113371436897068633697926998138427734375,
    "6": 0.1053274466993318336793805656270706094801425933837890625,
    "7": 0.136389404707035477581911209199461154639720916748046875,
    "8": 0.190702029081965374057716644529136829078197479248046875,
    "9": 0.178078624582628741723766552240704186260700225830078125,
    "10": 0.084371648470623450410954546896391548216342926025390625,
    "11": 0.146283021554673042796679283128469251096248626708984375,
    "12": 0.206506510687522126801241029170341789722442626953125,
    "13": 0.1721862791311254969883748344727791845798492431640625
  },
  "zLow": {
    "0": 0.0000041925061698490108785433961317640731084011846516975366247028,
    "1": 0.0000018382135060003582936293475604871148150728473177083542954993,
    "2": 0.0000013911512909539214227417652957916486242335288935503142254534,
    "3": 9.883600102890889861680873955193103356846263052979766904035E-7,
    "4": 2.623983382185557121098496120768867469210352651047879151508E-7,
    "5": 6.325198113928460880616553649018849032250671769071954080109E-7,
    "6": 0.0000088539682249294570927622522339908450895630745788925561004475,
    "7": 1.289244654420986637647070824245320789772506802643108838520E-7,
    "8": 0.0000012035354358754666547397982547891313850030064084555216467126,
    "9": 8.246742635163364956476984116571507248959043724751115042888E-7,
    "10": 0.0000010212849421369916335931451744847042118449427491330927141357,
    "11": 1.662239097766421473879917802768699833144551267699059603061E-7,
    "12": 1.952922183368970872286670638000056580152781523893863844290E-7,
    "13": 0.0000098495888880089614547327487308332732682075505750752688829963
  },
  "zHigh": {
    "0": 0.0001602489460884630814117787998364362114677567443170321028871011946786435354473521100862235146664267278125886169160631,
    "1": 0.0000718560991196136247363308259589014036101401017295434883621060414393682879830543159405137636167120580204304834531084,
    "2": 0.0000654051358080352885487212754159571869181527193261989073425062433781438638929349011857444142037582033465577502699,
    "3": 0.0000402854910223085337767734051608662160832496229515865988306601223409137063998636309985681425432679158693711328453532,
    "4": 0.0000109941791578851695558151309554282032146923953165999155739478050478804325431294937089160142859537627859544825254,
    "5": 0.0000265341036998003965317673365430037295408905479029738281844836975131837221178040851165423596521925949756222972555851,
    "6": 0.000358875633376767220765479624828426541148781211652753986438538656825562000678750643982887866413388375694854894436964,
    "7": 0.00000562612707264502033853237561305684923780656956253791140444039192360880997199997731278712172037488518146773821211,
    "8": 0.00005905772804561391109959111393866062358747724111949377537149274695060271880594147604906689730717120899822385454933,
    "9": 0.00003942591376305824818447306592304674921068816828847295600486309354101094009002381597729338761627021481325061507480,
    "10": 0.00003925529767674207592876724380906900441075106884375843738197405445660482918659654783740280208973887194920451832486,
    "11": 0.00000741829087097512145936110165419061249469029341603668301496027800663900830795811629342946186575656922633962480975,
    "12": 0.00000989167800742474691800735341011633485001026267404457977894114748300639702197160209846951640117300837659898256,
    "13": 0.000465084072800023146603603287266163156993247564099256274375193354085256753803936478799894953490371148417002203101
  },
  "setupType": "Multi Region Model National Bidder",
  "population": 0,
  "id": 7,
  "worldId": 12,
  "implementation": "org.spectrumauctions.sats.core.model.mrvm.MRVMNationalBidder"
}