{
  "regionsOfInterest": [
    1,
    4,
    6,
    9
  ],
  "alpha": 81.7466200915741865173913538455963134765625,
  "beta": {
    "0": 0.11823284764244944289313110630246228538453578948974609375,
    "1": 0.10718043072486194144943283390603028237819671630859375,
    "2": 0.08590208980258451365585870007635094225406646728515625,
    "3": 0.06723289474895584316715968498101574368774890899658203125,
    "4": 0.1116208430313659072385945592031930573284626007080078125,
    "5": 0.060323319929544670647825199694125331006944179534912109375,
    "6": 0.091587812490285080979646181731368415057659149169921875,
    "7": 0.054184749859608492827955927850780426524579524993896484375,
    "8": 0.07848702871262379365813188769607222639024257659912109375,
    "9": 0.0714245750897156972403223562650964595377445220947265625,
    "10": 0.0582171590973715458172677017500973306596279144287109375,
    "11": 0.078933769236486817089115675116772763431072235107421875,
    "12": 0.11460248236587823600363122977796592749655246734619140625,
    "13": 0.08624741004484849649092126355753862299025058746337890625
  },
  "zLow": {
    "0": 0.0000025921517307259450348495701683397693353358335433385656286484,
    "1": 0.0000013859989455710592273296852578967456096444642417746764310152,
    "2": 0.0000024497140113272633057709048519033006447221479772496609237873,
    "3": 0.0000014062189822566550417679192726907254412201145334332559996224,
    "4": 2.486734153713372470776373033966154299240933190599752425773E-7,
    "5": 0.0000011139374950990938250481670648854188990762004698651097439306,
    "6": 0.0000090521497870299106039789768832602601515255390894649857221980,
    "7": 2.885019832654352274028033411171677350308085679518339799131E-7,
    "8": 0.0000025997178140432577010739790411475416248340786981420608868767,
    "9": 0.0000018279169968438612404238881096664948833676917344829681666837,
    "10": 0.0000013158377965972582232147835415121999218101625807109297089786,
    "11": 2.738637032302219485295373273960900764660047332316678538689E-7,
    "12": 3.128488514628463823324207838488095581510223449936914170284E-7,
    "13": 0.0000174815720844626875656375872034144789254616267314032034042056
  },
  "zHigh": {
    "0": 0.0001084122999862815803989998933759893509439788544194626326202796101932056872271897446641880046098983692618517808154081,
    "1": 0.0000564351647641828378273073773921984643274966860528786181023176302885204682258848556587724281682469503345962224737,
    "2": 0.0000945349756389863100727072288682553264225904962412180717776341204559133813890338906878166752445778217335748295384,
    "3": 0.0000516409867505042005281822112124429484317992722547153489304309868751770714119349282636210672750265689805015843593143,
    "4": 0.000010235916087463886295863821175591154330260737500924532411941440516200469904711029812049368747114739934290115028467,
    "5": 0.00004013776564281063829379114587987828952924526600276017466705185256563730369784631695301306914189074253919022515896212,
    "6": 0.00035447115334374426633415727099034173973780822622514049145928816879591173082131967685358020695779465408615894456769,
    "7": 0.00001021830027768691314060967620626700415915735218076635008712769415303465931789160230334691365366446629496314373561474,
    "8": 0.0000983959470928510041801734896867417514237370404302506942101425761616233141362576733803280109950939615750399053432115,
    "9": 0.000067893329385200035045269859207488057263118686903540425381939018939495049250055736851071411350516613014438419941456,
    "10": 0.000047135567733001486820885011489979042990721391396009880762611023132730631675501962283152461720652201573598917992116,
    "11": 0.00001037762053220906331559749429110162123500346714319313858424297789379917029667354066084041205858882097231591227006,
    "12": 0.0000129707910421810026808730886024303964659671961888731412989812367560940513382417518640177382126047711150691352138617,
    "13": 0.0006752211941136036538152535018081349592374452996179473566064547958296443660494585883085736492374217193330070555489282
  },
  "setupType": "Multi Region Model Local Bidder",
  "population": 0,
  "id": 0,
  "worldId": 2,
  "implementation": "org.spectrumauctions.sats.core.model.mrvm.MRVMLocalBidder"
}