{
  "homeId": 6,
  "distanceDiscounts": {
    "0": 1,
    "1": 0.42045,
    "2": 0.17678,
    "3": 0.07433,
    "4": 0.03125,
    "5": 0.01314,
    "6": 0.00552,
    "7": 0.00232
  },
  "alpha": 604.73526076531425132998265326023101806640625,
  "beta": {
    "0": 0.0690345557905805706777613295344053767621517181396484375,
    "1": 0.057741699125620209176457109379043686203658580780029296875,
    "2": 0.064265966906386029489084421584266237914562225341796875,
    "3": 0.041701570202566408396283037518514902330935001373291015625,
    "4": 0.05996547737396691613032118084447574801743030548095703125,
    "5": 0.053664410083039702781260160691090277396142482757568359375,
    "6": 0.0922962265673180348724002897142781876027584075927734375,
    "7": 0.07732268747499737582273837688262574374675750732421875,
    "8": 0.056298101928911471747429828837994136847555637359619140625,
    "9": 0.0455919236306748520970444360500550828874111175537109375,
    "10": 0.0759415203994225074257684582335059531033039093017578125,
    "11": 0.06649008314590598711646407537045888602733612060546875,
    "12": 0.06933907724139053152523359813130809925496578216552734375,
    "13": 0.07533947134576390869398210270446725189685821533203125
  },
  "zLow": {
    "0": 0.0000044394792888179872220412159356161011001281827977423582542943,
    "1": 0.0000025726981751494310405380898078158282467018207540684413312397,
    "2": 0.0000032744477850651211299196651738375512963697326976255103210825,
    "3": 0.0000022671609814401432724217433623917870085961354627535194371973,
    "4": 4.628852713059200947059094556227243013643733556117764309081E-7,
    "5": 0.0000012521596304589815088893171006295954641027229421658934013112,
    "6": 0.0000089826705615507883416893558731555074985483222723002596155099,
    "7": 2.021710355358945536688379547459795063893245359795581156329E-7,
    "8": 0.0000036243517938345872898664438699442218556565487130797797658995,
    "9": 0.0000028636254933319086772695406201991735038773547190325446557963,
    "10": 0.0000010087280047585132911900785857746248767658912131876794237825,
    "11": 3.251175713765833081680149367409702777478804408172702756742E-7,
    "12": 5.170714178693201773225692542517078939145648680589624990366E-7,
    "13": 0.0000200126213904208070865876634723348435417603248046854321102172
  },
  "zHigh": {
    "0": 0.000163832126729042846014749266394279303887749332051576411389657852752034307519961515946432148011865753200767874481662,
    "1": 0.00009203614165153399222355951388977094343921738142169156510905223551099779132442872163920832089788085912232540546349311,
    "2": 0.00011927698885112204479717003852628284597201803785249355369649143127920422149195290948499148958248121902564955217796,
    "3": 0.00007746924672600884744779693390347479545307990013432325205767664006181191016306821941173290737023079949976146029680815,
    "4": 0.0000166622717655013717247119857423744204734691385974785680618652535524650550918995524920261035469293127182752784628839,
    "5": 0.00004428442970360726880902564695220358648004094017178368438846799671245521140163177744680021385584292525806435826334680,
    "6": 0.000352386776579370598465468640687199160148491721710198708258643664884219583565130876346111409393121651861486340675998,
    "7": 0.0000076283718458006929285907146151313572999128312215980741587222581340710620930808857866435727102950257569420204587,
    "8": 0.00012913496648659089184394743455064215834841114087838226058082682858908307078875625718437132657547382215706003551359596,
    "9": 0.000098964584279841458150639434523468415878408576440027720055315992068800897091032205016362283981132345153837826714420,
    "10": 0.000037922273977839138860143862817851791639393250370312372206726504113285704576237502329182085321017104409155183164562,
    "11": 0.0000119152365765999041047518225714480272734597383707612112384040599836827944932755103202133083559880952995574284860,
    "12": 0.0000190974680343752165305775427145173465388734718808312737592265173626592176303723374694802400411981266784547125130950,
    "13": 0.0007511526732923472394437557898757458977264062418164142177868029167394721810425858992701124334216676476062914682117
  },
  "setupType": "Multi Region Model Regional Bidder",
  "population": 0,
  "id": 3,
  "worldId": 2,
  "implementation": "org.spectrumauctions.sats.core.model.mrvm.MRVMRegionalBidder"
}