{
  "gammaValues": {
    "1": 0.97837,
    "2": 0.91349
  },
  "alpha": 892.4780231389604523428715765476226806640625,
  "beta": {
    "0": 0.135621691866168181395124747723457403481006622314453125,
    "1": 0.130530609933589392124275718742865137755870819091796875,
    "2": 0.205458126785829364724378365281154401600360870361328125,
    "3": 0.1453271658299184476703658219776116311550140380859375,
    "4": 0.159773005750291019477771214951644651591777801513671875,
    "5": 0.218583725938166828495212712368811480700969696044921875,
    "6": 0.126630881273249062957120258943177759647369384765625,
    "7": 0.180327027994658717346965204342268407344818115234375,
    "8": 0.0874369134213349441520080063128261826932430267333984375,
    "9": 0.14332207852699685446395960752852261066436767578125,
    "10": 0.14167089154419365559789412145619280636310577392578125,
    "11": 0.18928837805724985088318135240115225315093994140625,
    "12": 0.147261984497323139553515147781581617891788482666015625,
    "13": 0.208323050741826332199480020790360867977142333984375
  },
  "zLow": {
    "0": 0.0000022597969132214116906109155039698862887036807833106785221121,
    "1": 0.0000011380622832153317762242363420580118356866294750928642479234,
    "2": 0.0000010242259884469950395649000822163344450497183667428420741273,
    "3": 6.505609070962954146877066175085757344806345522623891853006E-7,
    "4": 1.737285728142291673498962466230274444422560615653084409487E-7,
    "5": 3.074172498888907171404479114280795433173183022154333298027E-7,
    "6": 0.0000065471122761870162429393405456069242180239500950154099267893,
    "7": 8.66892111020739207475905308041291110410962682194553762619E-8,
    "8": 0.0000023336153888724207582295744869976420523619535640614275546913,
    "9": 9.109426554559030626336907599937334253457010475878779827472E-7,
    "10": 5.407203802832072316239829198459472948740069701224067876261E-7,
    "11": 1.142019102011957980194685694684185324127376163372523055392E-7,
    "12": 2.434657872182065836881436659685541792653150507444542405573E-7,
    "13": 0.0000072375107335854300650418245684211432296282919365121906584511
  },
  "zHigh": {
    "0": 0.00009844165546114558007184025344489285954501427161862601942419326342527482807003330379527852603294465328066830199701,
    "1": 0.00004899706489351101429414390991703645110876164305242425260956249826303370618110373504358654253924337460158908566947,
    "2": 0.00005177033495257826208652708577764634043241760792601350628783422882613313355123111925058424360900123766901901937799,
    "3": 0.000028971244495693411715775831556978457229614872819589344500775272538950784746821959913678073132109180351344668113,
    "4": 0.00000798757081075064390403158947238351476580561977608452836308397929278996410833572749724469709893722255589271426144,
    "5": 0.00001594215828650454505655957127615810885647880097326988224321271509688445081660575689375999541782865696399429630854,
    "6": 0.00027932002801845743550296818086074166173276055639165321759702653578697433154998436229130580158611301942716827995,
    "7": 0.00000416391711278607394095329189687584543946598318879499197759370870885804837186568149778067681457261806625683661,
    "8": 0.000090412874337725895894841353062244764249573286407831694244580623190826281651326446696537918257412949798321689891739,
    "9": 0.0000403840991435612897115639387173052135224589662966877198638425058209721391621632680404182862187375370461574418,
    "10": 0.0000238820452435799570731609928399914641826367230783541931220340692763919934958929596464414257512625301117567659867,
    "11": 0.0000055877667413382788002954315532714749134054536363606721343530535968570823861859216933323158230316177188317299,
    "12": 0.00001088929911484180872154477506602273509939597736139602600484740345740958310873649574314377932523645682302558761873,
    "13": 0.00036789935358728592879738062275833488836244525577121697423381842967417990912590371495009106683263123055114625858
  },
  "setupType": "Multi Region Model National Bidder",
  "population": 0,
  "id": 9,
  "worldId": 2,
  "implementation": "org.spectrumauctions.sats.core.model.mrvm.MRVMNationalBidder"
}