{
  "gammaValues": {
    "1": 0.92697,
    "2": 0.70790
  },
  "alpha": 1197.90153376515581840067170560359954833984375,
  "beta": {
    "0": 0.169094115580840365087311738534481264650821685791015625,
    "1": 0.1638790111020277107112264047827920876443386077880859375,
    "2": 0.1957869755759522600868649533367715775966644287109375,
    "3": 0.199043875631394862057987893422250635921955108642578125,
    "4": 0.13460974034477068972392999057774432003498077392578125,
    "5": 0.1727379000363808980722524211159907281398773193359375,
    "6": 0.116412816325098311676100593103910796344280242919921875,
    "7": 0.162027516442537711238713882266893051564693450927734375,
    "8": 0.08206300062786810178838692309000180102884769439697265625,
    "9": 0.12500754436266026115021077202982269227504730224609375,
    "10": 0.110670278668086208284648819244466722011566162109375,
    "11": 0.0821321428337606074254750865293317474424839019775390625,
    "12": 0.20256048244179425399380534145166166126728057861328125,
    "13": 0.215883960889517056980224651852040551602840423583984375
  },
  "zLow": {
    "0": 0.0000018124668596082032842576792106987860279874430565356825184069,
    "1": 9.064733974872792252078792905841146436090952528213734351562E-7,
    "2": 0.0000010748189575564957842927442434516496568625261743912567727878,
    "3": 4.749916194514311214510353472615941041745863315236746946239E-7,
    "4": 2.062045153058345991097356510708912411473901028773445428266E-7,
    "5": 3.890079008962467335289714397639622201421674793482305019520E-7,
    "6": 0.0000071217811191268705688985634508050768430226778301097971863330,
    "7": 9.64799568645028409497361563980192420556288089543519511633E-8,
    "8": 0.0000024864326816516696126914544918585015513443834607892487316675,
    "9": 0.0000010444025235795264194474690604667966313374727931164474490302,
    "10": 6.921852847283708724379252238356128731206118359483600046872E-7,
    "11": 2.631989572800758818822235183496861719356612017473240638836E-7,
    "12": 1.770002448195123320858176648278127064557922580878098544525E-7,
    "13": 0.0000069840311877955888915286895649745273672158030577387424125944
  },
  "zHigh": {
    "0": 0.00008502175385274932788124316464675985172352713981537613931303674025812293340098332487539794772870486994838244392397,
    "1": 0.000042049398321669437763653198372819535346435616384279528226547271344236890003758429034802142039287751662795336135934,
    "2": 0.000053288124025863284428362410614705796786801842155465947247650386354149156641424334014239219709869202023108946241,
    "3": 0.00002370416586634748291867569344956900832043342619742790978047584043466392453125557004379274116498225393093520940895,
    "4": 0.0000089618490854988068568267716058194286669596410154456114194204243035649704891643973088845690808438042735352227216,
    "5": 0.000018389877816725225548215277126234589161224276287253797407691699101964338756917931168795203993394816379603153265,
    "6": 0.00029656009330665306528174486801668624048272238844448483538333882074026934305036409932762854688635192571129781065858,
    "7": 0.00000445763948565894154701766066469254936990195941084188922463308206096076043884689291316641207728756232994813051757,
    "8": 0.0000949973931211033615286977532080705492190461833096663295538669763808948250746621210062959935606895951774086538601280,
    "9": 0.0000443878951872699904159772877314971097022121186625448038523326052581537598617684637506421652765000995182950373139,
    "10": 0.00002842599237693486629757926195968143153003486905313278963386679881364431974339495591121405542759995042971465185,
    "11": 0.000010057678153704681316178080019709504099093161198662824884683336760571931334994003993804646358036452314761163694226,
    "12": 0.0000088953328428809811734749950318004909151102935816966944217032823395329891579604240608644385580881401738971888721,
    "13": 0.00036029496721359069359198657265493641249007058940801352685811781233296935343165441117801043928941700166537442806037
  },
  "setupType": "Multi Region Model National Bidder",
  "population": 0,
  "id": 7,
  "worldId": 2,
  "implementation": "org.spectrumauctions.sats.core.model.mrvm.MRVMNationalBidder"
}