{
  "gammaValues": {
    "1": 0.96569,
    "2": 0.86275
  },
  "alpha": 1108.49449767091164176235906779766082763671875,
  "beta": {
    "0": 0.1328611105543990034139056888307095505297183990478515625,
    "1": 0.10193628658919158536111382318267715163528919219970703125,
    "2": 0.1211387732744348688651570000729407183825969696044921875,
    "3": 0.170331928996181047875069225483457557857036590576171875,
    "4": 0.17824623747000167828247185752843506634235382080078125,
    "5": 0.14798219929540701311765360514982603490352630615234375,
    "6": 0.117185615676616838864987357737845741212368011474609375,
    "7": 0.1383847413666592640613117737302673049271106719970703125,
    "8": 0.148038957617483701856286870679468847811222076416015625,
    "9": 0.158896840898123892227289388756616972386837005615234375,
    "10": 0.1044630370155962550970940583283663727343082427978515625,
    "11": 0.211872154339529938926744989657890982925891876220703125,
    "12": 0.1496980002068608595067189526162110269069671630859375,
    "13": 0.190867422945103226705754195791087113320827484130859375
  },
  "zLow": {
    "0": 0.0000023067508570880667581456371008846264758206596232910549752048,
    "1": 0.0000014573020946817748349056123157081712777670073140660230693879,
    "2": 0.0000017371444939016435936004878428279499834375190836321752598327,
    "3": 5.550584284768197177896025430654745578697215385478948257757E-7,
    "4": 1.557235465792602432049997609134913039110818785788904320140E-7,
    "5": 4.540843981122251040059312545758195986363220806635052685611E-7,
    "6": 0.0000070748153904515520706802555893876465820752746506165961166422,
    "7": 1.129633776300487802881534793919755088902230773665005949433E-7,
    "8": 0.0000013783137222754580196723034262119790380331863905173124516514,
    "9": 8.216538104904733157968694878600337397947501164632848809888E-7,
    "10": 7.333152523547676438135739048276977301711916197303149163845E-7,
    "11": 1.020289543022353186351998455395844003161468264971295273605E-7,
    "12": 2.395039007429099209482718588807813379098988074545096030431E-7,
    "13": 0.0000078994115000488190734224826635698326878232018168045624010938
  },
  "zHigh": {
    "0": 0.000099850273777145232097881901352335065158523636818037313016972175384776404993430345851577200949924928998622202253583,
    "1": 0.0000585742592375043060545851891265412343711729782216190172534982054335803580272517992480500360304399193012624534716584,
    "2": 0.000073157890116217718707594718595994806584051629432693501858997286602114202733861900482623393209346240379884283799303,
    "3": 0.00002610617013710914080883270932368542193128748240815451371502816796150794106851029583133328708131660620039722320978,
    "4": 0.0000074474200237015761796846949010974305498703942864919880950418013745163428143363261710204105374696762227157447854,
    "5": 0.0000203421727332045766625240715705903105160489143267120404059667488094633755505535004510129225157710468155017568643,
    "6": 0.00029515112144639351033519563217416333265430029305968880329261473049878259119806923078499156096071435972723789372209,
    "7": 0.000004952142108625319727170180354511237374939787463206348538033927024018328334357188175508036975594721507875140216798,
    "8": 0.00006175382433981701373812322123867487381971027120150824115338248855210547602800165956267681840190362229848027629483,
    "9": 0.00003770543379459839730645930055329422295593043836294992681109221512671740672783781118766064081727668856350488621797,
    "10": 0.000029659891405726769438848722389443977241552262566591436984787160152226521637210427837632731007967949918210031519536,
    "11": 0.00000522257806436946441876736983540645095050772994115698878899093003631436107806417714080384898426409478304441284768,
    "12": 0.000010770442520582908839348620853389549858733490062697686879421544203529699633860883201879265417800909020631488185,
    "13": 0.00038775637658118759904880036561279557210829255217998812651310140315870382425983546813353457704525273613558596610306
  },
  "setupType": "Multi Region Model National Bidder",
  "population": 0,
  "id": 8,
  "worldId": 2,
  "implementation": "org.spectrumauctions.sats.core.model.mrvm.MRVMNationalBidder"
}