{
  "homeId": 5,
  "distanceDiscounts": {
    "0": 1,
    "1": 0.42045,
    "2": 0.17678,
    "3": 0.07433,
    "4": 0.03125,
    "5": 0.01314,
    "6": 0.00552,
    "7": 0.00232
  },
  "alpha": 796.0838431110440751581336371600627899169921875,
  "beta": {
    "0": 0.04382757854150097498457938627325347624719142913818359375,
    "1": 0.07336274142007870313619832813856191933155059814453125,
    "2": 0.06723796749572984177145684725473984144628047943115234375,
    "3": 0.063416938826504731796518399278284050524234771728515625,
    "4": 0.085104462604216724042061059662955813109874725341796875,
    "5": 0.0497482689963202051597335184851544909179210662841796875,
    "6": 0.05846043399588289612989200350057217292487621307373046875,
    "7": 0.0504685072293351300043440232911962084472179412841796875,
    "8": 0.0690981646473307897782234476835583336651325225830078125,
    "9": 0.04047505270463984394790912801909144036471843719482421875,
    "10": 0.06209922807253638599167544498413917608559131622314453125,
    "11": 0.07007802120613303153984219306948943994939327239990234375,
    "12": 0.0625518078693967638503892203516443260014057159423828125,
    "13": 0.0849916448260357448862833962266449816524982452392578125
  },
  "zLow": {
    "0": 0.0000069927997586000396002096001894449095548013155460398143166526,
    "1": 0.0000020248965768590173325490231235982913199737131485799912993634,
    "2": 0.0000031297131788680031037452758308901819726675230861622205572273,
    "3": 0.0000014908346977563558923230546537435092574209937210603229668399,
    "4": 3.261537105559772213712117085282932497332509296872837152731E-7,
    "5": 0.0000013507285631053542671118261528916456925187803617298937433702,
    "6": 0.0000141816702453296342548452805239896576326969649588614474701463,
    "7": 3.097457930785028267489401025911269315036912690791325592484E-7,
    "8": 0.0000029529601510684235358959256053293379198798801803075864666691,
    "9": 0.0000032256460726949339813223201199135165049800451955959019549732,
    "10": 0.0000012335795585310335618885215436730173514885711718688094295472,
    "11": 3.084718144286326000037026283424550046187378795998408220972E-7,
    "12": 5.731769584951865464043366402881542140692336184464715472871E-7,
    "13": 0.0000177398651230168881941829973683085877482069669170786755403684
  },
  "zHigh": {
    "0": 0.0002404317408225044173598007940091435575279433145005000932604073939218099821105799475564023267155297277561079087893853,
    "1": 0.0000756020937028215809838875133632448356373741532570380641527651726930712348860799068061057990593598918267077414296,
    "2": 0.0001149349506652085040119383582378617662609517495085948607808341957225540034902529134882792642302807257258148649132852,
    "3": 0.00005417945821549522604483627264402646291782564788352735794695449850898473835062368903619515791700037605177901602597,
    "4": 0.00001256032494300308552467105332954148892453546581974378659281497902657460688977522961399475492585253493961412776483,
    "5": 0.000047241497682998451555700918520065093332522662758703694650238160731921200447613771145268885236077500370541772510836,
    "6": 0.0005083567670927359758601463802122236641729510023070343438977353124524241883930325549368718305415039579670970228588400,
    "7": 0.000010855614572078941120993779050485780053343833214585307467188198949834271312362800064519299903227503786685992670985,
    "8": 0.000108993217203605979224831886612195640275111084895216461603915519750102412813058578853630612722355907905998923826689,
    "9": 0.0001098252016607322172722228195148987059114892907369284390306233238060660050239582977721835046062296775510786600613325,
    "10": 0.0000446678205910147469810971515548035658810736491307462723796682926010698662362521399596540360762813020127138129574265,
    "11": 0.0000114158638681613828598224533194925690795854615342383276310918786129607672257398699898261123987656837947700543994305,
    "12": 0.000020780634253151207603030564295610736143513534392456545206740209954636016086855592632761443361638744946956001326055,
    "13": 0.000682969985270229672671615806754958223919805505188211520691337383391427273871848594926667903693914882937896957050929
  },
  "setupType": "Multi Region Model Regional Bidder",
  "population": 0,
  "id": 5,
  "worldId": 2,
  "implementation": "org.spectrumauctions.sats.core.model.mrvm.MRVMRegionalBidder"
}